0,48,49,-1,255,255,3840,4096,0,255,255
1,91,84,1,255,255,32766,32766,0,0,0
2,96,84,-1,255,255,32672,32672,0,0,0
1,19,12,1,255,255,32766,32766,0,0,0
2,0,12,-1,255,255,32672,32672,0,0,0
0,96,97,-1,255,255,32766,32766,0,48,49
1,91,84,1,255,255,32777,32777,0,255,255
2,14,21,1,255,255,32766,32683,0,0,0
3,9,21,-1,255,255,32777,32777,0,0,0
0,96,98,-1,255,255,32766,32766,0,48,49
1,91,84,-1,255,255,32776,32776,0,255,255
2,14,21,1,255,255,32766,32682,0,0,0
3,9,21,-1,255,255,32776,32776,0,0,0
0,0,1,-1,255,255,32766,32766,0,48,49
1,91,84,-1,255,255,32777,32777,0,255,255
2,96,84,-1,255,255,32766,32683,0,0,0
1,19,12,2,255,255,32777,32777,0,255,255
2,86,93,1,255,255,32766,32683,0,0,0
3,105,93,-1,255,255,32777,32777,0,0,0
0,0,2,-1,255,255,32766,32766,0,48,49
1,91,84,-1,255,255,32776,32776,0,255,255
2,96,84,-1,255,255,32766,32682,0,0,0
1,19,12,0,255,255,32776,32776,0,255,255
2,86,93,1,255,255,32766,32682,0,0,0
3,105,93,-1,255,255,32776,32776,0,0,0
0,86,85,-1,255,255,32766,32766,0,48,49
1,19,12,-1,255,255,32768,32768,0,255,255
2,0,12,-1,255,255,32766,32674,0,0,0
1,91,84,0,255,255,32768,32768,0,255,255
2,96,84,-1,255,255,32766,32674,0,0,0
0,86,87,-1,255,255,32768,32768,0,86,85
0,86,88,-1,255,255,32768,32768,0,86,85
0,86,89,-1,255,255,32768,32768,0,86,85
0,86,90,-1,255,255,32768,32768,0,86,85
0,86,93,-1,255,255,32768,32768,0,86,85
1,105,93,-1,255,255,32862,32862,0,255,255
2,14,21,1,255,255,32768,32745,0,0,0
3,9,21,-1,255,255,32839,32839,0,0,0
0,86,74,-1,255,255,32768,32768,0,86,85
0,86,62,-1,255,255,32768,32768,0,86,85
1,19,12,-1,255,255,32770,32770,0,255,255
2,0,12,-1,255,255,32768,32676,0,0,0
0,86,50,-1,255,255,32770,32770,0,86,62
1,19,12,-1,255,255,32778,32778,0,255,255
2,0,12,-1,255,255,32770,32684,0,0,0
0,86,38,-1,255,255,32778,32778,0,86,50
0,86,26,-1,255,255,32778,32778,0,86,50
0,86,98,-1,255,255,32778,32778,0,86,50
0,14,13,-1,255,255,32778,32778,0,86,50
0,14,15,-1,255,255,32778,32778,0,86,50
0,14,16,-1,255,255,32778,32778,0,86,50
0,14,17,-1,255,255,32778,32778,0,86,50
0,14,18,-1,255,255,32778,32778,0,86,50
0,14,21,-1,255,255,32778,32778,0,86,50
1,9,21,-1,255,255,32862,32862,0,255,255
2,86,93,1,255,255,32778,32745,0,0,0
3,105,93,-1,255,255,32839,32839,0,0,0
0,14,2,-1,255,255,32778,32778,0,86,50
0,14,26,-1,255,255,32778,32778,0,86,50
0,14,38,-1,255,255,32778,32778,0,86,50
0,14,50,-1,255,255,32778,32778,0,86,50
0,14,62,-1,255,255,32778,32778,0,86,50
0,14,74,-1,255,255,32778,32778,0,86,50
0,84,74,-1,255,255,32778,32778,0,86,50
0,84,98,-1,255,255,32778,32778,0,86,50
0,12,2,-1,255,255,32778,32778,0,86,50
0,12,26,-1,255,255,32778,32778,0,86,50
0,60,49,-1,255,255,32778,32778,0,86,50
0,36,49,-1,255,255,32778,32778,0,86,50
0,72,50,-1,255,255,32778,32778,0,86,50
0,72,98,-1,255,255,32778,32778,0,86,50
0,24,2,-1,255,255,32778,32778,0,86,50
0,24,50,-1,255,255,32778,32778,0,86,50
0,99,100,-1,255,255,32778,32778,0,86,50
0,75,76,-1,255,255,32778,32778,0,86,50
0,51,52,-1,255,255,32778,32778,0,86,50
0,27,28,-1,255,255,32778,32778,0,86,50
0,3,4,-1,255,255,32778,32778,0,86,50
0,86,50,-1,255,255,32728,4096,1,86,50
1,19,12,-1,255,255,61696,61440,0,255,255
2,0,12,-1,255,255,32728,32684,0,0,0
2,0,12,1,255,255,32801,32801,0,0,0
2,50,54,1,255,255,32801,32801,0,0,0
1,57,56,2,255,255,32801,32801,0,255,255
2,14,21,1,255,255,32780,32780,0,0,0
3,9,21,-1,255,255,32801,32874,0,0,0
2,50,54,1,255,255,32780,32780,0,0,0
1,105,104,2,255,255,32780,32780,0,255,255
2,14,21,1,255,255,32769,32769,0,0,0
3,9,21,-1,255,255,32780,32863,0,0,0
2,50,54,1,255,255,32769,32769,0,0,0
1,105,103,2,255,255,32769,32769,0,255,255
1,9,8,2,255,255,32769,32769,0,255,255
1,9,7,2,255,255,32769,32769,0,255,255
1,91,90,2,255,255,32769,32769,0,255,255
1,91,89,2,255,255,32769,32769,0,255,255
1,91,88,2,255,255,32769,32769,0,255,255
1,91,87,2,255,255,32769,32769,0,255,255
1,91,86,2,255,255,32769,32769,0,255,255
1,91,85,2,255,255,32769,32769,0,255,255
1,91,92,2,255,255,32769,32769,0,255,255
1,91,79,2,255,255,32769,32769,0,255,255
1,91,67,2,255,255,32769,32769,0,255,255
1,91,55,2,255,255,32769,32769,0,255,255
2,14,21,1,255,255,32768,32768,0,0,0
3,9,21,-1,255,255,32769,32862,0,0,0
2,50,54,1,255,255,32768,32768,0,0,0
3,19,12,-30,255,255,32769,61440,0,0,0
3,55,51,-30,255,255,32769,61440,0,0,0
4,14,21,1,255,255,32768,32768,0,0,0
5,9,21,-1,255,255,32769,32862,0,0,0
4,54,102,1,255,255,32768,32768,0,0,0
5,105,102,-1,255,255,32769,32770,0,0,0
4,54,6,1,255,255,32768,32768,0,0,0
5,9,6,-1,255,255,32769,32770,0,0,0
1,91,43,2,255,255,32768,32768,0,255,255
1,91,31,2,255,255,32768,32768,0,255,255
1,91,103,2,255,255,32768,32768,0,255,255
1,19,18,2,255,255,32768,32768,0,255,255
1,19,17,2,255,255,32768,32768,0,255,255
1,19,16,2,255,255,32768,32768,0,255,255
1,19,15,2,255,255,32768,32768,0,255,255
1,19,20,2,255,255,32768,32768,0,255,255
1,19,7,2,255,255,32768,32768,0,255,255
1,19,31,2,255,255,32768,32768,0,255,255
1,19,43,2,255,255,32768,32768,0,255,255
1,19,55,2,255,255,32768,32768,0,255,255
1,19,67,2,255,255,32768,32768,0,255,255
1,19,79,2,255,255,32768,32768,0,255,255
1,93,79,2,255,255,32768,32768,0,255,255
1,93,103,2,255,255,32768,32768,0,255,255
1,21,7,2,255,255,32768,32768,0,255,255
1,21,31,2,255,255,32768,32768,0,255,255
1,69,56,2,255,255,32768,32768,0,255,255
1,45,56,2,255,255,32768,32768,0,255,255
1,81,55,2,255,255,32768,32768,0,255,255
1,81,103,2,255,255,32768,32768,0,255,255
1,33,7,2,255,255,32768,32768,0,255,255
1,33,55,2,255,255,32768,32768,0,255,255
1,102,101,2,255,255,32768,32768,0,255,255
1,78,77,2,255,255,32768,32768,0,255,255
1,54,53,2,255,255,32768,32768,0,255,255
1,30,29,2,255,255,32768,32768,0,255,255
1,6,5,2,255,255,32768,32768,0,255,255
0,48,49,-1,86,50,32768,32768,0,86,50
1,19,12,-1,255,255,32769,61440,0,91,55
2,0,12,-1,255,255,32768,32672,0,255,255
3,91,84,1,255,255,32769,32789,0,0,0
4,96,84,-1,255,255,32768,32695,0,0,0
1,91,84,0,255,255,32769,32789,0,91,55
2,96,84,-1,255,255,32768,32672,0,255,255
3,19,12,1,255,255,32769,32789,0,0,0
4,0,12,-1,255,255,32768,32695,0,0,0
1,57,56,2,255,255,32769,32789,0,91,55
2,86,93,1,255,255,32768,32768,0,255,255
3,105,93,-1,255,255,32769,32862,0,0,0
2,14,21,1,255,255,32768,32768,0,255,255
3,9,21,-1,255,255,32769,32862,0,0,0
0,96,97,-1,86,50,32768,32768,0,86,50
1,19,12,-1,255,255,32769,61440,0,91,55
2,0,12,-1,255,255,32768,32683,0,255,255
3,91,84,1,255,255,32769,32800,0,0,0
2,0,12,1,255,255,32768,32706,0,255,255
3,91,84,-1,255,255,32769,32800,0,0,0
2,86,93,1,255,255,32768,32706,0,255,255
3,105,93,-1,255,255,32769,32777,0,0,0
0,96,98,-1,86,50,32768,32768,0,86,50
1,19,12,-1,255,255,32769,61440,0,91,55
2,0,12,-1,255,255,32768,32682,0,255,255
3,91,84,-1,255,255,32769,32799,0,0,0
2,0,12,1,255,255,32768,32705,0,255,255
3,91,84,-1,255,255,32769,32799,0,0,0
2,86,93,1,255,255,32768,32705,0,255,255
3,105,93,-1,255,255,32769,32776,0,0,0
0,0,1,-1,86,50,32768,32768,0,86,50
1,19,12,-1,255,255,32769,61440,0,91,55
2,86,93,1,255,255,32768,32683,0,255,255
3,105,93,-1,255,255,32769,32777,0,0,0
0,0,2,-1,86,50,32768,32768,0,86,50
1,19,12,-1,255,255,32769,61440,0,91,55
2,86,93,1,255,255,32768,32682,0,255,255
3,105,93,-1,255,255,32769,32776,0,0,0
0,86,85,-1,86,50,32768,32768,0,86,50
1,19,12,-1,255,255,32769,61440,0,91,55
2,0,12,-1,255,255,32768,32674,0,255,255
3,91,84,-1,255,255,32769,32791,0,0,0
4,96,84,-1,255,255,32768,32697,0,0,0
1,57,56,0,255,255,32769,32791,0,91,55
1,91,84,2,255,255,32769,32770,0,91,55
2,96,84,-1,255,255,32768,32674,0,255,255
3,19,12,2,255,255,32769,32791,0,0,0
4,0,12,-1,255,255,32768,32697,0,0,0
1,105,104,2,255,255,32769,32770,0,91,55
2,85,93,1,255,255,32768,32759,0,255,255
3,19,12,2,255,255,32769,32853,0,0,0
4,0,12,-1,255,255,32768,32759,0,0,0
1,105,103,2,255,255,32769,32770,0,91,55
2,85,93,-1,255,255,32768,32760,0,255,255
3,19,12,2,255,255,32769,32854,0,0,0
4,0,12,-1,255,255,32768,32760,0,0,0
1,9,8,2,255,255,32769,32770,0,91,55
2,85,93,-1,255,255,32768,32759,0,255,255
3,105,93,-1,255,255,32769,32853,0,0,0
2,14,21,2,255,255,32768,32759,0,255,255
3,91,84,-1,255,255,32769,32853,0,0,0
4,96,84,-1,255,255,32768,32759,0,0,0
1,9,7,2,255,255,32769,32770,0,91,55
2,85,93,-1,255,255,32768,32760,0,255,255
3,105,93,-1,255,255,32769,32854,0,0,0
2,14,21,0,255,255,32768,32760,0,255,255
3,91,84,-1,255,255,32769,32854,0,0,0
4,96,84,-1,255,255,32768,32760,0,0,0
1,91,90,2,255,255,32769,32770,0,91,55
1,91,89,2,255,255,32769,32769,0,91,55
1,91,88,2,255,255,32769,32769,0,91,55
1,91,87,2,255,255,32769,32769,0,91,55
1,91,86,2,255,255,32769,32769,0,91,55
1,91,92,2,255,255,32769,32769,0,91,55
2,14,21,-1,255,255,32768,32768,0,255,255
3,9,21,-1,255,255,32769,32862,0,0,0
2,85,93,0,255,255,32768,32768,0,255,255
3,105,93,-1,255,255,32769,32862,0,0,0
0,86,87,-1,86,50,32768,32768,0,86,50
1,19,12,-1,255,255,32769,61440,0,91,55
2,0,12,-1,255,255,32768,32673,0,255,255
3,91,84,-1,255,255,32769,32790,0,0,0
4,96,84,-1,255,255,32768,32696,0,0,0
1,91,92,0,255,255,32769,32790,0,91,55
2,14,21,-1,255,255,32768,32767,0,255,255
3,9,21,-1,255,255,32769,32861,0,0,0
2,87,93,2,255,255,32768,32767,0,255,255
3,105,93,-1,255,255,32769,32862,0,0,0
0,86,88,-1,86,50,32768,32768,0,86,50
1,91,92,-1,255,255,32769,61440,0,91,55
2,14,21,-1,255,255,32768,32767,0,255,255
3,9,21,-1,255,255,32769,32861,0,0,0
2,88,93,2,255,255,32768,32767,0,255,255
3,105,93,-1,255,255,32769,32862,0,0,0
0,86,89,-1,86,50,32768,32768,0,86,50
1,91,92,-1,255,255,32769,61440,0,91,55
2,14,21,-1,255,255,32768,32766,0,255,255
3,9,21,-1,255,255,32769,32860,0,0,0
2,89,93,2,255,255,32768,32766,0,255,255
3,105,93,-1,255,255,32769,32862,0,0,0
0,86,90,-1,86,50,32768,32768,0,86,50
1,91,92,-1,255,255,32769,61440,0,91,55
2,14,21,-1,255,255,32768,32766,0,255,255
3,9,21,-1,255,255,32769,32860,0,0,0
2,90,93,2,255,255,32768,32766,0,255,255
3,105,93,-1,255,255,32769,32862,0,0,0
2,90,54,2,255,255,32768,32766,0,255,255
3,19,12,2,255,255,32769,32775,0,0,0
4,0,12,-1,255,255,32768,32681,0,0,0
1,19,12,0,255,255,32769,32775,0,91,55
2,0,12,-1,255,255,32768,32672,0,255,255
3,91,84,-1,255,255,32769,32789,0,0,0
4,96,84,-1,255,255,32768,32695,0,0,0
1,91,84,2,255,255,32769,32775,0,91,55
2,96,84,-1,255,255,32768,32672,0,255,255
3,19,12,2,255,255,32769,32789,0,0,0
4,0,12,-1,255,255,32768,32695,0,0,0
1,57,56,2,255,255,32769,32775,0,91,55
2,14,21,-1,255,255,32768,32768,0,255,255
3,9,21,-1,255,255,32769,32862,0,0,0
2,90,54,0,255,255,32768,32768,0,255,255
3,19,12,2,255,255,32769,32777,0,0,0
4,0,12,-1,255,255,32768,32683,0,0,0
1,105,104,2,255,255,32769,32775,0,91,55
2,90,54,-1,255,255,32768,32757,0,255,255
2,14,21,0,255,255,32768,32766,0,255,255
3,9,21,-1,255,255,32769,32851,0,0,0
2,90,93,2,255,255,32768,32766,0,255,255
3,19,12,2,255,255,32769,32853,0,0,0
4,0,12,-1,255,255,32768,32759,0,0,0
1,105,103,2,255,255,32769,32775,0,91,55
2,90,54,-1,255,255,32768,32758,0,255,255
2,90,93,0,255,255,32768,32767,0,255,255
3,19,12,2,255,255,32769,32854,0,0,0
4,0,12,-1,255,255,32768,32760,0,0,0
1,9,8,2,255,255,32769,32775,0,91,55
2,90,93,-1,255,255,32768,32757,0,255,255
3,105,93,-1,255,255,32769,32853,0,0,0
2,90,54,0,255,255,32768,32757,0,255,255
2,14,21,2,255,255,32768,32766,0,255,255
3,91,84,-1,255,255,32769,32851,0,0,0
4,96,84,-1,255,255,32768,32757,0,0,0
1,9,7,2,255,255,32769,32775,0,91,55
2,90,93,-1,255,255,32768,32758,0,255,255
3,105,93,-1,255,255,32769,32854,0,0,0
2,14,21,0,255,255,32768,32758,0,255,255
3,91,84,-1,255,255,32769,32852,0,0,0
4,96,84,-1,255,255,32768,32758,0,0,0
1,91,79,2,255,255,32769,32775,0,91,55
2,14,21,-1,255,255,32768,32766,0,255,255
3,9,21,-1,255,255,32769,32860,0,0,0
2,90,54,2,255,255,32768,32766,0,255,255
3,19,12,2,255,255,32769,32775,0,0,0
4,0,12,-1,255,255,32768,32681,0,0,0
3,79,75,2,255,255,32769,32775,0,0,0
1,91,67,2,255,255,32769,32772,0,91,55
2,14,21,-1,255,255,32768,32764,0,255,255
3,9,21,-1,255,255,32769,32858,0,0,0
2,90,54,0,255,255,32768,32764,0,255,255
3,19,12,2,255,255,32769,32773,0,0,0
4,0,12,-1,255,255,32768,32679,0,0,0
1,91,55,2,255,255,32769,32772,0,91,55
2,90,54,-1,255,255,32768,32756,0,255,255
3,19,12,-29,255,255,32769,61440,0,0,0
3,55,51,-29,255,255,32769,61440,0,0,0
4,14,21,1,255,255,32768,32768,0,0,0
5,9,21,-1,255,255,32769,32862,0,0,0
4,54,102,1,255,255,32768,32768,0,0,0
5,105,102,-1,255,255,32769,32770,0,0,0
4,54,6,1,255,255,32768,32768,0,0,0
5,9,6,-1,255,255,32769,32770,0,0,0
2,14,21,0,255,255,32768,32768,0,255,255
3,9,21,-1,255,255,32769,32850,0,0,0
0,86,93,-1,86,50,32768,32768,0,86,50
1,105,93,-1,255,255,32769,61440,0,91,55
2,14,21,0,255,255,32768,32745,0,255,255
3,9,21,-1,255,255,32769,32839,0,0,0
0,86,74,-1,86,50,32768,32768,0,86,50
1,91,92,-1,255,255,32769,61440,0,91,55
2,14,21,0,255,255,32768,32768,0,255,255
3,9,21,-1,255,255,32769,32862,0,0,0
2,74,78,2,255,255,32768,32768,0,255,255
3,19,12,2,255,255,32769,32771,0,0,0
4,0,12,-1,255,255,32768,32677,0,0,0
1,91,55,0,255,255,32769,32771,0,91,55
2,74,78,0,255,255,32768,32758,0,255,255
2,14,21,2,255,255,32768,32761,0,255,255
3,9,21,-1,255,255,32769,32852,0,0,0
0,86,62,-1,86,50,32768,32768,0,86,50
1,91,55,-1,255,255,32769,61440,0,91,55
2,14,21,2,255,255,32768,32760,0,255,255
3,9,21,-1,255,255,32769,32854,0,0,0
0,86,50,-1,86,50,32768,32768,0,86,50
0,86,38,-1,86,50,32768,32768,0,86,50
1,91,55,-1,255,255,32769,61440,0,91,55
2,14,21,2,255,255,32768,32760,0,255,255
3,9,21,-1,255,255,32769,32854,0,0,0
0,86,26,-1,86,50,32768,32768,0,86,50
1,91,55,-1,255,255,32769,61440,0,91,55
2,14,21,2,255,255,32768,32758,0,255,255
3,9,21,-1,255,255,32769,32852,0,0,0
2,26,30,2,255,255,32768,32758,0,255,255
0,86,98,-1,86,50,32768,32768,0,86,50
1,91,55,-1,255,255,32769,61440,0,91,55
2,14,21,2,255,255,32768,32758,0,255,255
3,9,21,-1,255,255,32769,32852,0,0,0
2,98,102,2,255,255,32768,32758,0,255,255
0,14,13,-1,86,50,32768,32768,0,86,50
1,91,55,-1,255,255,32769,61440,0,91,55
2,13,21,2,255,255,32768,32758,0,255,255
3,9,21,-1,255,255,32769,32852,0,0,0
0,14,15,-1,86,50,32768,32768,0,86,50
1,91,55,-1,255,255,32769,61440,0,91,55
2,15,21,2,255,255,32768,32757,0,255,255
3,9,21,-1,255,255,32769,32852,0,0,0
0,14,16,-1,86,50,32768,32768,0,86,50
1,91,55,-1,255,255,32769,61440,0,91,55
2,16,21,2,255,255,32768,32757,0,255,255
3,9,21,-1,255,255,32769,32852,0,0,0
0,14,17,-1,86,50,32768,32768,0,86,50
1,91,55,-1,255,255,32769,61440,0,91,55
2,17,21,2,255,255,32768,32756,0,255,255
3,9,21,-1,255,255,32769,32852,0,0,0
0,14,18,-1,86,50,32768,32768,0,86,50
1,91,55,-1,255,255,32769,61440,0,91,55
2,18,21,2,255,255,32768,32756,0,255,255
3,9,21,-1,255,255,32769,32852,0,0,0
2,18,54,2,255,255,32768,32756,0,255,255
3,55,51,-29,255,255,32769,61440,0,0,0
4,54,102,1,255,255,32768,32768,0,0,0
5,105,102,-1,255,255,32769,32770,0,0,0
4,54,6,1,255,255,32768,32768,0,0,0
5,9,6,-1,255,255,32769,32770,0,0,0
0,14,21,-1,86,50,32768,32768,0,86,50
1,9,21,-1,255,255,32769,61440,0,91,55
2,86,93,2,255,255,32768,32745,0,255,255
3,105,93,-1,255,255,32769,32839,0,0,0
0,14,2,-1,86,50,32768,32768,0,86,50
1,91,55,-1,255,255,32769,61440,0,91,55
2,2,6,2,255,255,32768,32758,0,255,255
0,14,26,-1,86,50,32768,32768,0,86,50
1,91,55,-1,255,255,32769,61440,0,91,55
2,26,30,2,255,255,32768,32758,0,255,255
0,14,38,-1,86,50,32768,32768,0,86,50
1,91,55,-1,255,255,32769,61440,0,91,55
0,14,50,-1,86,50,32768,32768,0,86,50
1,91,55,-1,255,255,32769,61440,0,91,55
2,50,54,2,255,255,32768,32768,0,255,255
3,55,51,-29,255,255,32769,61440,0,0,0
4,54,102,1,255,255,32768,32768,0,0,0
5,105,102,-1,255,255,32769,32770,0,0,0
4,54,6,1,255,255,32768,32768,0,0,0
5,9,6,-1,255,255,32769,32770,0,0,0
0,14,62,-1,86,50,32768,32768,0,86,50
1,91,55,-1,255,255,32769,61440,0,91,55
0,14,74,-1,86,50,32768,32768,0,86,50
1,91,55,-1,255,255,32769,61440,0,91,55
2,74,78,0,255,255,32768,32758,0,255,255
0,84,74,-1,86,50,32768,32768,0,86,50
1,91,55,-1,255,255,32769,61440,0,91,55
2,14,21,2,255,255,32768,32768,0,255,255
3,9,21,-1,255,255,32769,32862,0,0,0
0,84,98,-1,86,50,32768,32768,0,86,50
1,91,55,-1,255,255,32769,61440,0,91,55
2,14,21,2,255,255,32768,32766,0,255,255
3,9,21,-1,255,255,32769,32860,0,0,0
0,12,2,-1,86,50,32768,32768,0,86,50
1,91,55,-1,255,255,32769,61440,0,91,55
2,14,21,2,255,255,32768,32766,0,255,255
3,9,21,-1,255,255,32769,32860,0,0,0
0,12,26,-1,86,50,32768,32768,0,86,50
1,91,55,-1,255,255,32769,61440,0,91,55
2,14,21,2,255,255,32768,32768,0,255,255
3,9,21,-1,255,255,32769,32862,0,0,0
0,60,49,-1,86,50,32768,32768,0,86,50
1,91,55,-1,255,255,32769,61440,0,91,55
2,14,21,2,255,255,32768,32759,0,255,255
3,9,21,-1,255,255,32769,32853,0,0,0
0,36,49,-1,86,50,32768,32768,0,86,50
1,91,55,-1,255,255,32769,61440,0,91,55
2,14,21,2,255,255,32768,32759,0,255,255
3,9,21,-1,255,255,32769,32853,0,0,0
0,72,50,-1,86,50,32768,32768,0,86,50
1,91,55,-1,255,255,32769,61440,0,91,55
2,14,21,2,255,255,32768,32759,0,255,255
3,9,21,-1,255,255,32769,32853,0,0,0
0,72,98,-1,86,50,32768,32768,0,86,50
1,91,55,-1,255,255,32769,61440,0,91,55
2,14,21,2,255,255,32768,32757,0,255,255
3,9,21,-1,255,255,32769,32851,0,0,0
0,24,2,-1,86,50,32768,32768,0,86,50
1,91,55,-1,255,255,32769,61440,0,91,55
2,14,21,2,255,255,32768,32757,0,255,255
3,9,21,-1,255,255,32769,32851,0,0,0
0,24,50,-1,86,50,32768,32768,0,86,50
1,91,55,-1,255,255,32769,61440,0,91,55
2,14,21,2,255,255,32768,32759,0,255,255
3,9,21,-1,255,255,32769,32853,0,0,0
0,99,100,-1,86,50,32768,32768,0,86,50
1,91,55,-1,255,255,32769,61440,0,91,55
2,14,21,2,255,255,32768,32759,0,255,255
3,9,21,-1,255,255,32769,32853,0,0,0
0,75,76,-1,86,50,32768,32768,0,86,50
1,91,55,-1,255,255,32769,61440,0,91,55
2,14,21,2,255,255,32768,32759,0,255,255
3,9,21,-1,255,255,32769,32853,0,0,0
0,51,52,-1,86,50,32768,32768,0,86,50
1,91,55,-1,255,255,32769,61440,0,91,55
2,14,21,2,255,255,32768,32759,0,255,255
3,9,21,-1,255,255,32769,32853,0,0,0
0,27,28,-1,86,50,32768,32768,0,86,50
1,91,55,-1,255,255,32769,61440,0,91,55
2,14,21,2,255,255,32768,32759,0,255,255
3,9,21,-1,255,255,32769,32853,0,0,0
0,3,4,-1,86,50,32768,32768,0,86,50
1,91,55,-1,255,255,32769,61440,0,91,55
2,14,21,2,255,255,32768,32759,0,255,255
3,9,21,-1,255,255,32769,32853,0,0,0
0,86,50,-1,255,255,32718,4096,1,86,50
1,91,55,-1,255,255,61696,61440,1,91,55
2,14,21,2,255,255,32718,4096,0,255,255
3,9,21,-1,255,255,32862,32862,0,0,0
4,50,54,1,255,255,32745,32745,0,0,0
5,55,51,-30,255,255,32862,61440,0,0,0
6,54,102,1,255,255,32745,32745,0,0,0
7,105,102,-1,255,255,32747,32747,0,0,0
6,54,6,1,255,255,32745,32745,0,0,0
7,51,99,1,255,255,32747,32747,0,0,0
8,96,99,-1,255,255,32745,32745,0,255,255
9,57,48,1,255,255,32747,32860,0,255,255
8,48,57,1,255,255,32745,32745,0,255,255
7,51,3,1,255,255,32747,32747,0,0,0
8,0,3,-1,255,255,32745,32745,0,255,255
9,57,48,1,255,255,32747,32860,0,255,255
8,48,57,1,255,255,32745,32745,0,255,255
5,57,56,-30,255,255,32747,32747,0,0,0
5,105,104,-30,255,255,32747,32747,0,0,0
5,105,103,-30,255,255,32747,32747,0,0,0
5,21,20,-30,255,255,32747,32747,0,0,0
5,21,9,-30,255,255,32747,32747,0,0,0
5,55,56,-30,255,255,32747,32747,0,0,0
5,55,43,-30,255,255,32747,32747,0,0,0
5,55,31,-30,255,255,32747,32747,0,0,0
5,55,67,-30,255,255,32747,32747,0,0,0
5,55,79,-30,255,255,32747,32747,0,0,0
5,55,91,-30,255,255,32747,32747,0,0,0
5,55,103,-30,255,255,32747,32747,0,0,0
5,19,18,-30,255,255,32747,32747,0,0,0
5,19,17,-30,255,255,32747,32747,0,0,0
5,19,16,-30,255,255,32747,32747,0,0,0
5,19,15,-30,255,255,32747,32747,0,0,0
5,19,14,-30,255,255,32747,32747,0,0,0
5,19,13,-30,255,255,32747,32747,0,0,0
5,19,20,-30,255,255,32747,32747,0,0,0
5,19,7,-30,255,255,32747,32747,0,0,0
5,19,31,-30,255,255,32747,32747,0,0,0
5,19,43,-30,255,255,32747,32747,0,0,0
5,93,79,-30,255,255,32747,32747,0,0,0
5,93,103,-30,255,255,32747,32747,0,0,0
5,69,56,-30,255,255,32747,32747,0,0,0
6,54,56,-1,255,255,32745,32741,0,0,0
7,57,56,-1,255,255,32747,32775,0,0,0
6,54,102,1,255,255,32745,32741,0,0,0
6,54,6,1,255,255,32745,32743,0,0,0
3,9,21,2,255,255,32745,32745,0,0,0
3,55,51,2,255,255,32745,32745,0,0,0
4,21,45,-30,255,255,32718,4096,0,0,0
4,50,54,-30,255,255,32718,4096,0,0,0
5,9,21,1,255,255,32745,32862,0,0,0
5,51,99,1,255,255,32745,32745,0,0,0
5,51,3,1,255,255,32745,32745,0,0,0
2,50,54,2,255,255,32745,32745,0,255,255
3,19,12,-29,255,255,61696,61440,0,0,0
3,55,51,-29,255,255,61696,61440,0,0,0
4,14,21,1,255,255,32768,32768,0,0,0
5,9,21,-1,255,255,32862,32862,0,0,0
4,54,102,1,255,255,32768,32768,0,0,0
5,105,102,-1,255,255,32770,32770,0,0,0
4,54,6,1,255,255,32768,32768,0,0,0
5,9,6,-1,255,255,32770,32770,0,0,0
3,57,56,-29,255,255,32768,32768,0,0,0
3,105,104,-29,255,255,32768,32768,0,0,0
3,105,103,-29,255,255,32768,32768,0,0,0
3,9,8,-29,255,255,32768,32768,0,0,0
3,9,7,-29,255,255,32768,32768,0,0,0
3,55,56,-29,255,255,32768,32768,0,0,0
3,55,43,-29,255,255,32768,32768,0,0,0
3,55,31,-29,255,255,32768,32768,0,0,0
3,55,67,-29,255,255,32768,32768,0,0,0
3,55,79,-29,255,255,32768,32768,0,0,0
3,55,91,-29,255,255,32768,32768,0,0,0
3,55,103,-29,255,255,32768,32768,0,0,0
3,19,18,-29,255,255,32768,32768,0,0,0
3,19,17,-29,255,255,32768,32768,0,0,0
3,19,16,-29,255,255,32768,32768,0,0,0
3,19,15,-29,255,255,32768,32768,0,0,0
3,19,20,-29,255,255,32768,32768,0,0,0
3,19,7,-29,255,255,32768,32768,0,0,0
3,19,31,-29,255,255,32768,32768,0,0,0
3,19,43,-29,255,255,32768,32768,0,0,0
3,93,79,-29,255,255,32768,32768,0,0,0
3,93,103,-29,255,255,32768,32768,0,0,0
3,21,7,-29,255,255,32768,32768,0,0,0
3,21,31,-29,255,255,32768,32768,0,0,0
3,69,56,-29,255,255,32768,32768,0,0,0
4,54,56,-1,255,255,32764,32764,0,0,0
5,57,56,-1,255,255,32768,32798,0,0,0
4,14,21,1,255,255,32764,32764,0,0,0
5,9,21,-1,255,255,32768,32858,0,0,0
4,54,56,1,255,255,32764,32764,0,0,0
5,57,56,-1,255,255,32768,32798,0,0,0
4,54,102,1,255,255,32764,32764,0,0,0
5,105,102,-1,255,255,32766,32766,0,0,0
4,54,6,1,255,255,32764,32764,0,0,0
5,9,6,-1,255,255,32766,32766,0,0,0
3,45,56,-29,255,255,32764,32764,0,0,0
3,81,103,-29,255,255,32764,32764,0,0,0
3,33,7,-29,255,255,32764,32764,0,0,0
3,102,101,-29,255,255,32764,32764,0,0,0
3,78,77,-29,255,255,32764,32764,0,0,0
3,30,29,-29,255,255,32764,32764,0,0,0
3,6,5,-29,255,255,32764,32764,0,0,0
2,48,49,2,255,255,32764,32764,0,255,255
3,19,12,2,255,255,32766,32766,0,0,0
4,0,12,-1,255,255,32764,32672,0,0,0
3,55,51,2,255,255,32766,32766,0,0,0
4,14,21,-30,255,255,32764,4096,0,0,0
4,50,54,-30,255,255,32764,4096,0,0,0
5,19,12,1,255,255,32766,32766,0,0,0
6,0,12,-1,255,255,32764,32672,0,0,0
5,51,99,1,255,255,32766,32766,0,0,0
6,96,99,-1,255,255,32764,32764,0,0,0
5,51,3,1,255,255,32766,32766,0,0,0
6,0,3,-1,255,255,32764,32764,0,0,0
2,96,97,2,255,255,32766,32766,0,255,255
3,19,12,2,255,255,32777,32777,0,0,0
4,0,12,-1,255,255,32766,32683,0,0,0
3,55,51,2,255,255,32777,32777,0,0,0
4,14,21,-30,255,255,32766,4096,0,0,0
4,50,54,-30,255,255,32766,4096,0,0,0
5,19,12,1,255,255,32777,32777,0,0,0
6,0,12,-1,255,255,32766,32683,0,0,0
5,51,99,1,255,255,32777,32777,0,0,0
6,97,99,-1,255,255,32775,32775,0,0,0
5,51,3,1,255,255,32777,32777,0,0,0
6,0,3,-1,255,255,32775,32775,0,0,0
2,96,98,2,255,255,32777,32777,0,255,255
2,0,1,2,255,255,32777,32777,0,255,255
2,0,2,2,255,255,32777,32777,0,255,255
2,50,49,2,255,255,32777,32777,0,255,255
2,50,38,2,255,255,32777,32777,0,255,255
2,50,26,2,255,255,32777,32777,0,255,255
2,50,62,2,255,255,32777,32777,0,255,255
2,50,74,2,255,255,32777,32777,0,255,255
2,50,98,2,255,255,32777,32777,0,255,255
2,14,13,2,255,255,32777,32777,0,255,255
2,14,15,2,255,255,32777,32777,0,255,255
2,14,16,2,255,255,32777,32777,0,255,255
2,14,17,2,255,255,32777,32777,0,255,255
2,14,18,2,255,255,32777,32777,0,255,255
2,14,2,2,255,255,32777,32777,0,255,255
2,14,26,2,255,255,32777,32777,0,255,255
2,14,38,2,255,255,32777,32777,0,255,255
2,84,74,2,255,255,32777,32777,0,255,255
3,19,12,2,255,255,32778,32778,0,0,0
4,0,12,-1,255,255,32777,32684,0,0,0
3,55,51,2,255,255,32778,32778,0,0,0
4,74,51,-32,255,255,32777,4096,0,0,0
5,19,12,1,255,255,32778,32897,0,0,0
2,84,98,2,255,255,32778,32778,0,255,255
2,12,2,2,255,255,32778,32778,0,255,255
2,12,26,2,255,255,32778,32778,0,255,255
2,60,49,2,255,255,32778,32778,0,255,255
2,36,49,2,255,255,32778,32778,0,255,255
2,72,98,2,255,255,32778,32778,0,255,255
2,24,2,2,255,255,32778,32778,0,255,255
2,99,100,2,255,255,32778,32778,0,255,255
2,75,76,2,255,255,32778,32778,0,255,255
2,51,52,2,255,255,32778,32778,0,255,255
2,27,28,2,255,255,32778,32778,0,255,255
2,3,4,2,255,255,32778,32778,0,255,255
1,91,55,-1,91,55,32778,32778,0,91,55
1,91,92,0,91,55,32778,32778,0,91,55
2,14,21,2,255,255,32777,4096,0,255,255
3,9,21,-1,255,255,32778,32872,0,0,0
4,50,54,1,255,255,32777,32755,0,0,0
2,50,54,2,255,255,32777,32755,0,255,255
2,48,49,2,255,255,32777,32775,0,255,255
2,96,97,2,255,255,32777,32776,0,255,255
3,19,12,2,255,255,32778,32787,0,0,0
4,0,12,-1,255,255,32777,32693,0,0,0
1,19,12,2,91,55,32778,32778,0,91,55
2,0,12,-1,255,255,32777,4096,0,255,255
1,57,56,2,91,55,32778,32778,0,91,55
2,96,97,0,255,255,32777,4096,0,255,255
3,19,12,2,255,255,32778,32789,0,0,0
4,0,12,-1,255,255,32777,32695,0,0,0
1,105,104,2,91,55,32778,32778,0,91,55
2,96,97,-1,255,255,32777,4096,0,255,255
3,19,12,2,255,255,32778,32778,0,0,0
4,0,12,-1,255,255,32777,32684,0,0,0
1,105,103,2,91,55,32778,32778,0,91,55
2,96,97,-1,255,255,32777,4096,0,255,255
3,19,12,2,255,255,32778,32779,0,0,0
4,0,12,-1,255,255,32777,32685,0,0,0
1,9,8,2,91,55,32778,32778,0,91,55
2,96,97,-1,255,255,32777,4096,0,255,255
3,19,12,2,255,255,32778,32778,0,0,0
4,0,12,-1,255,255,32777,32684,0,0,0
1,9,7,2,91,55,32778,32778,0,91,55
2,96,97,-1,255,255,32777,4096,0,255,255
3,19,12,2,255,255,32778,32779,0,0,0
4,0,12,-1,255,255,32777,32685,0,0,0
1,91,90,2,91,55,32778,32778,0,91,55
2,96,97,-1,255,255,32777,4096,0,255,255
3,19,12,2,255,255,32778,32788,0,0,0
4,0,12,-1,255,255,32777,32694,0,0,0
1,91,89,2,91,55,32778,32778,0,91,55
2,96,97,-1,255,255,32777,4096,0,255,255
3,19,12,2,255,255,32778,32788,0,0,0
4,0,12,-1,255,255,32777,32694,0,0,0
1,91,88,2,91,55,32778,32778,0,91,55
2,96,97,-1,255,255,32777,4096,0,255,255
3,19,12,2,255,255,32778,32789,0,0,0
4,0,12,-1,255,255,32777,32695,0,0,0
1,91,87,2,91,55,32778,32778,0,91,55
2,96,97,-1,255,255,32777,4096,0,255,255
3,19,12,2,255,255,32778,32789,0,0,0
4,0,12,-1,255,255,32777,32695,0,0,0
3,87,51,2,255,255,32778,32789,0,0,0
4,14,21,-30,255,255,32777,4096,0,0,0
4,50,54,-30,255,255,32777,4096,0,0,0
4,48,49,-30,255,255,32777,32777,0,0,0
4,97,96,-30,255,255,32777,32777,0,0,0
4,97,98,-30,255,255,32777,32777,0,0,0
4,97,85,-30,255,255,32777,32777,0,0,0
4,97,73,-30,255,255,32777,32777,0,0,0
4,97,61,-30,255,255,32777,32777,0,0,0
4,97,49,-30,255,255,32777,32777,0,0,0
5,51,49,-1,255,255,32778,32778,0,0,0
6,48,49,-1,255,255,32777,32555,0,0,0
6,60,49,-1,255,255,32777,32659,0,0,0
6,36,49,-1,255,255,32777,32662,0,0,0
6,50,57,1,255,255,32777,32662,0,0,0
5,51,49,1,255,255,32778,32778,0,0,0
6,48,49,-1,255,255,32777,32555,0,0,0
6,60,49,-1,255,255,32777,32659,0,0,0
6,36,49,-1,255,255,32777,32662,0,0,0
6,50,57,-1,255,255,32777,32662,0,0,0
5,19,12,1,255,255,32778,32778,0,0,0
6,0,12,-1,255,255,32777,32684,0,0,0
7,51,49,1,255,255,32778,32801,0,0,0
8,48,49,-1,255,255,32777,32578,0,255,255
8,60,49,-1,255,255,32777,32682,0,255,255
8,36,49,-1,255,255,32777,32685,0,255,255
8,50,57,1,255,255,32777,32685,0,255,255
5,51,99,1,255,255,32778,32778,0,0,0
6,50,57,-1,255,255,32777,32776,0,0,0
5,51,3,1,255,255,32778,32778,0,0,0
6,0,3,-1,255,255,32777,32776,0,0,0
1,91,86,2,91,55,32778,32778,0,91,55
2,14,86,-1,255,255,32777,4096,0,255,255
1,91,85,2,91,55,32778,32778,0,91,55
2,96,97,-1,255,255,32777,4096,0,255,255
3,19,12,2,255,255,32778,32789,0,0,0
4,0,12,-1,255,255,32777,32695,0,0,0
1,91,79,2,91,55,32778,32778,0,91,55
2,96,97,-1,255,255,32777,4096,0,255,255
3,19,12,2,255,255,32778,32787,0,0,0
4,0,12,-1,255,255,32777,32693,0,0,0
3,79,75,2,255,255,32778,32787,0,0,0
1,91,67,2,91,55,32778,32778,0,91,55
2,96,97,-1,255,255,32777,4096,0,255,255
3,19,12,2,255,255,32778,32785,0,0,0
4,0,12,-1,255,255,32777,32691,0,0,0
1,91,43,2,91,55,32778,32778,0,91,55
2,96,97,-1,255,255,32777,4096,0,255,255
3,19,12,2,255,255,32778,32785,0,0,0
4,0,12,-1,255,255,32777,32691,0,0,0
1,91,31,2,91,55,32778,32778,0,91,55
2,96,97,-1,255,255,32777,4096,0,255,255
3,19,12,2,255,255,32778,32787,0,0,0
4,0,12,-1,255,255,32777,32693,0,0,0
3,31,27,2,255,255,32778,32787,0,0,0
1,91,103,2,91,55,32778,32778,0,91,55
2,96,97,-1,255,255,32777,4096,0,255,255
3,19,12,2,255,255,32778,32787,0,0,0
4,0,12,-1,255,255,32777,32693,0,0,0
3,103,99,2,255,255,32778,32787,0,0,0
1,19,18,2,91,55,32778,32778,0,91,55
2,96,97,-1,255,255,32777,4096,0,255,255
3,18,12,2,255,255,32778,32788,0,0,0
4,0,12,-1,255,255,32777,32693,0,0,0
1,19,17,2,91,55,32778,32778,0,91,55
2,96,97,-1,255,255,32777,4096,0,255,255
3,17,12,2,255,255,32778,32788,0,0,0
4,0,12,-1,255,255,32777,32693,0,0,0
1,19,16,2,91,55,32778,32778,0,91,55
2,96,97,-1,255,255,32777,4096,0,255,255
3,16,12,2,255,255,32778,32789,0,0,0
4,0,12,-1,255,255,32777,32693,0,0,0
1,19,15,2,91,55,32778,32778,0,91,55
2,96,97,-1,255,255,32777,4096,0,255,255
3,15,12,2,255,255,32778,32789,0,0,0
4,0,12,-1,255,255,32777,32693,0,0,0
3,15,51,2,255,255,32778,32789,0,0,0
4,50,54,-30,255,255,32777,4096,0,0,0
4,48,49,-30,255,255,32777,32777,0,0,0
4,97,96,-30,255,255,32777,32777,0,0,0
4,97,98,-30,255,255,32777,32777,0,0,0
4,97,85,-30,255,255,32777,32777,0,0,0
4,97,73,-30,255,255,32777,32777,0,0,0
4,97,61,-30,255,255,32777,32777,0,0,0
4,97,49,-30,255,255,32777,32777,0,0,0
5,51,49,-1,255,255,32778,32778,0,0,0
6,48,49,-1,255,255,32777,32555,0,0,0
6,60,49,-1,255,255,32777,32659,0,0,0
6,36,49,-1,255,255,32777,32662,0,0,0
6,50,57,-1,255,255,32777,32662,0,0,0
5,51,49,1,255,255,32778,32778,0,0,0
6,48,49,-1,255,255,32777,32555,0,0,0
6,60,49,-1,255,255,32777,32659,0,0,0
6,36,49,-1,255,255,32777,32662,0,0,0
6,50,57,-1,255,255,32777,32662,0,0,0
5,51,99,1,255,255,32778,32778,0,0,0
6,50,57,-1,255,255,32777,32776,0,0,0
5,51,3,1,255,255,32778,32778,0,0,0
6,0,3,-1,255,255,32777,32776,0,0,0
1,19,20,2,91,55,32778,32778,0,91,55
2,96,97,-1,255,255,32777,4096,0,255,255
3,20,12,2,255,255,32778,32787,0,0,0
4,0,12,-1,255,255,32777,32693,0,0,0
1,19,7,2,91,55,32778,32778,0,91,55
2,96,97,-1,255,255,32777,4096,0,255,255
3,7,3,2,255,255,32778,32787,0,0,0
1,19,31,2,91,55,32778,32778,0,91,55
2,96,97,-1,255,255,32777,4096,0,255,255
3,31,27,2,255,255,32778,32787,0,0,0
1,19,43,2,91,55,32778,32778,0,91,55
2,96,97,-1,255,255,32777,4096,0,255,255
1,19,55,2,91,55,32778,32778,0,91,55
2,96,97,-1,255,255,32777,4096,0,255,255
2,50,54,2,255,255,32777,32777,0,255,255
3,55,51,-29,255,255,32778,61440,0,0,0
4,54,102,1,255,255,32777,32768,0,0,0
4,54,6,1,255,255,32777,32770,0,0,0
2,48,49,2,255,255,32777,32777,0,255,255
2,96,98,2,255,255,32777,32777,0,255,255
2,0,1,2,255,255,32777,32777,0,255,255
2,0,2,2,255,255,32777,32777,0,255,255
2,50,49,2,255,255,32777,32777,0,255,255
2,50,38,2,255,255,32777,32777,0,255,255
2,50,26,2,255,255,32777,32777,0,255,255
2,50,62,2,255,255,32777,32777,0,255,255
2,50,74,2,255,255,32777,32777,0,255,255
2,50,98,2,255,255,32777,32777,0,255,255
2,14,13,2,255,255,32777,32777,0,255,255
2,14,15,2,255,255,32777,32777,0,255,255
2,14,16,2,255,255,32777,32777,0,255,255
2,14,17,2,255,255,32777,32777,0,255,255
2,14,18,2,255,255,32777,32777,0,255,255
2,14,19,2,255,255,32777,32777,0,255,255
2,14,20,2,255,255,32777,32777,0,255,255
2,14,2,2,255,255,32777,32777,0,255,255
2,14,26,2,255,255,32777,32777,0,255,255
2,14,38,2,255,255,32777,32777,0,255,255
2,84,74,2,255,255,32777,32777,0,255,255
3,55,51,2,255,255,32778,32778,0,0,0
4,74,51,-32,255,255,32777,4096,0,0,0
1,19,67,2,91,55,32778,32778,0,91,55
2,96,97,-1,255,255,32777,4096,0,255,255
1,19,79,2,91,55,32778,32778,0,91,55
2,96,97,-1,255,255,32777,4096,0,255,255
3,79,75,2,255,255,32778,32787,0,0,0
1,93,79,2,91,55,32778,32778,0,91,55
2,96,97,-1,255,255,32777,4096,0,255,255
2,84,74,0,255,255,32777,32777,0,255,255
3,19,12,2,255,255,32778,32778,0,0,0
4,0,12,-1,255,255,32777,32684,0,0,0
1,93,103,2,91,55,32778,32778,0,91,55
2,84,74,-1,255,255,32777,4096,0,255,255
3,19,12,2,255,255,32778,32780,0,0,0
4,0,12,-1,255,255,32777,32686,0,0,0
1,21,7,2,91,55,32778,32778,0,91,55
2,84,74,-1,255,255,32777,4096,0,255,255
3,19,12,2,255,255,32778,32780,0,0,0
4,0,12,-1,255,255,32777,32686,0,0,0
1,21,31,2,91,55,32778,32778,0,91,55
2,84,74,-1,255,255,32777,4096,0,255,255
3,19,12,2,255,255,32778,32778,0,0,0
4,0,12,-1,255,255,32777,32684,0,0,0
1,69,56,2,91,55,32778,32778,0,91,55
2,84,74,-1,255,255,32777,4096,0,255,255
3,19,12,2,255,255,32778,32787,0,0,0
4,0,12,-1,255,255,32777,32693,0,0,0
1,45,56,2,91,55,32778,32778,0,91,55
2,84,74,-1,255,255,32777,4096,0,255,255
3,19,12,2,255,255,32778,32787,0,0,0
4,0,12,-1,255,255,32777,32693,0,0,0
1,81,55,2,91,55,32778,32778,0,91,55
2,84,74,-1,255,255,32777,4096,0,255,255
3,19,12,2,255,255,32778,32787,0,0,0
4,0,12,-1,255,255,32777,32693,0,0,0
1,81,103,2,91,55,32778,32778,0,91,55
2,84,74,-1,255,255,32777,4096,0,255,255
3,19,12,2,255,255,32778,32789,0,0,0
4,0,12,-1,255,255,32777,32695,0,0,0
1,33,7,2,91,55,32778,32778,0,91,55
2,84,74,-1,255,255,32777,4096,0,255,255
3,19,12,2,255,255,32778,32789,0,0,0
4,0,12,-1,255,255,32777,32695,0,0,0
1,33,55,2,91,55,32778,32778,0,91,55
2,84,74,-1,255,255,32777,4096,0,255,255
3,19,12,2,255,255,32778,32787,0,0,0
4,0,12,-1,255,255,32777,32693,0,0,0
1,102,101,2,91,55,32778,32778,0,91,55
2,84,74,-1,255,255,32777,4096,0,255,255
3,19,12,2,255,255,32778,32787,0,0,0
4,0,12,-1,255,255,32777,32693,0,0,0
1,78,77,2,91,55,32778,32778,0,91,55
2,84,74,-1,255,255,32777,4096,0,255,255
3,19,12,2,255,255,32778,32787,0,0,0
4,0,12,-1,255,255,32777,32693,0,0,0
1,54,53,2,91,55,32778,32778,0,91,55
2,50,53,-1,255,255,32777,4096,0,255,255
2,84,74,-1,255,255,32777,32775,0,255,255
3,19,12,2,255,255,32778,32787,0,0,0
4,0,12,-1,255,255,32777,32693,0,0,0
1,30,29,2,91,55,32778,32778,0,91,55
2,84,74,-1,255,255,32777,4096,0,255,255
3,19,12,2,255,255,32778,32787,0,0,0
4,0,12,-1,255,255,32777,32693,0,0,0
1,6,5,2,91,55,32778,32778,0,91,55
2,84,74,-1,255,255,32777,4096,0,255,255
3,19,12,2,255,255,32778,32787,0,0,0
4,0,12,-1,255,255,32777,32693,0,0,0
0,48,49,-1,86,50,32778,32778,0,86,50
1,91,55,-1,255,255,32779,61440,0,91,55
2,84,74,-1,255,255,32778,4096,0,84,74
2,96,97,0,255,255,32778,32766,0,84,74
2,14,21,2,255,255,32778,32766,0,84,74
3,9,21,-1,255,255,32779,32850,0,255,255
2,49,50,2,255,255,32778,32766,0,84,74
2,49,37,2,255,255,32778,32766,0,84,74
2,49,61,2,255,255,32778,32766,0,84,74
2,96,98,2,255,255,32778,32766,0,84,74
2,0,1,2,255,255,32778,32766,0,84,74
2,0,2,2,255,255,32778,32766,0,84,74
2,86,85,2,255,255,32778,32766,0,84,74
2,86,87,2,255,255,32778,32766,0,84,74
2,86,88,2,255,255,32778,32766,0,84,74
2,86,89,2,255,255,32778,32766,0,84,74
2,86,90,2,255,255,32778,32766,0,84,74
2,86,91,2,255,255,32778,32766,0,84,74
2,86,92,2,255,255,32778,32766,0,84,74
2,86,74,2,255,255,32778,32766,0,84,74
2,86,62,2,255,255,32778,32766,0,84,74
2,86,50,2,255,255,32778,32766,0,84,74
2,86,38,2,255,255,32778,32766,0,84,74
2,86,26,2,255,255,32778,32766,0,84,74
2,86,98,2,255,255,32778,32766,0,84,74
2,14,13,2,255,255,32778,32766,0,84,74
2,14,15,2,255,255,32778,32766,0,84,74
2,14,16,2,255,255,32778,32766,0,84,74
2,14,17,2,255,255,32778,32766,0,84,74
2,14,18,2,255,255,32778,32766,0,84,74
2,14,2,2,255,255,32778,32766,0,84,74
2,14,26,2,255,255,32778,32766,0,84,74
2,14,38,2,255,255,32778,32766,0,84,74
2,14,50,2,255,255,32778,32766,0,84,74
2,14,62,2,255,255,32778,32766,0,84,74
2,14,74,2,255,255,32778,32766,0,84,74
2,84,98,2,255,255,32778,32766,0,84,74
2,12,2,2,255,255,32778,32766,0,84,74
2,12,26,2,255,255,32778,32766,0,84,74
2,72,50,2,255,255,32778,32766,0,84,74
2,72,98,2,255,255,32778,32766,0,84,74
2,24,2,2,255,255,32778,32766,0,84,74
2,24,50,2,255,255,32778,32766,0,84,74
2,99,100,2,255,255,32778,32766,0,84,74
2,75,76,2,255,255,32778,32766,0,84,74
2,51,52,2,255,255,32778,32766,0,84,74
2,27,28,2,255,255,32778,32766,0,84,74
2,3,4,2,255,255,32778,32766,0,84,74
0,96,97,-1,86,50,32778,32778,0,86,50
1,91,55,-1,255,255,32779,61440,0,91,55
2,84,74,-1,255,255,32778,4096,0,84,74
2,14,21,2,255,255,32778,32777,0,84,74
3,9,21,-1,255,255,32779,32861,0,255,255
2,48,49,2,255,255,32778,32777,0,84,74
2,97,98,2,255,255,32778,32777,0,84,74
2,97,85,2,255,255,32778,32777,0,84,74
2,97,73,2,255,255,32778,32777,0,84,74
2,97,61,2,255,255,32778,32777,0,84,74
2,97,49,2,255,255,32778,32777,0,84,74
2,97,37,2,255,255,32778,32777,0,84,74
2,97,25,2,255,255,32778,32777,0,84,74
2,97,13,2,255,255,32778,32777,0,84,74
2,97,1,2,255,255,32778,32777,0,84,74
2,0,1,2,255,255,32778,32777,0,84,74
2,0,2,2,255,255,32778,32777,0,84,74
2,86,85,2,255,255,32778,32777,0,84,74
2,86,87,2,255,255,32778,32777,0,84,74
2,86,88,2,255,255,32778,32777,0,84,74
2,86,89,2,255,255,32778,32777,0,84,74
2,86,90,2,255,255,32778,32777,0,84,74
2,86,91,2,255,255,32778,32777,0,84,74
2,86,92,2,255,255,32778,32777,0,84,74
2,86,74,2,255,255,32778,32777,0,84,74
2,86,62,2,255,255,32778,32777,0,84,74
2,86,50,2,255,255,32778,32777,0,84,74
2,86,38,2,255,255,32778,32777,0,84,74
2,86,26,2,255,255,32778,32777,0,84,74
2,86,98,2,255,255,32778,32777,0,84,74
2,14,13,2,255,255,32778,32777,0,84,74
2,14,15,2,255,255,32778,32777,0,84,74
2,14,16,2,255,255,32778,32777,0,84,74
2,14,17,2,255,255,32778,32777,0,84,74
2,14,18,2,255,255,32778,32777,0,84,74
2,14,2,2,255,255,32778,32777,0,84,74
2,14,26,2,255,255,32778,32777,0,84,74
2,14,38,2,255,255,32778,32777,0,84,74
2,14,50,2,255,255,32778,32777,0,84,74
2,14,62,2,255,255,32778,32777,0,84,74
2,14,74,2,255,255,32778,32777,0,84,74
2,84,98,2,255,255,32778,32777,0,84,74
2,12,2,2,255,255,32778,32777,0,84,74
2,12,26,2,255,255,32778,32777,0,84,74
2,60,49,2,255,255,32778,32777,0,84,74
2,36,49,2,255,255,32778,32777,0,84,74
2,72,50,2,255,255,32778,32777,0,84,74
2,72,98,2,255,255,32778,32777,0,84,74
2,24,2,2,255,255,32778,32777,0,84,74
2,24,50,2,255,255,32778,32777,0,84,74
2,99,100,2,255,255,32778,32777,0,84,74
2,75,76,2,255,255,32778,32777,0,84,74
2,51,52,2,255,255,32778,32777,0,84,74
2,27,28,2,255,255,32778,32777,0,84,74
2,3,4,2,255,255,32778,32777,0,84,74
0,96,98,-1,86,50,32778,32778,0,86,50
1,91,55,-1,255,255,32779,61440,0,91,55
2,84,74,-1,255,255,32778,4096,0,84,74
2,14,21,2,255,255,32778,32776,0,84,74
3,9,21,-1,255,255,32779,32860,0,255,255
2,48,49,2,255,255,32778,32776,0,84,74
2,98,97,2,255,255,32778,32776,0,84,74
2,0,1,2,255,255,32778,32776,0,84,74
2,0,2,2,255,255,32778,32776,0,84,74
2,86,85,2,255,255,32778,32776,0,84,74
2,86,87,2,255,255,32778,32776,0,84,74
2,86,88,2,255,255,32778,32776,0,84,74
2,86,89,2,255,255,32778,32776,0,84,74
2,86,90,2,255,255,32778,32776,0,84,74
2,86,91,2,255,255,32778,32776,0,84,74
2,86,92,2,255,255,32778,32776,0,84,74
2,86,74,2,255,255,32778,32776,0,84,74
2,86,62,2,255,255,32778,32776,0,84,74
2,86,50,2,255,255,32778,32776,0,84,74
2,86,38,2,255,255,32778,32776,0,84,74
2,86,26,2,255,255,32778,32776,0,84,74
2,14,13,2,255,255,32778,32776,0,84,74
2,14,15,2,255,255,32778,32776,0,84,74
2,14,16,2,255,255,32778,32776,0,84,74
2,14,17,2,255,255,32778,32776,0,84,74
2,14,18,2,255,255,32778,32776,0,84,74
2,14,2,2,255,255,32778,32776,0,84,74
2,14,26,2,255,255,32778,32776,0,84,74
2,14,38,2,255,255,32778,32776,0,84,74
2,14,50,2,255,255,32778,32776,0,84,74
2,14,62,2,255,255,32778,32776,0,84,74
2,14,74,2,255,255,32778,32776,0,84,74
2,12,2,2,255,255,32778,32776,0,84,74
2,12,26,2,255,255,32778,32776,0,84,74
2,60,49,2,255,255,32778,32776,0,84,74
2,36,49,2,255,255,32778,32776,0,84,74
2,72,50,2,255,255,32778,32776,0,84,74
2,24,2,2,255,255,32778,32776,0,84,74
2,24,50,2,255,255,32778,32776,0,84,74
2,99,100,2,255,255,32778,32776,0,84,74
2,75,76,2,255,255,32778,32776,0,84,74
2,51,52,2,255,255,32778,32776,0,84,74
2,27,28,2,255,255,32778,32776,0,84,74
2,3,4,2,255,255,32778,32776,0,84,74
0,0,1,-1,86,50,32778,32778,0,86,50
1,91,55,-1,255,255,32779,61440,0,91,55
2,84,74,-1,255,255,32778,4096,0,84,74
2,96,97,0,255,255,32778,32777,0,84,74
2,14,21,2,255,255,32778,32777,0,84,74
3,9,21,-1,255,255,32779,32861,0,255,255
2,48,49,2,255,255,32778,32777,0,84,74
2,96,98,2,255,255,32778,32777,0,84,74
2,1,2,2,255,255,32778,32777,0,84,74
2,1,13,2,255,255,32778,32777,0,84,74
2,1,25,2,255,255,32778,32777,0,84,74
2,1,37,2,255,255,32778,32777,0,84,74
2,1,49,2,255,255,32778,32777,0,84,74
2,1,61,2,255,255,32778,32777,0,84,74
2,1,73,2,255,255,32778,32777,0,84,74
2,1,85,2,255,255,32778,32777,0,84,74
2,1,97,2,255,255,32778,32777,0,84,74
2,86,85,2,255,255,32778,32777,0,84,74
2,86,87,2,255,255,32778,32777,0,84,74
2,86,88,2,255,255,32778,32777,0,84,74
2,86,89,2,255,255,32778,32777,0,84,74
2,86,90,2,255,255,32778,32777,0,84,74
2,86,91,2,255,255,32778,32777,0,84,74
2,86,92,2,255,255,32778,32777,0,84,74
2,86,74,2,255,255,32778,32777,0,84,74
2,86,62,2,255,255,32778,32777,0,84,74
2,86,50,2,255,255,32778,32777,0,84,74
2,86,38,2,255,255,32778,32777,0,84,74
2,86,26,2,255,255,32778,32777,0,84,74
2,86,98,2,255,255,32778,32777,0,84,74
2,14,13,2,255,255,32778,32777,0,84,74
2,14,15,2,255,255,32778,32777,0,84,74
2,14,16,2,255,255,32778,32777,0,84,74
2,14,17,2,255,255,32778,32777,0,84,74
2,14,18,2,255,255,32778,32777,0,84,74
2,14,2,2,255,255,32778,32777,0,84,74
2,14,26,2,255,255,32778,32777,0,84,74
2,14,38,2,255,255,32778,32777,0,84,74
2,14,50,2,255,255,32778,32777,0,84,74
2,14,62,2,255,255,32778,32777,0,84,74
2,14,74,2,255,255,32778,32777,0,84,74
2,84,98,2,255,255,32778,32777,0,84,74
2,12,2,2,255,255,32778,32777,0,84,74
2,12,26,2,255,255,32778,32777,0,84,74
2,60,49,2,255,255,32778,32777,0,84,74
2,36,49,2,255,255,32778,32777,0,84,74
2,72,50,2,255,255,32778,32777,0,84,74
2,72,98,2,255,255,32778,32777,0,84,74
2,24,2,2,255,255,32778,32777,0,84,74
2,24,50,2,255,255,32778,32777,0,84,74
2,99,100,2,255,255,32778,32777,0,84,74
2,75,76,2,255,255,32778,32777,0,84,74
2,51,52,2,255,255,32778,32777,0,84,74
2,27,28,2,255,255,32778,32777,0,84,74
2,3,4,2,255,255,32778,32777,0,84,74
0,0,2,-1,86,50,32778,32778,0,86,50
1,91,55,-1,255,255,32779,61440,0,91,55
2,84,74,-1,255,255,32778,4096,0,84,74
2,96,97,0,255,255,32778,32776,0,84,74
2,14,21,2,255,255,32778,32776,0,84,74
3,9,21,-1,255,255,32779,32860,0,255,255
2,48,49,2,255,255,32778,32776,0,84,74
2,96,98,2,255,255,32778,32776,0,84,74
2,2,1,2,255,255,32778,32776,0,84,74
2,86,85,2,255,255,32778,32776,0,84,74
2,86,87,2,255,255,32778,32776,0,84,74
2,86,88,2,255,255,32778,32776,0,84,74
2,86,89,2,255,255,32778,32776,0,84,74
2,86,90,2,255,255,32778,32776,0,84,74
2,86,91,2,255,255,32778,32776,0,84,74
2,86,92,2,255,255,32778,32776,0,84,74
2,86,74,2,255,255,32778,32776,0,84,74
2,86,62,2,255,255,32778,32776,0,84,74
2,86,50,2,255,255,32778,32776,0,84,74
2,86,38,2,255,255,32778,32776,0,84,74
2,86,26,2,255,255,32778,32776,0,84,74
2,86,98,2,255,255,32778,32776,0,84,74
2,14,13,2,255,255,32778,32776,0,84,74
2,14,15,2,255,255,32778,32776,0,84,74
2,14,16,2,255,255,32778,32776,0,84,74
2,14,17,2,255,255,32778,32776,0,84,74
2,14,18,2,255,255,32778,32776,0,84,74
2,14,26,2,255,255,32778,32776,0,84,74
2,14,38,2,255,255,32778,32776,0,84,74
2,14,50,2,255,255,32778,32776,0,84,74
2,14,62,2,255,255,32778,32776,0,84,74
2,14,74,2,255,255,32778,32776,0,84,74
2,84,98,2,255,255,32778,32776,0,84,74
2,12,26,2,255,255,32778,32776,0,84,74
2,60,49,2,255,255,32778,32776,0,84,74
2,36,49,2,255,255,32778,32776,0,84,74
2,72,50,2,255,255,32778,32776,0,84,74
2,72,98,2,255,255,32778,32776,0,84,74
2,24,50,2,255,255,32778,32776,0,84,74
2,99,100,2,255,255,32778,32776,0,84,74
2,75,76,2,255,255,32778,32776,0,84,74
2,51,52,2,255,255,32778,32776,0,84,74
2,27,28,2,255,255,32778,32776,0,84,74
2,3,4,2,255,255,32778,32776,0,84,74
0,86,85,-1,86,50,32778,32778,0,86,50
1,91,55,-1,255,255,32779,61440,0,91,55
2,96,97,0,255,255,32778,4096,0,84,74
2,14,21,2,255,255,32778,32767,0,84,74
3,9,21,-1,255,255,32779,32852,0,255,255
2,48,49,2,255,255,32778,32767,0,84,74
2,96,98,2,255,255,32778,32767,0,84,74
2,0,1,2,255,255,32778,32767,0,84,74
2,0,2,2,255,255,32778,32767,0,84,74
2,85,87,2,255,255,32778,32767,0,84,74
2,85,88,2,255,255,32778,32767,0,84,74
2,85,89,2,255,255,32778,32767,0,84,74
2,85,90,2,255,255,32778,32767,0,84,74
2,85,91,2,255,255,32778,32767,0,84,74
2,85,92,2,255,255,32778,32767,0,84,74
2,85,73,2,255,255,32778,32767,0,84,74
2,85,61,2,255,255,32778,32767,0,84,74
2,85,49,2,255,255,32778,32767,0,84,74
2,85,37,2,255,255,32778,32767,0,84,74
2,85,25,2,255,255,32778,32767,0,84,74
2,85,13,2,255,255,32778,32767,0,84,74
2,85,1,2,255,255,32778,32767,0,84,74
2,85,97,2,255,255,32778,32767,0,84,74
2,14,13,2,255,255,32778,32767,0,84,74
2,14,15,2,255,255,32778,32767,0,84,74
2,14,16,2,255,255,32778,32767,0,84,74
2,14,17,2,255,255,32778,32767,0,84,74
2,14,18,2,255,255,32778,32767,0,84,74
2,14,2,2,255,255,32778,32767,0,84,74
2,14,26,2,255,255,32778,32767,0,84,74
2,14,38,2,255,255,32778,32767,0,84,74
2,14,50,2,255,255,32778,32767,0,84,74
2,14,62,2,255,255,32778,32768,0,84,74
2,14,74,2,255,255,32778,32768,0,84,74
2,14,86,2,255,255,32778,32768,0,84,74
2,14,98,2,255,255,32778,32768,0,84,74
2,12,2,2,255,255,32778,32768,0,84,74
2,12,26,2,255,255,32778,32768,0,84,74
2,60,49,2,255,255,32778,32768,0,84,74
2,36,49,2,255,255,32778,32768,0,84,74
2,72,50,2,255,255,32778,32768,0,84,74
2,24,2,2,255,255,32778,32768,0,84,74
2,24,50,2,255,255,32778,32768,0,84,74
2,99,100,2,255,255,32778,32768,0,84,74
2,75,76,2,255,255,32778,32768,0,84,74
2,51,52,2,255,255,32778,32768,0,84,74
2,27,28,2,255,255,32778,32768,0,84,74
2,3,4,2,255,255,32778,32768,0,84,74
0,86,87,-1,86,50,32778,32778,0,86,50
1,91,55,-1,255,255,32779,61440,0,91,55
2,84,74,-1,255,255,32778,4096,0,84,74
2,96,97,0,255,255,32778,32767,0,84,74
2,14,21,2,255,255,32778,32767,0,84,74
3,9,21,-1,255,255,32779,32851,0,255,255
2,48,49,2,255,255,32778,32767,0,84,74
2,96,98,2,255,255,32778,32767,0,84,74
2,0,1,2,255,255,32778,32767,0,84,74
2,0,2,2,255,255,32778,32767,0,84,74
2,87,85,2,255,255,32778,32767,0,84,74
2,87,88,2,255,255,32778,32767,0,84,74
2,87,89,2,255,255,32778,32767,0,84,74
2,87,90,2,255,255,32778,32767,0,84,74
2,87,91,2,255,255,32778,32767,0,84,74
2,87,92,2,255,255,32778,32767,0,84,74
2,14,13,2,255,255,32778,32767,0,84,74
2,14,15,2,255,255,32778,32767,0,84,74
2,14,16,2,255,255,32778,32767,0,84,74
2,14,17,2,255,255,32778,32767,0,84,74
2,14,18,2,255,255,32778,32767,0,84,74
2,14,2,2,255,255,32778,32767,0,84,74
2,14,26,2,255,255,32778,32767,0,84,74
2,14,38,2,255,255,32778,32767,0,84,74
2,14,50,2,255,255,32778,32767,0,84,74
2,14,62,2,255,255,32778,32767,0,84,74
2,14,74,2,255,255,32778,32767,0,84,74
2,14,86,2,255,255,32778,32767,0,84,74
2,14,98,2,255,255,32778,32767,0,84,74
2,84,98,2,255,255,32778,32767,0,84,74
2,12,2,2,255,255,32778,32767,0,84,74
2,12,26,2,255,255,32778,32767,0,84,74
2,60,49,2,255,255,32778,32767,0,84,74
2,36,49,2,255,255,32778,32767,0,84,74
2,72,50,2,255,255,32778,32767,0,84,74
2,72,98,2,255,255,32778,32767,0,84,74
2,24,2,2,255,255,32778,32767,0,84,74
2,24,50,2,255,255,32778,32767,0,84,74
2,99,100,2,255,255,32778,32767,0,84,74
2,75,76,2,255,255,32778,32767,0,84,74
2,51,52,2,255,255,32778,32767,0,84,74
2,27,28,2,255,255,32778,32767,0,84,74
2,3,4,2,255,255,32778,32767,0,84,74
0,86,88,-1,86,50,32778,32778,0,86,50
1,91,55,-1,255,255,32779,61440,0,91,55
2,84,74,-1,255,255,32778,4096,0,84,74
2,96,97,0,255,255,32778,32767,0,84,74
2,14,21,2,255,255,32778,32767,0,84,74
3,9,21,-1,255,255,32779,32851,0,255,255
2,48,49,2,255,255,32778,32767,0,84,74
2,96,98,2,255,255,32778,32767,0,84,74
2,0,1,2,255,255,32778,32767,0,84,74
2,0,2,2,255,255,32778,32767,0,84,74
2,88,87,2,255,255,32778,32767,0,84,74
2,88,85,2,255,255,32778,32767,0,84,74
2,88,89,2,255,255,32778,32767,0,84,74
2,88,90,2,255,255,32778,32767,0,84,74
2,88,91,2,255,255,32778,32767,0,84,74
2,88,92,2,255,255,32778,32767,0,84,74
2,88,76,2,255,255,32778,32767,0,84,74
2,88,64,2,255,255,32778,32767,0,84,74
2,88,52,2,255,255,32778,32767,0,84,74
2,88,40,2,255,255,32778,32767,0,84,74
2,88,28,2,255,255,32778,32767,0,84,74
2,88,16,2,255,255,32778,32767,0,84,74
2,88,4,2,255,255,32778,32767,0,84,74
2,88,100,2,255,255,32778,32767,0,84,74
2,14,13,2,255,255,32778,32767,0,84,74
2,14,15,2,255,255,32778,32767,0,84,74
2,14,16,2,255,255,32778,32767,0,84,74
2,14,17,2,255,255,32778,32767,0,84,74
2,14,18,2,255,255,32778,32767,0,84,74
2,14,2,2,255,255,32778,32767,0,84,74
2,14,26,2,255,255,32778,32767,0,84,74
2,14,38,2,255,255,32778,32767,0,84,74
2,14,50,2,255,255,32778,32767,0,84,74
2,14,62,2,255,255,32778,32767,0,84,74
2,14,74,2,255,255,32778,32767,0,84,74
2,14,86,2,255,255,32778,32767,0,84,74
2,14,98,2,255,255,32778,32767,0,84,74
2,84,98,2,255,255,32778,32767,0,84,74
2,12,2,2,255,255,32778,32767,0,84,74
2,12,26,2,255,255,32778,32767,0,84,74
2,60,49,2,255,255,32778,32767,0,84,74
2,36,49,2,255,255,32778,32767,0,84,74
2,72,50,2,255,255,32778,32767,0,84,74
2,72,98,2,255,255,32778,32767,0,84,74
2,24,2,2,255,255,32778,32767,0,84,74
2,24,50,2,255,255,32778,32767,0,84,74
2,99,100,2,255,255,32778,32767,0,84,74
2,75,76,2,255,255,32778,32767,0,84,74
2,51,52,2,255,255,32778,32767,0,84,74
2,27,28,2,255,255,32778,32767,0,84,74
2,3,4,2,255,255,32778,32767,0,84,74
0,86,89,-1,86,50,32778,32778,0,86,50
1,91,55,-1,255,255,32779,61440,0,91,55
2,84,74,-1,255,255,32778,4096,0,84,74
2,96,97,0,255,255,32778,32766,0,84,74
2,14,21,2,255,255,32778,32766,0,84,74
3,9,21,-1,255,255,32779,32850,0,255,255
2,48,49,2,255,255,32778,32766,0,84,74
2,96,98,2,255,255,32778,32766,0,84,74
2,0,1,2,255,255,32778,32766,0,84,74
2,0,2,2,255,255,32778,32766,0,84,74
2,89,88,2,255,255,32778,32766,0,84,74
2,89,87,2,255,255,32778,32766,0,84,74
2,89,85,2,255,255,32778,32766,0,84,74
2,89,90,2,255,255,32778,32766,0,84,74
2,89,91,2,255,255,32778,32766,0,84,74
2,89,92,2,255,255,32778,32766,0,84,74
2,89,77,2,255,255,32778,32766,0,84,74
2,89,65,2,255,255,32778,32766,0,84,74
2,89,53,2,255,255,32778,32766,0,84,74
2,89,41,2,255,255,32778,32766,0,84,74
2,89,29,2,255,255,32778,32766,0,84,74
2,89,17,2,255,255,32778,32766,0,84,74
2,89,5,2,255,255,32778,32766,0,84,74
2,89,101,2,255,255,32778,32766,0,84,74
2,14,13,2,255,255,32778,32766,0,84,74
2,14,15,2,255,255,32778,32766,0,84,74
2,14,16,2,255,255,32778,32766,0,84,74
2,14,17,2,255,255,32778,32766,0,84,74
2,14,18,2,255,255,32778,32766,0,84,74
2,14,2,2,255,255,32778,32766,0,84,74
2,14,26,2,255,255,32778,32766,0,84,74
2,14,38,2,255,255,32778,32766,0,84,74
2,14,50,2,255,255,32778,32766,0,84,74
2,14,62,2,255,255,32778,32766,0,84,74
2,14,74,2,255,255,32778,32766,0,84,74
2,14,86,2,255,255,32778,32766,0,84,74
2,14,98,2,255,255,32778,32766,0,84,74
2,84,98,2,255,255,32778,32766,0,84,74
2,12,2,2,255,255,32778,32766,0,84,74
2,12,26,2,255,255,32778,32766,0,84,74
2,60,49,2,255,255,32778,32766,0,84,74
2,36,49,2,255,255,32778,32766,0,84,74
2,72,50,2,255,255,32778,32766,0,84,74
2,72,98,2,255,255,32778,32766,0,84,74
2,24,2,2,255,255,32778,32766,0,84,74
2,24,50,2,255,255,32778,32766,0,84,74
2,99,100,2,255,255,32778,32766,0,84,74
2,75,76,2,255,255,32778,32766,0,84,74
2,51,52,2,255,255,32778,32766,0,84,74
2,27,28,2,255,255,32778,32766,0,84,74
2,3,4,2,255,255,32778,32766,0,84,74
0,86,90,-1,86,50,32778,32778,0,86,50
1,91,55,-1,255,255,32779,61440,0,91,55
2,84,74,-1,255,255,32778,4096,0,84,74
2,96,97,0,255,255,32778,32766,0,84,74
2,14,21,2,255,255,32778,32766,0,84,74
3,9,21,-1,255,255,32779,32850,0,255,255
4,90,54,1,255,255,32778,32733,0,0,0
5,55,51,-30,255,255,32779,61440,0,0,0
6,54,102,2,255,255,32778,32745,0,0,0
6,54,6,2,255,255,32778,32747,0,0,0
2,90,54,2,255,255,32778,32766,0,84,74
3,19,12,-29,255,255,32779,61440,0,255,255
3,55,51,-29,255,255,32779,61440,0,255,255
4,14,21,1,255,255,32778,32768,0,0,0
5,9,21,-1,255,255,32779,32862,0,0,0
4,54,102,1,255,255,32778,32768,0,0,0
4,54,6,1,255,255,32778,32770,0,0,0
2,48,49,2,255,255,32778,32770,0,84,74
2,96,98,2,255,255,32778,32770,0,84,74
2,0,1,2,255,255,32778,32770,0,84,74
2,0,2,2,255,255,32778,32770,0,84,74
2,90,89,2,255,255,32778,32770,0,84,74
2,90,88,2,255,255,32778,32770,0,84,74
2,90,87,2,255,255,32778,32770,0,84,74
2,90,85,2,255,255,32778,32770,0,84,74
2,90,91,2,255,255,32778,32770,0,84,74
2,90,92,2,255,255,32778,32770,0,84,74
2,14,13,2,255,255,32778,32770,0,84,74
2,14,15,2,255,255,32778,32770,0,84,74
2,14,16,2,255,255,32778,32770,0,84,74
2,14,17,2,255,255,32778,32770,0,84,74
2,14,18,2,255,255,32778,32770,0,84,74
2,14,2,2,255,255,32778,32770,0,84,74
2,14,26,2,255,255,32778,32770,0,84,74
2,14,38,2,255,255,32778,32770,0,84,74
2,14,50,2,255,255,32778,32770,0,84,74
2,14,62,2,255,255,32778,32770,0,84,74
2,14,74,2,255,255,32778,32770,0,84,74
2,14,86,2,255,255,32778,32770,0,84,74
2,14,98,2,255,255,32778,32770,0,84,74
2,84,98,2,255,255,32778,32770,0,84,74
2,12,2,2,255,255,32778,32770,0,84,74
2,12,26,2,255,255,32778,32770,0,84,74
2,60,49,2,255,255,32778,32770,0,84,74
2,36,49,2,255,255,32778,32770,0,84,74
2,72,50,2,255,255,32778,32770,0,84,74
2,72,98,2,255,255,32778,32770,0,84,74
2,24,2,2,255,255,32778,32770,0,84,74
2,24,50,2,255,255,32778,32770,0,84,74
2,99,100,2,255,255,32778,32770,0,84,74
2,75,76,2,255,255,32778,32770,0,84,74
2,51,52,2,255,255,32778,32770,0,84,74
2,27,28,2,255,255,32778,32770,0,84,74
2,3,4,2,255,255,32778,32770,0,84,74
0,86,93,-1,86,50,32778,32778,0,86,50
1,105,93,-1,255,255,32779,61440,0,91,55
2,84,74,-1,255,255,32778,4096,0,84,74
2,96,97,0,255,255,32778,32755,0,84,74
2,14,21,2,255,255,32778,32755,0,84,74
3,9,21,-1,255,255,32779,32839,0,255,255
2,48,49,2,255,255,32778,32755,0,84,74
2,96,98,2,255,255,32778,32755,0,84,74
2,0,1,2,255,255,32778,32755,0,84,74
2,0,2,2,255,255,32778,32755,0,84,74
2,14,13,2,255,255,32778,32755,0,84,74
2,14,15,2,255,255,32778,32755,0,84,74
2,14,16,2,255,255,32778,32755,0,84,74
2,14,17,2,255,255,32778,32755,0,84,74
2,14,18,2,255,255,32778,32755,0,84,74
2,14,2,2,255,255,32778,32755,0,84,74
2,14,26,2,255,255,32778,32755,0,84,74
2,14,38,2,255,255,32778,32755,0,84,74
2,14,50,2,255,255,32778,32755,0,84,74
2,14,62,2,255,255,32778,32755,0,84,74
2,14,74,2,255,255,32778,32755,0,84,74
2,14,86,2,255,255,32778,32755,0,84,74
2,14,98,2,255,255,32778,32755,0,84,74
2,84,98,2,255,255,32778,32755,0,84,74
2,12,2,2,255,255,32778,32755,0,84,74
2,12,26,2,255,255,32778,32755,0,84,74
2,60,49,2,255,255,32778,32755,0,84,74
2,36,49,2,255,255,32778,32755,0,84,74
2,72,50,2,255,255,32778,32755,0,84,74
2,72,98,2,255,255,32778,32755,0,84,74
2,24,2,2,255,255,32778,32755,0,84,74
2,24,50,2,255,255,32778,32755,0,84,74
2,99,100,2,255,255,32778,32755,0,84,74
2,75,76,2,255,255,32778,32755,0,84,74
2,51,52,2,255,255,32778,32755,0,84,74
2,27,28,2,255,255,32778,32755,0,84,74
2,3,4,2,255,255,32778,32755,0,84,74
0,86,74,-1,86,50,32778,32778,0,86,50
1,91,55,-1,255,255,32779,61440,0,91,55
2,96,97,0,255,255,32778,4096,0,84,74
2,14,21,2,255,255,32778,32767,0,84,74
3,9,21,-1,255,255,32779,32852,0,255,255
4,74,78,1,255,255,32778,32735,0,0,0
2,74,78,2,255,255,32778,32767,0,84,74
2,48,49,2,255,255,32778,32767,0,84,74
2,96,98,2,255,255,32778,32767,0,84,74
2,0,1,2,255,255,32778,32767,0,84,74
2,0,2,2,255,255,32778,32767,0,84,74
2,74,73,2,255,255,32778,32767,0,84,74
2,74,62,2,255,255,32778,32767,0,84,74
2,74,50,2,255,255,32778,32767,0,84,74
2,74,38,2,255,255,32778,32768,0,84,74
2,74,26,2,255,255,32778,32768,0,84,74
2,74,98,2,255,255,32778,32768,0,84,74
2,14,13,2,255,255,32778,32768,0,84,74
2,14,15,2,255,255,32778,32768,0,84,74
2,14,16,2,255,255,32778,32768,0,84,74
2,14,17,2,255,255,32778,32768,0,84,74
2,14,18,2,255,255,32778,32768,0,84,74
2,14,2,2,255,255,32778,32768,0,84,74
2,14,26,2,255,255,32778,32768,0,84,74
2,14,38,2,255,255,32778,32768,0,84,74
2,14,50,2,255,255,32778,32768,0,84,74
2,14,62,2,255,255,32778,32768,0,84,74
2,84,98,2,255,255,32778,32768,0,84,74
2,12,2,2,255,255,32778,32768,0,84,74
2,12,26,2,255,255,32778,32768,0,84,74
2,60,49,2,255,255,32778,32768,0,84,74
2,36,49,2,255,255,32778,32768,0,84,74
2,72,50,2,255,255,32778,32768,0,84,74
2,72,98,2,255,255,32778,32768,0,84,74
2,24,2,2,255,255,32778,32768,0,84,74
2,24,50,2,255,255,32778,32768,0,84,74
2,99,100,2,255,255,32778,32768,0,84,74
2,75,76,2,255,255,32778,32768,0,84,74
2,51,52,2,255,255,32778,32768,0,84,74
2,27,28,2,255,255,32778,32768,0,84,74
2,3,4,2,255,255,32778,32768,0,84,74
0,86,62,-1,86,50,32778,32778,0,86,50
1,91,55,-1,255,255,32779,61440,0,91,55
2,84,74,-1,255,255,32778,4096,0,84,74
2,96,97,0,255,255,32778,32770,0,84,74
2,14,21,2,255,255,32778,32770,0,84,74
3,9,21,-1,255,255,32779,32854,0,255,255
2,48,49,2,255,255,32778,32770,0,84,74
2,96,98,2,255,255,32778,32770,0,84,74
2,0,1,2,255,255,32778,32770,0,84,74
2,0,2,2,255,255,32778,32770,0,84,74
2,62,61,2,255,255,32778,32770,0,84,74
2,62,63,2,255,255,32778,32770,0,84,74
2,62,64,2,255,255,32778,32770,0,84,74
2,62,65,2,255,255,32778,32770,0,84,74
2,62,66,2,255,255,32778,32770,0,84,74
2,62,67,2,255,255,32778,32770,0,84,74
2,62,68,2,255,255,32778,32770,0,84,74
2,62,50,2,255,255,32778,32770,0,84,74
2,62,38,2,255,255,32778,32770,0,84,74
2,62,26,2,255,255,32778,32770,0,84,74
2,62,74,2,255,255,32778,32770,0,84,74
2,62,98,2,255,255,32778,32770,0,84,74
2,14,13,2,255,255,32778,32770,0,84,74
2,14,15,2,255,255,32778,32770,0,84,74
2,14,16,2,255,255,32778,32770,0,84,74
2,14,17,2,255,255,32778,32770,0,84,74
2,14,18,2,255,255,32778,32770,0,84,74
2,14,2,2,255,255,32778,32770,0,84,74
2,14,26,2,255,255,32778,32770,0,84,74
2,14,38,2,255,255,32778,32770,0,84,74
2,14,50,2,255,255,32778,32770,0,84,74
2,84,98,2,255,255,32778,32770,0,84,74
2,12,2,2,255,255,32778,32770,0,84,74
2,12,26,2,255,255,32778,32770,0,84,74
2,60,49,2,255,255,32778,32770,0,84,74
2,36,49,2,255,255,32778,32770,0,84,74
2,72,50,2,255,255,32778,32770,0,84,74
2,72,98,2,255,255,32778,32770,0,84,74
2,24,2,2,255,255,32778,32770,0,84,74
2,24,50,2,255,255,32778,32770,0,84,74
2,99,100,2,255,255,32778,32770,0,84,74
2,75,76,2,255,255,32778,32770,0,84,74
2,51,52,2,255,255,32778,32770,0,84,74
2,27,28,2,255,255,32778,32770,0,84,74
2,3,4,2,255,255,32778,32770,0,84,74
0,86,50,-1,86,50,32778,32778,0,86,50
0,86,38,-1,86,50,32778,32778,0,86,50
1,91,55,-1,255,255,32779,61440,0,91,55
2,84,74,-1,255,255,32778,4096,0,84,74
2,96,97,0,255,255,32778,32770,0,84,74
2,14,21,2,255,255,32778,32770,0,84,74
3,9,21,-1,255,255,32779,32854,0,255,255
2,48,49,2,255,255,32778,32770,0,84,74
2,96,98,2,255,255,32778,32770,0,84,74
2,0,1,2,255,255,32778,32770,0,84,74
2,0,2,2,255,255,32778,32770,0,84,74
2,38,37,2,255,255,32778,32770,0,84,74
2,38,39,2,255,255,32778,32770,0,84,74
2,38,40,2,255,255,32778,32770,0,84,74
2,38,41,2,255,255,32778,32770,0,84,74
2,38,42,2,255,255,32778,32770,0,84,74
2,38,43,2,255,255,32778,32770,0,84,74
2,38,44,2,255,255,32778,32770,0,84,74
2,38,26,2,255,255,32778,32770,0,84,74
2,38,50,2,255,255,32778,32770,0,84,74
2,38,62,2,255,255,32778,32770,0,84,74
2,38,74,2,255,255,32778,32770,0,84,74
2,38,98,2,255,255,32778,32770,0,84,74
2,14,13,2,255,255,32778,32770,0,84,74
2,14,15,2,255,255,32778,32770,0,84,74
2,14,16,2,255,255,32778,32770,0,84,74
2,14,17,2,255,255,32778,32770,0,84,74
2,14,18,2,255,255,32778,32770,0,84,74
2,14,2,2,255,255,32778,32770,0,84,74
2,14,26,2,255,255,32778,32770,0,84,74
2,84,98,2,255,255,32778,32770,0,84,74
2,12,2,2,255,255,32778,32770,0,84,74
2,12,26,2,255,255,32778,32770,0,84,74
2,60,49,2,255,255,32778,32770,0,84,74
2,36,49,2,255,255,32778,32770,0,84,74
2,72,50,2,255,255,32778,32770,0,84,74
2,72,98,2,255,255,32778,32770,0,84,74
2,24,2,2,255,255,32778,32770,0,84,74
2,24,50,2,255,255,32778,32770,0,84,74
2,99,100,2,255,255,32778,32770,0,84,74
2,75,76,2,255,255,32778,32770,0,84,74
2,51,52,2,255,255,32778,32770,0,84,74
2,27,28,2,255,255,32778,32770,0,84,74
2,3,4,2,255,255,32778,32770,0,84,74
0,86,26,-1,86,50,32778,32778,0,86,50
1,91,55,-1,255,255,32779,61440,0,91,55
2,84,74,-1,255,255,32778,4096,0,84,74
2,96,97,0,255,255,32778,32768,0,84,74
2,14,21,2,255,255,32778,32768,0,84,74
3,9,21,-1,255,255,32779,32852,0,255,255
4,26,30,1,255,255,32778,32735,0,0,0
2,26,30,2,255,255,32778,32768,0,84,74
2,48,49,2,255,255,32778,32768,0,84,74
2,96,98,2,255,255,32778,32768,0,84,74
2,0,1,2,255,255,32778,32768,0,84,74
2,0,2,2,255,255,32778,32768,0,84,74
2,26,25,2,255,255,32778,32768,0,84,74
2,26,38,2,255,255,32778,32768,0,84,74
2,26,50,2,255,255,32778,32768,0,84,74
2,26,62,2,255,255,32778,32768,0,84,74
2,26,74,2,255,255,32778,32768,0,84,74
2,26,98,2,255,255,32778,32768,0,84,74
2,14,13,2,255,255,32778,32768,0,84,74
2,14,15,2,255,255,32778,32768,0,84,74
2,14,16,2,255,255,32778,32768,0,84,74
2,14,17,2,255,255,32778,32768,0,84,74
2,14,18,2,255,255,32778,32768,0,84,74
2,14,2,2,255,255,32778,32768,0,84,74
2,84,98,2,255,255,32778,32768,0,84,74
2,12,2,2,255,255,32778,32768,0,84,74
2,60,49,2,255,255,32778,32768,0,84,74
2,36,49,2,255,255,32778,32768,0,84,74
2,72,50,2,255,255,32778,32768,0,84,74
2,72,98,2,255,255,32778,32768,0,84,74
2,24,2,2,255,255,32778,32768,0,84,74
2,24,50,2,255,255,32778,32768,0,84,74
2,99,100,2,255,255,32778,32768,0,84,74
2,75,76,2,255,255,32778,32768,0,84,74
2,51,52,2,255,255,32778,32768,0,84,74
2,27,28,2,255,255,32778,32768,0,84,74
2,3,4,2,255,255,32778,32768,0,84,74
0,86,98,-1,86,50,32778,32778,0,86,50
1,91,55,-1,255,255,32779,61440,0,91,55
2,84,74,-1,255,255,32778,4096,0,84,74
2,96,97,0,255,255,32778,32768,0,84,74
2,14,21,2,255,255,32778,32768,0,84,74
3,9,21,-1,255,255,32779,32852,0,255,255
4,98,102,1,255,255,32778,32735,0,0,0
2,98,102,2,255,255,32778,32768,0,84,74
2,48,49,2,255,255,32778,32768,0,84,74
2,0,1,2,255,255,32778,32768,0,84,74
2,0,2,2,255,255,32778,32768,0,84,74
2,98,97,2,255,255,32778,32768,0,84,74
2,98,74,2,255,255,32778,32768,0,84,74
2,98,62,2,255,255,32778,32768,0,84,74
2,98,50,2,255,255,32778,32768,0,84,74
2,98,38,2,255,255,32778,32768,0,84,74
2,98,26,2,255,255,32778,32768,0,84,74
2,14,13,2,255,255,32778,32768,0,84,74
2,14,15,2,255,255,32778,32768,0,84,74
2,14,16,2,255,255,32778,32768,0,84,74
2,14,17,2,255,255,32778,32768,0,84,74
2,14,18,2,255,255,32778,32768,0,84,74
2,14,2,2,255,255,32778,32768,0,84,74
2,14,26,2,255,255,32778,32768,0,84,74
2,14,38,2,255,255,32778,32768,0,84,74
2,14,50,2,255,255,32778,32768,0,84,74
2,14,62,2,255,255,32778,32768,0,84,74
2,14,74,2,255,255,32778,32768,0,84,74
2,14,86,2,255,255,32778,32768,0,84,74
2,12,2,2,255,255,32778,32768,0,84,74
2,12,26,2,255,255,32778,32768,0,84,74
2,60,49,2,255,255,32778,32768,0,84,74
2,36,49,2,255,255,32778,32768,0,84,74
2,72,50,2,255,255,32778,32768,0,84,74
2,24,2,2,255,255,32778,32768,0,84,74
2,24,50,2,255,255,32778,32768,0,84,74
2,99,100,2,255,255,32778,32768,0,84,74
2,75,76,2,255,255,32778,32768,0,84,74
2,51,52,2,255,255,32778,32768,0,84,74
2,27,28,2,255,255,32778,32768,0,84,74
2,3,4,2,255,255,32778,32768,0,84,74
0,14,13,-1,86,50,32778,32778,0,86,50
1,91,55,-1,255,255,32779,61440,0,91,55
2,84,74,-1,255,255,32778,4096,0,84,74
2,96,97,0,255,255,32778,32768,0,84,74
2,13,21,2,255,255,32778,32768,0,84,74
3,9,21,-1,255,255,32779,32852,0,255,255
2,48,49,2,255,255,32778,32768,0,84,74
2,96,98,2,255,255,32778,32768,0,84,74
2,0,1,2,255,255,32778,32768,0,84,74
2,0,2,2,255,255,32778,32768,0,84,74
2,86,85,2,255,255,32778,32768,0,84,74
2,86,87,2,255,255,32778,32768,0,84,74
2,86,88,2,255,255,32778,32768,0,84,74
2,86,89,2,255,255,32778,32768,0,84,74
2,86,90,2,255,255,32778,32768,0,84,74
2,86,91,2,255,255,32778,32768,0,84,74
2,86,92,2,255,255,32778,32768,0,84,74
2,86,74,2,255,255,32778,32768,0,84,74
2,86,62,2,255,255,32778,32768,0,84,74
2,86,50,2,255,255,32778,32768,0,84,74
2,86,38,2,255,255,32778,32768,0,84,74
2,86,26,2,255,255,32778,32768,0,84,74
2,86,14,2,255,255,32778,32768,0,84,74
2,86,2,2,255,255,32778,32768,0,84,74
2,86,98,2,255,255,32778,32768,0,84,74
2,13,15,2,255,255,32778,32768,0,84,74
2,13,16,2,255,255,32778,32768,0,84,74
2,13,17,2,255,255,32778,32768,0,84,74
2,13,18,2,255,255,32778,32768,0,84,74
2,13,1,2,255,255,32778,32768,0,84,74
2,13,25,2,255,255,32778,32768,0,84,74
2,13,37,2,255,255,32778,32768,0,84,74
2,13,49,2,255,255,32778,32768,0,84,74
2,13,61,2,255,255,32778,32768,0,84,74
2,13,73,2,255,255,32778,32768,0,84,74
2,13,85,2,255,255,32778,32768,0,84,74
2,13,97,2,255,255,32778,32768,0,84,74
2,84,98,2,255,255,32778,32768,0,84,74
2,60,49,2,255,255,32778,32768,0,84,74
2,36,49,2,255,255,32778,32768,0,84,74
2,72,50,2,255,255,32778,32768,0,84,74
2,72,98,2,255,255,32778,32768,0,84,74
2,24,50,2,255,255,32778,32768,0,84,74
2,99,100,2,255,255,32778,32768,0,84,74
2,75,76,2,255,255,32778,32768,0,84,74
2,51,52,2,255,255,32778,32768,0,84,74
2,27,28,2,255,255,32778,32768,0,84,74
2,3,4,2,255,255,32778,32768,0,84,74
0,14,15,-1,86,50,32778,32778,0,86,50
1,91,55,-1,255,255,32779,61440,0,91,55
2,84,74,-1,255,255,32778,4096,0,84,74
2,96,97,0,255,255,32778,32767,0,84,74
2,15,21,2,255,255,32778,32767,0,84,74
3,9,21,-1,255,255,32779,32852,0,255,255
2,48,49,2,255,255,32778,32767,0,84,74
2,96,98,2,255,255,32778,32767,0,84,74
2,0,1,2,255,255,32778,32767,0,84,74
2,0,2,2,255,255,32778,32767,0,84,74
2,86,85,2,255,255,32778,32767,0,84,74
2,86,87,2,255,255,32778,32767,0,84,74
2,86,88,2,255,255,32778,32767,0,84,74
2,86,89,2,255,255,32778,32767,0,84,74
2,86,90,2,255,255,32778,32767,0,84,74
2,86,91,2,255,255,32778,32767,0,84,74
2,86,92,2,255,255,32778,32767,0,84,74
2,86,74,2,255,255,32778,32767,0,84,74
2,86,62,2,255,255,32778,32767,0,84,74
2,86,50,2,255,255,32778,32767,0,84,74
2,86,38,2,255,255,32778,32767,0,84,74
2,86,26,2,255,255,32778,32767,0,84,74
2,86,14,2,255,255,32778,32767,0,84,74
2,86,2,2,255,255,32778,32767,0,84,74
2,86,98,2,255,255,32778,32767,0,84,74
2,15,13,2,255,255,32778,32767,0,84,74
2,15,16,2,255,255,32778,32767,0,84,74
2,15,17,2,255,255,32778,32767,0,84,74
2,15,18,2,255,255,32778,32767,0,84,74
2,84,98,2,255,255,32778,32767,0,84,74
2,12,2,2,255,255,32778,32767,0,84,74
2,12,26,2,255,255,32778,32767,0,84,74
2,60,49,2,255,255,32778,32767,0,84,74
2,36,49,2,255,255,32778,32767,0,84,74
2,72,50,2,255,255,32778,32767,0,84,74
2,72,98,2,255,255,32778,32767,0,84,74
2,24,2,2,255,255,32778,32767,0,84,74
2,24,50,2,255,255,32778,32767,0,84,74
2,99,100,2,255,255,32778,32767,0,84,74
2,75,76,2,255,255,32778,32767,0,84,74
2,51,52,2,255,255,32778,32767,0,84,74
2,27,28,2,255,255,32778,32767,0,84,74
2,3,4,2,255,255,32778,32767,0,84,74
0,14,16,-1,86,50,32778,32778,0,86,50
1,91,55,-1,255,255,32779,61440,0,91,55
2,84,74,-1,255,255,32778,4096,0,84,74
2,96,97,0,255,255,32778,32767,0,84,74
2,16,21,2,255,255,32778,32767,0,84,74
3,9,21,-1,255,255,32779,32852,0,255,255
2,48,49,2,255,255,32778,32767,0,84,74
2,96,98,2,255,255,32778,32767,0,84,74
2,0,1,2,255,255,32778,32767,0,84,74
2,0,2,2,255,255,32778,32767,0,84,74
2,86,85,2,255,255,32778,32767,0,84,74
2,86,87,2,255,255,32778,32767,0,84,74
2,86,88,2,255,255,32778,32767,0,84,74
2,86,89,2,255,255,32778,32767,0,84,74
2,86,90,2,255,255,32778,32767,0,84,74
2,86,91,2,255,255,32778,32767,0,84,74
2,86,92,2,255,255,32778,32767,0,84,74
2,86,74,2,255,255,32778,32767,0,84,74
2,86,62,2,255,255,32778,32767,0,84,74
2,86,50,2,255,255,32778,32767,0,84,74
2,86,38,2,255,255,32778,32767,0,84,74
2,86,26,2,255,255,32778,32767,0,84,74
2,86,14,2,255,255,32778,32767,0,84,74
2,86,2,2,255,255,32778,32767,0,84,74
2,86,98,2,255,255,32778,32767,0,84,74
2,16,15,2,255,255,32778,32767,0,84,74
2,16,13,2,255,255,32778,32767,0,84,74
2,16,17,2,255,255,32778,32767,0,84,74
2,16,18,2,255,255,32778,32767,0,84,74
2,16,4,2,255,255,32778,32767,0,84,74
2,16,28,2,255,255,32778,32767,0,84,74
2,16,40,2,255,255,32778,32767,0,84,74
2,16,52,2,255,255,32778,32767,0,84,74
2,16,64,2,255,255,32778,32767,0,84,74
2,16,76,2,255,255,32778,32767,0,84,74
2,16,88,2,255,255,32778,32767,0,84,74
2,16,100,2,255,255,32778,32767,0,84,74
2,84,98,2,255,255,32778,32767,0,84,74
2,12,2,2,255,255,32778,32767,0,84,74
2,12,26,2,255,255,32778,32767,0,84,74
2,60,49,2,255,255,32778,32767,0,84,74
2,36,49,2,255,255,32778,32767,0,84,74
2,72,50,2,255,255,32778,32767,0,84,74
2,72,98,2,255,255,32778,32767,0,84,74
2,24,2,2,255,255,32778,32767,0,84,74
2,24,50,2,255,255,32778,32767,0,84,74
2,99,100,2,255,255,32778,32767,0,84,74
2,75,76,2,255,255,32778,32767,0,84,74
2,51,52,2,255,255,32778,32767,0,84,74
2,27,28,2,255,255,32778,32767,0,84,74
2,3,4,2,255,255,32778,32767,0,84,74
0,14,17,-1,86,50,32778,32778,0,86,50
1,91,55,-1,255,255,32779,61440,0,91,55
2,84,74,-1,255,255,32778,4096,0,84,74
2,96,97,0,255,255,32778,32766,0,84,74
2,17,21,2,255,255,32778,32766,0,84,74
3,9,21,-1,255,255,32779,32852,0,255,255
2,48,49,2,255,255,32778,32766,0,84,74
2,96,98,2,255,255,32778,32766,0,84,74
2,0,1,2,255,255,32778,32766,0,84,74
2,0,2,2,255,255,32778,32766,0,84,74
2,86,85,2,255,255,32778,32766,0,84,74
2,86,87,2,255,255,32778,32766,0,84,74
2,86,88,2,255,255,32778,32766,0,84,74
2,86,89,2,255,255,32778,32766,0,84,74
2,86,90,2,255,255,32778,32766,0,84,74
2,86,91,2,255,255,32778,32766,0,84,74
2,86,92,2,255,255,32778,32766,0,84,74
2,86,74,2,255,255,32778,32766,0,84,74
2,86,62,2,255,255,32778,32766,0,84,74
2,86,50,2,255,255,32778,32766,0,84,74
2,86,38,2,255,255,32778,32766,0,84,74
2,86,26,2,255,255,32778,32766,0,84,74
2,86,14,2,255,255,32778,32766,0,84,74
2,86,2,2,255,255,32778,32766,0,84,74
2,86,98,2,255,255,32778,32766,0,84,74
2,17,16,2,255,255,32778,32766,0,84,74
2,17,15,2,255,255,32778,32766,0,84,74
2,17,13,2,255,255,32778,32766,0,84,74
2,17,18,2,255,255,32778,32766,0,84,74
2,17,5,2,255,255,32778,32766,0,84,74
2,17,29,2,255,255,32778,32766,0,84,74
2,17,41,2,255,255,32778,32766,0,84,74
2,17,53,2,255,255,32778,32766,0,84,74
2,17,65,2,255,255,32778,32766,0,84,74
2,17,77,2,255,255,32778,32766,0,84,74
2,17,89,2,255,255,32778,32766,0,84,74
2,17,101,2,255,255,32778,32766,0,84,74
2,84,98,2,255,255,32778,32766,0,84,74
2,12,2,2,255,255,32778,32766,0,84,74
2,12,26,2,255,255,32778,32766,0,84,74
2,60,49,2,255,255,32778,32766,0,84,74
2,36,49,2,255,255,32778,32766,0,84,74
2,72,50,2,255,255,32778,32766,0,84,74
2,72,98,2,255,255,32778,32766,0,84,74
2,24,2,2,255,255,32778,32766,0,84,74
2,24,50,2,255,255,32778,32766,0,84,74
2,99,100,2,255,255,32778,32766,0,84,74
2,75,76,2,255,255,32778,32766,0,84,74
2,51,52,2,255,255,32778,32766,0,84,74
2,27,28,2,255,255,32778,32766,0,84,74
2,3,4,2,255,255,32778,32766,0,84,74
0,14,18,-1,86,50,32778,32778,0,86,50
1,91,55,-1,255,255,32779,61440,0,91,55
2,84,74,-1,255,255,32778,4096,0,84,74
2,96,97,0,255,255,32778,32766,0,84,74
2,18,21,2,255,255,32778,32766,0,84,74
3,9,21,-1,255,255,32779,32852,0,255,255
2,18,54,2,255,255,32778,32766,0,84,74
3,55,51,-29,255,255,32779,61440,0,255,255
4,54,102,1,255,255,32778,32768,0,0,0
4,54,6,1,255,255,32778,32770,0,0,0
2,48,49,2,255,255,32778,32770,0,84,74
2,96,98,2,255,255,32778,32770,0,84,74
2,0,1,2,255,255,32778,32770,0,84,74
2,0,2,2,255,255,32778,32770,0,84,74
2,86,85,2,255,255,32778,32770,0,84,74
2,86,87,2,255,255,32778,32770,0,84,74
2,86,88,2,255,255,32778,32770,0,84,74
2,86,89,2,255,255,32778,32770,0,84,74
2,86,90,2,255,255,32778,32770,0,84,74
2,86,91,2,255,255,32778,32770,0,84,74
2,86,92,2,255,255,32778,32770,0,84,74
2,86,74,2,255,255,32778,32770,0,84,74
2,86,62,2,255,255,32778,32770,0,84,74
2,86,50,2,255,255,32778,32770,0,84,74
2,86,38,2,255,255,32778,32770,0,84,74
2,86,26,2,255,255,32778,32770,0,84,74
2,86,14,2,255,255,32778,32770,0,84,74
2,86,2,2,255,255,32778,32770,0,84,74
2,86,98,2,255,255,32778,32770,0,84,74
2,18,17,2,255,255,32778,32770,0,84,74
2,18,16,2,255,255,32778,32770,0,84,74
2,18,15,2,255,255,32778,32770,0,84,74
2,18,13,2,255,255,32778,32770,0,84,74
2,84,98,2,255,255,32778,32770,0,84,74
2,12,2,2,255,255,32778,32770,0,84,74
2,12,26,2,255,255,32778,32770,0,84,74
2,60,49,2,255,255,32778,32770,0,84,74
2,36,49,2,255,255,32778,32770,0,84,74
2,72,50,2,255,255,32778,32770,0,84,74
2,72,98,2,255,255,32778,32770,0,84,74
2,24,2,2,255,255,32778,32770,0,84,74
2,24,50,2,255,255,32778,32770,0,84,74
2,99,100,2,255,255,32778,32770,0,84,74
2,75,76,2,255,255,32778,32770,0,84,74
2,51,52,2,255,255,32778,32770,0,84,74
2,27,28,2,255,255,32778,32770,0,84,74
2,3,4,2,255,255,32778,32770,0,84,74
0,14,21,-1,86,50,32778,32778,0,86,50
1,9,21,-1,255,255,32779,61440,0,91,55
2,84,74,-1,255,255,32778,4096,0,84,74
2,96,97,0,255,255,32778,32755,0,84,74
2,86,93,2,255,255,32778,32755,0,84,74
3,105,93,-1,255,255,32779,32839,0,255,255
2,48,49,2,255,255,32778,32755,0,84,74
2,96,98,2,255,255,32778,32755,0,84,74
2,0,1,2,255,255,32778,32755,0,84,74
2,0,2,2,255,255,32778,32755,0,84,74
2,86,85,2,255,255,32778,32755,0,84,74
2,86,87,2,255,255,32778,32755,0,84,74
2,86,88,2,255,255,32778,32755,0,84,74
2,86,89,2,255,255,32778,32755,0,84,74
2,86,90,2,255,255,32778,32755,0,84,74
2,86,74,2,255,255,32778,32755,0,84,74
2,86,62,2,255,255,32778,32755,0,84,74
2,86,50,2,255,255,32778,32755,0,84,74
2,86,38,2,255,255,32778,32755,0,84,74
2,86,26,2,255,255,32778,32755,0,84,74
2,86,14,2,255,255,32778,32755,0,84,74
2,86,2,2,255,255,32778,32755,0,84,74
2,86,98,2,255,255,32778,32755,0,84,74
2,84,98,2,255,255,32778,32755,0,84,74
2,12,2,2,255,255,32778,32755,0,84,74
2,12,26,2,255,255,32778,32755,0,84,74
2,60,49,2,255,255,32778,32755,0,84,74
2,36,49,2,255,255,32778,32755,0,84,74
2,72,50,2,255,255,32778,32755,0,84,74
2,72,98,2,255,255,32778,32755,0,84,74
2,24,2,2,255,255,32778,32755,0,84,74
2,24,50,2,255,255,32778,32755,0,84,74
2,99,100,2,255,255,32778,32755,0,84,74
2,75,76,2,255,255,32778,32755,0,84,74
2,51,52,2,255,255,32778,32755,0,84,74
2,27,28,2,255,255,32778,32755,0,84,74
2,3,4,2,255,255,32778,32755,0,84,74
0,14,2,-1,86,50,32778,32778,0,86,50
1,91,55,-1,255,255,32779,61440,0,91,55
2,84,74,-1,255,255,32778,4096,0,84,74
2,96,97,0,255,255,32778,32768,0,84,74
2,2,6,2,255,255,32778,32768,0,84,74
2,48,49,2,255,255,32778,32768,0,84,74
2,96,98,2,255,255,32778,32768,0,84,74
2,0,1,2,255,255,32778,32768,0,84,74
2,86,85,2,255,255,32778,32768,0,84,74
2,86,87,2,255,255,32778,32768,0,84,74
2,86,88,2,255,255,32778,32768,0,84,74
2,86,89,2,255,255,32778,32768,0,84,74
2,86,90,2,255,255,32778,32768,0,84,74
2,86,91,2,255,255,32778,32768,0,84,74
2,86,92,2,255,255,32778,32768,0,84,74
2,86,74,2,255,255,32778,32768,0,84,74
2,86,62,2,255,255,32778,32768,0,84,74
2,86,50,2,255,255,32778,32768,0,84,74
2,86,38,2,255,255,32778,32768,0,84,74
2,86,26,2,255,255,32778,32768,0,84,74
2,86,14,2,255,255,32778,32768,0,84,74
2,86,98,2,255,255,32778,32768,0,84,74
2,2,1,2,255,255,32778,32768,0,84,74
2,2,26,2,255,255,32778,32768,0,84,74
2,2,38,2,255,255,32778,32768,0,84,74
2,2,50,2,255,255,32778,32768,0,84,74
2,2,62,2,255,255,32778,32768,0,84,74
2,2,74,2,255,255,32778,32768,0,84,74
2,84,98,2,255,255,32778,32768,0,84,74
2,12,26,2,255,255,32778,32768,0,84,74
2,60,49,2,255,255,32778,32768,0,84,74
2,36,49,2,255,255,32778,32768,0,84,74
2,72,50,2,255,255,32778,32768,0,84,74
2,72,98,2,255,255,32778,32768,0,84,74
2,24,50,2,255,255,32778,32768,0,84,74
2,99,100,2,255,255,32778,32768,0,84,74
2,75,76,2,255,255,32778,32768,0,84,74
2,51,52,2,255,255,32778,32768,0,84,74
2,27,28,2,255,255,32778,32768,0,84,74
2,3,4,2,255,255,32778,32768,0,84,74
0,14,26,-1,86,50,32778,32778,0,86,50
1,91,55,-1,255,255,32779,61440,0,91,55
2,84,74,-1,255,255,32778,4096,0,84,74
2,96,97,0,255,255,32778,32768,0,84,74
2,26,30,2,255,255,32778,32768,0,84,74
2,48,49,2,255,255,32778,32768,0,84,74
2,96,98,2,255,255,32778,32768,0,84,74
2,0,1,2,255,255,32778,32768,0,84,74
2,0,2,2,255,255,32778,32768,0,84,74
2,86,85,2,255,255,32778,32768,0,84,74
2,86,87,2,255,255,32778,32768,0,84,74
2,86,88,2,255,255,32778,32768,0,84,74
2,86,89,2,255,255,32778,32768,0,84,74
2,86,90,2,255,255,32778,32768,0,84,74
2,86,91,2,255,255,32778,32768,0,84,74
2,86,92,2,255,255,32778,32768,0,84,74
2,86,74,2,255,255,32778,32768,0,84,74
2,86,62,2,255,255,32778,32768,0,84,74
2,86,50,2,255,255,32778,32768,0,84,74
2,86,38,2,255,255,32778,32768,0,84,74
2,86,98,2,255,255,32778,32768,0,84,74
2,26,25,2,255,255,32778,32768,0,84,74
2,26,2,2,255,255,32778,32768,0,84,74
2,26,38,2,255,255,32778,32768,0,84,74
2,26,50,2,255,255,32778,32768,0,84,74
2,26,62,2,255,255,32778,32768,0,84,74
2,26,74,2,255,255,32778,32768,0,84,74
2,84,98,2,255,255,32778,32768,0,84,74
2,12,2,2,255,255,32778,32768,0,84,74
2,60,49,2,255,255,32778,32768,0,84,74
2,36,49,2,255,255,32778,32768,0,84,74
2,72,50,2,255,255,32778,32768,0,84,74
2,72,98,2,255,255,32778,32768,0,84,74
2,24,2,2,255,255,32778,32768,0,84,74
2,24,50,2,255,255,32778,32768,0,84,74
2,99,100,2,255,255,32778,32768,0,84,74
2,75,76,2,255,255,32778,32768,0,84,74
2,51,52,2,255,255,32778,32768,0,84,74
2,27,28,2,255,255,32778,32768,0,84,74
2,3,4,2,255,255,32778,32768,0,84,74
0,14,38,-1,86,50,32778,32778,0,86,50
1,91,55,-1,255,255,32779,61440,0,91,55
2,84,74,-1,255,255,32778,4096,0,84,74
2,96,97,0,255,255,32778,32770,0,84,74
2,48,49,2,255,255,32778,32770,0,84,74
2,96,98,2,255,255,32778,32770,0,84,74
2,0,1,2,255,255,32778,32770,0,84,74
2,0,2,2,255,255,32778,32770,0,84,74
2,86,85,2,255,255,32778,32770,0,84,74
2,86,87,2,255,255,32778,32770,0,84,74
2,86,88,2,255,255,32778,32770,0,84,74
2,86,89,2,255,255,32778,32770,0,84,74
2,86,90,2,255,255,32778,32770,0,84,74
2,86,91,2,255,255,32778,32770,0,84,74
2,86,92,2,255,255,32778,32770,0,84,74
2,86,74,2,255,255,32778,32770,0,84,74
2,86,62,2,255,255,32778,32770,0,84,74
2,86,50,2,255,255,32778,32770,0,84,74
2,86,98,2,255,255,32778,32770,0,84,74
2,38,37,2,255,255,32778,32770,0,84,74
2,38,39,2,255,255,32778,32770,0,84,74
2,38,40,2,255,255,32778,32770,0,84,74
2,38,41,2,255,255,32778,32770,0,84,74
2,38,42,2,255,255,32778,32770,0,84,74
2,38,43,2,255,255,32778,32770,0,84,74
2,38,44,2,255,255,32778,32770,0,84,74
2,38,26,2,255,255,32778,32770,0,84,74
2,38,2,2,255,255,32778,32770,0,84,74
2,38,50,2,255,255,32778,32770,0,84,74
2,38,62,2,255,255,32778,32770,0,84,74
2,38,74,2,255,255,32778,32770,0,84,74
2,84,98,2,255,255,32778,32770,0,84,74
2,12,2,2,255,255,32778,32770,0,84,74
2,12,26,2,255,255,32778,32770,0,84,74
2,60,49,2,255,255,32778,32770,0,84,74
2,36,49,2,255,255,32778,32770,0,84,74
2,72,50,2,255,255,32778,32770,0,84,74
2,72,98,2,255,255,32778,32770,0,84,74
2,24,2,2,255,255,32778,32770,0,84,74
2,24,50,2,255,255,32778,32770,0,84,74
2,99,100,2,255,255,32778,32770,0,84,74
2,75,76,2,255,255,32778,32770,0,84,74
2,51,52,2,255,255,32778,32770,0,84,74
2,27,28,2,255,255,32778,32770,0,84,74
2,3,4,2,255,255,32778,32770,0,84,74
0,14,50,-1,86,50,32778,32778,0,86,50
1,91,55,-1,255,255,32779,61440,0,91,55
2,84,74,-1,255,255,32778,4096,0,84,74
2,96,97,0,255,255,32778,32778,0,84,74
2,50,54,2,255,255,32778,32778,0,84,74
3,55,51,-29,255,255,32779,61440,0,255,255
4,54,102,1,255,255,32778,32768,0,0,0
4,54,6,1,255,255,32778,32770,0,0,0
2,48,49,2,255,255,32778,32778,0,84,74
2,96,98,2,255,255,32778,32778,0,84,74
2,0,1,2,255,255,32778,32778,0,84,74
2,0,2,2,255,255,32778,32778,0,84,74
2,86,85,2,255,255,32778,32778,0,84,74
2,86,87,2,255,255,32778,32778,0,84,74
2,86,88,2,255,255,32778,32778,0,84,74
2,86,89,2,255,255,32778,32778,0,84,74
2,86,90,2,255,255,32778,32778,0,84,74
2,86,91,2,255,255,32778,32778,0,84,74
2,86,92,2,255,255,32778,32778,0,84,74
2,86,74,2,255,255,32778,32778,0,84,74
2,86,62,2,255,255,32778,32778,0,84,74
2,86,98,2,255,255,32778,32778,0,84,74
2,50,49,2,255,255,32778,32778,0,84,74
2,50,38,2,255,255,32778,32778,0,84,74
2,50,26,2,255,255,32778,32778,0,84,74
2,50,2,2,255,255,32778,32778,0,84,74
2,50,62,2,255,255,32778,32778,0,84,74
2,50,74,2,255,255,32778,32778,0,84,74
2,84,98,2,255,255,32778,32778,0,84,74
2,12,2,2,255,255,32778,32778,0,84,74
2,12,26,2,255,255,32778,32778,0,84,74
2,60,49,2,255,255,32778,32778,0,84,74
2,36,49,2,255,255,32778,32778,0,84,74
2,72,98,2,255,255,32778,32778,0,84,74
2,24,2,2,255,255,32778,32778,0,84,74
2,99,100,2,255,255,32778,32778,0,84,74
2,75,76,2,255,255,32778,32778,0,84,74
2,51,52,2,255,255,32778,32778,0,84,74
2,27,28,2,255,255,32778,32778,0,84,74
2,3,4,2,255,255,32778,32778,0,84,74
0,14,62,-1,86,50,32778,32778,0,86,50
1,91,55,-1,255,255,32779,61440,0,91,55
2,84,74,-1,255,255,32778,4096,0,84,74
2,96,97,0,255,255,32778,32770,0,84,74
2,48,49,2,255,255,32778,32770,0,84,74
2,96,98,2,255,255,32778,32770,0,84,74
2,0,1,2,255,255,32778,32770,0,84,74
2,0,2,2,255,255,32778,32770,0,84,74
2,86,85,2,255,255,32778,32770,0,84,74
2,86,87,2,255,255,32778,32770,0,84,74
2,86,88,2,255,255,32778,32770,0,84,74
2,86,89,2,255,255,32778,32770,0,84,74
2,86,90,2,255,255,32778,32770,0,84,74
2,86,91,2,255,255,32778,32770,0,84,74
2,86,92,2,255,255,32778,32770,0,84,74
2,86,74,2,255,255,32778,32770,0,84,74
2,86,98,2,255,255,32778,32770,0,84,74
2,62,61,2,255,255,32778,32770,0,84,74
2,62,63,2,255,255,32778,32770,0,84,74
2,62,64,2,255,255,32778,32770,0,84,74
2,62,65,2,255,255,32778,32770,0,84,74
2,62,66,2,255,255,32778,32770,0,84,74
2,62,67,2,255,255,32778,32770,0,84,74
2,62,68,2,255,255,32778,32770,0,84,74
2,62,50,2,255,255,32778,32770,0,84,74
2,62,38,2,255,255,32778,32770,0,84,74
2,62,26,2,255,255,32778,32770,0,84,74
2,62,2,2,255,255,32778,32770,0,84,74
2,62,74,2,255,255,32778,32770,0,84,74
2,84,98,2,255,255,32778,32770,0,84,74
2,12,2,2,255,255,32778,32770,0,84,74
2,12,26,2,255,255,32778,32770,0,84,74
2,60,49,2,255,255,32778,32770,0,84,74
2,36,49,2,255,255,32778,32770,0,84,74
2,72,50,2,255,255,32778,32770,0,84,74
2,72,98,2,255,255,32778,32770,0,84,74
2,24,2,2,255,255,32778,32770,0,84,74
2,24,50,2,255,255,32778,32770,0,84,74
2,99,100,2,255,255,32778,32770,0,84,74
2,75,76,2,255,255,32778,32770,0,84,74
2,51,52,2,255,255,32778,32770,0,84,74
2,27,28,2,255,255,32778,32770,0,84,74
2,3,4,2,255,255,32778,32770,0,84,74
0,14,74,-1,86,50,32778,32778,0,86,50
1,91,55,-1,255,255,32779,61440,0,91,55
2,96,97,0,255,255,32778,4096,0,84,74
2,74,78,2,255,255,32778,32767,0,84,74
2,48,49,2,255,255,32778,32767,0,84,74
2,96,98,2,255,255,32778,32767,0,84,74
2,0,1,2,255,255,32778,32767,0,84,74
2,0,2,2,255,255,32778,32767,0,84,74
2,86,85,2,255,255,32778,32767,0,84,74
2,86,87,2,255,255,32778,32767,0,84,74
2,86,88,2,255,255,32778,32767,0,84,74
2,86,89,2,255,255,32778,32767,0,84,74
2,86,90,2,255,255,32778,32767,0,84,74
2,86,91,2,255,255,32778,32767,0,84,74
2,86,92,2,255,255,32778,32767,0,84,74
2,86,98,2,255,255,32778,32767,0,84,74
2,74,73,2,255,255,32778,32767,0,84,74
2,74,62,2,255,255,32778,32767,0,84,74
2,74,50,2,255,255,32778,32767,0,84,74
2,74,38,2,255,255,32778,32768,0,84,74
2,74,26,2,255,255,32778,32768,0,84,74
2,74,2,2,255,255,32778,32768,0,84,74
2,84,98,2,255,255,32778,32768,0,84,74
2,12,2,2,255,255,32778,32768,0,84,74
2,12,26,2,255,255,32778,32768,0,84,74
2,60,49,2,255,255,32778,32768,0,84,74
2,36,49,2,255,255,32778,32768,0,84,74
2,72,50,2,255,255,32778,32768,0,84,74
2,72,98,2,255,255,32778,32768,0,84,74
2,24,2,2,255,255,32778,32768,0,84,74
2,24,50,2,255,255,32778,32768,0,84,74
2,99,100,2,255,255,32778,32768,0,84,74
2,75,76,2,255,255,32778,32768,0,84,74
2,51,52,2,255,255,32778,32768,0,84,74
2,27,28,2,255,255,32778,32768,0,84,74
2,3,4,2,255,255,32778,32768,0,84,74
0,84,74,-1,86,50,32778,32778,0,86,50
1,91,55,-1,255,255,32779,61440,0,91,55
2,96,97,0,255,255,32778,4096,0,84,74
2,14,21,2,255,255,32778,32777,0,84,74
3,9,21,-1,255,255,32779,32862,0,255,255
2,48,49,2,255,255,32778,32777,0,84,74
2,96,98,2,255,255,32778,32777,0,84,74
2,96,84,2,255,255,32778,32777,0,84,74
2,0,1,2,255,255,32778,32778,0,84,74
2,0,2,2,255,255,32778,32778,0,84,74
2,86,85,2,255,255,32778,32778,0,84,74
2,86,84,2,255,255,32778,32778,0,84,74
2,86,87,2,255,255,32778,32778,0,84,74
2,86,88,2,255,255,32778,32778,0,84,74
2,86,89,2,255,255,32778,32778,0,84,74
2,86,90,2,255,255,32778,32778,0,84,74
2,86,91,2,255,255,32778,32778,0,84,74
2,86,92,2,255,255,32778,32778,0,84,74
2,86,98,2,255,255,32778,32778,0,84,74
2,14,13,2,255,255,32778,32778,0,84,74
2,14,15,2,255,255,32778,32778,0,84,74
2,14,16,2,255,255,32778,32778,0,84,74
2,14,17,2,255,255,32778,32778,0,84,74
2,14,18,2,255,255,32778,32778,0,84,74
2,14,2,2,255,255,32778,32778,0,84,74
2,14,26,2,255,255,32778,32778,0,84,74
2,14,38,2,255,255,32778,32778,0,84,74
2,14,50,2,255,255,32778,32778,0,84,74
2,14,62,2,255,255,32778,32778,0,84,74
2,74,49,2,255,255,32778,32778,0,84,74
2,12,2,2,255,255,32778,32778,0,84,74
2,12,26,2,255,255,32778,32778,0,84,74
2,60,49,2,255,255,32778,32778,0,84,74
2,36,49,2,255,255,32778,32778,0,84,74
2,72,50,2,255,255,32778,32778,0,84,74
2,72,98,2,255,255,32778,32778,0,84,74
2,24,2,2,255,255,32778,32778,0,84,74
2,24,50,2,255,255,32778,32778,0,84,74
2,99,100,2,255,255,32778,32778,0,84,74
2,75,76,2,255,255,32778,32778,0,84,74
2,51,52,2,255,255,32778,32778,0,84,74
2,27,28,2,255,255,32778,32778,0,84,74
2,3,4,2,255,255,32778,32778,0,84,74
0,84,98,-1,86,50,32778,32778,0,86,50
1,91,55,-1,255,255,32779,61440,0,91,55
2,96,97,0,255,255,32778,4096,0,84,74
2,14,21,2,255,255,32778,32775,0,84,74
3,9,21,-1,255,255,32779,32860,0,255,255
2,48,49,2,255,255,32778,32775,0,84,74
2,96,84,2,255,255,32778,32775,0,84,74
2,0,1,2,255,255,32778,32776,0,84,74
2,0,2,2,255,255,32778,32776,0,84,74
2,86,85,2,255,255,32778,32776,0,84,74
2,86,84,2,255,255,32778,32776,0,84,74
2,86,87,2,255,255,32778,32776,0,84,74
2,86,88,2,255,255,32778,32776,0,84,74
2,86,89,2,255,255,32778,32776,0,84,74
2,86,90,2,255,255,32778,32776,0,84,74
2,86,91,2,255,255,32778,32776,0,84,74
2,86,92,2,255,255,32778,32776,0,84,74
2,86,74,2,255,255,32778,32776,0,84,74
2,86,62,2,255,255,32778,32776,0,84,74
2,86,50,2,255,255,32778,32776,0,84,74
2,86,38,2,255,255,32778,32776,0,84,74
2,86,26,2,255,255,32778,32776,0,84,74
2,14,13,2,255,255,32778,32776,0,84,74
2,14,15,2,255,255,32778,32776,0,84,74
2,14,16,2,255,255,32778,32776,0,84,74
2,14,17,2,255,255,32778,32776,0,84,74
2,14,18,2,255,255,32778,32776,0,84,74
2,14,2,2,255,255,32778,32776,0,84,74
2,14,26,2,255,255,32778,32776,0,84,74
2,14,38,2,255,255,32778,32776,0,84,74
2,14,50,2,255,255,32778,32776,0,84,74
2,14,62,2,255,255,32778,32776,0,84,74
2,14,74,2,255,255,32778,32776,0,84,74
2,12,2,2,255,255,32778,32776,0,84,74
2,12,26,2,255,255,32778,32776,0,84,74
2,60,49,2,255,255,32778,32776,0,84,74
2,36,49,2,255,255,32778,32776,0,84,74
2,72,50,2,255,255,32778,32776,0,84,74
2,24,2,2,255,255,32778,32776,0,84,74
2,24,50,2,255,255,32778,32776,0,84,74
2,99,100,2,255,255,32778,32776,0,84,74
2,75,76,2,255,255,32778,32776,0,84,74
2,51,52,2,255,255,32778,32776,0,84,74
2,27,28,2,255,255,32778,32776,0,84,74
2,3,4,2,255,255,32778,32776,0,84,74
0,12,2,-1,86,50,32778,32778,0,86,50
1,91,55,-1,255,255,32779,61440,0,91,55
2,84,74,-1,255,255,32778,4096,0,84,74
2,96,97,0,255,255,32778,32776,0,84,74
2,14,21,2,255,255,32778,32776,0,84,74
3,9,21,-1,255,255,32779,32860,0,255,255
2,48,49,2,255,255,32778,32776,0,84,74
2,96,98,2,255,255,32778,32776,0,84,74
2,0,1,2,255,255,32778,32776,0,84,74
2,0,12,2,255,255,32778,32776,0,84,74
2,86,85,2,255,255,32778,32776,0,84,74
2,86,87,2,255,255,32778,32776,0,84,74
2,86,88,2,255,255,32778,32776,0,84,74
2,86,89,2,255,255,32778,32776,0,84,74
2,86,90,2,255,255,32778,32776,0,84,74
2,86,91,2,255,255,32778,32776,0,84,74
2,86,92,2,255,255,32778,32776,0,84,74
2,86,74,2,255,255,32778,32776,0,84,74
2,86,62,2,255,255,32778,32776,0,84,74
2,86,50,2,255,255,32778,32776,0,84,74
2,86,38,2,255,255,32778,32776,0,84,74
2,86,26,2,255,255,32778,32776,0,84,74
2,86,98,2,255,255,32778,32776,0,84,74
2,14,13,2,255,255,32778,32776,0,84,74
2,14,12,2,255,255,32778,32776,0,84,74
2,14,15,2,255,255,32778,32776,0,84,74
2,14,16,2,255,255,32778,32776,0,84,74
2,14,17,2,255,255,32778,32776,0,84,74
2,14,18,2,255,255,32778,32776,0,84,74
2,14,26,2,255,255,32778,32776,0,84,74
2,14,38,2,255,255,32778,32776,0,84,74
2,14,50,2,255,255,32778,32776,0,84,74
2,14,62,2,255,255,32778,32776,0,84,74
2,14,74,2,255,255,32778,32776,0,84,74
2,84,98,2,255,255,32778,32776,0,84,74
2,60,49,2,255,255,32778,32776,0,84,74
2,36,49,2,255,255,32778,32776,0,84,74
2,72,50,2,255,255,32778,32776,0,84,74
2,72,98,2,255,255,32778,32776,0,84,74
2,24,50,2,255,255,32778,32776,0,84,74
2,99,100,2,255,255,32778,32776,0,84,74
2,75,76,2,255,255,32778,32776,0,84,74
2,51,52,2,255,255,32778,32776,0,84,74
2,27,28,2,255,255,32778,32776,0,84,74
2,3,4,2,255,255,32778,32776,0,84,74
0,12,26,-1,86,50,32778,32778,0,86,50
1,91,55,-1,255,255,32779,61440,0,91,55
2,84,74,-1,255,255,32778,4096,0,84,74
2,96,97,0,255,255,32778,32778,0,84,74
2,14,21,2,255,255,32778,32778,0,84,74
3,9,21,-1,255,255,32779,32862,0,255,255
2,48,49,2,255,255,32778,32778,0,84,74
2,96,98,2,255,255,32778,32778,0,84,74
2,0,1,2,255,255,32778,32778,0,84,74
2,0,2,2,255,255,32778,32778,0,84,74
2,0,12,2,255,255,32778,32778,0,84,74
2,86,85,2,255,255,32778,32778,0,84,74
2,86,87,2,255,255,32778,32778,0,84,74
2,86,88,2,255,255,32778,32778,0,84,74
2,86,89,2,255,255,32778,32778,0,84,74
2,86,90,2,255,255,32778,32778,0,84,74
2,86,91,2,255,255,32778,32778,0,84,74
2,86,92,2,255,255,32778,32778,0,84,74
2,86,74,2,255,255,32778,32778,0,84,74
2,86,62,2,255,255,32778,32778,0,84,74
2,86,50,2,255,255,32778,32778,0,84,74
2,86,38,2,255,255,32778,32778,0,84,74
2,86,98,2,255,255,32778,32778,0,84,74
2,14,13,2,255,255,32778,32778,0,84,74
2,14,12,2,255,255,32778,32778,0,84,74
2,14,15,2,255,255,32778,32778,0,84,74
2,14,16,2,255,255,32778,32778,0,84,74
2,14,17,2,255,255,32778,32778,0,84,74
2,14,18,2,255,255,32778,32778,0,84,74
2,14,2,2,255,255,32778,32778,0,84,74
2,84,98,2,255,255,32778,32778,0,84,74
2,26,49,2,255,255,32778,32778,0,84,74
2,60,49,2,255,255,32778,32778,0,84,74
2,36,49,2,255,255,32778,32778,0,84,74
2,72,50,2,255,255,32778,32778,0,84,74
2,72,98,2,255,255,32778,32778,0,84,74
2,24,2,2,255,255,32778,32778,0,84,74
2,24,50,2,255,255,32778,32778,0,84,74
2,99,100,2,255,255,32778,32778,0,84,74
2,75,76,2,255,255,32778,32778,0,84,74
2,51,52,2,255,255,32778,32778,0,84,74
2,27,28,2,255,255,32778,32778,0,84,74
2,3,4,2,255,255,32778,32778,0,84,74
0,60,49,-1,86,50,32778,32778,0,86,50
1,91,55,-1,255,255,32779,61440,0,91,55
2,84,74,-1,255,255,32778,4096,0,84,74
2,96,97,0,255,255,32778,32769,0,84,74
2,14,21,2,255,255,32778,32769,0,84,74
3,9,21,-1,255,255,32779,32853,0,255,255
2,48,60,2,255,255,32778,32769,0,84,74
2,96,98,2,255,255,32778,32769,0,84,74
2,0,1,2,255,255,32778,32769,0,84,74
2,0,2,2,255,255,32778,32769,0,84,74
2,86,85,2,255,255,32778,32769,0,84,74
2,86,87,2,255,255,32778,32769,0,84,74
2,86,88,2,255,255,32778,32769,0,84,74
2,86,89,2,255,255,32778,32769,0,84,74
2,86,90,2,255,255,32778,32769,0,84,74
2,86,91,2,255,255,32778,32769,0,84,74
2,86,92,2,255,255,32778,32769,0,84,74
2,86,74,2,255,255,32778,32769,0,84,74
2,86,62,2,255,255,32778,32769,0,84,74
2,86,50,2,255,255,32778,32769,0,84,74
2,86,38,2,255,255,32778,32769,0,84,74
2,86,26,2,255,255,32778,32769,0,84,74
2,86,98,2,255,255,32778,32769,0,84,74
2,14,13,2,255,255,32778,32769,0,84,74
2,14,15,2,255,255,32778,32769,0,84,74
2,14,16,2,255,255,32778,32769,0,84,74
2,14,17,2,255,255,32778,32769,0,84,74
2,14,18,2,255,255,32778,32769,0,84,74
2,14,2,2,255,255,32778,32769,0,84,74
2,14,26,2,255,255,32778,32769,0,84,74
2,14,38,2,255,255,32778,32769,0,84,74
2,14,50,2,255,255,32778,32769,0,84,74
2,14,62,2,255,255,32778,32769,0,84,74
2,14,74,2,255,255,32778,32769,0,84,74
2,84,98,2,255,255,32778,32769,0,84,74
2,12,2,2,255,255,32778,32769,0,84,74
2,12,26,2,255,255,32778,32769,0,84,74
2,49,38,2,255,255,32778,32769,0,84,74
2,49,62,2,255,255,32778,32769,0,84,74
2,72,50,2,255,255,32778,32769,0,84,74
2,72,98,2,255,255,32778,32769,0,84,74
2,24,2,2,255,255,32778,32769,0,84,74
2,24,50,2,255,255,32778,32769,0,84,74
2,99,100,2,255,255,32778,32769,0,84,74
2,75,76,2,255,255,32778,32769,0,84,74
2,51,52,2,255,255,32778,32769,0,84,74
2,27,28,2,255,255,32778,32769,0,84,74
2,3,4,2,255,255,32778,32769,0,84,74
0,36,49,-1,86,50,32778,32778,0,86,50
1,91,55,-1,255,255,32779,61440,0,91,55
2,84,74,-1,255,255,32778,4096,0,84,74
2,96,97,0,255,255,32778,32769,0,84,74
2,14,21,2,255,255,32778,32769,0,84,74
3,9,21,-1,255,255,32779,32853,0,255,255
2,48,36,2,255,255,32778,32769,0,84,74
2,96,98,2,255,255,32778,32769,0,84,74
2,0,1,2,255,255,32778,32769,0,84,74
2,0,2,2,255,255,32778,32769,0,84,74
2,86,85,2,255,255,32778,32769,0,84,74
2,86,87,2,255,255,32778,32769,0,84,74
2,86,88,2,255,255,32778,32769,0,84,74
2,86,89,2,255,255,32778,32769,0,84,74
2,86,90,2,255,255,32778,32769,0,84,74
2,86,91,2,255,255,32778,32769,0,84,74
2,86,92,2,255,255,32778,32769,0,84,74
2,86,74,2,255,255,32778,32769,0,84,74
2,86,62,2,255,255,32778,32769,0,84,74
2,86,50,2,255,255,32778,32769,0,84,74
2,86,38,2,255,255,32778,32769,0,84,74
2,86,26,2,255,255,32778,32769,0,84,74
2,86,98,2,255,255,32778,32769,0,84,74
2,14,13,2,255,255,32778,32769,0,84,74
2,14,15,2,255,255,32778,32769,0,84,74
2,14,16,2,255,255,32778,32769,0,84,74
2,14,17,2,255,255,32778,32769,0,84,74
2,14,18,2,255,255,32778,32769,0,84,74
2,14,2,2,255,255,32778,32769,0,84,74
2,14,26,2,255,255,32778,32769,0,84,74
2,14,38,2,255,255,32778,32769,0,84,74
2,14,50,2,255,255,32778,32769,0,84,74
2,14,62,2,255,255,32778,32769,0,84,74
2,14,74,2,255,255,32778,32769,0,84,74
2,84,98,2,255,255,32778,32769,0,84,74
2,12,2,2,255,255,32778,32769,0,84,74
2,12,26,2,255,255,32778,32769,0,84,74
2,49,38,2,255,255,32778,32769,0,84,74
2,49,62,2,255,255,32778,32769,0,84,74
2,72,50,2,255,255,32778,32769,0,84,74
2,72,98,2,255,255,32778,32769,0,84,74
2,24,2,2,255,255,32778,32769,0,84,74
2,24,50,2,255,255,32778,32769,0,84,74
2,99,100,2,255,255,32778,32769,0,84,74
2,75,76,2,255,255,32778,32769,0,84,74
2,51,52,2,255,255,32778,32769,0,84,74
2,27,28,2,255,255,32778,32769,0,84,74
2,3,4,2,255,255,32778,32769,0,84,74
0,72,50,-1,86,50,32778,32778,0,86,50
1,91,55,-1,255,255,32779,61440,0,91,55
2,84,74,-1,255,255,32778,4096,0,84,74
2,96,97,0,255,255,32778,32769,0,84,74
2,14,21,2,255,255,32778,32769,0,84,74
3,9,21,-1,255,255,32779,32853,0,255,255
2,48,49,2,255,255,32778,32769,0,84,74
2,96,98,2,255,255,32778,32769,0,84,74
2,0,1,2,255,255,32778,32769,0,84,74
2,0,2,2,255,255,32778,32769,0,84,74
2,86,85,2,255,255,32778,32769,0,84,74
2,86,87,2,255,255,32778,32769,0,84,74
2,86,88,2,255,255,32778,32769,0,84,74
2,86,89,2,255,255,32778,32769,0,84,74
2,86,90,2,255,255,32778,32769,0,84,74
2,86,91,2,255,255,32778,32769,0,84,74
2,86,92,2,255,255,32778,32769,0,84,74
2,86,74,2,255,255,32778,32769,0,84,74
2,86,62,2,255,255,32778,32769,0,84,74
2,86,98,2,255,255,32778,32769,0,84,74
2,14,13,2,255,255,32778,32769,0,84,74
2,14,15,2,255,255,32778,32769,0,84,74
2,14,16,2,255,255,32778,32769,0,84,74
2,14,17,2,255,255,32778,32769,0,84,74
2,14,18,2,255,255,32778,32769,0,84,74
2,14,2,2,255,255,32778,32769,0,84,74
2,14,26,2,255,255,32778,32769,0,84,74
2,14,38,2,255,255,32778,32769,0,84,74
2,84,98,2,255,255,32778,32769,0,84,74
2,84,61,2,255,255,32778,32769,0,84,74
2,12,2,2,255,255,32778,32769,0,84,74
2,12,26,2,255,255,32778,32769,0,84,74
2,60,49,2,255,255,32778,32769,0,84,74
2,36,49,2,255,255,32778,32769,0,84,74
2,50,28,2,255,255,32778,32769,0,84,74
2,50,76,2,255,255,32778,32769,0,84,74
2,24,2,2,255,255,32778,32769,0,84,74
2,99,100,2,255,255,32778,32769,0,84,74
2,75,76,2,255,255,32778,32769,0,84,74
2,51,52,2,255,255,32778,32769,0,84,74
2,27,28,2,255,255,32778,32769,0,84,74
2,3,4,2,255,255,32778,32769,0,84,74
0,72,98,-1,86,50,32778,32778,0,86,50
1,91,55,-1,255,255,32779,61440,0,91,55
2,84,74,-1,255,255,32778,4096,0,84,74
2,96,97,0,255,255,32778,32767,0,84,74
2,14,21,2,255,255,32778,32767,0,84,74
3,9,21,-1,255,255,32779,32851,0,255,255
2,48,49,2,255,255,32778,32767,0,84,74
2,0,1,2,255,255,32778,32767,0,84,74
2,0,2,2,255,255,32778,32767,0,84,74
2,86,85,2,255,255,32778,32767,0,84,74
2,86,87,2,255,255,32778,32767,0,84,74
2,86,88,2,255,255,32778,32767,0,84,74
2,86,89,2,255,255,32778,32767,0,84,74
2,86,90,2,255,255,32778,32767,0,84,74
2,86,91,2,255,255,32778,32767,0,84,74
2,86,92,2,255,255,32778,32767,0,84,74
2,86,74,2,255,255,32778,32767,0,84,74
2,86,62,2,255,255,32778,32767,0,84,74
2,86,50,2,255,255,32778,32767,0,84,74
2,86,38,2,255,255,32778,32767,0,84,74
2,86,26,2,255,255,32778,32767,0,84,74
2,14,13,2,255,255,32778,32767,0,84,74
2,14,15,2,255,255,32778,32767,0,84,74
2,14,16,2,255,255,32778,32767,0,84,74
2,14,17,2,255,255,32778,32767,0,84,74
2,14,18,2,255,255,32778,32767,0,84,74
2,14,2,2,255,255,32778,32767,0,84,74
2,14,26,2,255,255,32778,32767,0,84,74
2,14,38,2,255,255,32778,32767,0,84,74
2,14,50,2,255,255,32778,32767,0,84,74
2,14,62,2,255,255,32778,32767,0,84,74
2,14,74,2,255,255,32778,32767,0,84,74
2,84,61,2,255,255,32778,32767,0,84,74
2,12,2,2,255,255,32778,32767,0,84,74
2,12,26,2,255,255,32778,32767,0,84,74
2,60,49,2,255,255,32778,32767,0,84,74
2,36,49,2,255,255,32778,32767,0,84,74
2,98,76,2,255,255,32778,32767,0,84,74
2,24,2,2,255,255,32778,32767,0,84,74
2,24,50,2,255,255,32778,32767,0,84,74
2,99,100,2,255,255,32778,32767,0,84,74
2,75,76,2,255,255,32778,32767,0,84,74
2,51,52,2,255,255,32778,32767,0,84,74
2,27,28,2,255,255,32778,32767,0,84,74
2,3,4,2,255,255,32778,32767,0,84,74
0,24,2,-1,86,50,32778,32778,0,86,50
1,91,55,-1,255,255,32779,61440,0,91,55
2,84,74,-1,255,255,32778,4096,0,84,74
2,96,97,0,255,255,32778,32767,0,84,74
2,14,21,2,255,255,32778,32767,0,84,74
3,9,21,-1,255,255,32779,32851,0,255,255
2,48,49,2,255,255,32778,32767,0,84,74
2,96,98,2,255,255,32778,32767,0,84,74
2,0,1,2,255,255,32778,32767,0,84,74
2,86,85,2,255,255,32778,32767,0,84,74
2,86,87,2,255,255,32778,32767,0,84,74
2,86,88,2,255,255,32778,32767,0,84,74
2,86,89,2,255,255,32778,32767,0,84,74
2,86,90,2,255,255,32778,32767,0,84,74
2,86,91,2,255,255,32778,32767,0,84,74
2,86,92,2,255,255,32778,32767,0,84,74
2,86,74,2,255,255,32778,32767,0,84,74
2,86,62,2,255,255,32778,32767,0,84,74
2,86,50,2,255,255,32778,32767,0,84,74
2,86,38,2,255,255,32778,32767,0,84,74
2,86,26,2,255,255,32778,32767,0,84,74
2,86,98,2,255,255,32778,32767,0,84,74
2,14,13,2,255,255,32778,32767,0,84,74
2,14,15,2,255,255,32778,32767,0,84,74
2,14,16,2,255,255,32778,32767,0,84,74
2,14,17,2,255,255,32778,32767,0,84,74
2,14,18,2,255,255,32778,32767,0,84,74
2,14,26,2,255,255,32778,32767,0,84,74
2,14,38,2,255,255,32778,32767,0,84,74
2,14,50,2,255,255,32778,32767,0,84,74
2,14,62,2,255,255,32778,32767,0,84,74
2,14,74,2,255,255,32778,32767,0,84,74
2,84,98,2,255,255,32778,32767,0,84,74
2,12,26,2,255,255,32778,32767,0,84,74
2,12,37,2,255,255,32778,32767,0,84,74
2,60,49,2,255,255,32778,32767,0,84,74
2,36,49,2,255,255,32778,32767,0,84,74
2,72,50,2,255,255,32778,32767,0,84,74
2,72,98,2,255,255,32778,32767,0,84,74
2,2,28,2,255,255,32778,32767,0,84,74
2,99,100,2,255,255,32778,32767,0,84,74
2,75,76,2,255,255,32778,32767,0,84,74
2,51,52,2,255,255,32778,32767,0,84,74
2,27,28,2,255,255,32778,32767,0,84,74
2,3,4,2,255,255,32778,32767,0,84,74
0,24,50,-1,86,50,32778,32778,0,86,50
1,91,55,-1,255,255,32779,61440,0,91,55
2,84,74,-1,255,255,32778,4096,0,84,74
2,96,97,0,255,255,32778,32769,0,84,74
2,14,21,2,255,255,32778,32769,0,84,74
3,9,21,-1,255,255,32779,32853,0,255,255
2,48,49,2,255,255,32778,32769,0,84,74
2,96,98,2,255,255,32778,32769,0,84,74
2,0,1,2,255,255,32778,32769,0,84,74
2,0,2,2,255,255,32778,32769,0,84,74
2,86,85,2,255,255,32778,32769,0,84,74
2,86,87,2,255,255,32778,32769,0,84,74
2,86,88,2,255,255,32778,32769,0,84,74
2,86,89,2,255,255,32778,32769,0,84,74
2,86,90,2,255,255,32778,32769,0,84,74
2,86,91,2,255,255,32778,32769,0,84,74
2,86,92,2,255,255,32778,32769,0,84,74
2,86,74,2,255,255,32778,32769,0,84,74
2,86,62,2,255,255,32778,32769,0,84,74
2,86,98,2,255,255,32778,32769,0,84,74
2,14,13,2,255,255,32778,32769,0,84,74
2,14,15,2,255,255,32778,32769,0,84,74
2,14,16,2,255,255,32778,32769,0,84,74
2,14,17,2,255,255,32778,32769,0,84,74
2,14,18,2,255,255,32778,32769,0,84,74
2,14,2,2,255,255,32778,32769,0,84,74
2,14,26,2,255,255,32778,32769,0,84,74
2,14,38,2,255,255,32778,32769,0,84,74
2,84,98,2,255,255,32778,32769,0,84,74
2,12,2,2,255,255,32778,32769,0,84,74
2,12,26,2,255,255,32778,32769,0,84,74
2,12,37,2,255,255,32778,32769,0,84,74
2,60,49,2,255,255,32778,32769,0,84,74
2,36,49,2,255,255,32778,32769,0,84,74
2,72,98,2,255,255,32778,32769,0,84,74
2,50,28,2,255,255,32778,32769,0,84,74
2,50,76,2,255,255,32778,32769,0,84,74
2,99,100,2,255,255,32778,32769,0,84,74
2,75,76,2,255,255,32778,32769,0,84,74
2,51,52,2,255,255,32778,32769,0,84,74
2,27,28,2,255,255,32778,32769,0,84,74
2,3,4,2,255,255,32778,32769,0,84,74
0,99,100,-1,86,50,32778,32778,0,86,50
1,91,55,-1,255,255,32779,61440,0,91,55
2,84,74,-1,255,255,32778,4096,0,84,74
2,96,97,0,255,255,32778,32769,0,84,74
2,14,21,2,255,255,32778,32769,0,84,74
3,9,21,-1,255,255,32779,32853,0,255,255
2,48,49,2,255,255,32778,32769,0,84,74
2,96,98,2,255,255,32778,32769,0,84,74
2,96,99,2,255,255,32778,32769,0,84,74
2,0,1,2,255,255,32778,32769,0,84,74
2,0,2,2,255,255,32778,32769,0,84,74
2,86,85,2,255,255,32778,32769,0,84,74
2,86,87,2,255,255,32778,32769,0,84,74
2,86,88,2,255,255,32778,32769,0,84,74
2,86,89,2,255,255,32778,32769,0,84,74
2,86,90,2,255,255,32778,32769,0,84,74
2,86,91,2,255,255,32778,32769,0,84,74
2,86,92,2,255,255,32778,32769,0,84,74
2,86,74,2,255,255,32778,32769,0,84,74
2,86,62,2,255,255,32778,32769,0,84,74
2,86,50,2,255,255,32778,32769,0,84,74
2,86,38,2,255,255,32778,32769,0,84,74
2,86,26,2,255,255,32778,32769,0,84,74
2,86,98,2,255,255,32778,32769,0,84,74
2,14,13,2,255,255,32778,32769,0,84,74
2,14,15,2,255,255,32778,32769,0,84,74
2,14,16,2,255,255,32778,32769,0,84,74
2,14,17,2,255,255,32778,32769,0,84,74
2,14,18,2,255,255,32778,32769,0,84,74
2,14,2,2,255,255,32778,32769,0,84,74
2,14,26,2,255,255,32778,32769,0,84,74
2,14,38,2,255,255,32778,32769,0,84,74
2,14,50,2,255,255,32778,32769,0,84,74
2,14,62,2,255,255,32778,32769,0,84,74
2,14,74,2,255,255,32778,32769,0,84,74
2,84,98,2,255,255,32778,32769,0,84,74
2,12,2,2,255,255,32778,32769,0,84,74
2,12,26,2,255,255,32778,32769,0,84,74
2,60,49,2,255,255,32778,32769,0,84,74
2,36,49,2,255,255,32778,32769,0,84,74
2,72,50,2,255,255,32778,32769,0,84,74
2,72,98,2,255,255,32778,32769,0,84,74
2,24,2,2,255,255,32778,32769,0,84,74
2,24,50,2,255,255,32778,32769,0,84,74
2,100,101,2,255,255,32778,32769,0,84,74
2,75,76,2,255,255,32778,32774,0,84,74
2,51,52,2,255,255,32778,32774,0,84,74
2,27,28,2,255,255,32778,32774,0,84,74
2,3,4,2,255,255,32778,32774,0,84,74
0,75,76,-1,86,50,32778,32778,0,86,50
1,91,55,-1,255,255,32779,61440,0,91,55
2,84,74,-1,255,255,32778,4096,0,84,74
2,96,97,0,255,255,32778,32769,0,84,74
2,14,21,2,255,255,32778,32769,0,84,74
3,9,21,-1,255,255,32779,32853,0,255,255
2,48,49,2,255,255,32778,32769,0,84,74
2,96,98,2,255,255,32778,32769,0,84,74
2,0,1,2,255,255,32778,32769,0,84,74
2,0,2,2,255,255,32778,32769,0,84,74
2,86,85,2,255,255,32778,32769,0,84,74
2,86,87,2,255,255,32778,32769,0,84,74
2,86,88,2,255,255,32778,32769,0,84,74
2,86,89,2,255,255,32778,32769,0,84,74
2,86,90,2,255,255,32778,32769,0,84,74
2,86,91,2,255,255,32778,32769,0,84,74
2,86,92,2,255,255,32778,32769,0,84,74
2,86,74,2,255,255,32778,32769,0,84,74
2,86,62,2,255,255,32778,32769,0,84,74
2,86,50,2,255,255,32778,32769,0,84,74
2,86,38,2,255,255,32778,32769,0,84,74
2,86,26,2,255,255,32778,32769,0,84,74
2,86,98,2,255,255,32778,32769,0,84,74
2,14,13,2,255,255,32778,32769,0,84,74
2,14,15,2,255,255,32778,32769,0,84,74
2,14,16,2,255,255,32778,32769,0,84,74
2,14,17,2,255,255,32778,32769,0,84,74
2,14,18,2,255,255,32778,32769,0,84,74
2,14,2,2,255,255,32778,32769,0,84,74
2,14,26,2,255,255,32778,32769,0,84,74
2,14,38,2,255,255,32778,32769,0,84,74
2,14,50,2,255,255,32778,32769,0,84,74
2,14,62,2,255,255,32778,32769,0,84,74
2,14,74,2,255,255,32778,32769,0,84,74
2,84,98,2,255,255,32778,32769,0,84,74
2,12,2,2,255,255,32778,32769,0,84,74
2,12,26,2,255,255,32778,32769,0,84,74
2,60,49,2,255,255,32778,32769,0,84,74
2,36,49,2,255,255,32778,32769,0,84,74
2,72,50,2,255,255,32778,32769,0,84,74
2,72,98,2,255,255,32778,32769,0,84,74
2,24,2,2,255,255,32778,32769,0,84,74
2,24,50,2,255,255,32778,32769,0,84,74
2,99,100,2,255,255,32778,32769,0,84,74
2,76,77,2,255,255,32778,32769,0,84,74
2,51,52,2,255,255,32778,32777,0,84,74
2,27,28,2,255,255,32778,32777,0,84,74
2,3,4,2,255,255,32778,32777,0,84,74
0,51,52,-1,86,50,32778,32778,0,86,50
1,91,55,-1,255,255,32779,61440,0,91,55
2,84,74,-1,255,255,32778,4096,0,84,74
2,96,97,0,255,255,32778,32769,0,84,74
2,14,21,2,255,255,32778,32769,0,84,74
3,9,21,-1,255,255,32779,32853,0,255,255
2,48,49,2,255,255,32778,32769,0,84,74
2,96,98,2,255,255,32778,32769,0,84,74
2,0,1,2,255,255,32778,32769,0,84,74
2,0,2,2,255,255,32778,32769,0,84,74
2,86,85,2,255,255,32778,32769,0,84,74
2,86,87,2,255,255,32778,32769,0,84,74
2,86,88,2,255,255,32778,32769,0,84,74
2,86,89,2,255,255,32778,32769,0,84,74
2,86,90,2,255,255,32778,32769,0,84,74
2,86,91,2,255,255,32778,32769,0,84,74
2,86,92,2,255,255,32778,32769,0,84,74
2,86,74,2,255,255,32778,32769,0,84,74
2,86,62,2,255,255,32778,32769,0,84,74
2,86,50,2,255,255,32778,32769,0,84,74
2,86,38,2,255,255,32778,32769,0,84,74
2,86,26,2,255,255,32778,32769,0,84,74
2,86,98,2,255,255,32778,32769,0,84,74
2,14,13,2,255,255,32778,32769,0,84,74
2,14,15,2,255,255,32778,32769,0,84,74
2,14,16,2,255,255,32778,32769,0,84,74
2,14,17,2,255,255,32778,32769,0,84,74
2,14,18,2,255,255,32778,32769,0,84,74
2,14,2,2,255,255,32778,32769,0,84,74
2,14,26,2,255,255,32778,32769,0,84,74
2,14,38,2,255,255,32778,32769,0,84,74
2,14,50,2,255,255,32778,32769,0,84,74
2,14,62,2,255,255,32778,32769,0,84,74
2,14,74,2,255,255,32778,32769,0,84,74
2,84,98,2,255,255,32778,32769,0,84,74
2,12,2,2,255,255,32778,32769,0,84,74
2,12,26,2,255,255,32778,32769,0,84,74
2,60,49,2,255,255,32778,32769,0,84,74
2,36,49,2,255,255,32778,32769,0,84,74
2,72,50,2,255,255,32778,32769,0,84,74
2,72,98,2,255,255,32778,32769,0,84,74
2,24,2,2,255,255,32778,32769,0,84,74
2,24,50,2,255,255,32778,32769,0,84,74
2,99,100,2,255,255,32778,32769,0,84,74
2,75,76,2,255,255,32778,32769,0,84,74
2,52,53,2,255,255,32778,32769,0,84,74
2,27,28,2,255,255,32778,32777,0,84,74
2,3,4,2,255,255,32778,32777,0,84,74
0,27,28,-1,86,50,32778,32778,0,86,50
1,91,55,-1,255,255,32779,61440,0,91,55
2,84,74,-1,255,255,32778,4096,0,84,74
2,96,97,0,255,255,32778,32769,0,84,74
2,14,21,2,255,255,32778,32769,0,84,74
3,9,21,-1,255,255,32779,32853,0,255,255
2,48,49,2,255,255,32778,32769,0,84,74
2,96,98,2,255,255,32778,32769,0,84,74
2,0,1,2,255,255,32778,32769,0,84,74
2,0,2,2,255,255,32778,32769,0,84,74
2,86,85,2,255,255,32778,32769,0,84,74
2,86,87,2,255,255,32778,32769,0,84,74
2,86,88,2,255,255,32778,32769,0,84,74
2,86,89,2,255,255,32778,32769,0,84,74
2,86,90,2,255,255,32778,32769,0,84,74
2,86,91,2,255,255,32778,32769,0,84,74
2,86,92,2,255,255,32778,32769,0,84,74
2,86,74,2,255,255,32778,32769,0,84,74
2,86,62,2,255,255,32778,32769,0,84,74
2,86,50,2,255,255,32778,32769,0,84,74
2,86,38,2,255,255,32778,32769,0,84,74
2,86,26,2,255,255,32778,32769,0,84,74
2,86,98,2,255,255,32778,32769,0,84,74
2,14,13,2,255,255,32778,32769,0,84,74
2,14,15,2,255,255,32778,32769,0,84,74
2,14,16,2,255,255,32778,32769,0,84,74
2,14,17,2,255,255,32778,32769,0,84,74
2,14,18,2,255,255,32778,32769,0,84,74
2,14,2,2,255,255,32778,32769,0,84,74
2,14,26,2,255,255,32778,32769,0,84,74
2,14,38,2,255,255,32778,32769,0,84,74
2,14,50,2,255,255,32778,32769,0,84,74
2,14,62,2,255,255,32778,32769,0,84,74
2,14,74,2,255,255,32778,32769,0,84,74
2,84,98,2,255,255,32778,32769,0,84,74
2,12,2,2,255,255,32778,32769,0,84,74
2,12,26,2,255,255,32778,32769,0,84,74
2,60,49,2,255,255,32778,32769,0,84,74
2,36,49,2,255,255,32778,32769,0,84,74
2,72,50,2,255,255,32778,32769,0,84,74
2,72,98,2,255,255,32778,32769,0,84,74
2,24,2,2,255,255,32778,32769,0,84,74
2,24,50,2,255,255,32778,32769,0,84,74
2,99,100,2,255,255,32778,32769,0,84,74
2,75,76,2,255,255,32778,32769,0,84,74
2,51,52,2,255,255,32778,32769,0,84,74
2,28,29,2,255,255,32778,32769,0,84,74
2,3,4,2,255,255,32778,32777,0,84,74
0,3,4,-1,86,50,32778,32778,0,86,50
1,91,55,-1,255,255,32779,61440,0,91,55
2,84,74,-1,255,255,32778,4096,0,84,74
2,96,97,0,255,255,32778,32769,0,84,74
2,14,21,2,255,255,32778,32769,0,84,74
3,9,21,-1,255,255,32779,32853,0,255,255
2,48,49,2,255,255,32778,32769,0,84,74
2,96,98,2,255,255,32778,32769,0,84,74
2,0,1,2,255,255,32778,32769,0,84,74
2,0,2,2,255,255,32778,32769,0,84,74
2,0,3,2,255,255,32778,32769,0,84,74
2,86,85,2,255,255,32778,32769,0,84,74
2,86,87,2,255,255,32778,32769,0,84,74
2,86,88,2,255,255,32778,32769,0,84,74
2,86,89,2,255,255,32778,32769,0,84,74
2,86,90,2,255,255,32778,32769,0,84,74
2,86,91,2,255,255,32778,32769,0,84,74
2,86,92,2,255,255,32778,32769,0,84,74
2,86,74,2,255,255,32778,32769,0,84,74
2,86,62,2,255,255,32778,32769,0,84,74
2,86,50,2,255,255,32778,32769,0,84,74
2,86,38,2,255,255,32778,32769,0,84,74
2,86,26,2,255,255,32778,32769,0,84,74
2,86,98,2,255,255,32778,32769,0,84,74
2,14,13,2,255,255,32778,32769,0,84,74
2,14,15,2,255,255,32778,32769,0,84,74
2,14,16,2,255,255,32778,32769,0,84,74
2,14,17,2,255,255,32778,32769,0,84,74
2,14,18,2,255,255,32778,32769,0,84,74
2,14,2,2,255,255,32778,32769,0,84,74
2,14,26,2,255,255,32778,32769,0,84,74
2,14,38,2,255,255,32778,32769,0,84,74
2,14,50,2,255,255,32778,32769,0,84,74
2,14,62,2,255,255,32778,32769,0,84,74
2,14,74,2,255,255,32778,32769,0,84,74
2,84,98,2,255,255,32778,32769,0,84,74
2,12,2,2,255,255,32778,32769,0,84,74
2,12,26,2,255,255,32778,32769,0,84,74
2,60,49,2,255,255,32778,32769,0,84,74
2,36,49,2,255,255,32778,32769,0,84,74
2,72,50,2,255,255,32778,32769,0,84,74
2,72,98,2,255,255,32778,32769,0,84,74
2,24,2,2,255,255,32778,32769,0,84,74
2,24,50,2,255,255,32778,32769,0,84,74
2,99,100,2,255,255,32778,32769,0,84,74
2,75,76,2,255,255,32778,32769,0,84,74
2,51,52,2,255,255,32778,32769,0,84,74
2,27,28,2,255,255,32778,32769,0,84,74
2,4,5,2,255,255,32778,32769,0,84,74
0,86,50,-1,255,255,32728,4096,1,86,50
1,91,55,-1,255,255,61696,61440,1,91,55
2,84,74,-1,255,255,32728,4096,1,84,74
3,19,12,2,255,255,61696,61440,0,255,255
4,0,12,-1,255,255,32728,32684,0,0,0
5,55,51,1,255,255,32801,32801,0,0,0
6,74,51,-32,255,255,32728,4096,0,0,0
4,0,12,1,255,255,32801,32801,0,0,0
4,50,54,1,255,255,32801,32801,0,0,0
5,12,36,-30,255,255,61696,61440,0,0,0
5,55,51,-30,255,255,61696,61440,0,0,0
6,74,51,-1,255,255,32801,32684,0,0,0
6,74,51,2,255,255,32801,32800,0,0,0
6,0,12,2,255,255,32801,32800,0,0,0
6,54,102,2,255,255,32801,32801,0,0,0
6,54,6,2,255,255,32801,32801,0,0,0
3,55,51,2,255,255,32801,32801,0,255,255
4,74,51,-32,255,255,32728,4096,0,0,0
5,19,12,1,255,255,32801,32897,0,0,0
3,57,56,2,255,255,32801,32801,0,255,255
4,14,21,1,255,255,32780,32780,0,0,0
5,9,21,-1,255,255,32801,32874,0,0,0
4,50,54,1,255,255,32780,32780,0,0,0
5,19,12,-30,255,255,32801,61440,0,0,0
5,55,51,-30,255,255,32801,61440,0,0,0
6,74,51,-1,255,255,32780,32780,0,0,0
5,56,57,-30,255,255,32801,32896,0,0,0
5,56,44,-30,255,255,32801,32896,0,0,0
6,14,21,2,255,255,32780,32777,0,0,0
7,9,21,-1,255,255,32801,32871,0,0,0
6,54,102,2,255,255,32780,32777,0,0,0
6,54,6,2,255,255,32780,32779,0,0,0
3,105,104,2,255,255,32780,32780,0,255,255
4,14,21,1,255,255,32769,32769,0,0,0
5,9,21,-1,255,255,32780,32863,0,0,0
4,50,54,1,255,255,32769,32769,0,0,0
5,19,12,-30,255,255,32780,61440,0,0,0
5,55,51,-30,255,255,32780,61440,0,0,0
6,74,51,-1,255,255,32769,32769,0,0,0
5,57,56,-30,255,255,32780,32885,0,0,0
5,104,103,-30,255,255,32780,32885,0,0,0
5,104,105,-30,255,255,32780,32885,0,0,0
5,104,92,-30,255,255,32780,32885,0,0,0
5,104,80,-30,255,255,32780,32885,0,0,0
5,104,68,-30,255,255,32780,32885,0,0,0
5,104,56,-30,255,255,32780,32885,0,0,0
6,54,56,-1,255,255,32769,32768,0,0,0
7,57,56,-1,255,255,32780,32991,0,0,0
7,69,56,-1,255,255,32780,32887,0,0,0
7,45,56,-1,255,255,32780,32884,0,0,0
7,55,48,1,255,255,32780,32884,0,0,0
6,54,56,2,255,255,32769,32768,0,0,0
7,57,56,-1,255,255,32780,32991,0,0,0
7,69,56,-1,255,255,32780,32887,0,0,0
7,45,56,-1,255,255,32780,32884,0,0,0
7,55,48,-1,255,255,32780,32884,0,0,0
6,14,21,2,255,255,32769,32768,0,0,0
7,9,21,-1,255,255,32780,32862,0,0,0
8,54,56,1,255,255,32769,32745,0,255,255
9,57,56,-1,255,255,32780,32968,0,255,255
9,69,56,-1,255,255,32780,32864,0,255,255
9,45,56,-1,255,255,32780,32861,0,255,255
9,55,48,1,255,255,32780,32861,0,255,255
6,54,102,2,255,255,32769,32768,0,0,0
7,55,48,-1,255,255,32770,32770,0,0,0
6,54,6,2,255,255,32769,32768,0,0,0
7,9,6,-1,255,255,32770,32770,0,0,0
3,105,103,2,255,255,32769,32769,0,255,255
3,9,8,2,255,255,32769,32769,0,255,255
3,9,7,2,255,255,32769,32769,0,255,255
3,55,56,2,255,255,32769,32769,0,255,255
3,55,43,2,255,255,32769,32769,0,255,255
3,55,31,2,255,255,32769,32769,0,255,255
3,55,67,2,255,255,32769,32769,0,255,255
3,55,79,2,255,255,32769,32769,0,255,255
3,55,91,2,255,255,32769,32769,0,255,255
3,55,103,2,255,255,32769,32769,0,255,255
3,19,18,2,255,255,32769,32769,0,255,255
3,19,17,2,255,255,32769,32769,0,255,255
3,19,16,2,255,255,32769,32769,0,255,255
3,19,15,2,255,255,32769,32769,0,255,255
3,19,20,2,255,255,32769,32769,0,255,255
3,19,7,2,255,255,32769,32769,0,255,255
3,19,31,2,255,255,32769,32769,0,255,255
3,19,43,2,255,255,32769,32769,0,255,255
3,93,79,2,255,255,32769,32769,0,255,255
4,14,21,1,255,255,32768,32768,0,0,0
5,9,21,-1,255,255,32769,32862,0,0,0
4,50,54,1,255,255,32768,32768,0,0,0
5,79,54,-32,255,255,32769,61440,0,0,0
6,14,21,2,255,255,32768,32649,0,0,0
3,93,103,2,255,255,32768,32768,0,255,255
3,21,7,2,255,255,32768,32768,0,255,255
3,21,31,2,255,255,32768,32768,0,255,255
3,69,56,2,255,255,32768,32768,0,255,255
3,45,56,2,255,255,32768,32768,0,255,255
3,81,103,2,255,255,32768,32768,0,255,255
3,33,7,2,255,255,32768,32768,0,255,255
3,102,101,2,255,255,32768,32768,0,255,255
3,78,77,2,255,255,32768,32768,0,255,255
3,54,53,2,255,255,32768,32768,0,255,255
3,30,29,2,255,255,32768,32768,0,255,255
3,6,5,2,255,255,32768,32768,0,255,255
2,84,74,-1,84,74,32768,32768,0,84,74
2,96,97,0,84,74,32768,32768,0,84,74
3,19,12,2,255,255,32769,61440,0,255,255
4,0,12,-1,255,255,32768,32683,0,0,0
5,55,51,1,255,255,32769,32800,0,0,0
6,50,54,-29,255,255,32768,4096,0,0,0
7,51,99,2,255,255,32769,32800,0,0,0
7,51,3,2,255,255,32769,32798,0,0,0
3,55,51,2,255,255,32769,32798,0,255,255
4,14,21,-30,255,255,32768,4096,0,0,0
4,50,54,-30,255,255,32768,4096,0,0,0
5,19,12,1,255,255,32769,32777,0,0,0
6,0,12,-1,255,255,32768,32683,0,0,0
5,51,99,1,255,255,32769,32777,0,0,0
5,51,3,1,255,255,32769,32775,0,0,0
3,57,56,2,255,255,32769,32775,0,255,255
3,105,104,2,255,255,32769,32775,0,255,255
4,14,21,1,255,255,32768,32768,0,0,0
5,9,21,-1,255,255,32769,32862,0,0,0
4,50,54,1,255,255,32768,32768,0,0,0
5,19,12,-30,255,255,32769,61440,0,0,0
5,55,51,-30,255,255,32769,61440,0,0,0
6,14,21,2,255,255,32768,32768,0,0,0
7,9,21,-1,255,255,32769,32862,0,0,0
6,54,102,2,255,255,32768,32768,0,0,0
7,104,102,-1,255,255,32769,32770,0,0,0
6,54,6,2,255,255,32768,32768,0,0,0
7,9,6,-1,255,255,32769,32770,0,0,0
2,14,21,2,84,74,32768,32768,0,84,74
3,9,21,-1,255,255,32769,61440,0,255,255
4,50,54,1,255,255,32768,32745,0,0,0
5,55,51,-30,255,255,32769,61440,0,0,0
6,54,102,2,255,255,32768,32745,0,0,0
6,54,6,2,255,255,32768,32747,0,0,0
2,50,54,2,84,74,32768,32768,0,84,74
3,105,104,-31,255,255,32769,61440,0,255,255
3,19,12,-29,255,255,32769,61440,0,255,255
3,55,51,-29,255,255,32769,61440,0,255,255
4,14,21,1,255,255,32768,4096,0,0,0
5,9,21,-1,255,255,32769,32862,0,0,0
6,54,102,2,255,255,32768,32745,0,0,0
6,54,6,2,255,255,32768,32747,0,0,0
4,54,102,1,255,255,32768,32747,0,0,0
5,105,102,-1,255,255,32769,32770,0,0,0
6,14,21,2,255,255,32768,32655,0,0,0
4,54,6,1,255,255,32768,32749,0,0,0
5,9,6,-1,255,255,32769,32770,0,0,0
6,14,21,2,255,255,32768,32655,0,0,0
4,48,49,1,255,255,32768,32749,0,0,0
4,96,97,1,255,255,32768,32766,0,0,0
5,19,12,1,255,255,32769,32777,0,0,0
6,0,12,-1,255,255,32768,32683,0,0,0
5,51,99,1,255,255,32769,32777,0,0,0
5,51,3,1,255,255,32769,32775,0,0,0
3,57,56,-29,255,255,32769,32775,0,255,255
3,105,103,-29,255,255,32769,32775,0,255,255
3,9,8,-29,255,255,32769,32775,0,255,255
3,9,7,-29,255,255,32769,32775,0,255,255
3,55,56,-29,255,255,32769,32775,0,255,255
3,55,43,-29,255,255,32769,32775,0,255,255
4,96,97,-1,255,255,32768,4096,0,0,0
5,19,12,1,255,255,32769,32782,0,0,0
6,0,12,-1,255,255,32768,32688,0,0,0
3,55,31,-29,255,255,32769,32775,0,255,255
4,96,97,-1,255,255,32768,4096,0,0,0
5,19,12,1,255,255,32769,32784,0,0,0
6,0,12,-1,255,255,32768,32690,0,0,0
5,31,27,1,255,255,32769,32784,0,0,0
3,55,67,-29,255,255,32769,32775,0,255,255
4,96,97,-1,255,255,32768,4096,0,0,0
5,19,12,1,255,255,32769,32782,0,0,0
6,0,12,-1,255,255,32768,32688,0,0,0
3,55,79,-29,255,255,32769,32775,0,255,255
4,96,97,-1,255,255,32768,4096,0,0,0
5,19,12,1,255,255,32769,32784,0,0,0
6,0,12,-1,255,255,32768,32690,0,0,0
5,79,75,1,255,255,32769,32784,0,0,0
3,55,91,-29,255,255,32769,32775,0,255,255
4,96,97,-1,255,255,32768,4096,0,0,0
5,19,12,1,255,255,32769,32784,0,0,0
6,0,12,-1,255,255,32768,32690,0,0,0
3,55,103,-29,255,255,32769,32775,0,255,255
4,96,97,-1,255,255,32768,4096,0,0,0
5,19,12,1,255,255,32769,32784,0,0,0
6,0,12,-1,255,255,32768,32690,0,0,0
5,103,99,1,255,255,32769,32784,0,0,0
3,19,18,-29,255,255,32769,32775,0,255,255
3,19,17,-29,255,255,32769,32775,0,255,255
3,19,16,-29,255,255,32769,32775,0,255,255
3,19,15,-29,255,255,32769,32775,0,255,255
3,19,20,-29,255,255,32769,32775,0,255,255
3,19,7,-29,255,255,32769,32775,0,255,255
3,19,31,-29,255,255,32769,32775,0,255,255
3,19,43,-29,255,255,32769,32775,0,255,255
3,93,79,-29,255,255,32769,32775,0,255,255
3,93,103,-29,255,255,32769,32775,0,255,255
3,21,7,-29,255,255,32769,32775,0,255,255
3,21,31,-29,255,255,32769,32775,0,255,255
3,69,56,-29,255,255,32769,32775,0,255,255
4,54,56,-1,255,255,32768,4096,0,0,0
5,57,56,-1,255,255,32769,32798,0,0,0
6,14,21,2,255,255,32768,32694,0,0,0
7,9,21,-1,255,255,32769,32788,0,0,0
4,96,97,-1,255,255,32768,32694,0,0,0
5,19,12,1,255,255,32769,32773,0,0,0
6,0,12,-1,255,255,32768,32679,0,0,0
5,55,51,1,255,255,32769,32773,0,0,0
3,45,56,-29,255,255,32769,32773,0,255,255
4,54,56,-1,255,255,32768,4096,0,0,0
5,57,56,-1,255,255,32769,32798,0,0,0
6,14,21,2,255,255,32768,32694,0,0,0
7,9,21,-1,255,255,32769,32788,0,0,0
4,96,97,-1,255,255,32768,32694,0,0,0
5,19,12,1,255,255,32769,32773,0,0,0
6,0,12,-1,255,255,32768,32679,0,0,0
5,55,51,1,255,255,32769,32773,0,0,0
3,81,103,-29,255,255,32769,32773,0,255,255
3,33,7,-29,255,255,32769,32773,0,255,255
3,102,101,-29,255,255,32769,32773,0,255,255
3,78,77,-29,255,255,32769,32773,0,255,255
3,30,29,-29,255,255,32769,32773,0,255,255
3,6,5,-29,255,255,32769,32773,0,255,255
3,105,104,-31,255,255,61696,61440,0,255,255
3,19,12,-29,255,255,61696,61440,0,255,255
3,55,51,-29,255,255,61696,61440,0,255,255
4,96,97,-1,255,255,32768,4096,0,0,0
5,19,12,1,255,255,32777,32777,0,0,0
6,0,12,-1,255,255,32768,32683,0,0,0
5,51,99,1,255,255,32777,32777,0,0,0
6,97,99,-1,255,255,32775,32775,0,0,0
5,51,3,1,255,255,32777,32777,0,0,0
6,0,3,-1,255,255,32775,32775,0,0,0
4,14,21,2,255,255,32777,32777,0,0,0
5,9,21,-1,255,255,32862,32862,0,0,0
6,54,102,2,255,255,32777,32745,0,0,0
6,54,6,2,255,255,32777,32747,0,0,0
4,54,102,2,255,255,32777,32777,0,0,0
4,54,6,2,255,255,32777,32777,0,0,0
4,48,49,2,255,255,32777,32777,0,0,0
4,96,98,2,255,255,32777,32777,0,0,0
4,0,1,2,255,255,32777,32777,0,0,0
4,0,2,2,255,255,32777,32777,0,0,0
4,54,53,2,255,255,32777,32777,0,0,0
4,54,52,2,255,255,32777,32777,0,0,0
4,54,55,2,255,255,32777,32777,0,0,0
4,54,56,2,255,255,32777,32777,0,0,0
4,54,42,2,255,255,32777,32777,0,0,0
4,54,66,2,255,255,32777,32777,0,0,0
4,14,13,2,255,255,32777,32777,0,0,0
4,14,15,2,255,255,32777,32777,0,0,0
4,14,16,2,255,255,32777,32777,0,0,0
4,14,17,2,255,255,32777,32777,0,0,0
4,14,18,2,255,255,32777,32777,0,0,0
4,14,2,2,255,255,32777,32777,0,0,0
4,14,26,2,255,255,32777,32777,0,0,0
4,14,38,2,255,255,32777,32777,0,0,0
4,14,50,2,255,255,32777,32777,0,0,0
5,51,48,1,255,255,32778,32778,0,0,0
4,14,62,2,255,255,32777,32777,0,0,0
4,14,74,2,255,255,32777,32777,0,0,0
4,14,86,2,255,255,32777,32777,0,0,0
4,14,98,2,255,255,32777,32777,0,0,0
4,84,74,2,255,255,32777,32777,0,0,0
5,19,12,2,255,255,32778,32778,0,0,0
6,0,12,-1,255,255,32777,32684,0,0,0
5,51,99,2,255,255,32778,32778,0,0,0
6,96,99,-1,255,255,32777,32776,0,0,0
5,51,3,2,255,255,32778,32778,0,0,0
6,0,3,-1,255,255,32777,32776,0,0,0
4,84,98,2,255,255,32778,32778,0,0,0
4,12,2,2,255,255,32778,32778,0,0,0
4,12,26,2,255,255,32778,32778,0,0,0
4,60,49,2,255,255,32778,32778,0,0,0
4,36,49,2,255,255,32778,32778,0,0,0
4,72,50,2,255,255,32778,32778,0,0,0
4,72,98,2,255,255,32778,32778,0,0,0
4,24,2,2,255,255,32778,32778,0,0,0
4,24,50,2,255,255,32778,32778,0,0,0
4,99,100,2,255,255,32778,32778,0,0,0
4,75,76,2,255,255,32778,32778,0,0,0
4,27,28,2,255,255,32778,32778,0,0,0
4,3,4,2,255,255,32778,32778,0,0,0
3,57,56,-29,255,255,32778,32778,0,255,255
3,105,103,-29,255,255,32778,32778,0,255,255
3,9,8,-29,255,255,32778,32778,0,255,255
3,9,7,-29,255,255,32778,32778,0,255,255
3,55,56,-29,255,255,32778,32778,0,255,255
3,55,43,-29,255,255,32778,32778,0,255,255
4,96,97,-1,255,255,32768,4096,0,0,0
5,19,12,2,255,255,32778,32782,0,0,0
6,0,12,-1,255,255,32768,32688,0,0,0
3,55,31,-29,255,255,32778,32778,0,255,255
4,96,97,-1,255,255,32768,4096,0,0,0
5,19,12,2,255,255,32778,32784,0,0,0
6,0,12,-1,255,255,32768,32690,0,0,0
5,31,27,2,255,255,32778,32784,0,0,0
3,55,67,-29,255,255,32778,32778,0,255,255
4,96,97,-1,255,255,32768,4096,0,0,0
5,19,12,2,255,255,32778,32782,0,0,0
6,0,12,-1,255,255,32768,32688,0,0,0
3,55,79,-29,255,255,32778,32778,0,255,255
4,96,97,-1,255,255,32768,4096,0,0,0
5,19,12,2,255,255,32778,32784,0,0,0
6,0,12,-1,255,255,32768,32690,0,0,0
5,79,75,2,255,255,32778,32784,0,0,0
3,55,91,-29,255,255,32778,32778,0,255,255
4,96,97,-1,255,255,32768,4096,0,0,0
5,19,12,2,255,255,32778,32784,0,0,0
6,0,12,-1,255,255,32768,32690,0,0,0
3,55,103,-29,255,255,32778,32778,0,255,255
4,96,97,-1,255,255,32768,4096,0,0,0
5,19,12,2,255,255,32778,32784,0,0,0
6,0,12,-1,255,255,32768,32690,0,0,0
5,103,99,2,255,255,32778,32784,0,0,0
3,19,18,-29,255,255,32778,32778,0,255,255
3,19,17,-29,255,255,32778,32778,0,255,255
3,19,16,-29,255,255,32778,32778,0,255,255
3,19,15,-29,255,255,32778,32778,0,255,255
3,19,20,-29,255,255,32778,32778,0,255,255
3,19,7,-29,255,255,32778,32778,0,255,255
3,19,31,-29,255,255,32778,32778,0,255,255
3,19,43,-29,255,255,32778,32778,0,255,255
3,93,79,-29,255,255,32778,32778,0,255,255
3,93,103,-29,255,255,32778,32778,0,255,255
3,21,7,-29,255,255,32778,32778,0,255,255
3,21,31,-29,255,255,32778,32778,0,255,255
3,69,56,-29,255,255,32778,32778,0,255,255
4,54,56,-1,255,255,32768,4096,0,0,0
5,57,56,-1,255,255,32778,32798,0,0,0
6,14,21,2,255,255,32768,32694,0,0,0
7,9,21,-1,255,255,32778,32788,0,0,0
4,96,97,-1,255,255,32768,32694,0,0,0
5,19,12,2,255,255,32773,32773,0,0,0
6,0,12,-1,255,255,32768,32679,0,0,0
5,55,51,2,255,255,32773,32773,0,0,0
4,14,21,2,255,255,32773,32773,0,0,0
5,9,21,-1,255,255,32778,32858,0,0,0
6,54,56,2,255,255,32773,32741,0,0,0
7,57,56,-1,255,255,32775,32775,0,0,0
6,54,102,2,255,255,32773,32741,0,0,0
6,54,6,2,255,255,32773,32743,0,0,0
4,54,56,2,255,255,32773,32773,0,0,0
5,57,56,-1,255,255,32778,32798,0,0,0
6,14,21,2,255,255,32773,32694,0,0,0
7,9,21,-1,255,255,32778,32788,0,0,0
4,54,102,2,255,255,32773,32773,0,0,0
4,54,6,2,255,255,32773,32773,0,0,0
4,48,49,2,255,255,32773,32773,0,0,0
4,96,98,2,255,255,32773,32773,0,0,0
4,0,1,2,255,255,32773,32773,0,0,0
4,0,2,2,255,255,32773,32773,0,0,0
4,54,53,2,255,255,32773,32773,0,0,0
4,54,52,2,255,255,32773,32773,0,0,0
4,54,42,2,255,255,32773,32773,0,0,0
4,54,66,2,255,255,32773,32773,0,0,0
4,14,13,2,255,255,32773,32773,0,0,0
4,14,15,2,255,255,32773,32773,0,0,0
4,14,16,2,255,255,32773,32773,0,0,0
4,14,17,2,255,255,32773,32773,0,0,0
4,14,18,2,255,255,32773,32773,0,0,0
4,14,2,2,255,255,32773,32773,0,0,0
4,14,26,2,255,255,32773,32773,0,0,0
4,14,38,2,255,255,32773,32773,0,0,0
4,14,50,2,255,255,32773,32773,0,0,0
5,55,51,2,255,255,32774,32774,0,0,0
6,54,57,-29,255,255,32773,4096,0,0,0
4,14,62,2,255,255,32774,32774,0,0,0
4,14,74,2,255,255,32774,32774,0,0,0
4,14,86,2,255,255,32774,32774,0,0,0
4,14,98,2,255,255,32774,32774,0,0,0
4,84,74,2,255,255,32774,32774,0,0,0
4,84,98,2,255,255,32774,32774,0,0,0
4,12,2,2,255,255,32774,32774,0,0,0
4,12,26,2,255,255,32774,32774,0,0,0
4,60,49,2,255,255,32774,32774,0,0,0
4,36,49,2,255,255,32774,32774,0,0,0
4,72,50,2,255,255,32774,32774,0,0,0
4,72,98,2,255,255,32774,32774,0,0,0
4,24,2,2,255,255,32774,32774,0,0,0
4,24,50,2,255,255,32774,32774,0,0,0
4,99,100,2,255,255,32774,32774,0,0,0
4,75,76,2,255,255,32774,32774,0,0,0
4,51,52,2,255,255,32774,32774,0,0,0
4,27,28,2,255,255,32774,32774,0,0,0
4,3,4,2,255,255,32774,32774,0,0,0
3,45,56,-29,255,255,32774,32774,0,255,255
4,54,56,-1,255,255,32768,4096,0,0,0
5,57,56,-1,255,255,32774,32798,0,0,0
6,14,21,2,255,255,32768,32694,0,0,0
7,9,21,-1,255,255,32774,32788,0,0,0
4,96,97,-1,255,255,32768,32694,0,0,0
5,19,12,2,255,255,32773,32773,0,0,0
6,0,12,-1,255,255,32768,32679,0,0,0
5,55,51,2,255,255,32773,32773,0,0,0
4,14,21,2,255,255,32773,32773,0,0,0
5,9,21,-32,255,255,32774,61440,0,0,0
6,54,56,2,255,255,32773,32741,0,0,0
7,57,56,-1,255,255,32774,32775,0,0,0
6,54,102,2,255,255,32773,32741,0,0,0
6,54,6,2,255,255,32773,32743,0,0,0
4,54,56,2,255,255,32773,32773,0,0,0
5,57,56,-1,255,255,32774,32798,0,0,0
6,14,21,2,255,255,32773,32694,0,0,0
7,9,21,-1,255,255,32774,32788,0,0,0
4,54,102,2,255,255,32773,32773,0,0,0
4,54,6,2,255,255,32773,32773,0,0,0
4,48,49,2,255,255,32773,32773,0,0,0
4,96,98,2,255,255,32773,32773,0,0,0
4,0,1,2,255,255,32773,32773,0,0,0
4,0,2,2,255,255,32773,32773,0,0,0
4,54,53,2,255,255,32773,32773,0,0,0
4,54,52,2,255,255,32773,32773,0,0,0
4,54,42,2,255,255,32773,32773,0,0,0
4,54,66,2,255,255,32773,32773,0,0,0
4,14,13,2,255,255,32773,32773,0,0,0
4,14,15,2,255,255,32773,32773,0,0,0
4,14,16,2,255,255,32773,32773,0,0,0
4,14,17,2,255,255,32773,32773,0,0,0
4,14,18,2,255,255,32773,32773,0,0,0
4,14,2,2,255,255,32773,32773,0,0,0
4,14,26,2,255,255,32773,32773,0,0,0
4,14,38,2,255,255,32773,32773,0,0,0
4,14,50,2,255,255,32773,32773,0,0,0
5,55,51,2,255,255,32774,32774,0,0,0
6,54,57,-29,255,255,32773,4096,0,0,0
3,81,103,-29,255,255,32774,32774,0,255,255
3,33,7,-29,255,255,32774,32774,0,255,255
3,102,101,-29,255,255,32774,32774,0,255,255
3,78,77,-29,255,255,32774,32774,0,255,255
3,30,29,-29,255,255,32774,32774,0,255,255
3,6,5,-29,255,255,32774,32774,0,255,255
2,48,49,2,84,74,32774,32774,0,84,74
3,105,104,0,255,255,32775,61440,0,255,255
4,14,21,2,255,255,32774,32757,0,0,0
5,9,21,-1,255,255,32775,32851,0,0,0
4,50,54,2,255,255,32774,32757,0,0,0
5,19,12,-29,255,255,32775,61440,0,0,0
5,55,51,-29,255,255,32775,61440,0,0,0
6,14,21,2,255,255,32774,32757,0,0,0
7,9,21,-1,255,255,32775,32851,0,0,0
6,54,102,2,255,255,32774,32757,0,0,0
6,54,6,2,255,255,32774,32759,0,0,0
2,96,98,2,84,74,32774,32774,0,84,74
3,105,104,-1,255,255,32775,61440,0,255,255
4,14,21,2,255,255,32774,32767,0,0,0
5,9,21,-1,255,255,32775,32861,0,0,0
4,50,54,2,255,255,32774,32767,0,0,0
5,19,12,-29,255,255,32775,61440,0,0,0
5,55,51,-29,255,255,32775,61440,0,0,0
6,14,21,2,255,255,32774,32767,0,0,0
7,9,21,-1,255,255,32775,32861,0,0,0
6,54,102,2,255,255,32774,32767,0,0,0
6,54,6,2,255,255,32774,32769,0,0,0
2,0,1,2,84,74,32774,32774,0,84,74
3,105,104,-1,255,255,32775,61440,0,255,255
4,14,21,2,255,255,32774,32768,0,0,0
5,9,21,-1,255,255,32775,32862,0,0,0
4,50,54,2,255,255,32774,32768,0,0,0
5,19,12,-29,255,255,32775,61440,0,0,0
5,55,51,-29,255,255,32775,61440,0,0,0
6,14,21,2,255,255,32774,32768,0,0,0
7,9,21,-1,255,255,32775,32862,0,0,0
6,54,102,2,255,255,32774,32768,0,0,0
6,54,6,2,255,255,32774,32770,0,0,0
2,0,2,2,84,74,32774,32774,0,84,74
3,105,104,-1,255,255,32775,61440,0,255,255
4,14,21,2,255,255,32774,32767,0,0,0
5,9,21,-1,255,255,32775,32861,0,0,0
4,50,54,2,255,255,32774,32767,0,0,0
5,19,12,-29,255,255,32775,61440,0,0,0
5,55,51,-29,255,255,32775,61440,0,0,0
6,14,21,2,255,255,32774,32767,0,0,0
7,9,21,-1,255,255,32775,32861,0,0,0
6,54,102,2,255,255,32774,32767,0,0,0
6,54,6,2,255,255,32774,32769,0,0,0
2,50,49,2,84,74,32774,32774,0,84,74
3,105,104,-1,255,255,32775,61440,0,255,255
4,14,21,2,255,255,32774,32748,0,0,0
5,9,21,-1,255,255,32775,32842,0,0,0
4,49,54,2,255,255,32774,32748,0,0,0
5,19,12,-29,255,255,32775,61440,0,0,0
5,55,51,-29,255,255,32775,61440,0,0,0
6,14,21,2,255,255,32774,32759,0,0,0
7,9,21,-1,255,255,32775,32853,0,0,0
6,54,102,2,255,255,32774,32759,0,0,0
6,54,6,2,255,255,32774,32761,0,0,0
2,50,38,2,84,74,32774,32774,0,84,74
3,105,104,-1,255,255,32775,61440,0,255,255
4,14,21,2,255,255,32774,32751,0,0,0
5,9,21,-1,255,255,32775,32845,0,0,0
2,50,26,2,84,74,32774,32774,0,84,74
3,105,104,-1,255,255,32775,61440,0,255,255
4,14,21,2,255,255,32774,32749,0,0,0
5,9,21,-1,255,255,32775,32843,0,0,0
4,26,30,2,255,255,32774,32749,0,0,0
2,50,62,2,84,74,32774,32774,0,84,74
3,105,104,-1,255,255,32775,61440,0,255,255
4,14,21,2,255,255,32774,32751,0,0,0
5,9,21,-1,255,255,32775,32845,0,0,0
2,50,74,2,84,74,32774,32774,0,84,74
3,105,104,-1,255,255,32775,61440,0,255,255
4,14,21,2,255,255,32774,32749,0,0,0
5,9,21,-1,255,255,32775,32843,0,0,0
4,74,78,2,255,255,32774,32749,0,0,0
2,50,98,2,84,74,32774,32774,0,84,74
3,105,104,-1,255,255,32775,61440,0,255,255
4,14,21,2,255,255,32774,32749,0,0,0
5,9,21,-1,255,255,32775,32843,0,0,0
4,98,102,2,255,255,32774,32749,0,0,0
2,14,13,2,84,74,32774,32774,0,84,74
3,105,104,-1,255,255,32775,61440,0,255,255
4,13,21,2,255,255,32774,32759,0,0,0
5,9,21,-1,255,255,32775,32853,0,0,0
4,50,54,2,255,255,32774,32759,0,0,0
5,19,12,-29,255,255,32775,61440,0,0,0
5,55,51,-29,255,255,32775,61440,0,0,0
6,13,21,2,255,255,32774,32759,0,0,0
7,9,21,-1,255,255,32775,32853,0,0,0
6,54,102,2,255,255,32774,32759,0,0,0
6,54,6,2,255,255,32774,32761,0,0,0
2,14,15,2,84,74,32774,32774,0,84,74
3,105,104,-1,255,255,32775,61440,0,255,255
4,15,21,2,255,255,32774,32758,0,0,0
5,9,21,-1,255,255,32775,32853,0,0,0
4,50,54,2,255,255,32774,32758,0,0,0
5,19,12,-29,255,255,32775,61440,0,0,0
5,55,51,-29,255,255,32775,61440,0,0,0
6,15,51,-1,255,255,32774,32758,0,0,0
7,57,56,-29,255,255,32775,61440,0,0,0
7,104,103,-29,255,255,32775,61440,0,0,0
7,104,105,-29,255,255,32775,61440,0,0,0
7,104,92,-29,255,255,32775,61440,0,0,0
7,104,80,-29,255,255,32775,61440,0,0,0
7,104,68,-29,255,255,32775,61440,0,0,0
7,104,56,-29,255,255,32775,61440,0,0,0
7,104,44,-29,255,255,32775,32873,0,0,0
7,104,32,-29,255,255,32775,32873,0,0,0
7,104,20,-29,255,255,32775,32873,0,0,0
7,104,8,-29,255,255,32775,32873,0,0,0
7,9,8,-29,255,255,32775,32873,0,0,0
7,9,7,-29,255,255,32775,32873,0,0,0
7,19,18,-29,255,255,32775,32873,0,0,0
7,19,17,-29,255,255,32775,32873,0,0,0
7,19,16,-29,255,255,32775,32873,0,0,0
7,19,15,-29,255,255,32775,32873,0,0,0
7,19,14,-29,255,255,32775,32873,0,0,0
7,19,13,-29,255,255,32775,32873,0,0,0
7,19,20,-29,255,255,32775,32873,0,0,0
7,19,7,-29,255,255,32775,32873,0,0,0
7,19,31,-29,255,255,32775,32873,0,0,0
7,19,43,-29,255,255,32775,32873,0,0,0
7,19,55,-29,255,255,32775,32873,0,0,0
7,19,67,-29,255,255,32775,32861,0,0,0
7,19,79,-29,255,255,32775,32861,0,0,0
7,19,91,-29,255,255,32775,32861,0,0,0
7,19,103,-29,255,255,32775,32861,0,0,0
7,93,79,-29,255,255,32775,32861,0,0,0
7,93,103,-29,255,255,32775,32861,0,0,0
7,21,7,-29,255,255,32775,32861,0,0,0
7,21,31,-29,255,255,32775,32861,0,0,0
7,69,56,-29,255,255,32775,32861,0,0,0
7,45,56,-29,255,255,32775,32861,0,0,0
7,81,55,-29,255,255,32775,32861,0,0,0
7,81,103,-29,255,255,32775,32861,0,0,0
7,33,7,-29,255,255,32775,32861,0,0,0
7,33,55,-29,255,255,32775,32861,0,0,0
7,102,101,-29,255,255,32775,32861,0,0,0
7,78,77,-29,255,255,32775,32861,0,0,0
7,30,29,-29,255,255,32775,32861,0,0,0
7,6,5,-29,255,255,32775,32861,0,0,0
5,57,56,-29,255,255,32775,32861,0,0,0
5,104,103,-29,255,255,32775,32861,0,0,0
5,104,105,-29,255,255,32775,32861,0,0,0
5,104,92,-29,255,255,32775,32861,0,0,0
5,104,80,-29,255,255,32775,32861,0,0,0
5,104,68,-29,255,255,32775,32861,0,0,0
5,104,56,-29,255,255,32775,32861,0,0,0
6,54,56,-1,255,255,32774,32757,0,0,0
7,57,56,-1,255,255,32775,32980,0,0,0
7,69,56,-1,255,255,32775,32876,0,0,0
7,45,56,-1,255,255,32775,32873,0,0,0
7,55,48,-1,255,255,32775,32873,0,0,0
6,54,56,2,255,255,32774,32757,0,0,0
7,57,56,-1,255,255,32775,32980,0,0,0
7,69,56,-1,255,255,32775,32876,0,0,0
7,45,56,-1,255,255,32775,32873,0,0,0
7,55,48,-1,255,255,32775,32873,0,0,0
6,15,21,2,255,255,32774,32757,0,0,0
7,9,21,-1,255,255,32775,32852,0,0,0
8,54,56,1,255,255,32774,32735,0,255,255
9,57,56,-1,255,255,32775,32958,0,255,255
9,69,56,-1,255,255,32775,32854,0,255,255
9,45,56,-1,255,255,32775,32851,0,255,255
9,55,48,1,255,255,32775,32851,0,255,255
6,54,102,2,255,255,32774,32757,0,0,0
6,54,6,2,255,255,32774,32759,0,0,0
2,14,16,2,84,74,32774,32774,0,84,74
3,105,104,-1,255,255,32775,61440,0,255,255
4,16,21,2,255,255,32774,32758,0,0,0
5,9,21,-1,255,255,32775,32853,0,0,0
4,50,54,2,255,255,32774,32758,0,0,0
5,19,12,-29,255,255,32775,61440,0,0,0
5,55,51,-29,255,255,32775,61440,0,0,0
6,16,21,2,255,255,32774,32758,0,0,0
7,9,21,-1,255,255,32775,32853,0,0,0
6,54,102,2,255,255,32774,32758,0,0,0
6,54,6,2,255,255,32774,32760,0,0,0
2,14,17,2,84,74,32774,32774,0,84,74
3,105,104,-1,255,255,32775,61440,0,255,255
4,17,21,2,255,255,32774,32757,0,0,0
5,9,21,-1,255,255,32775,32853,0,0,0
4,50,54,2,255,255,32774,32757,0,0,0
5,19,12,-29,255,255,32775,61440,0,0,0
5,55,51,-29,255,255,32775,61440,0,0,0
6,17,21,2,255,255,32774,32757,0,0,0
7,9,21,-1,255,255,32775,32853,0,0,0
6,54,102,2,255,255,32774,32757,0,0,0
6,54,6,2,255,255,32774,32759,0,0,0
2,14,18,2,84,74,32774,32774,0,84,74
3,105,104,-1,255,255,32775,61440,0,255,255
4,18,21,2,255,255,32774,32757,0,0,0
5,9,21,-1,255,255,32775,32853,0,0,0
4,18,54,2,255,255,32774,32757,0,0,0
5,55,51,-29,255,255,32775,61440,0,0,0
6,54,102,-29,255,255,32774,4096,0,0,0
6,54,6,-29,255,255,32774,4096,0,0,0
6,48,49,-29,255,255,32774,4096,0,0,0
6,96,97,-29,255,255,32774,4096,0,0,0
6,96,98,-29,255,255,32774,4096,0,0,0
6,0,1,-29,255,255,32774,4096,0,0,0
6,0,2,-29,255,255,32774,4096,0,0,0
6,50,49,-29,255,255,32774,4096,0,0,0
6,50,38,-29,255,255,32774,4096,0,0,0
6,50,26,-29,255,255,32774,32761,0,0,0
6,50,14,-29,255,255,32774,32761,0,0,0
6,50,2,-29,255,255,32774,32761,0,0,0
6,50,62,-29,255,255,32774,32761,0,0,0
6,50,74,-29,255,255,32774,32761,0,0,0
6,50,86,-29,255,255,32774,32761,0,0,0
6,50,98,-29,255,255,32774,32761,0,0,0
6,54,53,-29,255,255,32774,32761,0,0,0
6,54,52,-29,255,255,32774,32761,0,0,0
6,54,55,-29,255,255,32774,32761,0,0,0
6,54,56,-29,255,255,32774,32761,0,0,0
6,54,42,-29,255,255,32774,32761,0,0,0
6,54,66,-29,255,255,32774,32761,0,0,0
6,84,74,-29,255,255,32774,32761,0,0,0
6,84,98,-29,255,255,32774,32761,0,0,0
6,12,2,-29,255,255,32774,32761,0,0,0
6,12,26,-29,255,255,32774,32761,0,0,0
6,60,49,-29,255,255,32774,32761,0,0,0
6,36,49,-29,255,255,32774,32770,0,0,0
6,72,98,-29,255,255,32774,32770,0,0,0
6,24,2,-29,255,255,32774,32770,0,0,0
6,99,100,-29,255,255,32774,32770,0,0,0
6,75,76,-29,255,255,32774,32770,0,0,0
6,27,28,-29,255,255,32774,32770,0,0,0
6,3,4,-29,255,255,32774,32770,0,0,0
4,50,54,2,255,255,32774,32770,0,0,0
5,19,12,-29,255,255,32775,61440,0,0,0
5,55,51,-29,255,255,32775,61440,0,0,0
6,18,21,2,255,255,32774,32757,0,0,0
7,9,21,-1,255,255,32775,32853,0,0,0
6,54,102,2,255,255,32774,32757,0,0,0
2,14,2,2,84,74,32774,32774,0,84,74
3,105,104,-1,255,255,32775,61440,0,255,255
4,50,54,2,255,255,32774,32759,0,0,0
5,55,51,-29,255,255,32775,61440,0,0,0
6,54,102,2,255,255,32774,32759,0,0,0
6,2,6,2,255,255,32774,32761,0,0,0
6,54,6,2,255,255,32774,32762,0,0,0
4,2,6,2,255,255,32774,32762,0,0,0
2,14,26,2,84,74,32774,32774,0,84,74
3,105,104,-1,255,255,32775,61440,0,255,255
4,50,54,2,255,255,32774,32759,0,0,0
5,55,51,-29,255,255,32775,61440,0,0,0
6,54,102,2,255,255,32774,32759,0,0,0
6,26,30,2,255,255,32774,32761,0,0,0
6,54,6,2,255,255,32774,32762,0,0,0
4,26,30,2,255,255,32774,32762,0,0,0
2,14,38,2,84,74,32774,32774,0,84,74
3,105,104,-1,255,255,32775,61440,0,255,255
4,50,54,2,255,255,32774,32761,0,0,0
5,55,51,-29,255,255,32775,61440,0,0,0
6,54,102,2,255,255,32774,32761,0,0,0
6,54,6,2,255,255,32774,32763,0,0,0
2,84,98,2,84,74,32774,32774,0,84,74
3,105,104,-1,255,255,32775,61440,0,255,255
4,14,21,2,255,255,32774,32767,0,0,0
5,9,21,-1,255,255,32775,32861,0,0,0
4,50,54,2,255,255,32774,32767,0,0,0
5,19,12,-29,255,255,32775,61440,0,0,0
5,55,51,-29,255,255,32775,61440,0,0,0
6,14,21,2,255,255,32774,32767,0,0,0
7,9,21,-1,255,255,32775,32861,0,0,0
6,54,102,2,255,255,32774,32767,0,0,0
6,54,6,2,255,255,32774,32769,0,0,0
2,12,2,2,84,74,32774,32774,0,84,74
3,105,104,-1,255,255,32775,61440,0,255,255
4,14,21,2,255,255,32774,32767,0,0,0
5,9,21,-1,255,255,32775,32861,0,0,0
4,50,54,2,255,255,32774,32767,0,0,0
5,55,51,-29,255,255,32775,61440,0,0,0
6,14,21,2,255,255,32774,32767,0,0,0
7,9,21,-1,255,255,32775,32861,0,0,0
6,54,102,2,255,255,32774,32767,0,0,0
6,54,6,2,255,255,32774,32769,0,0,0
2,12,26,2,84,74,32774,32774,0,84,74
3,105,104,-1,255,255,32775,61440,0,255,255
4,14,21,2,255,255,32774,32769,0,0,0
5,9,21,-1,255,255,32775,32863,0,0,0
4,50,54,2,255,255,32774,32769,0,0,0
5,55,51,-29,255,255,32775,61440,0,0,0
6,26,51,-1,255,255,32774,32769,0,0,0
5,57,56,-29,255,255,32775,32885,0,0,0
5,104,103,-29,255,255,32775,32885,0,0,0
5,104,105,-29,255,255,32775,32885,0,0,0
5,104,92,-29,255,255,32775,32885,0,0,0
5,104,80,-29,255,255,32775,32885,0,0,0
5,104,68,-29,255,255,32775,32885,0,0,0
5,104,56,-29,255,255,32775,32885,0,0,0
6,54,56,-1,255,255,32774,32768,0,0,0
7,57,56,-1,255,255,32775,32991,0,0,0
7,69,56,-1,255,255,32775,32887,0,0,0
7,45,56,-1,255,255,32775,32884,0,0,0
7,55,48,-1,255,255,32775,32884,0,0,0
6,54,56,2,255,255,32774,32768,0,0,0
7,57,56,-1,255,255,32775,32991,0,0,0
7,69,56,-1,255,255,32775,32887,0,0,0
7,45,56,-1,255,255,32775,32884,0,0,0
7,55,48,-1,255,255,32775,32884,0,0,0
6,14,21,2,255,255,32774,32768,0,0,0
7,9,21,-1,255,255,32775,32862,0,0,0
8,54,56,1,255,255,32774,32745,0,255,255
9,57,56,-1,255,255,32775,32968,0,255,255
9,69,56,-1,255,255,32775,32864,0,255,255
9,45,56,-1,255,255,32775,32861,0,255,255
9,55,48,1,255,255,32775,32861,0,255,255
6,54,102,2,255,255,32774,32768,0,0,0
6,54,6,2,255,255,32774,32770,0,0,0
2,60,49,2,84,74,32774,32774,0,84,74
3,105,104,-1,255,255,32775,61440,0,255,255
4,14,21,2,255,255,32774,32760,0,0,0
5,9,21,-1,255,255,32775,32854,0,0,0
4,50,54,2,255,255,32774,32760,0,0,0
5,19,12,-29,255,255,32775,61440,0,0,0
5,55,51,-29,255,255,32775,61440,0,0,0
6,14,21,-29,255,255,32774,4096,0,0,0
6,54,102,-29,255,255,32774,4096,0,0,0
6,54,6,-29,255,255,32774,4096,0,0,0
6,48,60,-29,255,255,32774,4096,0,0,0
6,96,97,-29,255,255,32774,32759,0,0,0
6,96,98,-29,255,255,32774,32759,0,0,0
6,0,1,-29,255,255,32774,32759,0,0,0
6,0,2,-29,255,255,32774,32759,0,0,0
6,54,53,-29,255,255,32774,32759,0,0,0
6,54,52,-29,255,255,32774,32759,0,0,0
6,54,55,-29,255,255,32774,32759,0,0,0
6,54,56,-29,255,255,32774,32759,0,0,0
6,54,42,-29,255,255,32774,32759,0,0,0
6,54,66,-29,255,255,32774,32759,0,0,0
6,14,13,-29,255,255,32774,32759,0,0,0
6,14,15,-29,255,255,32774,32759,0,0,0
6,14,16,-29,255,255,32774,32759,0,0,0
6,14,17,-29,255,255,32774,32759,0,0,0
6,14,18,-29,255,255,32774,32759,0,0,0
6,14,2,-29,255,255,32774,32759,0,0,0
6,14,26,-29,255,255,32774,32759,0,0,0
6,14,38,-29,255,255,32774,32759,0,0,0
6,14,50,-29,255,255,32774,32759,0,0,0
6,14,62,-29,255,255,32774,32770,0,0,0
6,14,74,-29,255,255,32774,32770,0,0,0
6,14,86,-29,255,255,32774,32770,0,0,0
6,14,98,-29,255,255,32774,32770,0,0,0
6,84,74,-29,255,255,32774,32770,0,0,0
6,84,98,-29,255,255,32774,32770,0,0,0
6,12,2,-29,255,255,32774,32770,0,0,0
6,12,26,-29,255,255,32774,32770,0,0,0
6,49,60,-29,255,255,32774,32770,0,0,0
6,49,38,-29,255,255,32774,32770,0,0,0
6,49,62,-29,255,255,32774,32770,0,0,0
6,72,50,-29,255,255,32774,32770,0,0,0
6,72,98,-29,255,255,32774,32770,0,0,0
6,24,2,-29,255,255,32774,32770,0,0,0
6,24,50,-29,255,255,32774,32770,0,0,0
6,99,100,-29,255,255,32774,32770,0,0,0
6,75,76,-29,255,255,32774,32770,0,0,0
6,27,28,-29,255,255,32774,32770,0,0,0
6,3,4,-29,255,255,32774,32770,0,0,0
2,36,49,2,84,74,32774,32774,0,84,74
3,105,104,-1,255,255,32775,61440,0,255,255
4,14,21,2,255,255,32774,32760,0,0,0
5,9,21,-1,255,255,32775,32854,0,0,0
4,50,54,2,255,255,32774,32760,0,0,0
5,19,12,-29,255,255,32775,61440,0,0,0
5,55,51,-29,255,255,32775,61440,0,0,0
6,14,21,-29,255,255,32774,4096,0,0,0
6,54,102,-29,255,255,32774,4096,0,0,0
6,54,6,-29,255,255,32774,4096,0,0,0
6,48,36,-29,255,255,32774,4096,0,0,0
6,96,97,-29,255,255,32774,32759,0,0,0
6,96,98,-29,255,255,32774,32759,0,0,0
6,0,1,-29,255,255,32774,32759,0,0,0
6,0,2,-29,255,255,32774,32759,0,0,0
6,54,53,-29,255,255,32774,32759,0,0,0
6,54,52,-29,255,255,32774,32759,0,0,0
6,54,55,-29,255,255,32774,32759,0,0,0
6,54,56,-29,255,255,32774,32759,0,0,0
6,54,42,-29,255,255,32774,32759,0,0,0
6,54,66,-29,255,255,32774,32759,0,0,0
6,14,13,-29,255,255,32774,32759,0,0,0
6,14,15,-29,255,255,32774,32759,0,0,0
6,14,16,-29,255,255,32774,32759,0,0,0
6,14,17,-29,255,255,32774,32759,0,0,0
6,14,18,-29,255,255,32774,32759,0,0,0
6,14,2,-29,255,255,32774,32759,0,0,0
6,14,26,-29,255,255,32774,32759,0,0,0
6,14,38,-29,255,255,32774,32759,0,0,0
6,14,50,-29,255,255,32774,32759,0,0,0
6,14,62,-29,255,255,32774,32770,0,0,0
6,14,74,-29,255,255,32774,32770,0,0,0
6,14,86,-29,255,255,32774,32770,0,0,0
6,14,98,-29,255,255,32774,32770,0,0,0
6,84,74,-29,255,255,32774,32770,0,0,0
6,84,98,-29,255,255,32774,32770,0,0,0
6,12,2,-29,255,255,32774,32770,0,0,0
6,12,26,-29,255,255,32774,32770,0,0,0
6,49,36,-29,255,255,32774,32770,0,0,0
6,49,38,-29,255,255,32774,32770,0,0,0
6,49,62,-29,255,255,32774,32770,0,0,0
6,72,50,-29,255,255,32774,32770,0,0,0
6,72,98,-29,255,255,32774,32770,0,0,0
6,24,2,-29,255,255,32774,32770,0,0,0
6,24,50,-29,255,255,32774,32770,0,0,0
6,99,100,-29,255,255,32774,32770,0,0,0
6,75,76,-29,255,255,32774,32770,0,0,0
6,27,28,-29,255,255,32774,32770,0,0,0
6,3,4,-29,255,255,32774,32770,0,0,0
2,72,98,2,84,74,32774,32774,0,84,74
3,105,104,-1,255,255,32775,61440,0,255,255
4,14,21,2,255,255,32774,32758,0,0,0
5,9,21,-1,255,255,32775,32852,0,0,0
4,50,54,2,255,255,32774,32758,0,0,0
5,19,12,-29,255,255,32775,61440,0,0,0
5,55,51,-29,255,255,32775,61440,0,0,0
6,14,21,2,255,255,32774,32758,0,0,0
7,9,21,-1,255,255,32775,32852,0,0,0
6,54,102,2,255,255,32774,32758,0,0,0
6,54,6,2,255,255,32774,32760,0,0,0
2,24,2,2,84,74,32774,32774,0,84,74
3,105,104,-1,255,255,32775,61440,0,255,255
4,14,21,2,255,255,32774,32758,0,0,0
5,9,21,-1,255,255,32775,32852,0,0,0
4,50,54,2,255,255,32774,32758,0,0,0
5,19,12,-29,255,255,32775,61440,0,0,0
5,55,51,-29,255,255,32775,61440,0,0,0
6,14,21,2,255,255,32774,32758,0,0,0
7,9,21,-1,255,255,32775,32852,0,0,0
6,54,102,2,255,255,32774,32758,0,0,0
6,54,6,2,255,255,32774,32760,0,0,0
2,99,100,2,84,74,32774,32774,0,84,74
3,105,104,-1,255,255,32775,61440,0,255,255
4,14,21,2,255,255,32774,32760,0,0,0
5,9,21,-1,255,255,32775,32854,0,0,0
4,50,54,2,255,255,32774,32760,0,0,0
5,19,12,-29,255,255,32775,61440,0,0,0
5,55,51,-29,255,255,32775,61440,0,0,0
6,14,21,2,255,255,32774,32760,0,0,0
7,9,21,-1,255,255,32775,32854,0,0,0
6,54,102,2,255,255,32774,32760,0,0,0
6,54,6,2,255,255,32774,32762,0,0,0
2,75,76,2,84,74,32774,32774,0,84,74
3,105,104,-1,255,255,32775,61440,0,255,255
4,14,21,2,255,255,32774,32760,0,0,0
5,9,21,-1,255,255,32775,32854,0,0,0
4,50,54,2,255,255,32774,32760,0,0,0
5,19,12,-29,255,255,32775,61440,0,0,0
5,55,51,-29,255,255,32775,61440,0,0,0
6,14,21,2,255,255,32774,32760,0,0,0
7,9,21,-1,255,255,32775,32854,0,0,0
6,54,102,2,255,255,32774,32760,0,0,0
6,54,6,2,255,255,32774,32762,0,0,0
2,51,52,2,84,74,32774,32774,0,84,74
3,55,52,-1,255,255,32775,61440,0,255,255
4,96,97,-32,255,255,32774,4096,0,0,0
4,14,21,-29,255,255,32774,4096,0,0,0
4,50,54,-29,255,255,32774,4096,0,0,0
4,48,49,-29,255,255,32774,32768,0,0,0
4,96,98,-29,255,255,32774,32768,0,0,0
4,0,1,-29,255,255,32774,32768,0,0,0
4,0,2,-29,255,255,32774,32768,0,0,0
4,50,49,-29,255,255,32774,32768,0,0,0
4,50,51,-29,255,255,32774,32768,0,0,0
4,50,38,-29,255,255,32774,32768,0,0,0
4,50,26,-29,255,255,32774,32768,0,0,0
4,50,62,-29,255,255,32774,32768,0,0,0
4,50,74,-29,255,255,32774,32768,0,0,0
4,50,86,-29,255,255,32774,32768,0,0,0
4,50,98,-29,255,255,32774,32768,0,0,0
4,14,13,-29,255,255,32774,32768,0,0,0
4,14,15,-29,255,255,32774,32768,0,0,0
4,14,16,-29,255,255,32774,32768,0,0,0
4,14,17,-29,255,255,32774,32768,0,0,0
4,14,18,-29,255,255,32774,32768,0,0,0
4,14,2,-29,255,255,32774,32768,0,0,0
4,14,26,-29,255,255,32774,32768,0,0,0
4,14,38,-29,255,255,32774,32768,0,0,0
4,84,74,-29,255,255,32774,32768,0,0,0
4,84,98,-29,255,255,32774,32768,0,0,0
4,12,2,-29,255,255,32774,32768,0,0,0
4,12,26,-29,255,255,32774,32768,0,0,0
4,60,49,-29,255,255,32774,32768,0,0,0
4,36,49,-29,255,255,32774,32772,0,0,0
4,72,98,-29,255,255,32774,32772,0,0,0
4,24,2,-29,255,255,32774,32772,0,0,0
4,99,100,-29,255,255,32774,32772,0,0,0
4,75,76,-29,255,255,32774,32772,0,0,0
4,27,28,-29,255,255,32774,32772,0,0,0
4,3,4,-29,255,255,32774,32772,0,0,0
2,27,28,2,84,74,32774,32774,0,84,74
3,105,104,-1,255,255,32775,61440,0,255,255
4,14,21,2,255,255,32774,32760,0,0,0
5,9,21,-1,255,255,32775,32854,0,0,0
4,50,54,2,255,255,32774,32760,0,0,0
5,19,12,-29,255,255,32775,61440,0,0,0
5,55,51,-29,255,255,32775,61440,0,0,0
6,14,21,2,255,255,32774,32760,0,0,0
7,9,21,-1,255,255,32775,32854,0,0,0
6,54,102,2,255,255,32774,32760,0,0,0
6,54,6,2,255,255,32774,32762,0,0,0
2,3,4,2,84,74,32774,32774,0,84,74
3,105,104,-1,255,255,32775,61440,0,255,255
4,14,21,2,255,255,32774,32760,0,0,0
5,9,21,-1,255,255,32775,32854,0,0,0
4,50,54,2,255,255,32774,32760,0,0,0
5,19,12,-29,255,255,32775,61440,0,0,0
5,55,51,-29,255,255,32775,61440,0,0,0
6,14,21,2,255,255,32774,32760,0,0,0
7,9,21,-1,255,255,32775,32854,0,0,0
6,54,102,2,255,255,32774,32760,0,0,0
6,54,6,2,255,255,32774,32762,0,0,0
1,91,55,-1,91,55,32774,32774,0,91,55
1,91,92,0,91,55,32774,32774,0,91,55
2,84,74,-1,255,255,32773,4096,0,84,74
3,105,104,-1,255,255,32774,61440,0,255,255
3,19,12,2,255,255,32774,32779,0,255,255
4,0,12,-1,255,255,32773,32694,0,0,0
3,57,56,2,255,255,32774,32779,0,255,255
3,105,103,2,255,255,32774,32779,0,255,255
3,9,8,2,255,255,32774,32779,0,255,255
3,9,7,2,255,255,32774,32779,0,255,255
3,92,91,2,255,255,32774,32779,0,255,255
3,92,90,2,255,255,32774,32779,0,255,255
3,92,89,2,255,255,32774,32779,0,255,255
3,92,88,2,255,255,32774,32779,0,255,255
3,92,87,2,255,255,32774,32779,0,255,255
3,92,86,2,255,255,32774,32779,0,255,255
3,92,85,2,255,255,32774,32779,0,255,255
3,92,84,2,255,255,32774,32779,0,255,255
3,92,80,2,255,255,32774,32779,0,255,255
3,92,68,2,255,255,32774,32779,0,255,255
3,92,56,2,255,255,32774,32779,0,255,255
3,92,44,2,255,255,32774,32779,0,255,255
3,92,32,2,255,255,32774,32779,0,255,255
3,92,20,2,255,255,32774,32779,0,255,255
3,92,8,2,255,255,32774,32779,0,255,255
3,92,104,2,255,255,32774,32779,0,255,255
3,19,18,2,255,255,32774,32779,0,255,255
3,19,17,2,255,255,32774,32779,0,255,255
3,19,16,2,255,255,32774,32779,0,255,255
3,19,15,2,255,255,32774,32779,0,255,255
3,19,20,2,255,255,32774,32779,0,255,255
3,19,7,2,255,255,32774,32779,0,255,255
3,19,31,2,255,255,32774,32779,0,255,255
3,19,43,2,255,255,32774,32779,0,255,255
3,19,55,2,255,255,32774,32779,0,255,255
3,19,67,2,255,255,32774,32778,0,255,255
3,19,79,2,255,255,32774,32778,0,255,255
3,19,91,2,255,255,32774,32778,0,255,255
3,19,103,2,255,255,32774,32778,0,255,255
3,21,7,2,255,255,32774,32778,0,255,255
3,21,31,2,255,255,32774,32778,0,255,255
3,69,56,2,255,255,32774,32778,0,255,255
3,45,56,2,255,255,32774,32778,0,255,255
3,81,55,2,255,255,32774,32778,0,255,255
3,33,7,2,255,255,32774,32778,0,255,255
3,33,55,2,255,255,32774,32778,0,255,255
3,102,101,2,255,255,32774,32778,0,255,255
3,78,77,2,255,255,32774,32778,0,255,255
3,54,53,2,255,255,32774,32778,0,255,255
3,30,29,2,255,255,32774,32778,0,255,255
3,6,5,2,255,255,32774,32778,0,255,255
1,19,12,2,91,55,32774,32774,0,91,55
2,0,12,-1,255,255,32773,4096,0,84,74
3,105,104,-1,255,255,32774,61440,0,255,255
3,57,56,2,255,255,32774,32792,0,255,255
3,105,103,2,255,255,32774,32792,0,255,255
3,9,8,2,255,255,32774,32792,0,255,255
3,9,7,2,255,255,32774,32792,0,255,255
3,91,90,2,255,255,32774,32792,0,255,255
3,91,89,2,255,255,32774,32792,0,255,255
3,91,88,2,255,255,32774,32792,0,255,255
3,91,87,2,255,255,32774,32792,0,255,255
3,91,86,2,255,255,32774,32792,0,255,255
3,91,85,2,255,255,32774,32792,0,255,255
3,91,92,2,255,255,32774,32792,0,255,255
3,91,79,2,255,255,32774,32792,0,255,255
3,91,67,2,255,255,32774,32792,0,255,255
3,91,55,2,255,255,32774,32792,0,255,255
3,91,43,2,255,255,32774,32791,0,255,255
3,91,31,2,255,255,32774,32791,0,255,255
3,91,19,2,255,255,32774,32791,0,255,255
3,91,7,2,255,255,32774,32791,0,255,255
3,91,103,2,255,255,32774,32791,0,255,255
3,93,79,2,255,255,32774,32791,0,255,255
3,93,103,2,255,255,32774,32791,0,255,255
3,21,7,2,255,255,32774,32791,0,255,255
3,21,31,2,255,255,32774,32791,0,255,255
3,69,56,2,255,255,32774,32791,0,255,255
3,45,56,2,255,255,32774,32791,0,255,255
3,81,55,2,255,255,32774,32791,0,255,255
3,81,103,2,255,255,32774,32791,0,255,255
3,33,7,2,255,255,32774,32791,0,255,255
3,33,55,2,255,255,32774,32791,0,255,255
3,102,101,2,255,255,32774,32791,0,255,255
3,78,77,2,255,255,32774,32791,0,255,255
3,54,53,2,255,255,32774,32791,0,255,255
3,30,29,2,255,255,32774,32791,0,255,255
3,6,5,2,255,255,32774,32791,0,255,255
1,57,56,2,91,55,32774,32774,0,91,55
2,84,74,-1,255,255,32773,4096,0,84,74
3,105,104,-1,255,255,32774,61440,0,255,255
3,91,84,0,255,255,32774,32781,0,255,255
3,19,12,2,255,255,32774,32781,0,255,255
4,0,12,-1,255,255,32773,32696,0,0,0
3,56,55,2,255,255,32774,32781,0,255,255
3,56,57,2,255,255,32774,32781,0,255,255
3,56,44,2,255,255,32774,32781,0,255,255
3,56,68,2,255,255,32774,32781,0,255,255
3,105,103,2,255,255,32774,32781,0,255,255
3,9,8,2,255,255,32774,32781,0,255,255
3,9,7,2,255,255,32774,32781,0,255,255
3,91,90,2,255,255,32774,32781,0,255,255
3,91,89,2,255,255,32774,32781,0,255,255
3,91,88,2,255,255,32774,32781,0,255,255
3,91,87,2,255,255,32774,32781,0,255,255
3,91,86,2,255,255,32774,32781,0,255,255
3,91,85,2,255,255,32774,32781,0,255,255
3,91,92,2,255,255,32774,32781,0,255,255
3,91,79,2,255,255,32774,32781,0,255,255
3,91,67,2,255,255,32774,32781,0,255,255
3,91,55,2,255,255,32774,32781,0,255,255
3,91,43,2,255,255,32774,32780,0,255,255
3,91,31,2,255,255,32774,32780,0,255,255
3,91,103,2,255,255,32774,32780,0,255,255
3,19,18,2,255,255,32774,32780,0,255,255
3,19,17,2,255,255,32774,32780,0,255,255
3,19,16,2,255,255,32774,32780,0,255,255
3,19,15,2,255,255,32774,32780,0,255,255
3,19,20,2,255,255,32774,32780,0,255,255
3,19,7,2,255,255,32774,32780,0,255,255
3,19,31,2,255,255,32774,32780,0,255,255
3,19,43,2,255,255,32774,32780,0,255,255
3,19,55,2,255,255,32774,32780,0,255,255
3,19,67,2,255,255,32774,32780,0,255,255
3,19,79,2,255,255,32774,32780,0,255,255
3,93,79,2,255,255,32774,32780,0,255,255
3,93,103,2,255,255,32774,32780,0,255,255
3,21,7,2,255,255,32774,32780,0,255,255
3,21,31,2,255,255,32774,32780,0,255,255
3,81,55,2,255,255,32774,32780,0,255,255
3,81,103,2,255,255,32774,32780,0,255,255
3,33,7,2,255,255,32774,32780,0,255,255
3,33,55,2,255,255,32774,32780,0,255,255
3,102,101,2,255,255,32774,32780,0,255,255
3,78,77,2,255,255,32774,32780,0,255,255
3,54,53,2,255,255,32774,32780,0,255,255
3,30,29,2,255,255,32774,32780,0,255,255
3,6,5,2,255,255,32774,32780,0,255,255
1,105,104,2,91,55,32774,32774,0,91,55
2,84,74,-1,255,255,32773,4096,0,84,74
3,91,84,0,255,255,32774,61440,0,255,255
3,19,12,2,255,255,32774,32781,0,255,255
4,0,12,-1,255,255,32773,32685,0,0,0
3,57,56,2,255,255,32774,32781,0,255,255
3,104,103,2,255,255,32774,32781,0,255,255
3,104,105,2,255,255,32774,32780,0,255,255
3,104,92,2,255,255,32774,32780,0,255,255
3,104,80,2,255,255,32774,32777,0,255,255
3,104,68,2,255,255,32774,32777,0,255,255
3,104,56,2,255,255,32774,32775,0,255,255
3,104,44,2,255,255,32774,32775,0,255,255
3,104,32,2,255,255,32774,32775,0,255,255
3,104,20,2,255,255,32774,32775,0,255,255
3,104,8,2,255,255,32774,32775,0,255,255
3,9,8,2,255,255,32774,32775,0,255,255
4,14,21,2,255,255,32773,32770,0,0,0
3,9,7,2,255,255,32774,32775,0,255,255
4,14,21,0,255,255,32773,32771,0,0,0
3,91,90,2,255,255,32774,32775,0,255,255
3,91,89,2,255,255,32774,32775,0,255,255
3,91,88,2,255,255,32774,32775,0,255,255
3,91,87,2,255,255,32774,32775,0,255,255
3,91,86,2,255,255,32774,32775,0,255,255
3,91,85,2,255,255,32774,32775,0,255,255
3,91,92,2,255,255,32774,32775,0,255,255
3,91,79,2,255,255,32774,32775,0,255,255
3,91,67,2,255,255,32774,32775,0,255,255
3,91,55,2,255,255,32774,32775,0,255,255
4,14,21,-1,255,255,32773,32769,0,0,0
5,9,21,-1,255,255,32774,32863,0,0,0
4,50,54,2,255,255,32773,32769,0,0,0
5,19,12,-29,255,255,32774,61440,0,0,0
5,55,51,-29,255,255,32774,61440,0,0,0
6,74,51,-1,255,255,32773,32769,0,0,0
5,57,56,-29,255,255,32774,32885,0,0,0
5,104,103,-29,255,255,32774,32885,0,0,0
5,104,105,-29,255,255,32774,32885,0,0,0
5,104,92,-29,255,255,32774,32885,0,0,0
5,104,80,-29,255,255,32774,32885,0,0,0
5,104,68,-29,255,255,32774,32885,0,0,0
5,104,56,-29,255,255,32774,32885,0,0,0
6,54,56,-1,255,255,32773,32768,0,0,0
7,57,56,-1,255,255,32774,32991,0,0,0
7,69,56,-1,255,255,32774,32887,0,0,0
7,45,56,-1,255,255,32774,32884,0,0,0
7,55,48,-1,255,255,32774,32884,0,0,0
6,54,56,2,255,255,32773,32768,0,0,0
7,57,56,-1,255,255,32774,32991,0,0,0
7,69,56,-1,255,255,32774,32887,0,0,0
7,45,56,-1,255,255,32774,32884,0,0,0
7,55,48,-1,255,255,32774,32884,0,0,0
6,14,21,2,255,255,32773,32768,0,0,0
7,9,21,-1,255,255,32774,32862,0,0,0
8,54,56,1,255,255,32773,32745,0,255,255
9,57,56,-1,255,255,32774,32968,0,255,255
9,69,56,-1,255,255,32774,32864,0,255,255
9,45,56,-1,255,255,32774,32861,0,255,255
9,55,48,1,255,255,32774,32861,0,255,255
6,54,102,2,255,255,32773,32768,0,0,0
6,54,6,2,255,255,32773,32770,0,0,0
2,96,97,0,255,255,32773,32770,0,84,74
3,91,55,0,255,255,32774,61440,0,255,255
4,14,21,-1,255,255,32773,32768,0,0,0
5,9,21,-1,255,255,32774,32862,0,0,0
4,50,54,2,255,255,32773,32768,0,0,0
5,19,12,-29,255,255,32774,61440,0,0,0
5,55,51,-29,255,255,32774,61440,0,0,0
6,14,21,2,255,255,32773,32768,0,0,0
7,9,21,-1,255,255,32774,32862,0,0,0
6,54,102,2,255,255,32773,32768,0,0,0
6,54,6,2,255,255,32773,32770,0,0,0
2,14,21,2,255,255,32773,32770,0,84,74
3,9,21,-1,255,255,32774,61440,0,255,255
4,50,54,2,255,255,32773,32746,0,0,0
2,50,54,2,255,255,32773,32770,0,84,74
3,91,55,-1,255,255,32774,61440,0,255,255
4,14,21,-1,255,255,32773,32756,0,0,0
5,9,21,-1,255,255,32774,32850,0,0,0
6,54,57,2,255,255,32773,32733,0,0,0
5,9,21,2,255,255,32774,32850,0,0,0
6,54,57,0,255,255,32773,32733,0,0,0
5,55,51,2,255,255,32774,32850,0,0,0
3,19,12,2,255,255,32774,32850,0,255,255
4,0,12,-1,255,255,32773,32672,0,0,0
3,57,56,2,255,255,32774,32789,0,255,255
4,14,21,-1,255,255,32773,32768,0,0,0
5,9,21,-1,255,255,32774,32862,0,0,0
4,54,102,2,255,255,32773,32768,0,0,0
4,54,6,2,255,255,32773,32770,0,0,0
2,48,49,2,255,255,32773,32770,0,84,74
3,91,55,-1,255,255,32774,61440,0,255,255
4,14,21,-1,255,255,32773,32757,0,0,0
5,9,21,-1,255,255,32774,32851,0,0,0
4,50,54,2,255,255,32773,32757,0,0,0
5,19,12,-29,255,255,32774,61440,0,0,0
5,55,51,-29,255,255,32774,61440,0,0,0
6,14,21,2,255,255,32773,32757,0,0,0
7,9,21,-1,255,255,32774,32851,0,0,0
6,54,102,2,255,255,32773,32757,0,0,0
6,54,6,2,255,255,32773,32759,0,0,0
2,96,98,2,255,255,32773,32770,0,84,74
3,91,55,-1,255,255,32774,61440,0,255,255
4,14,21,-1,255,255,32773,32767,0,0,0
5,9,21,-1,255,255,32774,32861,0,0,0
4,50,54,2,255,255,32773,32767,0,0,0
5,19,12,-29,255,255,32774,61440,0,0,0
5,55,51,-29,255,255,32774,61440,0,0,0
6,14,21,2,255,255,32773,32767,0,0,0
7,9,21,-1,255,255,32774,32861,0,0,0
6,54,102,2,255,255,32773,32767,0,0,0
6,54,6,2,255,255,32773,32769,0,0,0
2,0,1,2,255,255,32773,32770,0,84,74
3,91,55,-1,255,255,32774,61440,0,255,255
4,14,21,-1,255,255,32773,32768,0,0,0
5,9,21,-1,255,255,32774,32862,0,0,0
4,50,54,2,255,255,32773,32768,0,0,0
5,19,12,-29,255,255,32774,61440,0,0,0
5,55,51,-29,255,255,32774,61440,0,0,0
6,14,21,2,255,255,32773,32768,0,0,0
7,9,21,-1,255,255,32774,32862,0,0,0
6,54,102,2,255,255,32773,32768,0,0,0
6,54,6,2,255,255,32773,32770,0,0,0
2,0,2,2,255,255,32773,32770,0,84,74
3,91,55,-1,255,255,32774,61440,0,255,255
4,14,21,-1,255,255,32773,32767,0,0,0
5,9,21,-1,255,255,32774,32861,0,0,0
4,50,54,2,255,255,32773,32767,0,0,0
5,19,12,-29,255,255,32774,61440,0,0,0
5,55,51,-29,255,255,32774,61440,0,0,0
6,14,21,2,255,255,32773,32767,0,0,0
7,9,21,-1,255,255,32774,32861,0,0,0
6,54,102,2,255,255,32773,32767,0,0,0
6,54,6,2,255,255,32773,32769,0,0,0
2,50,49,2,255,255,32773,32770,0,84,74
3,91,55,-1,255,255,32774,61440,0,255,255
4,14,21,-1,255,255,32773,32748,0,0,0
5,9,21,-1,255,255,32774,32842,0,0,0
4,49,54,2,255,255,32773,32748,0,0,0
5,19,12,-29,255,255,32774,61440,0,0,0
5,55,51,-29,255,255,32774,61440,0,0,0
6,14,21,2,255,255,32773,32759,0,0,0
7,9,21,-1,255,255,32774,32853,0,0,0
6,54,102,2,255,255,32773,32759,0,0,0
6,54,6,2,255,255,32773,32761,0,0,0
2,50,38,2,255,255,32773,32770,0,84,74
3,91,55,-1,255,255,32774,61440,0,255,255
4,14,21,-1,255,255,32773,32751,0,0,0
5,9,21,-1,255,255,32774,32845,0,0,0
2,50,26,2,255,255,32773,32770,0,84,74
3,91,55,-1,255,255,32774,61440,0,255,255
4,14,21,-1,255,255,32773,32749,0,0,0
5,9,21,-1,255,255,32774,32843,0,0,0
4,26,30,2,255,255,32773,32749,0,0,0
2,50,62,2,255,255,32773,32770,0,84,74
3,91,55,-1,255,255,32774,61440,0,255,255
4,14,21,-1,255,255,32773,32751,0,0,0
5,9,21,-1,255,255,32774,32845,0,0,0
2,50,74,2,255,255,32773,32770,0,84,74
3,91,55,-1,255,255,32774,61440,0,255,255
4,14,21,-1,255,255,32773,32749,0,0,0
5,9,21,-1,255,255,32774,32843,0,0,0
4,74,78,2,255,255,32773,32749,0,0,0
2,50,98,2,255,255,32773,32770,0,84,74
3,91,55,-1,255,255,32774,61440,0,255,255
4,14,21,-1,255,255,32773,32749,0,0,0
5,9,21,-1,255,255,32774,32843,0,0,0
4,98,102,2,255,255,32773,32749,0,0,0
2,14,13,2,255,255,32773,32770,0,84,74
3,91,55,-1,255,255,32774,61440,0,255,255
4,13,21,2,255,255,32773,32759,0,0,0
5,9,21,-1,255,255,32774,32853,0,0,0
4,50,54,2,255,255,32773,32759,0,0,0
5,19,12,-29,255,255,32774,61440,0,0,0
5,55,51,-29,255,255,32774,61440,0,0,0
6,13,21,2,255,255,32773,32759,0,0,0
7,9,21,-1,255,255,32774,32853,0,0,0
6,54,102,2,255,255,32773,32759,0,0,0
6,54,6,2,255,255,32773,32761,0,0,0
2,14,15,2,255,255,32773,32770,0,84,74
3,91,55,-1,255,255,32774,61440,0,255,255
4,15,21,2,255,255,32773,32758,0,0,0
5,9,21,-1,255,255,32774,32853,0,0,0
4,50,54,2,255,255,32773,32758,0,0,0
5,19,12,-29,255,255,32774,61440,0,0,0
5,55,51,-29,255,255,32774,61440,0,0,0
6,15,51,-1,255,255,32773,32758,0,0,0
7,57,56,-29,255,255,32774,61440,0,0,0
7,104,103,-29,255,255,32774,61440,0,0,0
7,104,105,-29,255,255,32774,61440,0,0,0
7,104,92,-29,255,255,32774,61440,0,0,0
7,104,80,-29,255,255,32774,61440,0,0,0
7,104,68,-29,255,255,32774,61440,0,0,0
7,104,56,-29,255,255,32774,61440,0,0,0
7,104,44,-29,255,255,32774,32873,0,0,0
7,104,32,-29,255,255,32774,32873,0,0,0
7,104,20,-29,255,255,32774,32873,0,0,0
7,104,8,-29,255,255,32774,32873,0,0,0
7,9,8,-29,255,255,32774,32873,0,0,0
7,9,7,-29,255,255,32774,32873,0,0,0
7,19,18,-29,255,255,32774,32873,0,0,0
7,19,17,-29,255,255,32774,32873,0,0,0
7,19,16,-29,255,255,32774,32873,0,0,0
7,19,15,-29,255,255,32774,32873,0,0,0
7,19,14,-29,255,255,32774,32873,0,0,0
7,19,13,-29,255,255,32774,32873,0,0,0
7,19,20,-29,255,255,32774,32873,0,0,0
7,19,7,-29,255,255,32774,32873,0,0,0
7,19,31,-29,255,255,32774,32873,0,0,0
7,19,43,-29,255,255,32774,32873,0,0,0
7,19,55,-29,255,255,32774,32873,0,0,0
7,19,67,-29,255,255,32774,32861,0,0,0
7,19,79,-29,255,255,32774,32861,0,0,0
7,19,91,-29,255,255,32774,32861,0,0,0
7,19,103,-29,255,255,32774,32861,0,0,0
7,93,79,-29,255,255,32774,32861,0,0,0
7,93,103,-29,255,255,32774,32861,0,0,0
7,21,7,-29,255,255,32774,32861,0,0,0
7,21,31,-29,255,255,32774,32861,0,0,0
7,69,56,-29,255,255,32774,32861,0,0,0
7,45,56,-29,255,255,32774,32861,0,0,0
7,81,55,-29,255,255,32774,32861,0,0,0
7,81,103,-29,255,255,32774,32861,0,0,0
7,33,7,-29,255,255,32774,32861,0,0,0
7,33,55,-29,255,255,32774,32861,0,0,0
7,102,101,-29,255,255,32774,32861,0,0,0
7,78,77,-29,255,255,32774,32861,0,0,0
7,30,29,-29,255,255,32774,32861,0,0,0
7,6,5,-29,255,255,32774,32861,0,0,0
5,57,56,-29,255,255,32774,32861,0,0,0
5,104,103,-29,255,255,32774,32861,0,0,0
5,104,105,-29,255,255,32774,32861,0,0,0
5,104,92,-29,255,255,32774,32861,0,0,0
5,104,80,-29,255,255,32774,32861,0,0,0
5,104,68,-29,255,255,32774,32861,0,0,0
5,104,56,-29,255,255,32774,32861,0,0,0
6,54,56,-1,255,255,32773,32757,0,0,0
7,57,56,-1,255,255,32774,32980,0,0,0
7,69,56,-1,255,255,32774,32876,0,0,0
7,45,56,-1,255,255,32774,32873,0,0,0
7,55,48,-1,255,255,32774,32873,0,0,0
6,54,56,2,255,255,32773,32757,0,0,0
7,57,56,-1,255,255,32774,32980,0,0,0
7,69,56,-1,255,255,32774,32876,0,0,0
7,45,56,-1,255,255,32774,32873,0,0,0
7,55,48,-1,255,255,32774,32873,0,0,0
6,15,21,2,255,255,32773,32757,0,0,0
7,9,21,-1,255,255,32774,32852,0,0,0
8,54,56,1,255,255,32773,32735,0,255,255
9,57,56,-1,255,255,32774,32958,0,255,255
9,69,56,-1,255,255,32774,32854,0,255,255
9,45,56,-1,255,255,32774,32851,0,255,255
9,55,48,1,255,255,32774,32851,0,255,255
6,54,102,2,255,255,32773,32757,0,0,0
6,54,6,2,255,255,32773,32759,0,0,0
2,14,16,2,255,255,32773,32770,0,84,74
3,91,55,-1,255,255,32774,61440,0,255,255
4,16,21,2,255,255,32773,32758,0,0,0
5,9,21,-1,255,255,32774,32853,0,0,0
4,50,54,2,255,255,32773,32758,0,0,0
5,19,12,-29,255,255,32774,61440,0,0,0
5,55,51,-29,255,255,32774,61440,0,0,0
6,16,21,2,255,255,32773,32758,0,0,0
7,9,21,-1,255,255,32774,32853,0,0,0
6,54,102,2,255,255,32773,32758,0,0,0
6,54,6,2,255,255,32773,32760,0,0,0
2,14,17,2,255,255,32773,32770,0,84,74
3,91,55,-1,255,255,32774,61440,0,255,255
4,17,21,2,255,255,32773,32757,0,0,0
5,9,21,-1,255,255,32774,32853,0,0,0
4,50,54,2,255,255,32773,32757,0,0,0
5,19,12,-29,255,255,32774,61440,0,0,0
5,55,51,-29,255,255,32774,61440,0,0,0
6,17,21,2,255,255,32773,32757,0,0,0
7,9,21,-1,255,255,32774,32853,0,0,0
6,54,102,2,255,255,32773,32757,0,0,0
6,54,6,2,255,255,32773,32759,0,0,0
2,14,18,2,255,255,32773,32770,0,84,74
3,91,55,-1,255,255,32774,61440,0,255,255
4,18,21,2,255,255,32773,32757,0,0,0
5,9,21,-1,255,255,32774,32853,0,0,0
4,18,54,2,255,255,32773,32757,0,0,0
5,55,51,-29,255,255,32774,61440,0,0,0
6,54,102,-29,255,255,32773,4096,0,0,0
6,54,6,-29,255,255,32773,4096,0,0,0
6,48,49,-29,255,255,32773,4096,0,0,0
6,96,97,-29,255,255,32773,4096,0,0,0
6,96,98,-29,255,255,32773,4096,0,0,0
6,0,1,-29,255,255,32773,4096,0,0,0
6,0,2,-29,255,255,32773,4096,0,0,0
6,50,49,-29,255,255,32773,4096,0,0,0
6,50,38,-29,255,255,32773,4096,0,0,0
6,50,26,-29,255,255,32773,32761,0,0,0
6,50,14,-29,255,255,32773,32761,0,0,0
6,50,2,-29,255,255,32773,32761,0,0,0
6,50,62,-29,255,255,32773,32761,0,0,0
6,50,74,-29,255,255,32773,32761,0,0,0
6,50,86,-29,255,255,32773,32761,0,0,0
6,50,98,-29,255,255,32773,32761,0,0,0
6,54,53,-29,255,255,32773,32761,0,0,0
6,54,52,-29,255,255,32773,32761,0,0,0
6,54,55,-29,255,255,32773,32761,0,0,0
6,54,56,-29,255,255,32773,32761,0,0,0
6,54,42,-29,255,255,32773,32761,0,0,0
6,54,66,-29,255,255,32773,32761,0,0,0
6,84,74,-29,255,255,32773,32761,0,0,0
6,84,98,-29,255,255,32773,32761,0,0,0
6,12,2,-29,255,255,32773,32761,0,0,0
6,12,26,-29,255,255,32773,32761,0,0,0
6,60,49,-29,255,255,32773,32761,0,0,0
6,36,49,-29,255,255,32773,32770,0,0,0
6,72,98,-29,255,255,32773,32770,0,0,0
6,24,2,-29,255,255,32773,32770,0,0,0
6,99,100,-29,255,255,32773,32770,0,0,0
6,75,76,-29,255,255,32773,32770,0,0,0
6,27,28,-29,255,255,32773,32770,0,0,0
6,3,4,-29,255,255,32773,32770,0,0,0
4,50,54,2,255,255,32773,32770,0,0,0
5,19,12,-29,255,255,32774,61440,0,0,0
5,55,51,-29,255,255,32774,61440,0,0,0
6,18,21,2,255,255,32773,32757,0,0,0
7,9,21,-1,255,255,32774,32853,0,0,0
6,54,102,2,255,255,32773,32757,0,0,0
2,14,2,2,255,255,32773,32770,0,84,74
3,91,55,-1,255,255,32774,61440,0,255,255
4,50,54,2,255,255,32773,32759,0,0,0
5,55,51,-29,255,255,32774,61440,0,0,0
6,54,102,2,255,255,32773,32759,0,0,0
6,2,6,2,255,255,32773,32761,0,0,0
6,54,6,2,255,255,32773,32762,0,0,0
4,2,6,2,255,255,32773,32762,0,0,0
2,14,26,2,255,255,32773,32770,0,84,74
3,91,55,-1,255,255,32774,61440,0,255,255
4,50,54,2,255,255,32773,32759,0,0,0
5,55,51,-29,255,255,32774,61440,0,0,0
6,54,102,2,255,255,32773,32759,0,0,0
6,26,30,2,255,255,32773,32761,0,0,0
6,54,6,2,255,255,32773,32762,0,0,0
4,26,30,2,255,255,32773,32762,0,0,0
2,14,38,2,255,255,32773,32770,0,84,74
3,91,55,-1,255,255,32774,61440,0,255,255
4,50,54,2,255,255,32773,32761,0,0,0
5,55,51,-29,255,255,32774,61440,0,0,0
6,54,102,2,255,255,32773,32761,0,0,0
6,54,6,2,255,255,32773,32763,0,0,0
2,84,98,2,255,255,32773,32770,0,84,74
3,91,55,-1,255,255,32774,61440,0,255,255
4,14,21,-1,255,255,32773,32767,0,0,0
5,9,21,-1,255,255,32774,32861,0,0,0
4,50,54,2,255,255,32773,32767,0,0,0
5,19,12,-29,255,255,32774,61440,0,0,0
5,55,51,-29,255,255,32774,61440,0,0,0
6,14,21,2,255,255,32773,32767,0,0,0
7,9,21,-1,255,255,32774,32861,0,0,0
6,54,102,2,255,255,32773,32767,0,0,0
6,54,6,2,255,255,32773,32769,0,0,0
2,12,2,2,255,255,32773,32770,0,84,74
3,91,55,-1,255,255,32774,61440,0,255,255
4,14,21,-1,255,255,32773,32767,0,0,0
5,9,21,-1,255,255,32774,32861,0,0,0
4,50,54,2,255,255,32773,32767,0,0,0
5,55,51,-29,255,255,32774,61440,0,0,0
6,14,21,2,255,255,32773,32767,0,0,0
7,9,21,-1,255,255,32774,32861,0,0,0
6,54,102,2,255,255,32773,32767,0,0,0
6,54,6,2,255,255,32773,32769,0,0,0
2,12,26,2,255,255,32773,32770,0,84,74
3,91,55,-1,255,255,32774,61440,0,255,255
4,14,21,-1,255,255,32773,32769,0,0,0
5,9,21,-1,255,255,32774,32863,0,0,0
4,50,54,2,255,255,32773,32769,0,0,0
5,55,51,-29,255,255,32774,61440,0,0,0
6,26,51,-1,255,255,32773,32769,0,0,0
5,57,56,-29,255,255,32774,32885,0,0,0
5,104,103,-29,255,255,32774,32885,0,0,0
5,104,105,-29,255,255,32774,32885,0,0,0
5,104,92,-29,255,255,32774,32885,0,0,0
5,104,80,-29,255,255,32774,32885,0,0,0
5,104,68,-29,255,255,32774,32885,0,0,0
5,104,56,-29,255,255,32774,32885,0,0,0
6,54,56,-1,255,255,32773,32768,0,0,0
7,57,56,-1,255,255,32774,32991,0,0,0
7,69,56,-1,255,255,32774,32887,0,0,0
7,45,56,-1,255,255,32774,32884,0,0,0
7,55,48,-1,255,255,32774,32884,0,0,0
6,54,56,2,255,255,32773,32768,0,0,0
7,57,56,-1,255,255,32774,32991,0,0,0
7,69,56,-1,255,255,32774,32887,0,0,0
7,45,56,-1,255,255,32774,32884,0,0,0
7,55,48,-1,255,255,32774,32884,0,0,0
6,14,21,2,255,255,32773,32768,0,0,0
7,9,21,-1,255,255,32774,32862,0,0,0
8,54,56,1,255,255,32773,32745,0,255,255
9,57,56,-1,255,255,32774,32968,0,255,255
9,69,56,-1,255,255,32774,32864,0,255,255
9,45,56,-1,255,255,32774,32861,0,255,255
9,55,48,1,255,255,32774,32861,0,255,255
6,54,102,2,255,255,32773,32768,0,0,0
6,54,6,2,255,255,32773,32770,0,0,0
2,60,49,2,255,255,32773,32770,0,84,74
3,91,55,-1,255,255,32774,61440,0,255,255
4,14,21,-1,255,255,32773,32760,0,0,0
5,9,21,-1,255,255,32774,32854,0,0,0
4,50,54,2,255,255,32773,32760,0,0,0
5,19,12,-29,255,255,32774,61440,0,0,0
5,55,51,-29,255,255,32774,61440,0,0,0
6,14,21,-29,255,255,32773,4096,0,0,0
6,54,102,-29,255,255,32773,4096,0,0,0
6,54,6,-29,255,255,32773,4096,0,0,0
6,48,60,-29,255,255,32773,4096,0,0,0
6,96,97,-29,255,255,32773,32759,0,0,0
6,96,98,-29,255,255,32773,32759,0,0,0
6,0,1,-29,255,255,32773,32759,0,0,0
6,0,2,-29,255,255,32773,32759,0,0,0
6,54,53,-29,255,255,32773,32759,0,0,0
6,54,52,-29,255,255,32773,32759,0,0,0
6,54,55,-29,255,255,32773,32759,0,0,0
6,54,56,-29,255,255,32773,32759,0,0,0
6,54,42,-29,255,255,32773,32759,0,0,0
6,54,66,-29,255,255,32773,32759,0,0,0
6,14,13,-29,255,255,32773,32759,0,0,0
6,14,15,-29,255,255,32773,32759,0,0,0
6,14,16,-29,255,255,32773,32759,0,0,0
6,14,17,-29,255,255,32773,32759,0,0,0
6,14,18,-29,255,255,32773,32759,0,0,0
6,14,2,-29,255,255,32773,32759,0,0,0
6,14,26,-29,255,255,32773,32759,0,0,0
6,14,38,-29,255,255,32773,32759,0,0,0
6,14,50,-29,255,255,32773,32759,0,0,0
6,14,62,-29,255,255,32773,32770,0,0,0
6,14,74,-29,255,255,32773,32770,0,0,0
6,14,86,-29,255,255,32773,32770,0,0,0
6,14,98,-29,255,255,32773,32770,0,0,0
6,84,74,-29,255,255,32773,32770,0,0,0
6,84,98,-29,255,255,32773,32770,0,0,0
6,12,2,-29,255,255,32773,32770,0,0,0
6,12,26,-29,255,255,32773,32770,0,0,0
6,49,60,-29,255,255,32773,32770,0,0,0
6,49,38,-29,255,255,32773,32770,0,0,0
6,49,62,-29,255,255,32773,32770,0,0,0
6,72,50,-29,255,255,32773,32770,0,0,0
6,72,98,-29,255,255,32773,32770,0,0,0
6,24,2,-29,255,255,32773,32770,0,0,0
6,24,50,-29,255,255,32773,32770,0,0,0
6,99,100,-29,255,255,32773,32770,0,0,0
6,75,76,-29,255,255,32773,32770,0,0,0
6,27,28,-29,255,255,32773,32770,0,0,0
6,3,4,-29,255,255,32773,32770,0,0,0
2,36,49,2,255,255,32773,32770,0,84,74
3,91,55,-1,255,255,32774,61440,0,255,255
4,14,21,-1,255,255,32773,32760,0,0,0
5,9,21,-1,255,255,32774,32854,0,0,0
4,50,54,2,255,255,32773,32760,0,0,0
5,19,12,-29,255,255,32774,61440,0,0,0
5,55,51,-29,255,255,32774,61440,0,0,0
6,14,21,-29,255,255,32773,4096,0,0,0
6,54,102,-29,255,255,32773,4096,0,0,0
6,54,6,-29,255,255,32773,4096,0,0,0
6,48,36,-29,255,255,32773,4096,0,0,0
6,96,97,-29,255,255,32773,32759,0,0,0
6,96,98,-29,255,255,32773,32759,0,0,0
6,0,1,-29,255,255,32773,32759,0,0,0
6,0,2,-29,255,255,32773,32759,0,0,0
6,54,53,-29,255,255,32773,32759,0,0,0
6,54,52,-29,255,255,32773,32759,0,0,0
6,54,55,-29,255,255,32773,32759,0,0,0
6,54,56,-29,255,255,32773,32759,0,0,0
6,54,42,-29,255,255,32773,32759,0,0,0
6,54,66,-29,255,255,32773,32759,0,0,0
6,14,13,-29,255,255,32773,32759,0,0,0
6,14,15,-29,255,255,32773,32759,0,0,0
6,14,16,-29,255,255,32773,32759,0,0,0
6,14,17,-29,255,255,32773,32759,0,0,0
6,14,18,-29,255,255,32773,32759,0,0,0
6,14,2,-29,255,255,32773,32759,0,0,0
6,14,26,-29,255,255,32773,32759,0,0,0
6,14,38,-29,255,255,32773,32759,0,0,0
6,14,50,-29,255,255,32773,32759,0,0,0
6,14,62,-29,255,255,32773,32770,0,0,0
6,14,74,-29,255,255,32773,32770,0,0,0
6,14,86,-29,255,255,32773,32770,0,0,0
6,14,98,-29,255,255,32773,32770,0,0,0
6,84,74,-29,255,255,32773,32770,0,0,0
6,84,98,-29,255,255,32773,32770,0,0,0
6,12,2,-29,255,255,32773,32770,0,0,0
6,12,26,-29,255,255,32773,32770,0,0,0
6,49,36,-29,255,255,32773,32770,0,0,0
6,49,38,-29,255,255,32773,32770,0,0,0
6,49,62,-29,255,255,32773,32770,0,0,0
6,72,50,-29,255,255,32773,32770,0,0,0
6,72,98,-29,255,255,32773,32770,0,0,0
6,24,2,-29,255,255,32773,32770,0,0,0
6,24,50,-29,255,255,32773,32770,0,0,0
6,99,100,-29,255,255,32773,32770,0,0,0
6,75,76,-29,255,255,32773,32770,0,0,0
6,27,28,-29,255,255,32773,32770,0,0,0
6,3,4,-29,255,255,32773,32770,0,0,0
2,72,98,2,255,255,32773,32770,0,84,74
3,91,55,-1,255,255,32774,61440,0,255,255
4,14,21,-1,255,255,32773,32758,0,0,0
5,9,21,-1,255,255,32774,32852,0,0,0
4,50,54,2,255,255,32773,32758,0,0,0
5,19,12,-29,255,255,32774,61440,0,0,0
5,55,51,-29,255,255,32774,61440,0,0,0
6,14,21,2,255,255,32773,32758,0,0,0
7,9,21,-1,255,255,32774,32852,0,0,0
6,54,102,2,255,255,32773,32758,0,0,0
6,54,6,2,255,255,32773,32760,0,0,0
2,24,2,2,255,255,32773,32770,0,84,74
3,91,55,-1,255,255,32774,61440,0,255,255
4,14,21,-1,255,255,32773,32758,0,0,0
5,9,21,-1,255,255,32774,32852,0,0,0
4,50,54,2,255,255,32773,32758,0,0,0
5,19,12,-29,255,255,32774,61440,0,0,0
5,55,51,-29,255,255,32774,61440,0,0,0
6,14,21,2,255,255,32773,32758,0,0,0
7,9,21,-1,255,255,32774,32852,0,0,0
6,54,102,2,255,255,32773,32758,0,0,0
6,54,6,2,255,255,32773,32760,0,0,0
2,99,100,2,255,255,32773,32770,0,84,74
3,91,55,-1,255,255,32774,61440,0,255,255
4,14,21,-1,255,255,32773,32760,0,0,0
5,9,21,-1,255,255,32774,32854,0,0,0
4,50,54,2,255,255,32773,32760,0,0,0
5,19,12,-29,255,255,32774,61440,0,0,0
5,55,51,-29,255,255,32774,61440,0,0,0
6,14,21,2,255,255,32773,32760,0,0,0
7,9,21,-1,255,255,32774,32854,0,0,0
6,54,102,2,255,255,32773,32760,0,0,0
6,54,6,2,255,255,32773,32762,0,0,0
2,75,76,2,255,255,32773,32770,0,84,74
3,91,55,-1,255,255,32774,61440,0,255,255
4,14,21,-1,255,255,32773,32760,0,0,0
5,9,21,-1,255,255,32774,32854,0,0,0
4,50,54,2,255,255,32773,32760,0,0,0
5,19,12,-29,255,255,32774,61440,0,0,0
5,55,51,-29,255,255,32774,61440,0,0,0
6,14,21,2,255,255,32773,32760,0,0,0
7,9,21,-1,255,255,32774,32854,0,0,0
6,54,102,2,255,255,32773,32760,0,0,0
6,54,6,2,255,255,32773,32762,0,0,0
2,51,52,2,255,255,32773,32770,0,84,74
3,91,55,-1,255,255,32774,61440,0,255,255
4,14,21,-1,255,255,32773,32760,0,0,0
5,9,21,-1,255,255,32774,32854,0,0,0
4,50,54,2,255,255,32773,32760,0,0,0
5,19,12,-29,255,255,32774,61440,0,0,0
5,55,52,-29,255,255,32774,61440,0,0,0
6,14,21,2,255,255,32773,32759,0,0,0
7,9,21,-1,255,255,32774,32853,0,0,0
6,54,102,2,255,255,32773,32759,0,0,0
6,54,6,2,255,255,32773,32761,0,0,0
2,27,28,2,255,255,32773,32770,0,84,74
3,91,55,-1,255,255,32774,61440,0,255,255
4,14,21,-1,255,255,32773,32760,0,0,0
5,9,21,-1,255,255,32774,32854,0,0,0
4,50,54,2,255,255,32773,32760,0,0,0
5,19,12,-29,255,255,32774,61440,0,0,0
5,55,51,-29,255,255,32774,61440,0,0,0
6,14,21,2,255,255,32773,32760,0,0,0
7,9,21,-1,255,255,32774,32854,0,0,0
6,54,102,2,255,255,32773,32760,0,0,0
6,54,6,2,255,255,32773,32762,0,0,0
2,3,4,2,255,255,32773,32770,0,84,74
3,91,55,-1,255,255,32774,61440,0,255,255
4,14,21,-1,255,255,32773,32760,0,0,0
5,9,21,-1,255,255,32774,32854,0,0,0
4,50,54,2,255,255,32773,32760,0,0,0
5,19,12,-29,255,255,32774,61440,0,0,0
5,55,51,-29,255,255,32774,61440,0,0,0
6,14,21,2,255,255,32773,32760,0,0,0
7,9,21,-1,255,255,32774,32854,0,0,0
6,54,102,2,255,255,32773,32760,0,0,0
6,54,6,2,255,255,32773,32762,0,0,0
2,84,74,-1,255,255,32728,4096,0,84,74
3,91,55,-1,255,255,32774,61440,0,255,255
4,14,21,-1,255,255,32769,32769,0,0,0
5,9,21,-1,255,255,32774,32863,0,0,0
4,50,54,2,255,255,32769,32769,0,0,0
5,19,12,-29,255,255,32774,61440,0,0,0
5,55,51,-29,255,255,32774,61440,0,0,0
6,74,51,-1,255,255,32769,32769,0,0,0
5,57,56,-29,255,255,32774,32885,0,0,0
5,104,103,-29,255,255,32774,32885,0,0,0
5,104,105,-29,255,255,32774,32885,0,0,0
5,104,92,-29,255,255,32774,32885,0,0,0
5,104,80,-29,255,255,32774,32885,0,0,0
5,104,68,-29,255,255,32774,32885,0,0,0
5,104,56,-29,255,255,32774,32885,0,0,0
6,54,56,-1,255,255,32769,32768,0,0,0
7,57,56,-1,255,255,32774,32991,0,0,0
7,69,56,-1,255,255,32774,32887,0,0,0
7,45,56,-1,255,255,32774,32884,0,0,0
7,55,48,-1,255,255,32774,32884,0,0,0
6,54,56,2,255,255,32769,32768,0,0,0
7,57,56,-1,255,255,32774,32991,0,0,0
7,69,56,-1,255,255,32774,32887,0,0,0
7,45,56,-1,255,255,32774,32884,0,0,0
7,55,48,-1,255,255,32774,32884,0,0,0
6,14,21,2,255,255,32769,32768,0,0,0
7,9,21,-1,255,255,32774,32862,0,0,0
8,54,56,1,255,255,32769,32745,0,255,255
9,57,56,-1,255,255,32774,32968,0,255,255
9,69,56,-1,255,255,32774,32864,0,255,255
9,45,56,-1,255,255,32774,32861,0,255,255
9,55,48,1,255,255,32774,32861,0,255,255
6,54,102,2,255,255,32769,32768,0,0,0
7,55,48,-1,255,255,32770,32770,0,0,0
6,54,6,2,255,255,32769,32768,0,0,0
7,9,6,-1,255,255,32770,32770,0,0,0
3,57,56,0,255,255,32769,32769,0,255,255
3,19,12,2,255,255,32769,32769,0,255,255
4,0,12,-1,255,255,32728,32685,0,0,0
3,104,103,2,255,255,32769,32769,0,255,255
3,104,105,2,255,255,32769,32769,0,255,255
3,104,92,2,255,255,32769,32769,0,255,255
3,104,80,2,255,255,32769,32769,0,255,255
3,104,68,2,255,255,32769,32769,0,255,255
3,104,56,2,255,255,32769,32769,0,255,255
3,104,44,2,255,255,32769,32769,0,255,255
3,104,32,2,255,255,32769,32769,0,255,255
3,104,20,2,255,255,32769,32769,0,255,255
3,104,8,2,255,255,32769,32769,0,255,255
3,9,8,2,255,255,32769,32769,0,255,255
3,9,7,2,255,255,32769,32769,0,255,255
3,91,90,2,255,255,32769,32769,0,255,255
3,91,89,2,255,255,32769,32769,0,255,255
3,91,88,2,255,255,32769,32769,0,255,255
3,91,87,2,255,255,32769,32769,0,255,255
3,91,86,2,255,255,32769,32769,0,255,255
3,91,85,2,255,255,32769,32769,0,255,255
3,91,84,2,255,255,32769,32769,0,255,255
3,91,92,2,255,255,32769,32769,0,255,255
3,91,79,2,255,255,32769,32769,0,255,255
3,91,67,2,255,255,32769,32769,0,255,255
3,91,43,2,255,255,32769,32769,0,255,255
3,91,31,2,255,255,32769,32769,0,255,255
3,91,103,2,255,255,32769,32769,0,255,255
3,19,18,2,255,255,32769,32769,0,255,255
3,19,17,2,255,255,32769,32769,0,255,255
3,19,16,2,255,255,32769,32769,0,255,255
3,19,15,2,255,255,32769,32769,0,255,255
3,19,20,2,255,255,32769,32769,0,255,255
3,19,7,2,255,255,32769,32769,0,255,255
3,19,31,2,255,255,32769,32769,0,255,255
3,19,43,2,255,255,32769,32769,0,255,255
3,19,55,2,255,255,32769,32769,0,255,255
3,19,67,2,255,255,32769,32769,0,255,255
3,19,79,2,255,255,32769,32769,0,255,255
3,93,79,2,255,255,32769,32769,0,255,255
3,93,103,2,255,255,32769,32769,0,255,255
3,21,7,2,255,255,32769,32769,0,255,255
3,21,31,2,255,255,32769,32769,0,255,255
3,69,56,2,255,255,32769,32769,0,255,255
3,45,56,2,255,255,32769,32769,0,255,255
3,81,55,2,255,255,32769,32769,0,255,255
3,81,103,2,255,255,32769,32769,0,255,255
3,33,7,2,255,255,32769,32769,0,255,255
3,33,55,2,255,255,32769,32769,0,255,255
3,102,101,2,255,255,32769,32769,0,255,255
3,78,77,2,255,255,32769,32769,0,255,255
3,54,53,2,255,255,32769,32769,0,255,255
3,30,29,2,255,255,32769,32769,0,255,255
3,6,5,2,255,255,32769,32769,0,255,255
2,96,97,0,255,255,32769,32769,0,84,74
3,91,55,-1,255,255,32774,61440,0,255,255
4,14,21,-1,255,255,32769,32768,0,0,0
5,9,21,-1,255,255,32774,32862,0,0,0
4,50,54,2,255,255,32769,32768,0,0,0
5,19,12,-29,255,255,32774,61440,0,0,0
5,55,51,-29,255,255,32774,61440,0,0,0
6,14,21,2,255,255,32769,32768,0,0,0
7,9,21,-1,255,255,32774,32862,0,0,0
6,54,102,2,255,255,32769,32768,0,0,0
7,104,102,-1,255,255,32770,32770,0,0,0
6,54,6,2,255,255,32769,32768,0,0,0
7,9,6,-1,255,255,32770,32770,0,0,0
2,14,21,2,255,255,32769,32769,0,84,74
3,9,21,-1,255,255,32774,61440,0,255,255
4,50,54,2,255,255,32769,32746,0,0,0
2,50,54,2,255,255,32769,32769,0,84,74
3,91,55,-1,255,255,32774,61440,0,255,255
4,14,21,-1,255,255,32769,32756,0,0,0
5,9,21,-1,255,255,32774,32850,0,0,0
6,54,57,-1,255,255,32769,32733,0,0,0
5,9,21,2,255,255,32774,32850,0,0,0
6,54,57,-1,255,255,32769,32733,0,0,0
5,55,51,2,255,255,32774,32850,0,0,0
3,57,56,0,255,255,32774,32850,0,255,255
4,14,21,-1,255,255,32769,32768,0,0,0
5,9,21,-1,255,255,32774,32862,0,0,0
4,54,102,2,255,255,32769,32768,0,0,0
5,104,102,-1,255,255,32770,32770,0,0,0
4,54,6,2,255,255,32769,32768,0,0,0
5,9,6,-1,255,255,32770,32770,0,0,0
2,48,49,2,255,255,32769,32769,0,84,74
3,57,56,-1,255,255,32774,61440,0,255,255
4,14,21,-1,255,255,32769,32769,0,0,0
5,9,21,-1,255,255,32774,32863,0,0,0
4,50,54,2,255,255,32769,32769,0,0,0
2,96,98,2,255,255,32769,32769,0,84,74
3,57,56,-1,255,255,32774,61440,0,255,255
3,91,55,0,255,255,32774,32779,0,255,255
4,14,21,-1,255,255,32769,32767,0,0,0
5,9,21,-1,255,255,32774,32861,0,0,0
4,50,54,2,255,255,32769,32767,0,0,0
5,19,12,-29,255,255,32774,61440,0,0,0
5,55,51,-29,255,255,32774,61440,0,0,0
6,14,21,2,255,255,32769,32767,0,0,0
7,9,21,-1,255,255,32774,32861,0,0,0
6,54,102,2,255,255,32769,32767,0,0,0
6,54,6,2,255,255,32769,32769,0,0,0
2,0,1,2,255,255,32769,32769,0,84,74
3,91,55,-1,255,255,32774,61440,0,255,255
4,14,21,-1,255,255,32769,32768,0,0,0
5,9,21,-1,255,255,32774,32862,0,0,0
4,50,54,2,255,255,32769,32768,0,0,0
5,19,12,-29,255,255,32774,61440,0,0,0
5,55,51,-29,255,255,32774,61440,0,0,0
6,14,21,2,255,255,32769,32768,0,0,0
7,9,21,-1,255,255,32774,32862,0,0,0
6,54,102,2,255,255,32769,32768,0,0,0
7,104,102,-1,255,255,32770,32770,0,0,0
6,54,6,2,255,255,32769,32768,0,0,0
7,9,6,-1,255,255,32770,32770,0,0,0
2,0,2,2,255,255,32769,32769,0,84,74
3,91,55,-1,255,255,32774,61440,0,255,255
4,14,21,-1,255,255,32769,32767,0,0,0
5,9,21,-1,255,255,32774,32861,0,0,0
4,50,54,2,255,255,32769,32767,0,0,0
5,19,12,-29,255,255,32774,61440,0,0,0
5,55,51,-29,255,255,32774,61440,0,0,0
6,14,21,2,255,255,32769,32767,0,0,0
7,9,21,-1,255,255,32774,32861,0,0,0
6,54,102,2,255,255,32769,32767,0,0,0
6,54,6,2,255,255,32769,32769,0,0,0
2,50,49,2,255,255,32769,32769,0,84,74
3,91,55,-1,255,255,32774,61440,0,255,255
4,14,21,-1,255,255,32769,32748,0,0,0
5,9,21,-1,255,255,32774,32842,0,0,0
4,49,54,2,255,255,32769,32748,0,0,0
5,19,12,-29,255,255,32774,61440,0,0,0
5,55,51,-29,255,255,32774,61440,0,0,0
6,14,21,2,255,255,32769,32759,0,0,0
7,9,21,-1,255,255,32774,32853,0,0,0
6,54,102,2,255,255,32769,32759,0,0,0
6,54,6,2,255,255,32769,32761,0,0,0
2,50,38,2,255,255,32769,32769,0,84,74
3,91,55,-1,255,255,32774,61440,0,255,255
4,14,21,-1,255,255,32769,32751,0,0,0
5,9,21,-1,255,255,32774,32845,0,0,0
2,50,26,2,255,255,32769,32769,0,84,74
3,91,55,-1,255,255,32774,61440,0,255,255
4,14,21,-1,255,255,32769,32749,0,0,0
5,9,21,-1,255,255,32774,32843,0,0,0
4,26,30,2,255,255,32769,32749,0,0,0
2,50,62,2,255,255,32769,32769,0,84,74
3,91,55,-1,255,255,32774,61440,0,255,255
4,14,21,-1,255,255,32769,32751,0,0,0
5,9,21,-1,255,255,32774,32845,0,0,0
2,50,74,2,255,255,32769,32769,0,84,74
3,91,55,-1,255,255,32774,61440,0,255,255
4,14,21,-1,255,255,32769,32749,0,0,0
5,9,21,-1,255,255,32774,32843,0,0,0
4,74,78,2,255,255,32769,32749,0,0,0
2,50,98,2,255,255,32769,32769,0,84,74
3,91,55,-1,255,255,32774,61440,0,255,255
4,14,21,-1,255,255,32769,32749,0,0,0
5,9,21,-1,255,255,32774,32843,0,0,0
4,98,102,2,255,255,32769,32749,0,0,0
2,14,13,2,255,255,32769,32769,0,84,74
3,91,55,-1,255,255,32774,61440,0,255,255
4,13,21,2,255,255,32769,32759,0,0,0
5,9,21,-1,255,255,32774,32853,0,0,0
4,50,54,2,255,255,32769,32759,0,0,0
5,19,12,-29,255,255,32774,61440,0,0,0
5,55,51,-29,255,255,32774,61440,0,0,0
6,13,21,2,255,255,32769,32759,0,0,0
7,9,21,-1,255,255,32774,32853,0,0,0
6,54,102,2,255,255,32769,32759,0,0,0
6,54,6,2,255,255,32769,32761,0,0,0
2,14,15,2,255,255,32769,32769,0,84,74
3,91,55,-1,255,255,32774,61440,0,255,255
4,15,21,2,255,255,32769,32758,0,0,0
5,9,21,-1,255,255,32774,32853,0,0,0
4,50,54,2,255,255,32769,32758,0,0,0
5,19,12,-29,255,255,32774,61440,0,0,0
5,55,51,-29,255,255,32774,61440,0,0,0
6,15,51,-1,255,255,32769,32758,0,0,0
7,57,56,-29,255,255,32774,61440,0,0,0
7,104,103,-29,255,255,32774,61440,0,0,0
7,104,105,-29,255,255,32774,61440,0,0,0
7,104,92,-29,255,255,32774,61440,0,0,0
7,104,80,-29,255,255,32774,61440,0,0,0
7,104,68,-29,255,255,32774,61440,0,0,0
7,104,56,-29,255,255,32774,61440,0,0,0
7,104,44,-29,255,255,32774,32873,0,0,0
7,104,32,-29,255,255,32774,32873,0,0,0
7,104,20,-29,255,255,32774,32873,0,0,0
7,104,8,-29,255,255,32774,32873,0,0,0
7,9,8,-29,255,255,32774,32873,0,0,0
7,9,7,-29,255,255,32774,32873,0,0,0
7,19,18,-29,255,255,32774,32873,0,0,0
7,19,17,-29,255,255,32774,32873,0,0,0
7,19,16,-29,255,255,32774,32873,0,0,0
7,19,15,-29,255,255,32774,32873,0,0,0
7,19,14,-29,255,255,32774,32873,0,0,0
7,19,13,-29,255,255,32774,32873,0,0,0
7,19,20,-29,255,255,32774,32873,0,0,0
7,19,7,-29,255,255,32774,32873,0,0,0
7,19,31,-29,255,255,32774,32873,0,0,0
7,19,43,-29,255,255,32774,32873,0,0,0
7,19,55,-29,255,255,32774,32873,0,0,0
7,19,67,-29,255,255,32774,32861,0,0,0
7,19,79,-29,255,255,32774,32861,0,0,0
7,19,91,-29,255,255,32774,32861,0,0,0
7,19,103,-29,255,255,32774,32861,0,0,0
7,93,79,-29,255,255,32774,32861,0,0,0
7,93,103,-29,255,255,32774,32861,0,0,0
7,21,7,-29,255,255,32774,32861,0,0,0
7,21,31,-29,255,255,32774,32861,0,0,0
7,69,56,-29,255,255,32774,32861,0,0,0
7,45,56,-29,255,255,32774,32861,0,0,0
7,81,55,-29,255,255,32774,32861,0,0,0
7,81,103,-29,255,255,32774,32861,0,0,0
7,33,7,-29,255,255,32774,32861,0,0,0
7,33,55,-29,255,255,32774,32861,0,0,0
7,102,101,-29,255,255,32774,32861,0,0,0
7,78,77,-29,255,255,32774,32861,0,0,0
7,30,29,-29,255,255,32774,32861,0,0,0
7,6,5,-29,255,255,32774,32861,0,0,0
5,57,56,-29,255,255,32774,32861,0,0,0
5,104,103,-29,255,255,32774,32861,0,0,0
5,104,105,-29,255,255,32774,32861,0,0,0
5,104,92,-29,255,255,32774,32861,0,0,0
5,104,80,-29,255,255,32774,32861,0,0,0
5,104,68,-29,255,255,32774,32861,0,0,0
5,104,56,-29,255,255,32774,32861,0,0,0
6,54,56,-1,255,255,32769,32757,0,0,0
7,57,56,-1,255,255,32774,32980,0,0,0
7,69,56,-1,255,255,32774,32876,0,0,0
7,45,56,-1,255,255,32774,32873,0,0,0
7,55,48,-1,255,255,32774,32873,0,0,0
6,54,56,2,255,255,32769,32757,0,0,0
7,57,56,-1,255,255,32774,32980,0,0,0
7,69,56,-1,255,255,32774,32876,0,0,0
7,45,56,-1,255,255,32774,32873,0,0,0
7,55,48,-1,255,255,32774,32873,0,0,0
6,15,21,2,255,255,32769,32757,0,0,0
7,9,21,-1,255,255,32774,32852,0,0,0
8,54,56,1,255,255,32769,32735,0,255,255
9,57,56,-1,255,255,32774,32958,0,255,255
9,69,56,-1,255,255,32774,32854,0,255,255
9,45,56,-1,255,255,32774,32851,0,255,255
9,55,48,1,255,255,32774,32851,0,255,255
6,54,102,2,255,255,32769,32757,0,0,0
6,54,6,2,255,255,32769,32759,0,0,0
2,14,16,2,255,255,32769,32769,0,84,74
3,91,55,-1,255,255,32774,61440,0,255,255
4,16,21,2,255,255,32769,32758,0,0,0
5,9,21,-1,255,255,32774,32853,0,0,0
4,50,54,2,255,255,32769,32758,0,0,0
5,19,12,-29,255,255,32774,61440,0,0,0
5,55,51,-29,255,255,32774,61440,0,0,0
6,16,21,2,255,255,32769,32758,0,0,0
7,9,21,-1,255,255,32774,32853,0,0,0
6,54,102,2,255,255,32769,32758,0,0,0
6,54,6,2,255,255,32769,32760,0,0,0
2,14,17,2,255,255,32769,32769,0,84,74
3,91,55,-1,255,255,32774,61440,0,255,255
4,17,21,2,255,255,32769,32757,0,0,0
5,9,21,-1,255,255,32774,32853,0,0,0
4,50,54,2,255,255,32769,32757,0,0,0
5,19,12,-29,255,255,32774,61440,0,0,0
5,55,51,-29,255,255,32774,61440,0,0,0
6,17,21,2,255,255,32769,32757,0,0,0
7,9,21,-1,255,255,32774,32853,0,0,0
6,54,102,2,255,255,32769,32757,0,0,0
6,54,6,2,255,255,32769,32759,0,0,0
2,14,18,2,255,255,32769,32769,0,84,74
3,91,55,-1,255,255,32774,61440,0,255,255
4,18,21,2,255,255,32769,32757,0,0,0
5,9,21,-1,255,255,32774,32853,0,0,0
4,18,54,2,255,255,32769,32757,0,0,0
5,55,51,-29,255,255,32774,61440,0,0,0
6,54,102,-29,255,255,32769,4096,0,0,0
6,54,6,-29,255,255,32769,4096,0,0,0
6,48,49,-29,255,255,32769,4096,0,0,0
6,96,97,-29,255,255,32769,4096,0,0,0
6,96,98,-29,255,255,32769,4096,0,0,0
6,0,1,-29,255,255,32769,4096,0,0,0
6,0,2,-29,255,255,32769,4096,0,0,0
6,50,49,-29,255,255,32769,4096,0,0,0
6,50,38,-29,255,255,32769,4096,0,0,0
6,50,26,-29,255,255,32769,32761,0,0,0
6,50,14,-29,255,255,32769,32761,0,0,0
6,50,2,-29,255,255,32769,32761,0,0,0
6,50,62,-29,255,255,32769,32761,0,0,0
6,50,74,-29,255,255,32769,32761,0,0,0
6,50,86,-29,255,255,32769,32761,0,0,0
6,50,98,-29,255,255,32769,32761,0,0,0
6,54,53,-29,255,255,32769,32761,0,0,0
6,54,52,-29,255,255,32769,32761,0,0,0
6,54,55,-29,255,255,32769,32761,0,0,0
6,54,56,-29,255,255,32769,32761,0,0,0
6,54,42,-29,255,255,32769,32761,0,0,0
6,54,66,-29,255,255,32769,32761,0,0,0
6,84,74,-29,255,255,32769,32761,0,0,0
6,84,98,-29,255,255,32769,32761,0,0,0
6,12,2,-29,255,255,32769,32761,0,0,0
6,12,26,-29,255,255,32769,32761,0,0,0
6,60,49,-29,255,255,32769,32761,0,0,0
7,51,49,-1,255,255,32770,32770,0,0,0
8,48,49,-1,255,255,32769,32736,0,255,255
7,51,49,2,255,255,32770,32770,0,0,0
8,48,49,-1,255,255,32769,32736,0,255,255
7,51,99,2,255,255,32770,32770,0,0,0
8,96,99,-1,255,255,32769,32768,0,255,255
7,51,3,2,255,255,32770,32770,0,0,0
8,0,3,-1,255,255,32769,32768,0,255,255
6,36,49,-29,255,255,32770,32770,0,0,0
6,72,98,-29,255,255,32770,32770,0,0,0
6,24,2,-29,255,255,32770,32770,0,0,0
6,99,100,-29,255,255,32770,32770,0,0,0
6,75,76,-29,255,255,32770,32770,0,0,0
6,27,28,-29,255,255,32770,32770,0,0,0
6,3,4,-29,255,255,32770,32770,0,0,0
5,57,56,-29,255,255,32770,32770,0,0,0
5,104,103,-29,255,255,32770,32770,0,0,0
5,104,105,-29,255,255,32770,32770,0,0,0
5,104,92,-29,255,255,32770,32770,0,0,0
5,104,80,-29,255,255,32770,32770,0,0,0
5,104,68,-29,255,255,32770,32770,0,0,0
5,104,56,-29,255,255,32770,32770,0,0,0
6,54,56,-1,255,255,32769,32768,0,0,0
7,57,56,-1,255,255,32770,32991,0,0,0
7,69,56,-1,255,255,32770,32887,0,0,0
7,45,56,-1,255,255,32770,32884,0,0,0
5,104,44,-29,255,255,32770,32770,0,0,0
5,104,32,-29,255,255,32770,32770,0,0,0
5,104,20,-29,255,255,32770,32770,0,0,0
5,104,8,-29,255,255,32770,32770,0,0,0
5,9,8,-29,255,255,32770,32770,0,0,0
5,9,7,-29,255,255,32770,32770,0,0,0
5,55,56,-29,255,255,32770,32770,0,0,0
5,55,43,-29,255,255,32770,32770,0,0,0
5,55,31,-29,255,255,32770,32770,0,0,0
5,55,67,-29,255,255,32770,32770,0,0,0
5,55,79,-29,255,255,32770,32770,0,0,0
5,55,91,-29,255,255,32770,32770,0,0,0
5,55,103,-29,255,255,32770,32770,0,0,0
5,19,18,-29,255,255,32770,32770,0,0,0
5,19,17,-29,255,255,32770,32770,0,0,0
5,19,16,-29,255,255,32770,32770,0,0,0
5,19,15,-29,255,255,32770,32770,0,0,0
5,19,14,-29,255,255,32770,32770,0,0,0
5,19,13,-29,255,255,32770,32770,0,0,0
5,19,20,-29,255,255,32770,32770,0,0,0
5,19,7,-29,255,255,32770,32770,0,0,0
5,19,31,-29,255,255,32770,32770,0,0,0
5,19,43,-29,255,255,32770,32770,0,0,0
5,93,79,-29,255,255,32770,32770,0,0,0
5,93,103,-29,255,255,32770,32770,0,0,0
5,21,7,-29,255,255,32770,32770,0,0,0
5,21,31,-29,255,255,32770,32770,0,0,0
5,69,56,-29,255,255,32770,32770,0,0,0
6,54,56,-1,255,255,32769,32765,0,0,0
7,57,56,-1,255,255,32770,32799,0,0,0
6,54,56,2,255,255,32769,32765,0,0,0
7,57,56,-1,255,255,32770,32799,0,0,0
6,54,102,2,255,255,32769,32765,0,0,0
6,54,6,2,255,255,32769,32767,0,0,0
4,50,54,2,255,255,32769,32767,0,0,0
5,19,12,-29,255,255,32774,61440,0,0,0
5,55,51,-29,255,255,32774,61440,0,0,0
6,18,21,2,255,255,32769,32757,0,0,0
7,9,21,-1,255,255,32774,32853,0,0,0
6,54,102,2,255,255,32769,32757,0,0,0
2,14,2,2,255,255,32769,32769,0,84,74
3,91,55,-1,255,255,32774,61440,0,255,255
4,50,54,2,255,255,32769,32759,0,0,0
5,55,51,-29,255,255,32774,61440,0,0,0
6,54,102,2,255,255,32769,32759,0,0,0
6,2,6,2,255,255,32769,32761,0,0,0
6,54,6,2,255,255,32769,32762,0,0,0
4,2,6,2,255,255,32769,32762,0,0,0
2,14,26,2,255,255,32769,32769,0,84,74
3,91,55,-1,255,255,32774,61440,0,255,255
4,50,54,2,255,255,32769,32759,0,0,0
5,55,51,-29,255,255,32774,61440,0,0,0
6,54,102,2,255,255,32769,32759,0,0,0
6,26,30,2,255,255,32769,32761,0,0,0
6,54,6,2,255,255,32769,32762,0,0,0
4,26,30,2,255,255,32769,32762,0,0,0
2,14,38,2,255,255,32769,32769,0,84,74
3,91,55,-1,255,255,32774,61440,0,255,255
4,50,54,2,255,255,32769,32761,0,0,0
5,55,51,-29,255,255,32774,61440,0,0,0
6,54,102,2,255,255,32769,32761,0,0,0
6,54,6,2,255,255,32769,32763,0,0,0
2,84,98,2,255,255,32769,32769,0,84,74
3,91,55,-1,255,255,32774,61440,0,255,255
4,14,21,-1,255,255,32769,32767,0,0,0
5,9,21,-1,255,255,32774,32861,0,0,0
4,50,54,2,255,255,32769,32767,0,0,0
5,19,12,-29,255,255,32774,61440,0,0,0
5,55,51,-29,255,255,32774,61440,0,0,0
6,14,21,2,255,255,32769,32767,0,0,0
7,9,21,-1,255,255,32774,32861,0,0,0
6,54,102,2,255,255,32769,32767,0,0,0
6,54,6,2,255,255,32769,32769,0,0,0
2,12,2,2,255,255,32769,32769,0,84,74
3,91,55,-1,255,255,32774,61440,0,255,255
4,14,21,-1,255,255,32769,32767,0,0,0
5,9,21,-1,255,255,32774,32861,0,0,0
4,50,54,2,255,255,32769,32767,0,0,0
5,55,51,-29,255,255,32774,61440,0,0,0
6,14,21,2,255,255,32769,32767,0,0,0
7,9,21,-1,255,255,32774,32861,0,0,0
6,54,102,2,255,255,32769,32767,0,0,0
6,54,6,2,255,255,32769,32769,0,0,0
2,12,26,2,255,255,32769,32769,0,84,74
3,91,55,-1,255,255,32774,61440,0,255,255
4,14,21,-1,255,255,32769,32769,0,0,0
5,9,21,-1,255,255,32774,32863,0,0,0
4,50,54,2,255,255,32769,32769,0,0,0
5,55,51,-29,255,255,32774,61440,0,0,0
6,26,51,-1,255,255,32769,32769,0,0,0
5,57,56,-29,255,255,32774,32885,0,0,0
5,104,103,-29,255,255,32774,32885,0,0,0
5,104,105,-29,255,255,32774,32885,0,0,0
5,104,92,-29,255,255,32774,32885,0,0,0
5,104,80,-29,255,255,32774,32885,0,0,0
5,104,68,-29,255,255,32774,32885,0,0,0
5,104,56,-29,255,255,32774,32885,0,0,0
6,54,56,-1,255,255,32769,32768,0,0,0
7,57,56,-1,255,255,32774,32991,0,0,0
7,69,56,-1,255,255,32774,32887,0,0,0
7,45,56,-1,255,255,32774,32884,0,0,0
7,55,48,-1,255,255,32774,32884,0,0,0
6,54,56,2,255,255,32769,32768,0,0,0
7,57,56,-1,255,255,32774,32991,0,0,0
7,69,56,-1,255,255,32774,32887,0,0,0
7,45,56,-1,255,255,32774,32884,0,0,0
7,55,48,-1,255,255,32774,32884,0,0,0
6,14,21,2,255,255,32769,32768,0,0,0
7,9,21,-1,255,255,32774,32862,0,0,0
8,54,56,1,255,255,32769,32745,0,255,255
9,57,56,-1,255,255,32774,32968,0,255,255
9,69,56,-1,255,255,32774,32864,0,255,255
9,45,56,-1,255,255,32774,32861,0,255,255
9,55,48,1,255,255,32774,32861,0,255,255
6,54,102,2,255,255,32769,32768,0,0,0
7,55,48,-1,255,255,32770,32770,0,0,0
6,54,6,2,255,255,32769,32768,0,0,0
7,9,6,-1,255,255,32770,32770,0,0,0
2,60,49,2,255,255,32769,32769,0,84,74
3,91,55,-1,255,255,32774,61440,0,255,255
4,14,21,-1,255,255,32769,32760,0,0,0
5,9,21,-1,255,255,32774,32854,0,0,0
4,50,54,2,255,255,32769,32760,0,0,0
5,19,12,-29,255,255,32774,61440,0,0,0
5,55,51,-29,255,255,32774,61440,0,0,0
6,14,21,-29,255,255,32769,4096,0,0,0
6,54,102,-29,255,255,32769,4096,0,0,0
6,54,6,-29,255,255,32769,4096,0,0,0
6,48,60,-29,255,255,32769,4096,0,0,0
6,96,97,-29,255,255,32769,32759,0,0,0
6,96,98,-29,255,255,32769,32759,0,0,0
6,0,1,-29,255,255,32769,32759,0,0,0
6,0,2,-29,255,255,32769,32759,0,0,0
6,54,53,-29,255,255,32769,32759,0,0,0
6,54,52,-29,255,255,32769,32759,0,0,0
6,54,55,-29,255,255,32769,32759,0,0,0
6,54,56,-29,255,255,32769,32759,0,0,0
6,54,42,-29,255,255,32769,32759,0,0,0
6,54,66,-29,255,255,32769,32759,0,0,0
6,14,13,-29,255,255,32769,32759,0,0,0
6,14,15,-29,255,255,32769,32759,0,0,0
6,14,16,-29,255,255,32769,32759,0,0,0
6,14,17,-29,255,255,32769,32759,0,0,0
6,14,18,-29,255,255,32769,32759,0,0,0
6,14,2,-29,255,255,32769,32759,0,0,0
6,14,26,-29,255,255,32769,32759,0,0,0
6,14,38,-29,255,255,32769,32759,0,0,0
6,14,50,-29,255,255,32769,32759,0,0,0
7,51,49,2,255,255,32770,32770,0,0,0
8,48,49,-1,255,255,32769,32736,0,255,255
7,51,99,2,255,255,32770,32770,0,0,0
8,96,99,-1,255,255,32769,32768,0,255,255
7,51,3,2,255,255,32770,32770,0,0,0
8,0,3,-1,255,255,32769,32768,0,255,255
6,14,62,-29,255,255,32770,32770,0,0,0
6,14,74,-29,255,255,32770,32770,0,0,0
6,14,86,-29,255,255,32770,32770,0,0,0
6,14,98,-29,255,255,32770,32770,0,0,0
6,84,74,-29,255,255,32770,32770,0,0,0
6,84,98,-29,255,255,32770,32770,0,0,0
6,12,2,-29,255,255,32770,32770,0,0,0
6,12,26,-29,255,255,32770,32770,0,0,0
6,49,60,-29,255,255,32770,32770,0,0,0
6,49,38,-29,255,255,32770,32770,0,0,0
6,49,62,-29,255,255,32770,32770,0,0,0
6,72,50,-29,255,255,32770,32770,0,0,0
6,72,98,-29,255,255,32770,32770,0,0,0
6,24,2,-29,255,255,32770,32770,0,0,0
6,24,50,-29,255,255,32770,32770,0,0,0
6,99,100,-29,255,255,32770,32770,0,0,0
6,75,76,-29,255,255,32770,32770,0,0,0
6,27,28,-29,255,255,32770,32770,0,0,0
6,3,4,-29,255,255,32770,32770,0,0,0
5,57,56,-29,255,255,32770,32770,0,0,0
5,104,103,-29,255,255,32770,32770,0,0,0
5,104,105,-29,255,255,32770,32770,0,0,0
5,104,92,-29,255,255,32770,32770,0,0,0
5,104,80,-29,255,255,32770,32770,0,0,0
5,104,68,-29,255,255,32770,32770,0,0,0
5,104,56,-29,255,255,32770,32770,0,0,0
6,54,56,-1,255,255,32769,32759,0,0,0
7,57,56,-1,255,255,32770,32982,0,0,0
7,69,56,-1,255,255,32770,32878,0,0,0
7,45,56,-1,255,255,32770,32875,0,0,0
5,104,44,-29,255,255,32770,32770,0,0,0
5,104,32,-29,255,255,32770,32770,0,0,0
5,104,20,-29,255,255,32770,32770,0,0,0
5,104,8,-29,255,255,32770,32770,0,0,0
5,9,8,-29,255,255,32770,32770,0,0,0
5,9,7,-29,255,255,32770,32770,0,0,0
5,55,56,-29,255,255,32770,32770,0,0,0
5,55,43,-29,255,255,32770,32770,0,0,0
6,14,21,2,255,255,32769,32765,0,0,0
7,9,21,-1,255,255,32770,32859,0,0,0
6,54,102,2,255,255,32769,32765,0,0,0
6,54,6,2,255,255,32769,32767,0,0,0
2,36,49,2,255,255,32769,32769,0,84,74
3,91,55,-1,255,255,32774,61440,0,255,255
4,14,21,-1,255,255,32769,32760,0,0,0
5,9,21,-1,255,255,32774,32854,0,0,0
4,50,54,2,255,255,32769,32760,0,0,0
5,19,12,-29,255,255,32774,61440,0,0,0
5,55,51,-29,255,255,32774,61440,0,0,0
6,14,21,-29,255,255,32769,4096,0,0,0
6,54,102,-29,255,255,32769,4096,0,0,0
6,54,6,-29,255,255,32769,4096,0,0,0
6,48,36,-29,255,255,32769,4096,0,0,0
6,96,97,-29,255,255,32769,32759,0,0,0
6,96,98,-29,255,255,32769,32759,0,0,0
6,0,1,-29,255,255,32769,32759,0,0,0
6,0,2,-29,255,255,32769,32759,0,0,0
6,54,53,-29,255,255,32769,32759,0,0,0
6,54,52,-29,255,255,32769,32759,0,0,0
6,54,55,-29,255,255,32769,32759,0,0,0
6,54,56,-29,255,255,32769,32759,0,0,0
6,54,42,-29,255,255,32769,32759,0,0,0
6,54,66,-29,255,255,32769,32759,0,0,0
6,14,13,-29,255,255,32769,32759,0,0,0
6,14,15,-29,255,255,32769,32759,0,0,0
6,14,16,-29,255,255,32769,32759,0,0,0
6,14,17,-29,255,255,32769,32759,0,0,0
6,14,18,-29,255,255,32769,32759,0,0,0
6,14,2,-29,255,255,32769,32759,0,0,0
6,14,26,-29,255,255,32769,32759,0,0,0
6,14,38,-29,255,255,32769,32759,0,0,0
6,14,50,-29,255,255,32769,32759,0,0,0
7,51,49,2,255,255,32770,32770,0,0,0
8,48,49,-1,255,255,32769,32736,0,255,255
7,51,99,2,255,255,32770,32770,0,0,0
8,96,99,-1,255,255,32769,32768,0,255,255
7,51,3,2,255,255,32770,32770,0,0,0
8,0,3,-1,255,255,32769,32768,0,255,255
6,14,62,-29,255,255,32770,32770,0,0,0
6,14,74,-29,255,255,32770,32770,0,0,0
6,14,86,-29,255,255,32770,32770,0,0,0
6,14,98,-29,255,255,32770,32770,0,0,0
6,84,74,-29,255,255,32770,32770,0,0,0
6,84,98,-29,255,255,32770,32770,0,0,0
6,12,2,-29,255,255,32770,32770,0,0,0
6,12,26,-29,255,255,32770,32770,0,0,0
6,49,36,-29,255,255,32770,32770,0,0,0
6,49,38,-29,255,255,32770,32770,0,0,0
6,49,62,-29,255,255,32770,32770,0,0,0
6,72,50,-29,255,255,32770,32770,0,0,0
6,72,98,-29,255,255,32770,32770,0,0,0
6,24,2,-29,255,255,32770,32770,0,0,0
6,24,50,-29,255,255,32770,32770,0,0,0
6,99,100,-29,255,255,32770,32770,0,0,0
6,75,76,-29,255,255,32770,32770,0,0,0
6,27,28,-29,255,255,32770,32770,0,0,0
6,3,4,-29,255,255,32770,32770,0,0,0
5,57,56,-29,255,255,32770,32770,0,0,0
5,104,103,-29,255,255,32770,32770,0,0,0
5,104,105,-29,255,255,32770,32770,0,0,0
5,104,92,-29,255,255,32770,32770,0,0,0
5,104,80,-29,255,255,32770,32770,0,0,0
5,104,68,-29,255,255,32770,32770,0,0,0
5,104,56,-29,255,255,32770,32770,0,0,0
6,54,56,-1,255,255,32769,32759,0,0,0
7,57,56,-1,255,255,32770,32982,0,0,0
7,69,56,-1,255,255,32770,32878,0,0,0
7,45,56,-1,255,255,32770,32875,0,0,0
5,104,44,-29,255,255,32770,32770,0,0,0
5,104,32,-29,255,255,32770,32770,0,0,0
5,104,20,-29,255,255,32770,32770,0,0,0
5,104,8,-29,255,255,32770,32770,0,0,0
5,9,8,-29,255,255,32770,32770,0,0,0
5,9,7,-29,255,255,32770,32770,0,0,0
5,55,56,-29,255,255,32770,32770,0,0,0
5,55,43,-29,255,255,32770,32770,0,0,0
6,14,21,2,255,255,32769,32765,0,0,0
7,9,21,-1,255,255,32770,32859,0,0,0
6,54,102,2,255,255,32769,32765,0,0,0
6,54,6,2,255,255,32769,32767,0,0,0
2,72,98,2,255,255,32769,32769,0,84,74
3,91,55,-1,255,255,32774,61440,0,255,255
4,14,21,-1,255,255,32769,32758,0,0,0
5,9,21,-1,255,255,32774,32852,0,0,0
4,50,54,2,255,255,32769,32758,0,0,0
5,19,12,-29,255,255,32774,61440,0,0,0
5,55,51,-29,255,255,32774,61440,0,0,0
6,14,21,2,255,255,32769,32758,0,0,0
7,9,21,-1,255,255,32774,32852,0,0,0
6,54,102,2,255,255,32769,32758,0,0,0
6,54,6,2,255,255,32769,32760,0,0,0
2,24,2,2,255,255,32769,32769,0,84,74
3,91,55,-1,255,255,32774,61440,0,255,255
4,14,21,-1,255,255,32769,32758,0,0,0
5,9,21,-1,255,255,32774,32852,0,0,0
4,50,54,2,255,255,32769,32758,0,0,0
5,19,12,-29,255,255,32774,61440,0,0,0
5,55,51,-29,255,255,32774,61440,0,0,0
6,14,21,2,255,255,32769,32758,0,0,0
7,9,21,-1,255,255,32774,32852,0,0,0
6,54,102,2,255,255,32769,32758,0,0,0
6,54,6,2,255,255,32769,32760,0,0,0
2,99,100,2,255,255,32769,32769,0,84,74
3,91,55,-1,255,255,32774,61440,0,255,255
4,14,21,-1,255,255,32769,32760,0,0,0
5,9,21,-1,255,255,32774,32854,0,0,0
4,50,54,2,255,255,32769,32760,0,0,0
5,19,12,-29,255,255,32774,61440,0,0,0
5,55,51,-29,255,255,32774,61440,0,0,0
6,14,21,2,255,255,32769,32760,0,0,0
7,9,21,-1,255,255,32774,32854,0,0,0
6,54,102,2,255,255,32769,32760,0,0,0
6,54,6,2,255,255,32769,32762,0,0,0
2,75,76,2,255,255,32769,32769,0,84,74
3,91,55,-1,255,255,32774,61440,0,255,255
4,14,21,-1,255,255,32769,32760,0,0,0
5,9,21,-1,255,255,32774,32854,0,0,0
4,50,54,2,255,255,32769,32760,0,0,0
5,19,12,-29,255,255,32774,61440,0,0,0
5,55,51,-29,255,255,32774,61440,0,0,0
6,14,21,2,255,255,32769,32760,0,0,0
7,9,21,-1,255,255,32774,32854,0,0,0
6,54,102,2,255,255,32769,32760,0,0,0
6,54,6,2,255,255,32769,32762,0,0,0
2,51,52,2,255,255,32769,32769,0,84,74
3,91,55,-1,255,255,32774,61440,0,255,255
4,14,21,-1,255,255,32769,32760,0,0,0
5,9,21,-1,255,255,32774,32854,0,0,0
4,50,54,2,255,255,32769,32760,0,0,0
5,19,12,-29,255,255,32774,61440,0,0,0
5,55,52,-29,255,255,32774,61440,0,0,0
6,14,21,2,255,255,32769,32759,0,0,0
7,9,21,-1,255,255,32774,32853,0,0,0
6,54,102,2,255,255,32769,32759,0,0,0
6,54,6,2,255,255,32769,32761,0,0,0
2,27,28,2,255,255,32769,32769,0,84,74
3,91,55,-1,255,255,32774,61440,0,255,255
4,14,21,-1,255,255,32769,32760,0,0,0
5,9,21,-1,255,255,32774,32854,0,0,0
4,50,54,2,255,255,32769,32760,0,0,0
5,19,12,-29,255,255,32774,61440,0,0,0
5,55,51,-29,255,255,32774,61440,0,0,0
6,14,21,2,255,255,32769,32760,0,0,0
7,9,21,-1,255,255,32774,32854,0,0,0
6,54,102,2,255,255,32769,32760,0,0,0
6,54,6,2,255,255,32769,32762,0,0,0
2,3,4,2,255,255,32769,32769,0,84,74
3,91,55,-1,255,255,32774,61440,0,255,255
4,14,21,-1,255,255,32769,32760,0,0,0
5,9,21,-1,255,255,32774,32854,0,0,0
4,50,54,2,255,255,32769,32760,0,0,0
5,19,12,-29,255,255,32774,61440,0,0,0
5,55,51,-29,255,255,32774,61440,0,0,0
6,14,21,2,255,255,32769,32760,0,0,0
7,9,21,-1,255,255,32774,32854,0,0,0
6,54,102,2,255,255,32769,32760,0,0,0
6,54,6,2,255,255,32769,32762,0,0,0
1,105,103,2,91,55,32769,32769,0,91,55
2,84,74,-1,255,255,32768,4096,0,84,74
3,91,55,-1,255,255,32769,61440,0,255,255
3,57,56,0,255,255,32769,32770,0,255,255
3,19,12,2,255,255,32769,32770,0,255,255
4,0,12,-1,255,255,32768,32686,0,0,0
3,103,104,2,255,255,32769,32770,0,255,255
3,103,105,2,255,255,32769,32770,0,255,255
3,9,8,2,255,255,32769,32770,0,255,255
3,9,7,2,255,255,32769,32770,0,255,255
3,91,90,2,255,255,32769,32770,0,255,255
3,91,89,2,255,255,32769,32770,0,255,255
3,91,88,2,255,255,32769,32770,0,255,255
3,91,87,2,255,255,32769,32770,0,255,255
3,91,86,2,255,255,32769,32770,0,255,255
3,91,85,2,255,255,32769,32770,0,255,255
3,91,84,2,255,255,32769,32770,0,255,255
3,91,92,2,255,255,32769,32770,0,255,255
3,91,79,2,255,255,32769,32770,0,255,255
3,91,67,2,255,255,32769,32770,0,255,255
3,91,43,2,255,255,32769,32770,0,255,255
3,91,31,2,255,255,32769,32770,0,255,255
3,19,18,2,255,255,32769,32770,0,255,255
3,19,17,2,255,255,32769,32770,0,255,255
3,19,16,2,255,255,32769,32770,0,255,255
3,19,15,2,255,255,32769,32770,0,255,255
3,19,20,2,255,255,32769,32770,0,255,255
3,19,7,2,255,255,32769,32770,0,255,255
3,19,31,2,255,255,32769,32770,0,255,255
3,19,43,2,255,255,32769,32770,0,255,255
3,19,55,2,255,255,32769,32770,0,255,255
3,19,67,2,255,255,32769,32770,0,255,255
3,19,79,2,255,255,32769,32770,0,255,255
3,93,79,2,255,255,32769,32770,0,255,255
3,21,7,2,255,255,32769,32770,0,255,255
3,21,31,2,255,255,32769,32770,0,255,255
3,69,56,2,255,255,32769,32770,0,255,255
3,45,56,2,255,255,32769,32770,0,255,255
3,81,55,2,255,255,32769,32770,0,255,255
3,33,7,2,255,255,32769,32770,0,255,255
3,33,55,2,255,255,32769,32770,0,255,255
3,102,101,2,255,255,32769,32770,0,255,255
3,78,77,2,255,255,32769,32770,0,255,255
3,54,53,2,255,255,32769,32770,0,255,255
3,30,29,2,255,255,32769,32770,0,255,255
3,6,5,2,255,255,32769,32770,0,255,255
1,9,8,2,91,55,32769,32769,0,91,55
2,84,74,-1,255,255,32768,4096,0,84,74
3,91,55,-1,255,255,32769,61440,0,255,255
3,57,56,0,255,255,32769,32769,0,255,255
3,19,12,2,255,255,32769,32769,0,255,255
4,0,12,-1,255,255,32768,32685,0,0,0
3,105,104,2,255,255,32769,32769,0,255,255
3,105,103,2,255,255,32769,32769,0,255,255
3,8,7,2,255,255,32769,32769,0,255,255
3,8,9,2,255,255,32769,32769,0,255,255
3,8,20,2,255,255,32769,32769,0,255,255
3,8,32,2,255,255,32769,32769,0,255,255
3,8,44,2,255,255,32769,32769,0,255,255
3,8,56,2,255,255,32769,32769,0,255,255
3,8,68,2,255,255,32769,32769,0,255,255
3,8,80,2,255,255,32769,32769,0,255,255
3,8,92,2,255,255,32769,32769,0,255,255
3,8,104,2,255,255,32769,32769,0,255,255
3,91,90,2,255,255,32769,32769,0,255,255
3,91,89,2,255,255,32769,32769,0,255,255
3,91,88,2,255,255,32769,32769,0,255,255
3,91,87,2,255,255,32769,32769,0,255,255
3,91,86,2,255,255,32769,32769,0,255,255
3,91,85,2,255,255,32769,32769,0,255,255
3,91,84,2,255,255,32769,32769,0,255,255
3,91,92,2,255,255,32769,32769,0,255,255
3,91,79,2,255,255,32769,32769,0,255,255
3,91,67,2,255,255,32769,32769,0,255,255
3,91,43,2,255,255,32769,32769,0,255,255
3,91,31,2,255,255,32769,32769,0,255,255
3,91,103,2,255,255,32769,32769,0,255,255
3,19,18,2,255,255,32769,32769,0,255,255
3,19,17,2,255,255,32769,32769,0,255,255
3,19,16,2,255,255,32769,32769,0,255,255
3,19,15,2,255,255,32769,32769,0,255,255
3,19,20,2,255,255,32769,32769,0,255,255
3,19,7,2,255,255,32769,32769,0,255,255
3,19,31,2,255,255,32769,32769,0,255,255
3,19,43,2,255,255,32769,32769,0,255,255
3,19,55,2,255,255,32769,32769,0,255,255
3,19,67,2,255,255,32769,32769,0,255,255
3,19,79,2,255,255,32769,32769,0,255,255
3,93,79,2,255,255,32769,32769,0,255,255
3,93,103,2,255,255,32769,32769,0,255,255
3,21,7,2,255,255,32769,32769,0,255,255
3,21,31,2,255,255,32769,32769,0,255,255
3,69,56,2,255,255,32769,32769,0,255,255
3,45,56,2,255,255,32769,32769,0,255,255
3,81,55,2,255,255,32769,32769,0,255,255
3,81,103,2,255,255,32769,32769,0,255,255
3,33,7,2,255,255,32769,32769,0,255,255
3,33,55,2,255,255,32769,32769,0,255,255
3,102,101,2,255,255,32769,32769,0,255,255
3,78,77,2,255,255,32769,32769,0,255,255
3,54,53,2,255,255,32769,32769,0,255,255
3,30,29,2,255,255,32769,32769,0,255,255
3,6,5,2,255,255,32769,32769,0,255,255
1,9,7,2,91,55,32769,32769,0,91,55
2,84,74,-1,255,255,32768,4096,0,84,74
3,91,55,-1,255,255,32769,61440,0,255,255
3,57,56,0,255,255,32769,32770,0,255,255
3,19,12,2,255,255,32769,32770,0,255,255
4,0,12,-1,255,255,32768,32686,0,0,0
3,105,104,2,255,255,32769,32770,0,255,255
3,105,103,2,255,255,32769,32770,0,255,255
3,7,8,2,255,255,32769,32770,0,255,255
3,7,9,2,255,255,32769,32770,0,255,255
3,91,90,2,255,255,32769,32770,0,255,255
3,91,89,2,255,255,32769,32770,0,255,255
3,91,88,2,255,255,32769,32770,0,255,255
3,91,87,2,255,255,32769,32770,0,255,255
3,91,86,2,255,255,32769,32770,0,255,255
3,91,85,2,255,255,32769,32770,0,255,255
3,91,84,2,255,255,32769,32770,0,255,255
3,91,92,2,255,255,32769,32770,0,255,255
3,91,79,2,255,255,32769,32770,0,255,255
3,91,67,2,255,255,32769,32770,0,255,255
3,91,43,2,255,255,32769,32770,0,255,255
3,91,31,2,255,255,32769,32770,0,255,255
3,91,103,2,255,255,32769,32770,0,255,255
3,19,18,2,255,255,32769,32770,0,255,255
3,19,17,2,255,255,32769,32770,0,255,255
3,19,16,2,255,255,32769,32770,0,255,255
3,19,15,2,255,255,32769,32770,0,255,255
3,19,20,2,255,255,32769,32770,0,255,255
3,19,31,2,255,255,32769,32770,0,255,255
3,19,43,2,255,255,32769,32770,0,255,255
3,19,55,2,255,255,32769,32770,0,255,255
3,19,67,2,255,255,32769,32770,0,255,255
3,19,79,2,255,255,32769,32770,0,255,255
3,93,79,2,255,255,32769,32770,0,255,255
3,93,103,2,255,255,32769,32770,0,255,255
3,21,31,2,255,255,32769,32770,0,255,255
3,69,56,2,255,255,32769,32770,0,255,255
3,45,56,2,255,255,32769,32770,0,255,255
3,81,55,2,255,255,32769,32770,0,255,255
3,81,103,2,255,255,32769,32770,0,255,255
3,33,55,2,255,255,32769,32770,0,255,255
3,102,101,2,255,255,32769,32770,0,255,255
3,78,77,2,255,255,32769,32770,0,255,255
3,54,53,2,255,255,32769,32770,0,255,255
3,30,29,2,255,255,32769,32770,0,255,255
3,6,5,2,255,255,32769,32770,0,255,255
1,91,90,2,91,55,32769,32769,0,91,55
2,84,74,-1,255,255,32768,4096,0,84,74
3,57,56,0,255,255,32769,61440,0,255,255
3,19,12,2,255,255,32769,32791,0,255,255
4,0,12,-1,255,255,32768,32695,0,0,0
3,105,104,2,255,255,32769,32791,0,255,255
3,105,103,2,255,255,32769,32780,0,255,255
3,9,8,2,255,255,32769,32780,0,255,255
3,9,7,2,255,255,32769,32780,0,255,255
3,90,89,2,255,255,32769,32780,0,255,255
3,90,88,2,255,255,32769,32780,0,255,255
3,90,87,2,255,255,32769,32780,0,255,255
3,90,86,2,255,255,32769,32780,0,255,255
3,90,85,2,255,255,32769,32780,0,255,255
3,90,84,2,255,255,32769,32780,0,255,255
3,90,91,2,255,255,32769,32780,0,255,255
3,90,92,2,255,255,32769,32780,0,255,255
3,19,18,2,255,255,32769,32780,0,255,255
3,19,17,2,255,255,32769,32780,0,255,255
3,19,16,2,255,255,32769,32780,0,255,255
3,19,15,2,255,255,32769,32780,0,255,255
3,19,20,2,255,255,32769,32780,0,255,255
3,19,7,2,255,255,32769,32780,0,255,255
3,19,31,2,255,255,32769,32780,0,255,255
3,19,43,2,255,255,32769,32780,0,255,255
3,19,55,2,255,255,32769,32780,0,255,255
3,19,67,2,255,255,32769,32779,0,255,255
3,19,79,2,255,255,32769,32779,0,255,255
3,19,91,2,255,255,32769,32779,0,255,255
3,19,103,2,255,255,32769,32779,0,255,255
3,93,79,2,255,255,32769,32779,0,255,255
3,93,103,2,255,255,32769,32779,0,255,255
3,21,7,2,255,255,32769,32779,0,255,255
3,21,31,2,255,255,32769,32779,0,255,255
3,69,56,2,255,255,32769,32779,0,255,255
3,45,56,2,255,255,32769,32779,0,255,255
3,81,55,2,255,255,32769,32779,0,255,255
3,81,103,2,255,255,32769,32779,0,255,255
3,33,7,2,255,255,32769,32779,0,255,255
3,33,55,2,255,255,32769,32779,0,255,255
3,102,101,2,255,255,32769,32779,0,255,255
3,78,77,2,255,255,32769,32779,0,255,255
3,54,53,2,255,255,32769,32779,0,255,255
3,30,29,2,255,255,32769,32779,0,255,255
3,6,5,2,255,255,32769,32779,0,255,255
1,91,89,2,91,55,32769,32769,0,91,55
2,84,74,-1,255,255,32768,4096,0,84,74
3,57,56,0,255,255,32769,61440,0,255,255
3,19,12,2,255,255,32769,32791,0,255,255
4,0,12,-1,255,255,32768,32695,0,0,0
3,105,104,2,255,255,32769,32791,0,255,255
3,105,103,2,255,255,32769,32780,0,255,255
3,9,8,2,255,255,32769,32780,0,255,255
3,9,7,2,255,255,32769,32780,0,255,255
3,89,88,2,255,255,32769,32780,0,255,255
3,89,87,2,255,255,32769,32780,0,255,255
3,89,86,2,255,255,32769,32780,0,255,255
3,89,85,2,255,255,32769,32780,0,255,255
3,89,84,2,255,255,32769,32780,0,255,255
3,89,90,2,255,255,32769,32780,0,255,255
3,89,91,2,255,255,32769,32780,0,255,255
3,89,92,2,255,255,32769,32780,0,255,255
3,89,77,2,255,255,32769,32780,0,255,255
3,89,65,2,255,255,32769,32780,0,255,255
3,89,53,2,255,255,32769,32780,0,255,255
3,89,41,2,255,255,32769,32780,0,255,255
3,89,29,2,255,255,32769,32780,0,255,255
3,89,17,2,255,255,32769,32780,0,255,255
3,89,5,2,255,255,32769,32780,0,255,255
3,89,101,2,255,255,32769,32780,0,255,255
3,19,18,2,255,255,32769,32780,0,255,255
3,19,17,2,255,255,32769,32780,0,255,255
3,19,16,2,255,255,32769,32780,0,255,255
3,19,15,2,255,255,32769,32780,0,255,255
3,19,20,2,255,255,32769,32780,0,255,255
3,19,7,2,255,255,32769,32780,0,255,255
3,19,31,2,255,255,32769,32780,0,255,255
3,19,43,2,255,255,32769,32780,0,255,255
3,19,55,2,255,255,32769,32780,0,255,255
3,19,67,2,255,255,32769,32779,0,255,255
3,19,79,2,255,255,32769,32779,0,255,255
3,19,91,2,255,255,32769,32779,0,255,255
3,19,103,2,255,255,32769,32779,0,255,255
3,93,79,2,255,255,32769,32779,0,255,255
3,93,103,2,255,255,32769,32779,0,255,255
3,21,7,2,255,255,32769,32779,0,255,255
3,21,31,2,255,255,32769,32779,0,255,255
3,69,56,2,255,255,32769,32779,0,255,255
3,45,56,2,255,255,32769,32779,0,255,255
3,81,55,2,255,255,32769,32779,0,255,255
3,81,103,2,255,255,32769,32779,0,255,255
3,33,7,2,255,255,32769,32779,0,255,255
3,33,55,2,255,255,32769,32779,0,255,255
3,102,101,2,255,255,32769,32779,0,255,255
3,78,77,2,255,255,32769,32779,0,255,255
3,54,53,2,255,255,32769,32779,0,255,255
3,30,29,2,255,255,32769,32779,0,255,255
3,6,5,2,255,255,32769,32779,0,255,255
1,91,88,2,91,55,32769,32769,0,91,55
2,84,74,-1,255,255,32768,4096,0,84,74
3,57,56,0,255,255,32769,61440,0,255,255
3,19,12,2,255,255,32769,32792,0,255,255
4,0,12,-1,255,255,32768,32696,0,0,0
3,105,104,2,255,255,32769,32792,0,255,255
3,105,103,2,255,255,32769,32781,0,255,255
3,9,8,2,255,255,32769,32781,0,255,255
3,9,7,2,255,255,32769,32781,0,255,255
3,88,87,2,255,255,32769,32781,0,255,255
3,88,86,2,255,255,32769,32781,0,255,255
3,88,85,2,255,255,32769,32781,0,255,255
3,88,84,2,255,255,32769,32781,0,255,255
3,88,89,2,255,255,32769,32781,0,255,255
3,88,90,2,255,255,32769,32781,0,255,255
3,88,91,2,255,255,32769,32781,0,255,255
3,88,92,2,255,255,32769,32781,0,255,255
3,88,76,2,255,255,32769,32781,0,255,255
3,88,64,2,255,255,32769,32781,0,255,255
3,88,52,2,255,255,32769,32781,0,255,255
3,88,40,2,255,255,32769,32781,0,255,255
3,88,28,2,255,255,32769,32781,0,255,255
3,88,16,2,255,255,32769,32781,0,255,255
3,88,4,2,255,255,32769,32781,0,255,255
3,88,100,2,255,255,32769,32781,0,255,255
3,19,18,2,255,255,32769,32781,0,255,255
3,19,17,2,255,255,32769,32781,0,255,255
3,19,16,2,255,255,32769,32781,0,255,255
3,19,15,2,255,255,32769,32781,0,255,255
3,19,20,2,255,255,32769,32781,0,255,255
3,19,7,2,255,255,32769,32781,0,255,255
3,19,31,2,255,255,32769,32781,0,255,255
3,19,43,2,255,255,32769,32781,0,255,255
3,19,55,2,255,255,32769,32781,0,255,255
3,19,67,2,255,255,32769,32780,0,255,255
3,19,79,2,255,255,32769,32780,0,255,255
3,19,91,2,255,255,32769,32780,0,255,255
3,19,103,2,255,255,32769,32780,0,255,255
3,93,79,2,255,255,32769,32780,0,255,255
3,93,103,2,255,255,32769,32780,0,255,255
3,21,7,2,255,255,32769,32780,0,255,255
3,21,31,2,255,255,32769,32780,0,255,255
3,69,56,2,255,255,32769,32780,0,255,255
3,45,56,2,255,255,32769,32780,0,255,255
3,81,55,2,255,255,32769,32780,0,255,255
3,81,103,2,255,255,32769,32780,0,255,255
3,33,7,2,255,255,32769,32780,0,255,255
3,33,55,2,255,255,32769,32780,0,255,255
3,102,101,2,255,255,32769,32780,0,255,255
3,78,77,2,255,255,32769,32780,0,255,255
3,54,53,2,255,255,32769,32780,0,255,255
3,30,29,2,255,255,32769,32780,0,255,255
3,6,5,2,255,255,32769,32780,0,255,255
1,91,87,2,91,55,32769,32769,0,91,55
2,84,74,-1,255,255,32768,4096,0,84,74
3,57,56,0,255,255,32769,61440,0,255,255
3,19,12,2,255,255,32769,32792,0,255,255
4,0,12,-1,255,255,32768,32696,0,0,0
5,87,51,2,255,255,32769,32813,0,0,0
6,74,51,-32,255,255,32768,4096,0,0,0
3,87,51,2,255,255,32769,32792,0,255,255
4,74,51,-32,255,255,32768,4096,0,0,0
5,19,12,2,255,255,32769,32897,0,0,0
3,105,104,2,255,255,32769,32792,0,255,255
3,105,103,2,255,255,32769,32781,0,255,255
3,9,8,2,255,255,32769,32781,0,255,255
3,9,7,2,255,255,32769,32781,0,255,255
3,87,86,2,255,255,32769,32781,0,255,255
3,87,85,2,255,255,32769,32781,0,255,255
3,87,84,2,255,255,32769,32781,0,255,255
3,87,88,2,255,255,32769,32781,0,255,255
3,87,89,2,255,255,32769,32781,0,255,255
3,87,90,2,255,255,32769,32781,0,255,255
3,87,91,2,255,255,32769,32781,0,255,255
3,87,92,2,255,255,32769,32781,0,255,255
3,19,18,2,255,255,32769,32781,0,255,255
3,19,17,2,255,255,32769,32781,0,255,255
3,19,16,2,255,255,32769,32781,0,255,255
3,19,15,2,255,255,32769,32781,0,255,255
3,19,20,2,255,255,32769,32781,0,255,255
3,19,7,2,255,255,32769,32781,0,255,255
3,19,31,2,255,255,32769,32781,0,255,255
3,19,43,2,255,255,32769,32781,0,255,255
3,19,55,2,255,255,32769,32781,0,255,255
3,19,67,2,255,255,32769,32780,0,255,255
3,19,79,2,255,255,32769,32780,0,255,255
3,19,91,2,255,255,32769,32780,0,255,255
3,19,103,2,255,255,32769,32780,0,255,255
3,93,79,2,255,255,32769,32780,0,255,255
3,93,103,2,255,255,32769,32780,0,255,255
3,21,7,2,255,255,32769,32780,0,255,255
3,21,31,2,255,255,32769,32780,0,255,255
3,69,56,2,255,255,32769,32780,0,255,255
3,45,56,2,255,255,32769,32780,0,255,255
3,81,55,2,255,255,32769,32780,0,255,255
3,81,103,2,255,255,32769,32780,0,255,255
3,33,7,2,255,255,32769,32780,0,255,255
3,33,55,2,255,255,32769,32780,0,255,255
3,102,101,2,255,255,32769,32780,0,255,255
3,78,77,2,255,255,32769,32780,0,255,255
3,54,53,2,255,255,32769,32780,0,255,255
3,30,29,2,255,255,32769,32780,0,255,255
3,6,5,2,255,255,32769,32780,0,255,255
1,91,86,2,91,55,32769,32769,0,91,55
2,14,86,-1,255,255,32768,4096,0,84,74
3,57,56,0,255,255,32769,61440,0,255,255
3,105,104,2,255,255,32769,32889,0,255,255
3,105,103,2,255,255,32769,32878,0,255,255
3,9,8,2,255,255,32769,32878,0,255,255
3,9,7,2,255,255,32769,32878,0,255,255
3,19,18,2,255,255,32769,32878,0,255,255
3,19,17,2,255,255,32769,32878,0,255,255
3,19,16,2,255,255,32769,32878,0,255,255
3,19,15,2,255,255,32769,32878,0,255,255
3,19,14,2,255,255,32769,32878,0,255,255
3,19,13,2,255,255,32769,32878,0,255,255
3,19,20,2,255,255,32769,32878,0,255,255
3,19,7,2,255,255,32769,32878,0,255,255
3,19,31,2,255,255,32769,32878,0,255,255
3,19,43,2,255,255,32769,32878,0,255,255
3,19,55,2,255,255,32769,32878,0,255,255
3,19,67,2,255,255,32769,32877,0,255,255
3,19,79,2,255,255,32769,32877,0,255,255
3,19,91,2,255,255,32769,32877,0,255,255
3,19,103,2,255,255,32769,32877,0,255,255
3,93,79,2,255,255,32769,32877,0,255,255
3,93,103,2,255,255,32769,32877,0,255,255
3,21,7,2,255,255,32769,32877,0,255,255
3,21,31,2,255,255,32769,32877,0,255,255
3,69,56,2,255,255,32769,32877,0,255,255
3,45,56,2,255,255,32769,32877,0,255,255
3,81,55,2,255,255,32769,32877,0,255,255
3,81,103,2,255,255,32769,32877,0,255,255
3,33,7,2,255,255,32769,32877,0,255,255
3,33,55,2,255,255,32769,32877,0,255,255
3,102,101,2,255,255,32769,32877,0,255,255
3,78,77,2,255,255,32769,32877,0,255,255
3,54,53,2,255,255,32769,32877,0,255,255
3,30,29,2,255,255,32769,32877,0,255,255
3,6,5,2,255,255,32769,32877,0,255,255
1,91,85,2,91,55,32769,32769,0,91,55
2,96,97,0,255,255,32768,4096,0,84,74
3,57,56,0,255,255,32769,61440,0,255,255
3,19,12,2,255,255,32769,32791,0,255,255
4,0,12,-1,255,255,32768,32695,0,0,0
3,105,104,2,255,255,32769,32791,0,255,255
3,105,103,2,255,255,32769,32780,0,255,255
3,9,8,2,255,255,32769,32780,0,255,255
3,9,7,2,255,255,32769,32780,0,255,255
3,85,86,2,255,255,32769,32780,0,255,255
3,85,87,2,255,255,32769,32780,0,255,255
3,85,88,2,255,255,32769,32780,0,255,255
3,85,89,2,255,255,32769,32780,0,255,255
3,85,90,2,255,255,32769,32780,0,255,255
3,85,91,2,255,255,32769,32780,0,255,255
3,85,92,2,255,255,32769,32780,0,255,255
3,85,73,2,255,255,32769,32780,0,255,255
3,85,61,2,255,255,32769,32780,0,255,255
3,85,49,2,255,255,32769,32780,0,255,255
3,85,37,2,255,255,32769,32780,0,255,255
3,85,25,2,255,255,32769,32780,0,255,255
3,85,13,2,255,255,32769,32780,0,255,255
3,85,1,2,255,255,32769,32780,0,255,255
3,19,18,2,255,255,32769,32780,0,255,255
3,19,17,2,255,255,32769,32780,0,255,255
3,19,16,2,255,255,32769,32780,0,255,255
3,19,15,2,255,255,32769,32780,0,255,255
3,19,20,2,255,255,32769,32780,0,255,255
3,19,7,2,255,255,32769,32780,0,255,255
3,19,31,2,255,255,32769,32780,0,255,255
3,19,43,2,255,255,32769,32780,0,255,255
3,19,55,2,255,255,32769,32780,0,255,255
3,19,67,2,255,255,32769,32779,0,255,255
3,19,79,2,255,255,32769,32779,0,255,255
3,19,91,2,255,255,32769,32779,0,255,255
3,19,103,2,255,255,32769,32779,0,255,255
3,93,79,2,255,255,32769,32779,0,255,255
3,93,103,2,255,255,32769,32779,0,255,255
3,21,7,2,255,255,32769,32779,0,255,255
3,21,31,2,255,255,32769,32779,0,255,255
3,69,56,2,255,255,32769,32779,0,255,255
3,45,56,2,255,255,32769,32779,0,255,255
3,81,55,2,255,255,32769,32779,0,255,255
3,81,103,2,255,255,32769,32779,0,255,255
3,33,7,2,255,255,32769,32779,0,255,255
3,33,55,2,255,255,32769,32779,0,255,255
3,102,101,2,255,255,32769,32779,0,255,255
3,78,77,2,255,255,32769,32779,0,255,255
3,54,53,2,255,255,32769,32779,0,255,255
3,30,29,2,255,255,32769,32779,0,255,255
3,6,5,2,255,255,32769,32779,0,255,255
1,91,79,2,91,55,32769,32769,0,91,55
2,96,97,-1,255,255,32768,4096,0,84,74
3,57,56,0,255,255,32769,61440,0,255,255
3,19,12,2,255,255,32769,32789,0,255,255
4,0,12,-1,255,255,32768,32693,0,0,0
5,79,75,2,255,255,32769,32810,0,0,0
3,79,75,2,255,255,32769,32789,0,255,255
3,105,104,2,255,255,32769,32784,0,255,255
3,105,103,2,255,255,32769,32778,0,255,255
3,9,8,2,255,255,32769,32778,0,255,255
3,9,7,2,255,255,32769,32778,0,255,255
3,79,80,2,255,255,32769,32778,0,255,255
3,79,67,2,255,255,32769,32778,0,255,255
3,79,55,2,255,255,32769,32778,0,255,255
3,79,43,2,255,255,32769,32777,0,255,255
3,79,31,2,255,255,32769,32777,0,255,255
3,79,91,2,255,255,32769,32777,0,255,255
3,79,103,2,255,255,32769,32777,0,255,255
3,19,18,2,255,255,32769,32777,0,255,255
3,19,17,2,255,255,32769,32777,0,255,255
3,19,16,2,255,255,32769,32777,0,255,255
3,19,15,2,255,255,32769,32777,0,255,255
3,19,20,2,255,255,32769,32777,0,255,255
3,19,7,2,255,255,32769,32777,0,255,255
3,19,31,2,255,255,32769,32777,0,255,255
3,19,43,2,255,255,32769,32777,0,255,255
3,19,55,2,255,255,32769,32777,0,255,255
3,19,67,2,255,255,32769,32777,0,255,255
3,93,103,2,255,255,32769,32777,0,255,255
3,21,7,2,255,255,32769,32777,0,255,255
3,21,31,2,255,255,32769,32777,0,255,255
3,69,56,2,255,255,32769,32777,0,255,255
3,45,56,2,255,255,32769,32777,0,255,255
3,81,55,2,255,255,32769,32777,0,255,255
3,81,103,2,255,255,32769,32777,0,255,255
3,33,7,2,255,255,32769,32777,0,255,255
3,33,55,2,255,255,32769,32777,0,255,255
3,102,101,2,255,255,32769,32777,0,255,255
3,78,77,2,255,255,32769,32777,0,255,255
3,54,53,2,255,255,32769,32777,0,255,255
3,30,29,2,255,255,32769,32777,0,255,255
3,6,5,2,255,255,32769,32777,0,255,255
1,91,67,2,91,55,32769,32769,0,91,55
2,96,97,-1,255,255,32768,4096,0,84,74
3,57,56,0,255,255,32769,61440,0,255,255
3,19,12,2,255,255,32769,32787,0,255,255
4,0,12,-1,255,255,32768,32691,0,0,0
3,105,104,2,255,255,32769,32787,0,255,255
3,105,103,2,255,255,32769,32776,0,255,255
3,9,8,2,255,255,32769,32776,0,255,255
3,9,7,2,255,255,32769,32776,0,255,255
3,67,66,2,255,255,32769,32776,0,255,255
3,67,65,2,255,255,32769,32776,0,255,255
3,67,64,2,255,255,32769,32776,0,255,255
3,67,63,2,255,255,32769,32776,0,255,255
3,67,62,2,255,255,32769,32776,0,255,255
3,67,61,2,255,255,32769,32776,0,255,255
3,67,68,2,255,255,32769,32776,0,255,255
3,67,55,2,255,255,32769,32776,0,255,255
3,67,43,2,255,255,32769,32776,0,255,255
3,67,31,2,255,255,32769,32776,0,255,255
3,67,79,2,255,255,32769,32776,0,255,255
3,67,91,2,255,255,32769,32776,0,255,255
3,67,103,2,255,255,32769,32776,0,255,255
3,19,18,2,255,255,32769,32776,0,255,255
3,19,17,2,255,255,32769,32776,0,255,255
3,19,16,2,255,255,32769,32776,0,255,255
3,19,15,2,255,255,32769,32776,0,255,255
3,19,20,2,255,255,32769,32776,0,255,255
3,19,7,2,255,255,32769,32776,0,255,255
3,19,31,2,255,255,32769,32776,0,255,255
3,19,43,2,255,255,32769,32776,0,255,255
3,19,55,2,255,255,32769,32776,0,255,255
3,93,79,2,255,255,32769,32775,0,255,255
3,93,103,2,255,255,32769,32775,0,255,255
3,21,7,2,255,255,32769,32775,0,255,255
3,21,31,2,255,255,32769,32775,0,255,255
3,69,56,2,255,255,32769,32775,0,255,255
3,45,56,2,255,255,32769,32775,0,255,255
3,81,55,2,255,255,32769,32775,0,255,255
3,81,103,2,255,255,32769,32775,0,255,255
3,33,7,2,255,255,32769,32775,0,255,255
3,33,55,2,255,255,32769,32775,0,255,255
3,102,101,2,255,255,32769,32775,0,255,255
3,78,77,2,255,255,32769,32775,0,255,255
3,54,53,2,255,255,32769,32775,0,255,255
3,30,29,2,255,255,32769,32775,0,255,255
3,6,5,2,255,255,32769,32775,0,255,255
1,91,43,2,91,55,32769,32769,0,91,55
2,96,97,-1,255,255,32768,4096,0,84,74
3,57,56,0,255,255,32769,61440,0,255,255
3,19,12,2,255,255,32769,32787,0,255,255
4,0,12,-1,255,255,32768,32691,0,0,0
3,105,104,2,255,255,32769,32787,0,255,255
3,105,103,2,255,255,32769,32776,0,255,255
3,9,8,2,255,255,32769,32776,0,255,255
3,9,7,2,255,255,32769,32776,0,255,255
3,43,42,2,255,255,32769,32776,0,255,255
3,43,41,2,255,255,32769,32776,0,255,255
3,43,40,2,255,255,32769,32776,0,255,255
3,43,39,2,255,255,32769,32776,0,255,255
3,43,38,2,255,255,32769,32776,0,255,255
3,43,37,2,255,255,32769,32776,0,255,255
3,43,44,2,255,255,32769,32776,0,255,255
3,43,31,2,255,255,32769,32776,0,255,255
3,43,55,2,255,255,32769,32776,0,255,255
3,43,67,2,255,255,32769,32776,0,255,255
3,43,79,2,255,255,32769,32776,0,255,255
3,43,91,2,255,255,32769,32776,0,255,255
3,43,103,2,255,255,32769,32776,0,255,255
3,19,18,2,255,255,32769,32776,0,255,255
3,19,17,2,255,255,32769,32776,0,255,255
3,19,16,2,255,255,32769,32776,0,255,255
3,19,15,2,255,255,32769,32776,0,255,255
3,19,20,2,255,255,32769,32776,0,255,255
3,19,7,2,255,255,32769,32776,0,255,255
3,19,31,2,255,255,32769,32776,0,255,255
3,93,79,2,255,255,32769,32776,0,255,255
3,93,103,2,255,255,32769,32775,0,255,255
3,21,7,2,255,255,32769,32775,0,255,255
3,21,31,2,255,255,32769,32775,0,255,255
3,69,56,2,255,255,32769,32775,0,255,255
3,45,56,2,255,255,32769,32775,0,255,255
3,81,55,2,255,255,32769,32775,0,255,255
3,81,103,2,255,255,32769,32775,0,255,255
3,33,7,2,255,255,32769,32775,0,255,255
3,33,55,2,255,255,32769,32775,0,255,255
3,102,101,2,255,255,32769,32775,0,255,255
3,78,77,2,255,255,32769,32775,0,255,255
3,54,53,2,255,255,32769,32775,0,255,255
3,30,29,2,255,255,32769,32775,0,255,255
3,6,5,2,255,255,32769,32775,0,255,255
1,91,31,2,91,55,32769,32769,0,91,55
2,96,97,-1,255,255,32768,4096,0,84,74
3,57,56,0,255,255,32769,61440,0,255,255
3,19,12,2,255,255,32769,32789,0,255,255
4,0,12,-1,255,255,32768,32693,0,0,0
5,31,27,2,255,255,32769,32810,0,0,0
3,31,27,2,255,255,32769,32789,0,255,255
3,105,104,2,255,255,32769,32784,0,255,255
3,105,103,2,255,255,32769,32778,0,255,255
3,9,8,2,255,255,32769,32778,0,255,255
3,9,7,2,255,255,32769,32778,0,255,255
3,31,32,2,255,255,32769,32778,0,255,255
3,31,43,2,255,255,32769,32778,0,255,255
3,31,55,2,255,255,32769,32778,0,255,255
3,31,67,2,255,255,32769,32777,0,255,255
3,31,79,2,255,255,32769,32777,0,255,255
3,31,91,2,255,255,32769,32777,0,255,255
3,31,103,2,255,255,32769,32777,0,255,255
3,19,18,2,255,255,32769,32777,0,255,255
3,19,17,2,255,255,32769,32777,0,255,255
3,19,16,2,255,255,32769,32777,0,255,255
3,19,15,2,255,255,32769,32777,0,255,255
3,19,20,2,255,255,32769,32777,0,255,255
3,19,7,2,255,255,32769,32777,0,255,255
3,93,79,2,255,255,32769,32777,0,255,255
3,93,103,2,255,255,32769,32777,0,255,255
3,21,7,2,255,255,32769,32777,0,255,255
3,69,56,2,255,255,32769,32777,0,255,255
3,45,56,2,255,255,32769,32777,0,255,255
3,81,55,2,255,255,32769,32777,0,255,255
3,81,103,2,255,255,32769,32777,0,255,255
3,33,7,2,255,255,32769,32777,0,255,255
3,33,55,2,255,255,32769,32777,0,255,255
3,102,101,2,255,255,32769,32777,0,255,255
3,78,77,2,255,255,32769,32777,0,255,255
3,54,53,2,255,255,32769,32777,0,255,255
3,30,29,2,255,255,32769,32777,0,255,255
3,6,5,2,255,255,32769,32777,0,255,255
1,91,103,2,91,55,32769,32769,0,91,55
2,96,97,-1,255,255,32768,4096,0,84,74
3,57,56,0,255,255,32769,61440,0,255,255
3,19,12,2,255,255,32769,32789,0,255,255
4,0,12,-1,255,255,32768,32693,0,0,0
5,103,99,2,255,255,32769,32810,0,0,0
3,103,99,2,255,255,32769,32789,0,255,255
3,105,104,2,255,255,32769,32784,0,255,255
3,9,8,2,255,255,32769,32778,0,255,255
3,9,7,2,255,255,32769,32778,0,255,255
3,103,104,2,255,255,32769,32778,0,255,255
3,103,91,2,255,255,32769,32778,0,255,255
3,103,79,2,255,255,32769,32778,0,255,255
3,103,67,2,255,255,32769,32778,0,255,255
3,103,55,2,255,255,32769,32778,0,255,255
3,103,43,2,255,255,32769,32777,0,255,255
3,103,31,2,255,255,32769,32777,0,255,255
3,19,18,2,255,255,32769,32777,0,255,255
3,19,17,2,255,255,32769,32777,0,255,255
3,19,16,2,255,255,32769,32777,0,255,255
3,19,15,2,255,255,32769,32777,0,255,255
3,19,20,2,255,255,32769,32777,0,255,255
3,19,7,2,255,255,32769,32777,0,255,255
3,19,31,2,255,255,32769,32777,0,255,255
3,19,43,2,255,255,32769,32777,0,255,255
3,19,55,2,255,255,32769,32777,0,255,255
3,19,67,2,255,255,32769,32777,0,255,255
3,19,79,2,255,255,32769,32777,0,255,255
3,19,91,2,255,255,32769,32777,0,255,255
3,93,79,2,255,255,32769,32777,0,255,255
3,21,7,2,255,255,32769,32777,0,255,255
3,21,31,2,255,255,32769,32777,0,255,255
3,69,56,2,255,255,32769,32777,0,255,255
3,45,56,2,255,255,32769,32777,0,255,255
3,81,55,2,255,255,32769,32777,0,255,255
3,33,7,2,255,255,32769,32777,0,255,255
3,33,55,2,255,255,32769,32777,0,255,255
3,102,101,2,255,255,32769,32777,0,255,255
3,78,77,2,255,255,32769,32777,0,255,255
3,54,53,2,255,255,32769,32777,0,255,255
3,30,29,2,255,255,32769,32777,0,255,255
3,6,5,2,255,255,32769,32777,0,255,255
1,19,18,2,91,55,32769,32769,0,91,55
2,96,97,-1,255,255,32768,4096,0,84,74
3,91,55,-1,255,255,32769,61440,0,255,255
3,57,56,0,255,255,32769,32778,0,255,255
3,18,12,2,255,255,32769,32778,0,255,255
4,0,12,-1,255,255,32768,32693,0,0,0
3,105,104,2,255,255,32769,32778,0,255,255
3,105,103,2,255,255,32769,32778,0,255,255
3,9,8,2,255,255,32769,32778,0,255,255
3,9,7,2,255,255,32769,32778,0,255,255
3,91,90,2,255,255,32769,32778,0,255,255
3,91,89,2,255,255,32769,32778,0,255,255
3,91,88,2,255,255,32769,32778,0,255,255
3,91,87,2,255,255,32769,32778,0,255,255
3,91,86,2,255,255,32769,32778,0,255,255
3,91,85,2,255,255,32769,32778,0,255,255
3,91,92,2,255,255,32769,32778,0,255,255
3,91,79,2,255,255,32769,32778,0,255,255
3,91,67,2,255,255,32769,32778,0,255,255
3,91,43,2,255,255,32769,32778,0,255,255
3,91,31,2,255,255,32769,32778,0,255,255
3,91,19,2,255,255,32769,32778,0,255,255
3,91,7,2,255,255,32769,32778,0,255,255
3,91,103,2,255,255,32769,32778,0,255,255
3,18,17,2,255,255,32769,32778,0,255,255
3,18,16,2,255,255,32769,32778,0,255,255
3,18,15,2,255,255,32769,32778,0,255,255
3,18,19,2,255,255,32769,32778,0,255,255
3,18,20,2,255,255,32769,32778,0,255,255
3,93,79,2,255,255,32769,32778,0,255,255
3,93,103,2,255,255,32769,32778,0,255,255
3,21,7,2,255,255,32769,32778,0,255,255
3,21,31,2,255,255,32769,32778,0,255,255
3,69,56,2,255,255,32769,32778,0,255,255
3,45,56,2,255,255,32769,32778,0,255,255
3,81,55,2,255,255,32769,32778,0,255,255
3,81,103,2,255,255,32769,32778,0,255,255
3,33,7,2,255,255,32769,32778,0,255,255
3,33,55,2,255,255,32769,32778,0,255,255
3,102,101,2,255,255,32769,32778,0,255,255
3,78,77,2,255,255,32769,32778,0,255,255
3,54,53,2,255,255,32769,32778,0,255,255
3,30,29,2,255,255,32769,32778,0,255,255
3,6,5,2,255,255,32769,32778,0,255,255
1,19,17,2,91,55,32769,32769,0,91,55
2,96,97,-1,255,255,32768,4096,0,84,74
3,91,55,-1,255,255,32769,61440,0,255,255
3,57,56,0,255,255,32769,32778,0,255,255
3,17,12,2,255,255,32769,32778,0,255,255
4,0,12,-1,255,255,32768,32693,0,0,0
3,105,104,2,255,255,32769,32778,0,255,255
3,105,103,2,255,255,32769,32778,0,255,255
3,9,8,2,255,255,32769,32778,0,255,255
3,9,7,2,255,255,32769,32778,0,255,255
3,91,90,2,255,255,32769,32778,0,255,255
3,91,89,2,255,255,32769,32778,0,255,255
3,91,88,2,255,255,32769,32778,0,255,255
3,91,87,2,255,255,32769,32778,0,255,255
3,91,86,2,255,255,32769,32778,0,255,255
3,91,85,2,255,255,32769,32778,0,255,255
3,91,92,2,255,255,32769,32778,0,255,255
3,91,79,2,255,255,32769,32778,0,255,255
3,91,67,2,255,255,32769,32778,0,255,255
3,91,43,2,255,255,32769,32778,0,255,255
3,91,31,2,255,255,32769,32778,0,255,255
3,91,19,2,255,255,32769,32778,0,255,255
3,91,7,2,255,255,32769,32778,0,255,255
3,91,103,2,255,255,32769,32778,0,255,255
3,17,16,2,255,255,32769,32778,0,255,255
3,17,15,2,255,255,32769,32778,0,255,255
3,17,18,2,255,255,32769,32778,0,255,255
3,17,19,2,255,255,32769,32778,0,255,255
3,17,20,2,255,255,32769,32778,0,255,255
3,17,5,2,255,255,32769,32778,0,255,255
3,17,29,2,255,255,32769,32778,0,255,255
3,17,41,2,255,255,32769,32778,0,255,255
3,17,53,2,255,255,32769,32778,0,255,255
3,17,65,2,255,255,32769,32778,0,255,255
3,17,77,2,255,255,32769,32778,0,255,255
3,17,89,2,255,255,32769,32778,0,255,255
3,17,101,2,255,255,32769,32778,0,255,255
3,93,79,2,255,255,32769,32778,0,255,255
3,93,103,2,255,255,32769,32778,0,255,255
3,21,7,2,255,255,32769,32778,0,255,255
3,21,31,2,255,255,32769,32778,0,255,255
3,69,56,2,255,255,32769,32778,0,255,255
3,45,56,2,255,255,32769,32778,0,255,255
3,81,55,2,255,255,32769,32778,0,255,255
3,81,103,2,255,255,32769,32778,0,255,255
3,33,7,2,255,255,32769,32778,0,255,255
3,33,55,2,255,255,32769,32778,0,255,255
3,102,101,2,255,255,32769,32778,0,255,255
3,78,77,2,255,255,32769,32778,0,255,255
3,54,53,2,255,255,32769,32778,0,255,255
3,30,29,2,255,255,32769,32778,0,255,255
3,6,5,2,255,255,32769,32778,0,255,255
1,19,16,2,91,55,32769,32769,0,91,55
2,96,97,-1,255,255,32768,4096,0,84,74
3,91,55,-1,255,255,32769,61440,0,255,255
3,57,56,0,255,255,32769,32779,0,255,255
3,16,12,2,255,255,32769,32779,0,255,255
4,0,12,-1,255,255,32768,32693,0,0,0
3,105,104,2,255,255,32769,32779,0,255,255
3,105,103,2,255,255,32769,32779,0,255,255
3,9,8,2,255,255,32769,32779,0,255,255
3,9,7,2,255,255,32769,32779,0,255,255
3,91,90,2,255,255,32769,32779,0,255,255
3,91,89,2,255,255,32769,32779,0,255,255
3,91,88,2,255,255,32769,32779,0,255,255
3,91,87,2,255,255,32769,32779,0,255,255
3,91,86,2,255,255,32769,32779,0,255,255
3,91,85,2,255,255,32769,32779,0,255,255
3,91,92,2,255,255,32769,32779,0,255,255
3,91,79,2,255,255,32769,32779,0,255,255
3,91,67,2,255,255,32769,32779,0,255,255
3,91,43,2,255,255,32769,32779,0,255,255
3,91,31,2,255,255,32769,32779,0,255,255
3,91,19,2,255,255,32769,32779,0,255,255
3,91,7,2,255,255,32769,32779,0,255,255
3,91,103,2,255,255,32769,32779,0,255,255
3,16,15,2,255,255,32769,32779,0,255,255
3,16,17,2,255,255,32769,32779,0,255,255
3,16,18,2,255,255,32769,32779,0,255,255
3,16,19,2,255,255,32769,32779,0,255,255
3,16,20,2,255,255,32769,32779,0,255,255
3,16,4,2,255,255,32769,32779,0,255,255
3,16,28,2,255,255,32769,32779,0,255,255
3,16,40,2,255,255,32769,32779,0,255,255
3,16,52,2,255,255,32769,32779,0,255,255
3,16,64,2,255,255,32769,32779,0,255,255
3,16,76,2,255,255,32769,32779,0,255,255
3,16,88,2,255,255,32769,32779,0,255,255
3,16,100,2,255,255,32769,32779,0,255,255
3,93,79,2,255,255,32769,32779,0,255,255
3,93,103,2,255,255,32769,32779,0,255,255
3,21,7,2,255,255,32769,32779,0,255,255
3,21,31,2,255,255,32769,32779,0,255,255
3,69,56,2,255,255,32769,32779,0,255,255
3,45,56,2,255,255,32769,32779,0,255,255
3,81,55,2,255,255,32769,32779,0,255,255
3,81,103,2,255,255,32769,32779,0,255,255
3,33,7,2,255,255,32769,32779,0,255,255
3,33,55,2,255,255,32769,32779,0,255,255
3,102,101,2,255,255,32769,32779,0,255,255
3,78,77,2,255,255,32769,32779,0,255,255
3,54,53,2,255,255,32769,32779,0,255,255
3,30,29,2,255,255,32769,32779,0,255,255
3,6,5,2,255,255,32769,32779,0,255,255
1,19,15,2,91,55,32769,32769,0,91,55
2,96,97,-1,255,255,32768,4096,0,84,74
3,91,55,-1,255,255,32769,61440,0,255,255
3,57,56,0,255,255,32769,32779,0,255,255
3,15,12,2,255,255,32769,32779,0,255,255
4,0,12,-1,255,255,32768,32693,0,0,0
3,15,51,2,255,255,32769,32779,0,255,255
4,50,54,-29,255,255,32768,4096,0,0,0
5,51,99,2,255,255,32769,32777,0,0,0
5,51,3,2,255,255,32769,32775,0,0,0
3,105,104,2,255,255,32769,32775,0,255,255
3,105,103,2,255,255,32769,32775,0,255,255
3,9,8,2,255,255,32769,32775,0,255,255
3,9,7,2,255,255,32769,32775,0,255,255
3,91,90,2,255,255,32769,32775,0,255,255
3,91,89,2,255,255,32769,32775,0,255,255
3,91,88,2,255,255,32769,32775,0,255,255
3,91,87,2,255,255,32769,32775,0,255,255
3,91,86,2,255,255,32769,32775,0,255,255
3,91,85,2,255,255,32769,32775,0,255,255
3,91,92,2,255,255,32769,32775,0,255,255
3,91,79,2,255,255,32769,32775,0,255,255
3,91,67,2,255,255,32769,32775,0,255,255
3,91,43,2,255,255,32769,32775,0,255,255
3,91,31,2,255,255,32769,32775,0,255,255
3,91,19,2,255,255,32769,32775,0,255,255
3,91,7,2,255,255,32769,32775,0,255,255
3,91,103,2,255,255,32769,32775,0,255,255
3,15,16,2,255,255,32769,32775,0,255,255
3,15,17,2,255,255,32769,32775,0,255,255
3,15,18,2,255,255,32769,32775,0,255,255
3,15,19,2,255,255,32769,32775,0,255,255
3,15,20,2,255,255,32769,32775,0,255,255
3,93,79,2,255,255,32769,32775,0,255,255
3,93,103,2,255,255,32769,32775,0,255,255
3,21,7,2,255,255,32769,32775,0,255,255
3,21,31,2,255,255,32769,32775,0,255,255
3,69,56,2,255,255,32769,32775,0,255,255
3,45,56,2,255,255,32769,32775,0,255,255
3,81,55,2,255,255,32769,32775,0,255,255
3,81,103,2,255,255,32769,32775,0,255,255
3,33,7,2,255,255,32769,32775,0,255,255
3,33,55,2,255,255,32769,32775,0,255,255
3,102,101,2,255,255,32769,32775,0,255,255
3,78,77,2,255,255,32769,32775,0,255,255
3,54,53,2,255,255,32769,32775,0,255,255
3,30,29,2,255,255,32769,32775,0,255,255
3,6,5,2,255,255,32769,32775,0,255,255
1,19,20,2,91,55,32769,32769,0,91,55
2,96,97,-1,255,255,32768,4096,0,84,74
3,91,55,-1,255,255,32769,61440,0,255,255
3,57,56,0,255,255,32769,32777,0,255,255
3,20,12,2,255,255,32769,32777,0,255,255
4,0,12,-1,255,255,32768,32693,0,0,0
3,105,104,2,255,255,32769,32777,0,255,255
3,105,103,2,255,255,32769,32777,0,255,255
3,9,8,2,255,255,32769,32777,0,255,255
3,9,7,2,255,255,32769,32777,0,255,255
3,91,90,2,255,255,32769,32777,0,255,255
3,91,89,2,255,255,32769,32777,0,255,255
3,91,88,2,255,255,32769,32777,0,255,255
3,91,87,2,255,255,32769,32777,0,255,255
3,91,86,2,255,255,32769,32777,0,255,255
3,91,85,2,255,255,32769,32777,0,255,255
3,91,92,2,255,255,32769,32777,0,255,255
3,91,79,2,255,255,32769,32777,0,255,255
3,91,67,2,255,255,32769,32777,0,255,255
3,91,43,2,255,255,32769,32777,0,255,255
3,91,31,2,255,255,32769,32777,0,255,255
3,91,19,2,255,255,32769,32777,0,255,255
3,91,7,2,255,255,32769,32777,0,255,255
3,91,103,2,255,255,32769,32777,0,255,255
3,20,19,2,255,255,32769,32777,0,255,255
3,20,18,2,255,255,32769,32777,0,255,255
3,20,17,2,255,255,32769,32777,0,255,255
3,20,16,2,255,255,32769,32777,0,255,255
3,20,15,2,255,255,32769,32777,0,255,255
3,20,8,2,255,255,32769,32777,0,255,255
3,20,32,2,255,255,32769,32777,0,255,255
3,20,44,2,255,255,32769,32777,0,255,255
3,20,56,2,255,255,32769,32777,0,255,255
3,20,68,2,255,255,32769,32777,0,255,255
3,20,80,2,255,255,32769,32777,0,255,255
3,20,92,2,255,255,32769,32777,0,255,255
3,20,104,2,255,255,32769,32777,0,255,255
3,93,79,2,255,255,32769,32777,0,255,255
3,93,103,2,255,255,32769,32777,0,255,255
3,69,56,2,255,255,32769,32777,0,255,255
3,45,56,2,255,255,32769,32777,0,255,255
3,81,55,2,255,255,32769,32777,0,255,255
3,81,103,2,255,255,32769,32777,0,255,255
3,33,55,2,255,255,32769,32777,0,255,255
3,102,101,2,255,255,32769,32777,0,255,255
3,78,77,2,255,255,32769,32777,0,255,255
3,54,53,2,255,255,32769,32777,0,255,255
3,30,29,2,255,255,32769,32777,0,255,255
3,6,5,2,255,255,32769,32777,0,255,255
1,19,7,2,91,55,32769,32769,0,91,55
2,96,97,-1,255,255,32768,4096,0,84,74
3,91,55,-1,255,255,32769,61440,0,255,255
3,57,56,0,255,255,32769,32777,0,255,255
3,7,3,2,255,255,32769,32777,0,255,255
3,105,104,2,255,255,32769,32777,0,255,255
3,105,103,2,255,255,32769,32777,0,255,255
3,9,8,2,255,255,32769,32777,0,255,255
3,91,90,2,255,255,32769,32777,0,255,255
3,91,89,2,255,255,32769,32777,0,255,255
3,91,88,2,255,255,32769,32777,0,255,255
3,91,87,2,255,255,32769,32777,0,255,255
3,91,86,2,255,255,32769,32777,0,255,255
3,91,85,2,255,255,32769,32777,0,255,255
3,91,92,2,255,255,32769,32777,0,255,255
3,91,79,2,255,255,32769,32777,0,255,255
3,91,67,2,255,255,32769,32777,0,255,255
3,91,43,2,255,255,32769,32777,0,255,255
3,91,31,2,255,255,32769,32777,0,255,255
3,91,19,2,255,255,32769,32777,0,255,255
3,91,103,2,255,255,32769,32777,0,255,255
3,7,8,2,255,255,32769,32777,0,255,255
3,7,19,2,255,255,32769,32777,0,255,255
3,7,31,2,255,255,32769,32777,0,255,255
3,7,43,2,255,255,32769,32777,0,255,255
3,7,55,2,255,255,32769,32777,0,255,255
3,7,67,2,255,255,32769,32777,0,255,255
3,7,79,2,255,255,32769,32777,0,255,255
3,93,79,2,255,255,32769,32777,0,255,255
3,93,103,2,255,255,32769,32777,0,255,255
3,21,31,2,255,255,32769,32777,0,255,255
3,69,56,2,255,255,32769,32777,0,255,255
3,45,56,2,255,255,32769,32777,0,255,255
3,81,55,2,255,255,32769,32777,0,255,255
3,81,103,2,255,255,32769,32777,0,255,255
3,33,55,2,255,255,32769,32777,0,255,255
3,102,101,2,255,255,32769,32777,0,255,255
3,78,77,2,255,255,32769,32777,0,255,255
3,54,53,2,255,255,32769,32777,0,255,255
3,30,29,2,255,255,32769,32777,0,255,255
3,6,5,2,255,255,32769,32777,0,255,255
1,19,31,2,91,55,32769,32769,0,91,55
2,96,97,-1,255,255,32768,4096,0,84,74
3,91,55,-1,255,255,32769,61440,0,255,255
3,57,56,0,255,255,32769,32777,0,255,255
3,31,27,2,255,255,32769,32777,0,255,255
3,105,104,2,255,255,32769,32777,0,255,255
3,105,103,2,255,255,32769,32777,0,255,255
3,9,8,2,255,255,32769,32777,0,255,255
3,9,7,2,255,255,32769,32777,0,255,255
3,91,90,2,255,255,32769,32777,0,255,255
3,91,89,2,255,255,32769,32777,0,255,255
3,91,88,2,255,255,32769,32777,0,255,255
3,91,87,2,255,255,32769,32777,0,255,255
3,91,86,2,255,255,32769,32777,0,255,255
3,91,85,2,255,255,32769,32777,0,255,255
3,91,92,2,255,255,32769,32777,0,255,255
3,91,79,2,255,255,32769,32777,0,255,255
3,91,67,2,255,255,32769,32777,0,255,255
3,91,43,2,255,255,32769,32777,0,255,255
3,91,103,2,255,255,32769,32777,0,255,255
3,31,32,2,255,255,32769,32777,0,255,255
3,31,19,2,255,255,32769,32777,0,255,255
3,31,7,2,255,255,32769,32777,0,255,255
3,31,43,2,255,255,32769,32777,0,255,255
3,31,55,2,255,255,32769,32777,0,255,255
3,31,67,2,255,255,32769,32777,0,255,255
3,31,79,2,255,255,32769,32777,0,255,255
3,93,79,2,255,255,32769,32777,0,255,255
3,93,103,2,255,255,32769,32777,0,255,255
3,21,7,2,255,255,32769,32777,0,255,255
3,69,56,2,255,255,32769,32777,0,255,255
3,45,56,2,255,255,32769,32777,0,255,255
3,81,55,2,255,255,32769,32777,0,255,255
3,81,103,2,255,255,32769,32777,0,255,255
3,33,7,2,255,255,32769,32777,0,255,255
3,33,55,2,255,255,32769,32777,0,255,255
3,102,101,2,255,255,32769,32777,0,255,255
3,78,77,2,255,255,32769,32777,0,255,255
3,54,53,2,255,255,32769,32777,0,255,255
3,30,29,2,255,255,32769,32777,0,255,255
3,6,5,2,255,255,32769,32777,0,255,255
1,19,43,2,91,55,32769,32769,0,91,55
2,96,97,-1,255,255,32768,4096,0,84,74
3,91,55,-1,255,255,32769,61440,0,255,255
3,57,56,0,255,255,32769,32775,0,255,255
3,105,104,2,255,255,32769,32775,0,255,255
3,105,103,2,255,255,32769,32775,0,255,255
3,9,8,2,255,255,32769,32775,0,255,255
3,9,7,2,255,255,32769,32775,0,255,255
3,91,90,2,255,255,32769,32775,0,255,255
3,91,89,2,255,255,32769,32775,0,255,255
3,91,88,2,255,255,32769,32775,0,255,255
3,91,87,2,255,255,32769,32775,0,255,255
3,91,86,2,255,255,32769,32775,0,255,255
3,91,85,2,255,255,32769,32775,0,255,255
3,91,92,2,255,255,32769,32775,0,255,255
3,91,79,2,255,255,32769,32775,0,255,255
3,91,67,2,255,255,32769,32775,0,255,255
3,91,103,2,255,255,32769,32775,0,255,255
3,43,42,2,255,255,32769,32775,0,255,255
3,43,41,2,255,255,32769,32775,0,255,255
3,43,40,2,255,255,32769,32775,0,255,255
3,43,39,2,255,255,32769,32775,0,255,255
3,43,38,2,255,255,32769,32775,0,255,255
3,43,37,2,255,255,32769,32775,0,255,255
3,43,44,2,255,255,32769,32775,0,255,255
3,43,31,2,255,255,32769,32775,0,255,255
3,43,19,2,255,255,32769,32775,0,255,255
3,43,7,2,255,255,32769,32775,0,255,255
3,43,55,2,255,255,32769,32775,0,255,255
3,43,67,2,255,255,32769,32775,0,255,255
3,43,79,2,255,255,32769,32775,0,255,255
3,93,79,2,255,255,32769,32775,0,255,255
3,93,103,2,255,255,32769,32775,0,255,255
3,21,7,2,255,255,32769,32775,0,255,255
3,21,31,2,255,255,32769,32775,0,255,255
3,69,56,2,255,255,32769,32775,0,255,255
3,45,56,2,255,255,32769,32775,0,255,255
3,81,55,2,255,255,32769,32775,0,255,255
3,81,103,2,255,255,32769,32775,0,255,255
3,33,7,2,255,255,32769,32775,0,255,255
3,33,55,2,255,255,32769,32775,0,255,255
3,102,101,2,255,255,32769,32775,0,255,255
3,78,77,2,255,255,32769,32775,0,255,255
3,54,53,2,255,255,32769,32775,0,255,255
3,30,29,2,255,255,32769,32775,0,255,255
3,6,5,2,255,255,32769,32775,0,255,255
1,19,55,2,91,55,32769,32769,0,91,55
2,96,97,-1,255,255,32768,4096,0,84,74
3,57,56,0,255,255,32769,61440,0,255,255
3,55,51,2,255,255,32769,32779,0,255,255
4,50,54,-29,255,255,32768,4096,0,0,0
5,51,99,2,255,255,32769,32777,0,0,0
5,51,3,2,255,255,32769,32775,0,0,0
3,105,104,2,255,255,32769,32775,0,255,255
4,50,54,2,255,255,32768,32768,0,0,0
5,55,51,-29,255,255,32769,61440,0,0,0
6,54,102,2,255,255,32768,32768,0,0,0
7,104,102,-1,255,255,32769,32770,0,0,0
6,54,6,2,255,255,32768,32768,0,0,0
7,9,6,-1,255,255,32769,32770,0,0,0
2,84,74,0,255,255,32768,32768,0,84,74
3,105,104,0,255,255,32769,61440,0,255,255
3,55,51,2,255,255,32769,32769,0,255,255
4,74,51,-32,255,255,32768,4096,0,0,0
3,57,56,2,255,255,32769,32769,0,255,255
3,105,103,2,255,255,32769,32769,0,255,255
3,9,8,2,255,255,32769,32769,0,255,255
3,9,7,2,255,255,32769,32769,0,255,255
3,91,90,2,255,255,32769,32769,0,255,255
3,91,89,2,255,255,32769,32769,0,255,255
3,91,88,2,255,255,32769,32769,0,255,255
3,91,87,2,255,255,32769,32769,0,255,255
3,91,86,2,255,255,32769,32769,0,255,255
3,91,85,2,255,255,32769,32769,0,255,255
3,91,84,2,255,255,32769,32769,0,255,255
3,91,92,2,255,255,32769,32769,0,255,255
3,91,79,2,255,255,32769,32769,0,255,255
3,91,67,2,255,255,32769,32769,0,255,255
3,91,103,2,255,255,32769,32769,0,255,255
3,55,56,2,255,255,32769,32769,0,255,255
3,55,43,2,255,255,32769,32769,0,255,255
3,55,31,2,255,255,32769,32769,0,255,255
3,55,19,2,255,255,32769,32769,0,255,255
3,55,7,2,255,255,32769,32769,0,255,255
3,55,67,2,255,255,32769,32769,0,255,255
3,55,79,2,255,255,32769,32769,0,255,255
3,93,79,2,255,255,32769,32769,0,255,255
4,50,54,2,255,255,32768,32768,0,0,0
5,79,54,-32,255,255,32769,61440,0,0,0
2,50,54,2,255,255,32768,32768,0,84,74
3,93,79,-31,255,255,32769,61440,0,255,255
3,55,51,-29,255,255,32769,61440,0,255,255
4,96,97,0,255,255,32768,4096,0,0,0
5,51,99,2,255,255,32769,32777,0,0,0
5,51,3,2,255,255,32769,32775,0,0,0
3,57,56,-29,255,255,32769,32775,0,255,255
3,105,104,-29,255,255,32769,32775,0,255,255
3,105,103,-29,255,255,32769,32775,0,255,255
3,9,8,-29,255,255,32769,32775,0,255,255
3,9,7,-29,255,255,32769,32775,0,255,255
3,91,90,-29,255,255,32769,32775,0,255,255
3,91,89,-29,255,255,32769,32775,0,255,255
3,91,88,-29,255,255,32769,32775,0,255,255
3,91,87,-29,255,255,32769,32775,0,255,255
3,91,86,-29,255,255,32769,32775,0,255,255
3,91,85,-29,255,255,32769,32775,0,255,255
3,91,92,-29,255,255,32769,32775,0,255,255
3,91,79,-29,255,255,32769,32775,0,255,255
3,91,67,-29,255,255,32769,32775,0,255,255
3,91,103,-29,255,255,32769,32775,0,255,255
3,55,56,-29,255,255,32769,32775,0,255,255
3,55,43,-29,255,255,32769,32775,0,255,255
4,96,97,-1,255,255,32768,4096,0,0,0
3,55,31,-29,255,255,32769,32775,0,255,255
4,96,97,-1,255,255,32768,4096,0,0,0
5,31,27,2,255,255,32769,32784,0,0,0
3,55,19,-29,255,255,32769,32775,0,255,255
4,96,97,-1,255,255,32768,4096,0,0,0
5,19,12,2,255,255,32769,32784,0,0,0
6,0,12,-1,255,255,32768,32690,0,0,0
3,55,7,-29,255,255,32769,32775,0,255,255
4,96,97,-1,255,255,32768,4096,0,0,0
5,7,3,2,255,255,32769,32784,0,0,0
3,55,67,-29,255,255,32769,32775,0,255,255
4,96,97,-1,255,255,32768,4096,0,0,0
3,55,79,-29,255,255,32769,32775,0,255,255
4,96,97,-1,255,255,32768,4096,0,0,0
5,79,75,2,255,255,32769,32784,0,0,0
3,93,103,-29,255,255,32769,32775,0,255,255
3,21,7,-29,255,255,32769,32775,0,255,255
3,21,31,-29,255,255,32769,32775,0,255,255
3,69,56,-29,255,255,32769,32775,0,255,255
4,54,56,-1,255,255,32768,4096,0,0,0
5,57,56,-1,255,255,32769,32798,0,0,0
4,96,97,-1,255,255,32768,32694,0,0,0
5,55,51,2,255,255,32769,32773,0,0,0
3,45,56,-29,255,255,32769,32773,0,255,255
4,54,56,-1,255,255,32768,4096,0,0,0
5,57,56,-1,255,255,32769,32798,0,0,0
4,96,97,-1,255,255,32768,32694,0,0,0
5,55,51,2,255,255,32769,32773,0,0,0
3,81,103,-29,255,255,32769,32773,0,255,255
3,33,7,-29,255,255,32769,32773,0,255,255
3,102,101,-29,255,255,32769,32773,0,255,255
3,78,77,-29,255,255,32769,32773,0,255,255
3,30,29,-29,255,255,32769,32773,0,255,255
3,6,5,-29,255,255,32769,32773,0,255,255
1,19,67,2,91,55,32769,32769,0,91,55
2,96,97,-1,255,255,32768,4096,0,84,74
3,93,79,0,255,255,32769,61440,0,255,255
3,57,56,2,255,255,32769,32775,0,255,255
3,105,104,2,255,255,32769,32775,0,255,255
3,105,103,2,255,255,32769,32775,0,255,255
3,9,8,2,255,255,32769,32775,0,255,255
3,9,7,2,255,255,32769,32775,0,255,255
3,91,90,2,255,255,32769,32775,0,255,255
3,91,89,2,255,255,32769,32775,0,255,255
3,91,88,2,255,255,32769,32775,0,255,255
3,91,87,2,255,255,32769,32775,0,255,255
3,91,86,2,255,255,32769,32775,0,255,255
3,91,85,2,255,255,32769,32775,0,255,255
3,91,92,2,255,255,32769,32775,0,255,255
3,91,79,2,255,255,32769,32775,0,255,255
3,91,103,2,255,255,32769,32775,0,255,255
3,67,66,2,255,255,32769,32775,0,255,255
3,67,65,2,255,255,32769,32775,0,255,255
3,67,64,2,255,255,32769,32775,0,255,255
3,67,63,2,255,255,32769,32775,0,255,255
3,67,62,2,255,255,32769,32775,0,255,255
3,67,61,2,255,255,32769,32775,0,255,255
3,67,68,2,255,255,32769,32775,0,255,255
3,67,55,2,255,255,32769,32775,0,255,255
3,67,43,2,255,255,32769,32775,0,255,255
3,67,31,2,255,255,32769,32775,0,255,255
3,67,19,2,255,255,32769,32775,0,255,255
3,67,7,2,255,255,32769,32775,0,255,255
3,67,79,2,255,255,32769,32775,0,255,255
3,93,103,2,255,255,32769,32775,0,255,255
3,21,7,2,255,255,32769,32775,0,255,255
3,21,31,2,255,255,32769,32775,0,255,255
3,69,56,2,255,255,32769,32775,0,255,255
3,45,56,2,255,255,32769,32775,0,255,255
3,81,55,2,255,255,32769,32775,0,255,255
3,81,103,2,255,255,32769,32775,0,255,255
3,33,7,2,255,255,32769,32775,0,255,255
3,33,55,2,255,255,32769,32775,0,255,255
3,102,101,2,255,255,32769,32775,0,255,255
3,78,77,2,255,255,32769,32775,0,255,255
3,54,53,2,255,255,32769,32775,0,255,255
3,30,29,2,255,255,32769,32775,0,255,255
3,6,5,2,255,255,32769,32775,0,255,255
1,19,79,2,91,55,32769,32769,0,91,55
2,96,97,-1,255,255,32768,4096,0,84,74
3,79,75,2,255,255,32769,61440,0,255,255
3,57,56,2,255,255,32769,32784,0,255,255
3,105,104,2,255,255,32769,32784,0,255,255
3,105,103,2,255,255,32769,32778,0,255,255
3,9,8,2,255,255,32769,32778,0,255,255
3,9,7,2,255,255,32769,32778,0,255,255
3,91,90,2,255,255,32769,32778,0,255,255
3,91,89,2,255,255,32769,32778,0,255,255
3,91,88,2,255,255,32769,32778,0,255,255
3,91,87,2,255,255,32769,32778,0,255,255
3,91,86,2,255,255,32769,32778,0,255,255
3,91,85,2,255,255,32769,32778,0,255,255
3,91,92,2,255,255,32769,32778,0,255,255
3,91,103,2,255,255,32769,32778,0,255,255
3,79,80,2,255,255,32769,32778,0,255,255
3,79,67,2,255,255,32769,32778,0,255,255
3,79,55,2,255,255,32769,32778,0,255,255
3,79,43,2,255,255,32769,32777,0,255,255
3,79,31,2,255,255,32769,32777,0,255,255
3,79,19,2,255,255,32769,32777,0,255,255
3,79,7,2,255,255,32769,32777,0,255,255
3,93,103,2,255,255,32769,32777,0,255,255
3,21,7,2,255,255,32769,32777,0,255,255
3,21,31,2,255,255,32769,32777,0,255,255
3,69,56,2,255,255,32769,32777,0,255,255
3,45,56,2,255,255,32769,32777,0,255,255
3,81,55,2,255,255,32769,32777,0,255,255
3,81,103,2,255,255,32769,32777,0,255,255
3,33,7,2,255,255,32769,32777,0,255,255
3,33,55,2,255,255,32769,32777,0,255,255
3,102,101,2,255,255,32769,32777,0,255,255
3,78,77,2,255,255,32769,32777,0,255,255
3,54,53,2,255,255,32769,32777,0,255,255
3,30,29,2,255,255,32769,32777,0,255,255
3,6,5,2,255,255,32769,32777,0,255,255
1,93,79,2,91,55,32769,32769,0,91,55
2,96,97,-1,255,255,32768,4096,0,84,74
3,19,12,2,255,255,32769,61440,0,255,255
4,0,12,-1,255,255,32768,32683,0,0,0
3,57,56,2,255,255,32769,32800,0,255,255
3,105,104,2,255,255,32769,32779,0,255,255
4,14,21,0,255,255,32768,32768,0,0,0
5,9,21,-1,255,255,32769,32862,0,0,0
4,50,54,2,255,255,32768,32768,0,0,0
2,50,54,0,255,255,32768,32768,0,84,74
3,79,54,-1,255,255,32769,61440,0,255,255
4,14,21,0,255,255,32768,32649,0,0,0
2,14,21,2,255,255,32768,32768,0,84,74
3,9,21,-1,255,255,32769,61440,0,255,255
4,50,54,2,255,255,32768,32745,0,0,0
2,48,49,2,255,255,32768,32768,0,84,74
3,105,104,0,255,255,32769,61440,0,255,255
4,14,21,0,255,255,32768,32757,0,0,0
5,9,21,-1,255,255,32769,32851,0,0,0
4,50,54,2,255,255,32768,32757,0,0,0
2,96,98,2,255,255,32768,32768,0,84,74
3,105,104,-1,255,255,32769,61440,0,255,255
4,14,21,0,255,255,32768,32767,0,0,0
5,9,21,-1,255,255,32769,32861,0,0,0
4,50,54,2,255,255,32768,32767,0,0,0
2,0,1,2,255,255,32768,32768,0,84,74
3,105,104,-1,255,255,32769,61440,0,255,255
4,14,21,0,255,255,32768,32768,0,0,0
5,9,21,-1,255,255,32769,32862,0,0,0
4,50,54,2,255,255,32768,32768,0,0,0
2,0,2,2,255,255,32768,32768,0,84,74
3,105,104,-1,255,255,32769,61440,0,255,255
4,14,21,0,255,255,32768,32767,0,0,0
5,9,21,-1,255,255,32769,32861,0,0,0
4,50,54,2,255,255,32768,32767,0,0,0
2,50,49,2,255,255,32768,32768,0,84,74
3,105,104,-1,255,255,32769,61440,0,255,255
4,14,21,0,255,255,32768,32748,0,0,0
5,9,21,-1,255,255,32769,32842,0,0,0
4,49,54,2,255,255,32768,32748,0,0,0
2,50,38,2,255,255,32768,32768,0,84,74
3,105,104,-1,255,255,32769,61440,0,255,255
4,14,21,0,255,255,32768,32751,0,0,0
5,9,21,-1,255,255,32769,32845,0,0,0
2,50,26,2,255,255,32768,32768,0,84,74
3,105,104,-1,255,255,32769,61440,0,255,255
4,14,21,0,255,255,32768,32749,0,0,0
5,9,21,-1,255,255,32769,32843,0,0,0
4,26,30,2,255,255,32768,32749,0,0,0
2,50,62,2,255,255,32768,32768,0,84,74
3,105,104,-1,255,255,32769,61440,0,255,255
4,14,21,0,255,255,32768,32751,0,0,0
5,9,21,-1,255,255,32769,32845,0,0,0
2,50,74,2,255,255,32768,32768,0,84,74
3,105,104,-1,255,255,32769,61440,0,255,255
4,14,21,0,255,255,32768,32749,0,0,0
5,9,21,-1,255,255,32769,32843,0,0,0
4,74,78,2,255,255,32768,32749,0,0,0
2,50,98,2,255,255,32768,32768,0,84,74
3,105,104,-1,255,255,32769,61440,0,255,255
4,14,21,0,255,255,32768,32749,0,0,0
5,9,21,-1,255,255,32769,32843,0,0,0
4,98,102,2,255,255,32768,32749,0,0,0
2,14,13,2,255,255,32768,32768,0,84,74
3,105,104,-1,255,255,32769,61440,0,255,255
4,13,21,2,255,255,32768,32759,0,0,0
5,9,21,-1,255,255,32769,32853,0,0,0
4,50,54,2,255,255,32768,32759,0,0,0
2,14,15,2,255,255,32768,32768,0,84,74
3,105,104,-1,255,255,32769,61440,0,255,255
4,15,21,2,255,255,32768,32758,0,0,0
5,9,21,-1,255,255,32769,32853,0,0,0
4,50,54,2,255,255,32768,32758,0,0,0
2,14,16,2,255,255,32768,32768,0,84,74
3,105,104,-1,255,255,32769,61440,0,255,255
4,16,21,2,255,255,32768,32758,0,0,0
5,9,21,-1,255,255,32769,32853,0,0,0
4,50,54,2,255,255,32768,32758,0,0,0
2,14,17,2,255,255,32768,32768,0,84,74
3,105,104,-1,255,255,32769,61440,0,255,255
4,17,21,2,255,255,32768,32757,0,0,0
5,9,21,-1,255,255,32769,32853,0,0,0
4,50,54,2,255,255,32768,32757,0,0,0
2,14,18,2,255,255,32768,32768,0,84,74
3,105,104,-1,255,255,32769,61440,0,255,255
4,18,21,2,255,255,32768,32757,0,0,0
5,9,21,-1,255,255,32769,32853,0,0,0
4,18,54,2,255,255,32768,32757,0,0,0
4,50,54,2,255,255,32768,32766,0,0,0
2,14,2,2,255,255,32768,32768,0,84,74
3,105,104,-1,255,255,32769,61440,0,255,255
4,50,54,2,255,255,32768,32759,0,0,0
4,2,6,2,255,255,32768,32759,0,0,0
2,14,26,2,255,255,32768,32768,0,84,74
3,105,104,-1,255,255,32769,61440,0,255,255
4,50,54,2,255,255,32768,32759,0,0,0
4,26,30,2,255,255,32768,32759,0,0,0
2,14,38,2,255,255,32768,32768,0,84,74
3,105,104,-1,255,255,32769,61440,0,255,255
4,50,54,2,255,255,32768,32761,0,0,0
2,84,74,2,255,255,32768,32768,0,84,74
3,105,104,-1,255,255,32769,61440,0,255,255
3,19,12,2,255,255,32769,32769,0,255,255
4,0,12,-1,255,255,32768,32684,0,0,0
3,57,56,2,255,255,32769,32769,0,255,255
3,105,103,2,255,255,32769,32769,0,255,255
3,105,93,2,255,255,32769,32769,0,255,255
4,14,21,0,255,255,32768,32768,0,0,0
5,9,21,-1,255,255,32769,32862,0,0,0
4,50,54,2,255,255,32768,32768,0,0,0
2,84,98,2,255,255,32768,32768,0,84,74
3,105,104,-1,255,255,32769,61440,0,255,255
4,14,21,0,255,255,32768,32767,0,0,0
5,9,21,-1,255,255,32769,32861,0,0,0
4,50,54,2,255,255,32768,32767,0,0,0
2,12,2,2,255,255,32768,32768,0,84,74
3,105,104,-1,255,255,32769,61440,0,255,255
4,14,21,0,255,255,32768,32767,0,0,0
5,9,21,-1,255,255,32769,32861,0,0,0
4,50,54,2,255,255,32768,32767,0,0,0
2,12,26,2,255,255,32768,32768,0,84,74
3,105,104,-1,255,255,32769,61440,0,255,255
3,105,93,0,255,255,32769,32769,0,255,255
4,14,21,0,255,255,32768,32768,0,0,0
5,9,21,-1,255,255,32769,32862,0,0,0
4,50,54,2,255,255,32768,32768,0,0,0
2,60,49,2,255,255,32768,32768,0,84,74
3,105,93,-1,255,255,32769,61440,0,255,255
4,14,21,0,255,255,32768,32759,0,0,0
5,9,21,-1,255,255,32769,32853,0,0,0
4,50,54,2,255,255,32768,32759,0,0,0
2,36,49,2,255,255,32768,32768,0,84,74
3,105,93,-1,255,255,32769,61440,0,255,255
4,14,21,0,255,255,32768,32759,0,0,0
5,9,21,-1,255,255,32769,32853,0,0,0
4,50,54,2,255,255,32768,32759,0,0,0
2,72,98,2,255,255,32768,32768,0,84,74
3,105,93,-1,255,255,32769,61440,0,255,255
4,14,21,0,255,255,32768,32757,0,0,0
5,9,21,-1,255,255,32769,32851,0,0,0
4,50,54,2,255,255,32768,32757,0,0,0
2,24,2,2,255,255,32768,32768,0,84,74
3,105,93,-1,255,255,32769,61440,0,255,255
4,14,21,0,255,255,32768,32757,0,0,0
5,9,21,-1,255,255,32769,32851,0,0,0
4,50,54,2,255,255,32768,32757,0,0,0
2,99,100,2,255,255,32768,32768,0,84,74
3,105,93,-1,255,255,32769,61440,0,255,255
4,14,21,0,255,255,32768,32759,0,0,0
5,9,21,-1,255,255,32769,32853,0,0,0
4,50,54,2,255,255,32768,32759,0,0,0
2,75,76,2,255,255,32768,32768,0,84,74
3,105,93,-1,255,255,32769,61440,0,255,255
4,14,21,0,255,255,32768,32759,0,0,0
5,9,21,-1,255,255,32769,32853,0,0,0
4,50,54,2,255,255,32768,32759,0,0,0
2,51,52,2,255,255,32768,32768,0,84,74
3,105,93,-1,255,255,32769,61440,0,255,255
4,14,21,0,255,255,32768,32759,0,0,0
5,9,21,-1,255,255,32769,32853,0,0,0
4,50,54,2,255,255,32768,32759,0,0,0
2,27,28,2,255,255,32768,32768,0,84,74
3,105,93,-1,255,255,32769,61440,0,255,255
4,14,21,0,255,255,32768,32759,0,0,0
5,9,21,-1,255,255,32769,32853,0,0,0
4,50,54,2,255,255,32768,32759,0,0,0
2,3,4,2,255,255,32768,32768,0,84,74
3,105,93,-1,255,255,32769,61440,0,255,255
4,14,21,0,255,255,32768,32759,0,0,0
5,9,21,-1,255,255,32769,32853,0,0,0
4,50,54,2,255,255,32768,32759,0,0,0
2,96,97,-1,255,255,32728,4096,0,84,74
3,105,93,-1,255,255,32769,61440,0,255,255
4,14,21,0,255,255,32767,32767,0,0,0
5,9,21,-1,255,255,32769,32861,0,0,0
4,50,54,2,255,255,32767,32767,0,0,0
3,105,104,0,255,255,32767,32767,0,255,255
3,19,12,2,255,255,32767,32767,0,255,255
4,0,12,-1,255,255,32728,32683,0,0,0
3,57,56,2,255,255,32767,32767,0,255,255
3,105,103,2,255,255,32767,32767,0,255,255
3,9,8,2,255,255,32767,32767,0,255,255
3,9,7,2,255,255,32767,32767,0,255,255
3,91,90,2,255,255,32767,32767,0,255,255
3,91,89,2,255,255,32767,32767,0,255,255
3,91,88,2,255,255,32767,32767,0,255,255
3,91,87,2,255,255,32767,32767,0,255,255
3,91,86,2,255,255,32767,32767,0,255,255
3,91,85,2,255,255,32767,32767,0,255,255
3,91,92,2,255,255,32767,32767,0,255,255
3,91,93,2,255,255,32767,32767,0,255,255
3,91,103,2,255,255,32767,32767,0,255,255
3,19,18,2,255,255,32767,32767,0,255,255
3,19,17,2,255,255,32767,32767,0,255,255
3,19,16,2,255,255,32767,32767,0,255,255
3,19,15,2,255,255,32767,32767,0,255,255
3,19,20,2,255,255,32767,32767,0,255,255
3,19,7,2,255,255,32767,32767,0,255,255
3,19,31,2,255,255,32767,32767,0,255,255
3,19,43,2,255,255,32767,32767,0,255,255
3,19,55,2,255,255,32767,32767,0,255,255
3,19,67,2,255,255,32767,32767,0,255,255
3,79,56,2,255,255,32767,32767,0,255,255
3,21,7,2,255,255,32767,32767,0,255,255
3,21,31,2,255,255,32767,32767,0,255,255
3,69,56,2,255,255,32767,32767,0,255,255
3,45,56,2,255,255,32767,32767,0,255,255
3,81,55,2,255,255,32767,32767,0,255,255
3,81,103,2,255,255,32767,32767,0,255,255
3,33,7,2,255,255,32767,32767,0,255,255
3,33,55,2,255,255,32767,32767,0,255,255
3,102,101,2,255,255,32767,32767,0,255,255
3,78,77,2,255,255,32767,32767,0,255,255
3,54,53,2,255,255,32767,32767,0,255,255
3,30,29,2,255,255,32767,32767,0,255,255
3,6,5,2,255,255,32767,32767,0,255,255
2,50,54,0,255,255,32767,32767,0,84,74
3,79,54,-1,255,255,32769,61440,0,255,255
4,14,21,0,255,255,32767,32649,0,0,0
2,14,21,2,255,255,32767,32767,0,84,74
3,9,21,-1,255,255,32769,61440,0,255,255
4,50,54,2,255,255,32767,32745,0,0,0
2,48,49,2,255,255,32767,32767,0,84,74
3,105,93,-1,255,255,32769,61440,0,255,255
4,14,21,0,255,255,32767,32756,0,0,0
5,9,21,-1,255,255,32769,32850,0,0,0
4,50,54,2,255,255,32767,32756,0,0,0
2,96,98,2,255,255,32767,32767,0,84,74
3,105,93,-1,255,255,32769,61440,0,255,255
4,14,21,0,255,255,32767,32766,0,0,0
5,9,21,-1,255,255,32769,32860,0,0,0
4,50,54,2,255,255,32767,32766,0,0,0
2,0,1,2,255,255,32767,32767,0,84,74
3,105,93,-1,255,255,32769,61440,0,255,255
4,14,21,0,255,255,32767,32767,0,0,0
5,9,21,-1,255,255,32769,32861,0,0,0
4,50,54,2,255,255,32767,32767,0,0,0
2,0,2,2,255,255,32767,32767,0,84,74
3,105,93,-1,255,255,32769,61440,0,255,255
4,14,21,0,255,255,32767,32766,0,0,0
5,9,21,-1,255,255,32769,32860,0,0,0
4,50,54,2,255,255,32767,32766,0,0,0
2,50,49,2,255,255,32767,32767,0,84,74
3,105,93,-1,255,255,32769,61440,0,255,255
4,14,21,0,255,255,32767,32747,0,0,0
5,9,21,-1,255,255,32769,32841,0,0,0
4,49,54,2,255,255,32767,32747,0,0,0
2,50,38,2,255,255,32767,32767,0,84,74
3,105,93,-1,255,255,32769,61440,0,255,255
4,14,21,0,255,255,32767,32750,0,0,0
5,9,21,-1,255,255,32769,32844,0,0,0
2,50,26,2,255,255,32767,32767,0,84,74
3,105,93,-1,255,255,32769,61440,0,255,255
4,14,21,0,255,255,32767,32748,0,0,0
5,9,21,-1,255,255,32769,32842,0,0,0
4,26,30,2,255,255,32767,32748,0,0,0
2,50,62,2,255,255,32767,32767,0,84,74
3,105,93,-1,255,255,32769,61440,0,255,255
4,14,21,0,255,255,32767,32750,0,0,0
5,9,21,-1,255,255,32769,32844,0,0,0
2,50,74,2,255,255,32767,32767,0,84,74
3,105,93,-1,255,255,32769,61440,0,255,255
4,14,21,0,255,255,32767,32748,0,0,0
5,9,21,-1,255,255,32769,32842,0,0,0
4,74,78,2,255,255,32767,32748,0,0,0
2,50,86,2,255,255,32767,32767,0,84,74
3,105,93,-1,255,255,32769,61440,0,255,255
4,86,93,-1,255,255,32767,32748,0,0,0
5,79,93,-1,255,255,32769,32976,0,0,0
5,79,93,2,255,255,32769,32879,0,0,0
5,19,12,2,255,255,32769,32879,0,0,0
3,105,104,0,255,255,32769,32879,0,255,255
4,14,21,0,255,255,32767,32749,0,0,0
5,9,21,-1,255,255,32769,32843,0,0,0
2,50,98,2,255,255,32767,32767,0,84,74
3,105,104,-1,255,255,32769,61440,0,255,255
4,14,21,0,255,255,32767,32749,0,0,0
5,9,21,-1,255,255,32769,32843,0,0,0
4,98,102,2,255,255,32767,32749,0,0,0
2,14,13,2,255,255,32767,32767,0,84,74
3,105,104,-1,255,255,32769,61440,0,255,255
4,13,21,2,255,255,32767,32759,0,0,0
5,9,21,-1,255,255,32769,32853,0,0,0
4,50,54,2,255,255,32767,32759,0,0,0
2,14,15,2,255,255,32767,32767,0,84,74
3,105,104,-1,255,255,32769,61440,0,255,255
4,15,21,2,255,255,32767,32758,0,0,0
5,9,21,-1,255,255,32769,32853,0,0,0
4,50,54,2,255,255,32767,32758,0,0,0
2,14,16,2,255,255,32767,32767,0,84,74
3,105,104,-1,255,255,32769,61440,0,255,255
4,16,21,2,255,255,32767,32758,0,0,0
5,9,21,-1,255,255,32769,32853,0,0,0
4,50,54,2,255,255,32767,32758,0,0,0
2,14,17,2,255,255,32767,32767,0,84,74
3,105,104,-1,255,255,32769,61440,0,255,255
4,17,21,2,255,255,32767,32757,0,0,0
5,9,21,-1,255,255,32769,32853,0,0,0
4,50,54,2,255,255,32767,32757,0,0,0
2,14,18,2,255,255,32767,32767,0,84,74
3,105,104,-1,255,255,32769,61440,0,255,255
4,18,21,2,255,255,32767,32757,0,0,0
5,9,21,-1,255,255,32769,32853,0,0,0
4,18,54,2,255,255,32767,32757,0,0,0
4,50,54,2,255,255,32767,32766,0,0,0
2,14,2,2,255,255,32767,32767,0,84,74
3,105,104,-1,255,255,32769,61440,0,255,255
4,50,54,2,255,255,32767,32759,0,0,0
4,2,6,2,255,255,32767,32759,0,0,0
2,14,26,2,255,255,32767,32767,0,84,74
3,105,104,-1,255,255,32769,61440,0,255,255
4,50,54,2,255,255,32767,32759,0,0,0
4,26,30,2,255,255,32767,32759,0,0,0
2,14,38,2,255,255,32767,32767,0,84,74
3,105,104,-1,255,255,32769,61440,0,255,255
4,50,54,2,255,255,32767,32761,0,0,0
2,84,74,2,255,255,32767,32767,0,84,74
3,105,104,-1,255,255,32769,61440,0,255,255
3,105,93,0,255,255,32769,32769,0,255,255
4,14,21,0,255,255,32768,32768,0,0,0
5,9,21,-1,255,255,32769,32862,0,0,0
4,50,54,2,255,255,32768,32768,0,0,0
3,19,12,2,255,255,32768,32768,0,255,255
4,0,12,-1,255,255,32767,32684,0,0,0
3,57,56,2,255,255,32768,32768,0,255,255
3,105,103,2,255,255,32768,32768,0,255,255
3,9,8,2,255,255,32768,32768,0,255,255
3,9,7,2,255,255,32768,32768,0,255,255
3,91,90,2,255,255,32768,32768,0,255,255
3,91,89,2,255,255,32768,32768,0,255,255
3,91,88,2,255,255,32768,32768,0,255,255
3,91,87,2,255,255,32768,32768,0,255,255
3,91,86,2,255,255,32768,32768,0,255,255
3,91,85,2,255,255,32768,32768,0,255,255
3,91,84,2,255,255,32768,32768,0,255,255
3,91,92,2,255,255,32768,32768,0,255,255
3,91,93,2,255,255,32768,32768,0,255,255
3,91,103,2,255,255,32768,32768,0,255,255
3,19,18,2,255,255,32768,32768,0,255,255
3,19,17,2,255,255,32768,32768,0,255,255
3,19,16,2,255,255,32768,32768,0,255,255
3,19,15,2,255,255,32768,32768,0,255,255
3,19,20,2,255,255,32768,32768,0,255,255
3,19,7,2,255,255,32768,32768,0,255,255
3,19,31,2,255,255,32768,32768,0,255,255
3,19,43,2,255,255,32768,32768,0,255,255
3,19,55,2,255,255,32768,32768,0,255,255
3,19,67,2,255,255,32768,32768,0,255,255
3,79,93,2,255,255,32768,32768,0,255,255
3,79,56,2,255,255,32768,32768,0,255,255
3,21,7,2,255,255,32768,32768,0,255,255
3,21,31,2,255,255,32768,32768,0,255,255
3,69,56,2,255,255,32768,32768,0,255,255
3,45,56,2,255,255,32768,32768,0,255,255
3,81,55,2,255,255,32768,32768,0,255,255
3,81,103,2,255,255,32768,32768,0,255,255
3,33,7,2,255,255,32768,32768,0,255,255
3,33,55,2,255,255,32768,32768,0,255,255
3,102,101,2,255,255,32768,32768,0,255,255
3,78,77,2,255,255,32768,32768,0,255,255
3,54,53,2,255,255,32768,32768,0,255,255
3,30,29,2,255,255,32768,32768,0,255,255
3,6,5,2,255,255,32768,32768,0,255,255
2,84,98,2,255,255,32768,32768,0,84,74
3,105,104,-1,255,255,32769,61440,0,255,255
4,14,21,0,255,255,32768,32767,0,0,0
5,9,21,-1,255,255,32769,32861,0,0,0
4,50,54,2,255,255,32768,32767,0,0,0
2,12,2,2,255,255,32768,32768,0,84,74
3,105,104,-1,255,255,32769,61440,0,255,255
4,14,21,0,255,255,32768,32767,0,0,0
5,9,21,-1,255,255,32769,32861,0,0,0
4,50,54,2,255,255,32768,32767,0,0,0
2,12,26,2,255,255,32768,32768,0,84,74
3,105,104,-1,255,255,32769,61440,0,255,255
3,105,93,0,255,255,32769,32769,0,255,255
4,14,21,0,255,255,32768,32768,0,0,0
5,9,21,-1,255,255,32769,32862,0,0,0
4,50,54,2,255,255,32768,32768,0,0,0
2,60,49,2,255,255,32768,32768,0,84,74
3,105,93,-1,255,255,32769,61440,0,255,255
4,14,21,0,255,255,32768,32759,0,0,0
5,9,21,-1,255,255,32769,32853,0,0,0
4,50,54,2,255,255,32768,32759,0,0,0
2,36,49,2,255,255,32768,32768,0,84,74
3,105,93,-1,255,255,32769,61440,0,255,255
4,14,21,0,255,255,32768,32759,0,0,0
5,9,21,-1,255,255,32769,32853,0,0,0
4,50,54,2,255,255,32768,32759,0,0,0
2,72,98,2,255,255,32768,32768,0,84,74
3,105,93,-1,255,255,32769,61440,0,255,255
4,14,21,0,255,255,32768,32757,0,0,0
5,9,21,-1,255,255,32769,32851,0,0,0
4,50,54,2,255,255,32768,32757,0,0,0
2,24,2,2,255,255,32768,32768,0,84,74
3,105,93,-1,255,255,32769,61440,0,255,255
4,14,21,0,255,255,32768,32757,0,0,0
5,9,21,-1,255,255,32769,32851,0,0,0
4,50,54,2,255,255,32768,32757,0,0,0
2,99,100,2,255,255,32768,32768,0,84,74
3,105,93,-1,255,255,32769,61440,0,255,255
4,14,21,0,255,255,32768,32759,0,0,0
5,9,21,-1,255,255,32769,32853,0,0,0
4,50,54,2,255,255,32768,32759,0,0,0
2,75,76,2,255,255,32768,32768,0,84,74
3,105,93,-1,255,255,32769,61440,0,255,255
4,14,21,0,255,255,32768,32759,0,0,0
5,9,21,-1,255,255,32769,32853,0,0,0
4,50,54,2,255,255,32768,32759,0,0,0
2,51,52,2,255,255,32768,32768,0,84,74
3,105,93,-1,255,255,32769,61440,0,255,255
4,14,21,0,255,255,32768,32759,0,0,0
5,9,21,-1,255,255,32769,32853,0,0,0
4,50,54,2,255,255,32768,32759,0,0,0
2,27,28,2,255,255,32768,32768,0,84,74
3,105,93,-1,255,255,32769,61440,0,255,255
4,14,21,0,255,255,32768,32759,0,0,0
5,9,21,-1,255,255,32769,32853,0,0,0
4,50,54,2,255,255,32768,32759,0,0,0
2,3,4,2,255,255,32768,32768,0,84,74
3,105,93,-1,255,255,32769,61440,0,255,255
4,14,21,0,255,255,32768,32759,0,0,0
5,9,21,-1,255,255,32769,32853,0,0,0
4,50,54,2,255,255,32768,32759,0,0,0
1,93,103,2,91,55,32768,32768,0,91,55
2,96,97,-1,255,255,32767,4096,0,84,74
3,105,93,-1,255,255,32768,61440,0,255,255
3,105,104,0,255,255,32768,32769,0,255,255
3,19,12,2,255,255,32768,32769,0,255,255
4,0,12,-1,255,255,32767,32685,0,0,0
3,57,56,2,255,255,32768,32769,0,255,255
3,9,8,2,255,255,32768,32769,0,255,255
3,9,7,2,255,255,32768,32769,0,255,255
3,91,90,2,255,255,32768,32769,0,255,255
3,91,89,2,255,255,32768,32769,0,255,255
3,91,88,2,255,255,32768,32769,0,255,255
3,91,87,2,255,255,32768,32769,0,255,255
3,91,86,2,255,255,32768,32769,0,255,255
3,91,85,2,255,255,32768,32769,0,255,255
3,91,92,2,255,255,32768,32769,0,255,255
3,91,93,2,255,255,32768,32769,0,255,255
3,91,79,2,255,255,32768,32769,0,255,255
3,91,67,2,255,255,32768,32769,0,255,255
3,91,55,2,255,255,32768,32769,0,255,255
3,91,43,2,255,255,32768,32769,0,255,255
3,91,31,2,255,255,32768,32769,0,255,255
3,19,18,2,255,255,32768,32769,0,255,255
3,19,17,2,255,255,32768,32769,0,255,255
3,19,16,2,255,255,32768,32769,0,255,255
3,19,15,2,255,255,32768,32769,0,255,255
3,19,20,2,255,255,32768,32769,0,255,255
3,19,7,2,255,255,32768,32769,0,255,255
3,19,31,2,255,255,32768,32769,0,255,255
3,19,43,2,255,255,32768,32769,0,255,255
3,19,55,2,255,255,32768,32769,0,255,255
3,19,67,2,255,255,32768,32769,0,255,255
3,19,79,2,255,255,32768,32769,0,255,255
3,103,93,2,255,255,32768,32769,0,255,255
3,21,7,2,255,255,32768,32769,0,255,255
3,21,31,2,255,255,32768,32769,0,255,255
3,69,56,2,255,255,32768,32769,0,255,255
3,45,56,2,255,255,32768,32769,0,255,255
3,81,55,2,255,255,32768,32769,0,255,255
3,33,7,2,255,255,32768,32769,0,255,255
3,33,55,2,255,255,32768,32769,0,255,255
3,102,101,2,255,255,32768,32769,0,255,255
3,78,77,2,255,255,32768,32769,0,255,255
3,54,53,2,255,255,32768,32769,0,255,255
3,30,29,2,255,255,32768,32769,0,255,255
3,6,5,2,255,255,32768,32769,0,255,255
1,21,7,2,91,55,32768,32768,0,91,55
2,96,97,-1,255,255,32767,4096,0,84,74
3,105,104,0,255,255,32768,61440,0,255,255
3,19,12,2,255,255,32768,32770,0,255,255
4,0,12,-1,255,255,32767,32685,0,0,0
3,57,56,2,255,255,32768,32770,0,255,255
3,105,103,2,255,255,32768,32770,0,255,255
3,9,8,2,255,255,32768,32770,0,255,255
3,9,21,2,255,255,32768,32770,0,255,255
3,91,90,2,255,255,32768,32769,0,255,255
3,91,89,2,255,255,32768,32769,0,255,255
3,91,88,2,255,255,32768,32769,0,255,255
3,91,87,2,255,255,32768,32769,0,255,255
3,91,86,2,255,255,32768,32769,0,255,255
3,91,85,2,255,255,32768,32769,0,255,255
3,91,92,2,255,255,32768,32769,0,255,255
3,91,79,2,255,255,32768,32769,0,255,255
3,91,67,2,255,255,32768,32769,0,255,255
3,91,55,2,255,255,32768,32769,0,255,255
3,91,43,2,255,255,32768,32769,0,255,255
3,91,31,2,255,255,32768,32769,0,255,255
3,91,103,2,255,255,32768,32769,0,255,255
3,19,18,2,255,255,32768,32769,0,255,255
3,19,17,2,255,255,32768,32769,0,255,255
3,19,16,2,255,255,32768,32769,0,255,255
3,19,15,2,255,255,32768,32769,0,255,255
3,19,20,2,255,255,32768,32769,0,255,255
3,19,21,2,255,255,32768,32769,0,255,255
3,19,31,2,255,255,32768,32769,0,255,255
3,19,43,2,255,255,32768,32769,0,255,255
3,19,55,2,255,255,32768,32769,0,255,255
3,19,67,2,255,255,32768,32769,0,255,255
3,19,79,2,255,255,32768,32769,0,255,255
3,93,79,2,255,255,32768,32769,0,255,255
3,93,103,2,255,255,32768,32769,0,255,255
3,7,21,2,255,255,32768,32769,0,255,255
3,69,56,2,255,255,32768,32769,0,255,255
3,45,56,2,255,255,32768,32769,0,255,255
3,81,55,2,255,255,32768,32769,0,255,255
3,81,103,2,255,255,32768,32769,0,255,255
3,33,55,2,255,255,32768,32769,0,255,255
3,102,101,2,255,255,32768,32769,0,255,255
3,78,77,2,255,255,32768,32769,0,255,255
3,54,53,2,255,255,32768,32769,0,255,255
3,30,29,2,255,255,32768,32769,0,255,255
3,6,5,2,255,255,32768,32769,0,255,255
1,21,31,2,91,55,32768,32768,0,91,55
2,96,97,-1,255,255,32767,4096,0,84,74
3,105,104,0,255,255,32768,61440,0,255,255
3,19,12,2,255,255,32768,32768,0,255,255
4,0,12,-1,255,255,32767,32683,0,0,0
3,57,56,2,255,255,32768,32768,0,255,255
3,105,103,2,255,255,32768,32768,0,255,255
3,9,8,2,255,255,32768,32768,0,255,255
3,9,7,2,255,255,32768,32768,0,255,255
3,9,21,2,255,255,32768,32768,0,255,255
4,14,21,-1,255,255,32767,32767,0,0,0
5,31,21,-1,255,255,32768,32995,0,0,0
5,31,21,2,255,255,32768,32898,0,0,0
3,91,90,2,255,255,32768,32768,0,255,255
3,91,89,2,255,255,32768,32768,0,255,255
3,91,88,2,255,255,32768,32768,0,255,255
3,91,87,2,255,255,32768,32768,0,255,255
3,91,86,2,255,255,32768,32768,0,255,255
3,91,85,2,255,255,32768,32768,0,255,255
3,91,92,2,255,255,32768,32768,0,255,255
3,91,79,2,255,255,32768,32768,0,255,255
3,91,67,2,255,255,32768,32768,0,255,255
3,91,55,2,255,255,32768,32768,0,255,255
4,50,54,2,255,255,32767,32767,0,0,0
5,31,54,-32,255,255,32768,61440,0,0,0
2,50,54,0,255,255,32767,32767,0,84,74
3,31,54,-1,255,255,32768,61440,0,255,255
2,48,49,2,255,255,32767,32767,0,84,74
3,91,55,0,255,255,32768,61440,0,255,255
4,50,54,2,255,255,32767,32756,0,0,0
5,31,54,-32,255,255,32768,61440,0,0,0
2,96,98,2,255,255,32767,32767,0,84,74
3,91,55,-1,255,255,32768,61440,0,255,255
4,50,54,2,255,255,32767,32766,0,0,0
5,31,54,-32,255,255,32768,61440,0,0,0
2,0,1,2,255,255,32767,32767,0,84,74
3,91,55,-1,255,255,32768,61440,0,255,255
4,50,54,2,255,255,32767,32767,0,0,0
5,31,54,-32,255,255,32768,61440,0,0,0
2,0,2,2,255,255,32767,32767,0,84,74
3,91,55,-1,255,255,32768,61440,0,255,255
4,50,54,2,255,255,32767,32766,0,0,0
5,31,54,-32,255,255,32768,61440,0,0,0
2,50,49,2,255,255,32767,32767,0,84,74
3,91,55,-1,255,255,32768,61440,0,255,255
4,49,54,2,255,255,32767,32747,0,0,0
5,31,54,-32,255,255,32768,61440,0,0,0
2,50,38,2,255,255,32767,32767,0,84,74
3,91,55,-1,255,255,32768,61440,0,255,255
2,50,26,2,255,255,32767,32767,0,84,74
3,91,55,-1,255,255,32768,61440,0,255,255
4,26,30,2,255,255,32767,32748,0,0,0
2,50,62,2,255,255,32767,32767,0,84,74
3,91,55,-1,255,255,32768,61440,0,255,255
2,50,74,2,255,255,32767,32767,0,84,74
3,91,55,-1,255,255,32768,61440,0,255,255
4,74,78,2,255,255,32767,32748,0,0,0
2,50,86,2,255,255,32767,32767,0,84,74
3,91,55,-1,255,255,32768,61440,0,255,255
2,50,98,2,255,255,32767,32767,0,84,74
3,91,55,-1,255,255,32768,61440,0,255,255
4,98,102,2,255,255,32767,32748,0,0,0
2,14,13,2,255,255,32767,32767,0,84,74
3,91,55,-1,255,255,32768,61440,0,255,255
4,50,54,2,255,255,32767,32758,0,0,0
5,31,54,-32,255,255,32768,61440,0,0,0
2,14,15,2,255,255,32767,32767,0,84,74
3,91,55,-1,255,255,32768,61440,0,255,255
4,50,54,2,255,255,32767,32757,0,0,0
5,31,54,-32,255,255,32768,61440,0,0,0
2,14,16,2,255,255,32767,32767,0,84,74
3,91,55,-1,255,255,32768,61440,0,255,255
4,50,54,2,255,255,32767,32757,0,0,0
5,31,54,-32,255,255,32768,61440,0,0,0
2,14,17,2,255,255,32767,32767,0,84,74
3,91,55,-1,255,255,32768,61440,0,255,255
4,50,54,2,255,255,32767,32756,0,0,0
5,31,54,-32,255,255,32768,61440,0,0,0
2,14,18,2,255,255,32767,32767,0,84,74
3,91,55,-1,255,255,32768,61440,0,255,255
4,18,54,2,255,255,32767,32756,0,0,0
5,31,54,-32,255,255,32768,61440,0,0,0
6,50,54,-1,255,255,32767,32649,0,0,0
7,55,51,-29,255,255,32768,61440,0,0,0
8,54,102,1,255,255,32767,32755,0,255,255
8,54,6,1,255,255,32767,32757,0,255,255
6,50,54,2,255,255,32767,32757,0,0,0
7,55,51,-29,255,255,32768,61440,0,0,0
8,54,102,1,255,255,32767,32755,0,255,255
8,54,6,1,255,255,32767,32757,0,255,255
4,50,54,2,255,255,32767,32757,0,0,0
5,31,54,-32,255,255,32768,61440,0,0,0
6,18,54,-1,255,255,32767,32637,0,0,0
7,55,51,-29,255,255,32768,61440,0,0,0
8,54,102,1,255,255,32767,32755,0,255,255
8,54,6,1,255,255,32767,32757,0,255,255
6,18,54,2,255,255,32767,32757,0,0,0
7,55,51,-29,255,255,32768,61440,0,0,0
8,54,102,1,255,255,32767,32755,0,255,255
8,54,6,1,255,255,32767,32757,0,255,255
2,14,2,2,255,255,32767,32767,0,84,74
3,91,55,-1,255,255,32768,61440,0,255,255
4,50,54,2,255,255,32767,32758,0,0,0
5,31,54,-32,255,255,32768,61440,0,0,0
6,2,6,2,255,255,32767,32639,0,0,0
4,2,6,2,255,255,32767,32758,0,0,0
2,14,26,2,255,255,32767,32767,0,84,74
3,91,55,-1,255,255,32768,61440,0,255,255
4,50,54,2,255,255,32767,32758,0,0,0
5,31,54,-32,255,255,32768,61440,0,0,0
6,26,30,2,255,255,32767,32639,0,0,0
4,26,30,2,255,255,32767,32758,0,0,0
2,14,38,2,255,255,32767,32767,0,84,74
3,91,55,-1,255,255,32768,61440,0,255,255
4,50,54,2,255,255,32767,32760,0,0,0
5,31,54,-32,255,255,32768,61440,0,0,0
2,84,74,2,255,255,32767,32767,0,84,74
3,91,55,-1,255,255,32768,61440,0,255,255
3,19,12,2,255,255,32768,32768,0,255,255
4,0,12,-1,255,255,32767,32684,0,0,0
3,57,56,2,255,255,32768,32768,0,255,255
3,105,104,2,255,255,32768,32768,0,255,255
3,105,103,2,255,255,32768,32768,0,255,255
3,9,8,2,255,255,32768,32768,0,255,255
3,9,7,2,255,255,32768,32768,0,255,255
3,9,21,2,255,255,32768,32768,0,255,255
3,91,90,2,255,255,32768,32768,0,255,255
3,91,89,2,255,255,32768,32768,0,255,255
3,91,88,2,255,255,32768,32768,0,255,255
3,91,87,2,255,255,32768,32768,0,255,255
3,91,86,2,255,255,32768,32768,0,255,255
3,91,85,2,255,255,32768,32768,0,255,255
3,91,84,2,255,255,32768,32768,0,255,255
3,91,92,2,255,255,32768,32768,0,255,255
3,91,79,2,255,255,32768,32768,0,255,255
3,91,67,2,255,255,32768,32768,0,255,255
3,91,43,2,255,255,32768,32768,0,255,255
3,91,103,2,255,255,32768,32768,0,255,255
3,19,18,2,255,255,32768,32768,0,255,255
3,19,17,2,255,255,32768,32768,0,255,255
3,19,16,2,255,255,32768,32768,0,255,255
3,19,15,2,255,255,32768,32768,0,255,255
3,19,20,2,255,255,32768,32768,0,255,255
3,19,21,2,255,255,32768,32768,0,255,255
3,19,7,2,255,255,32768,32768,0,255,255
3,93,79,2,255,255,32768,32768,0,255,255
3,93,103,2,255,255,32768,32768,0,255,255
3,31,21,2,255,255,32768,32768,0,255,255
3,31,56,2,255,255,32768,32768,0,255,255
3,69,56,2,255,255,32768,32768,0,255,255
3,45,56,2,255,255,32768,32768,0,255,255
3,81,55,2,255,255,32768,32768,0,255,255
3,81,103,2,255,255,32768,32768,0,255,255
3,33,7,2,255,255,32768,32768,0,255,255
3,33,55,2,255,255,32768,32768,0,255,255
3,102,101,2,255,255,32768,32768,0,255,255
3,78,77,2,255,255,32768,32768,0,255,255
3,54,53,2,255,255,32768,32768,0,255,255
3,30,29,2,255,255,32768,32768,0,255,255
3,6,5,2,255,255,32768,32768,0,255,255
1,69,56,2,91,55,32768,32768,0,91,55
2,96,97,-1,255,255,32767,4096,0,84,74
3,91,55,-1,255,255,32768,61440,0,255,255
3,19,12,2,255,255,32768,32776,0,255,255
4,0,12,-1,255,255,32767,32692,0,0,0
3,57,69,2,255,255,32768,32776,0,255,255
3,105,104,2,255,255,32768,32776,0,255,255
3,105,103,2,255,255,32768,32776,0,255,255
3,9,8,2,255,255,32768,32776,0,255,255
3,9,7,2,255,255,32768,32776,0,255,255
3,91,90,2,255,255,32768,32776,0,255,255
3,91,89,2,255,255,32768,32776,0,255,255
3,91,88,2,255,255,32768,32776,0,255,255
3,91,87,2,255,255,32768,32776,0,255,255
3,91,86,2,255,255,32768,32776,0,255,255
3,91,85,2,255,255,32768,32776,0,255,255
3,91,92,2,255,255,32768,32776,0,255,255
3,91,79,2,255,255,32768,32776,0,255,255
3,91,67,2,255,255,32768,32776,0,255,255
3,91,43,2,255,255,32768,32776,0,255,255
3,91,31,2,255,255,32768,32776,0,255,255
3,91,103,2,255,255,32768,32776,0,255,255
3,19,18,2,255,255,32768,32776,0,255,255
3,19,17,2,255,255,32768,32776,0,255,255
3,19,16,2,255,255,32768,32776,0,255,255
3,19,15,2,255,255,32768,32776,0,255,255
3,19,20,2,255,255,32768,32776,0,255,255
3,19,7,2,255,255,32768,32776,0,255,255
3,19,31,2,255,255,32768,32776,0,255,255
3,19,43,2,255,255,32768,32776,0,255,255
3,19,55,2,255,255,32768,32776,0,255,255
3,19,67,2,255,255,32768,32776,0,255,255
3,19,79,2,255,255,32768,32776,0,255,255
3,93,79,2,255,255,32768,32776,0,255,255
3,93,103,2,255,255,32768,32776,0,255,255
3,21,7,2,255,255,32768,32776,0,255,255
3,21,31,2,255,255,32768,32776,0,255,255
3,56,43,2,255,255,32768,32776,0,255,255
3,56,67,2,255,255,32768,32776,0,255,255
3,56,69,2,255,255,32768,32776,0,255,255
3,81,55,2,255,255,32768,32776,0,255,255
3,81,103,2,255,255,32768,32776,0,255,255
3,33,7,2,255,255,32768,32776,0,255,255
3,33,55,2,255,255,32768,32776,0,255,255
3,102,101,2,255,255,32768,32776,0,255,255
3,78,77,2,255,255,32768,32776,0,255,255
3,54,53,2,255,255,32768,32776,0,255,255
3,30,29,2,255,255,32768,32776,0,255,255
3,6,5,2,255,255,32768,32776,0,255,255
1,45,56,2,91,55,32768,32768,0,91,55
2,96,97,-1,255,255,32767,4096,0,84,74
3,91,55,-1,255,255,32768,61440,0,255,255
3,19,12,2,255,255,32768,32776,0,255,255
4,0,12,-1,255,255,32767,32692,0,0,0
3,57,45,2,255,255,32768,32776,0,255,255
3,105,104,2,255,255,32768,32776,0,255,255
3,105,103,2,255,255,32768,32776,0,255,255
3,9,8,2,255,255,32768,32776,0,255,255
3,9,7,2,255,255,32768,32776,0,255,255
3,91,90,2,255,255,32768,32776,0,255,255
3,91,89,2,255,255,32768,32776,0,255,255
3,91,88,2,255,255,32768,32776,0,255,255
3,91,87,2,255,255,32768,32776,0,255,255
3,91,86,2,255,255,32768,32776,0,255,255
3,91,85,2,255,255,32768,32776,0,255,255
3,91,92,2,255,255,32768,32776,0,255,255
3,91,79,2,255,255,32768,32776,0,255,255
3,91,67,2,255,255,32768,32776,0,255,255
3,91,43,2,255,255,32768,32776,0,255,255
3,91,31,2,255,255,32768,32776,0,255,255
3,91,103,2,255,255,32768,32776,0,255,255
3,19,18,2,255,255,32768,32776,0,255,255
3,19,17,2,255,255,32768,32776,0,255,255
3,19,16,2,255,255,32768,32776,0,255,255
3,19,15,2,255,255,32768,32776,0,255,255
3,19,20,2,255,255,32768,32776,0,255,255
3,19,7,2,255,255,32768,32776,0,255,255
3,19,31,2,255,255,32768,32776,0,255,255
3,19,43,2,255,255,32768,32776,0,255,255
3,19,55,2,255,255,32768,32776,0,255,255
3,19,67,2,255,255,32768,32776,0,255,255
3,19,79,2,255,255,32768,32776,0,255,255
3,93,79,2,255,255,32768,32776,0,255,255
3,93,103,2,255,255,32768,32776,0,255,255
3,21,7,2,255,255,32768,32776,0,255,255
3,21,31,2,255,255,32768,32776,0,255,255
3,56,43,2,255,255,32768,32776,0,255,255
3,56,67,2,255,255,32768,32776,0,255,255
3,56,45,2,255,255,32768,32776,0,255,255
3,81,55,2,255,255,32768,32776,0,255,255
3,81,103,2,255,255,32768,32776,0,255,255
3,33,7,2,255,255,32768,32776,0,255,255
3,33,55,2,255,255,32768,32776,0,255,255
3,102,101,2,255,255,32768,32776,0,255,255
3,78,77,2,255,255,32768,32776,0,255,255
3,54,53,2,255,255,32768,32776,0,255,255
3,30,29,2,255,255,32768,32776,0,255,255
3,6,5,2,255,255,32768,32776,0,255,255
1,81,55,2,91,55,32768,32768,0,91,55
2,96,97,-1,255,255,32767,4096,0,84,74
3,19,12,2,255,255,32768,61440,0,255,255
4,0,12,-1,255,255,32767,32692,0,0,0
3,57,56,2,255,255,32768,32809,0,255,255
3,105,104,2,255,255,32768,32788,0,255,255
3,105,103,2,255,255,32768,32777,0,255,255
3,9,8,2,255,255,32768,32777,0,255,255
3,9,7,2,255,255,32768,32777,0,255,255
3,91,90,2,255,255,32768,32777,0,255,255
3,91,89,2,255,255,32768,32777,0,255,255
3,91,88,2,255,255,32768,32777,0,255,255
3,91,87,2,255,255,32768,32777,0,255,255
3,91,86,2,255,255,32768,32777,0,255,255
3,91,85,2,255,255,32768,32777,0,255,255
3,91,92,2,255,255,32768,32777,0,255,255
3,91,79,2,255,255,32768,32777,0,255,255
3,91,67,2,255,255,32768,32777,0,255,255
3,91,103,2,255,255,32768,32777,0,255,255
3,19,18,2,255,255,32768,32777,0,255,255
3,19,17,2,255,255,32768,32777,0,255,255
3,19,16,2,255,255,32768,32777,0,255,255
3,19,15,2,255,255,32768,32777,0,255,255
3,19,20,2,255,255,32768,32777,0,255,255
3,19,7,2,255,255,32768,32777,0,255,255
3,19,31,2,255,255,32768,32777,0,255,255
3,19,43,2,255,255,32768,32777,0,255,255
3,93,79,2,255,255,32768,32777,0,255,255
3,93,103,2,255,255,32768,32776,0,255,255
3,93,68,2,255,255,32768,32776,0,255,255
3,21,7,2,255,255,32768,32776,0,255,255
3,21,31,2,255,255,32768,32776,0,255,255
3,69,56,2,255,255,32768,32776,0,255,255
3,45,56,2,255,255,32768,32776,0,255,255
3,55,29,2,255,255,32768,32776,0,255,255
3,55,77,2,255,255,32768,32776,0,255,255
3,55,81,2,255,255,32768,32776,0,255,255
3,33,7,2,255,255,32768,32776,0,255,255
3,102,101,2,255,255,32768,32776,0,255,255
3,78,77,2,255,255,32768,32776,0,255,255
3,54,53,2,255,255,32768,32776,0,255,255
3,30,29,2,255,255,32768,32776,0,255,255
3,6,5,2,255,255,32768,32776,0,255,255
1,81,103,2,91,55,32768,32768,0,91,55
2,96,97,-1,255,255,32767,4096,0,84,74
3,91,55,-1,255,255,32768,61440,0,255,255
3,19,12,2,255,255,32768,32778,0,255,255
4,0,12,-1,255,255,32767,32694,0,0,0
3,57,56,2,255,255,32768,32778,0,255,255
3,105,104,2,255,255,32768,32778,0,255,255
3,9,8,2,255,255,32768,32778,0,255,255
3,9,7,2,255,255,32768,32778,0,255,255
3,91,90,2,255,255,32768,32778,0,255,255
3,91,89,2,255,255,32768,32778,0,255,255
3,91,88,2,255,255,32768,32778,0,255,255
3,91,87,2,255,255,32768,32778,0,255,255
3,91,86,2,255,255,32768,32778,0,255,255
3,91,85,2,255,255,32768,32778,0,255,255
3,91,92,2,255,255,32768,32778,0,255,255
3,91,79,2,255,255,32768,32778,0,255,255
3,91,67,2,255,255,32768,32778,0,255,255
3,91,43,2,255,255,32768,32778,0,255,255
3,91,31,2,255,255,32768,32778,0,255,255
3,19,18,2,255,255,32768,32778,0,255,255
3,19,17,2,255,255,32768,32778,0,255,255
3,19,16,2,255,255,32768,32778,0,255,255
3,19,15,2,255,255,32768,32778,0,255,255
3,19,20,2,255,255,32768,32778,0,255,255
3,19,7,2,255,255,32768,32778,0,255,255
3,19,31,2,255,255,32768,32778,0,255,255
3,19,43,2,255,255,32768,32778,0,255,255
3,19,55,2,255,255,32768,32778,0,255,255
3,19,67,2,255,255,32768,32778,0,255,255
3,19,79,2,255,255,32768,32778,0,255,255
3,93,79,2,255,255,32768,32778,0,255,255
3,93,68,2,255,255,32768,32778,0,255,255
3,21,7,2,255,255,32768,32778,0,255,255
3,21,31,2,255,255,32768,32778,0,255,255
3,69,56,2,255,255,32768,32778,0,255,255
3,45,56,2,255,255,32768,32778,0,255,255
3,103,77,2,255,255,32768,32778,0,255,255
3,103,81,2,255,255,32768,32778,0,255,255
3,33,7,2,255,255,32768,32778,0,255,255
3,33,55,2,255,255,32768,32778,0,255,255
3,102,101,2,255,255,32768,32778,0,255,255
3,78,77,2,255,255,32768,32778,0,255,255
3,54,53,2,255,255,32768,32778,0,255,255
3,30,29,2,255,255,32768,32778,0,255,255
3,6,5,2,255,255,32768,32778,0,255,255
1,33,7,2,91,55,32768,32768,0,91,55
2,96,97,-1,255,255,32767,4096,0,84,74
3,91,55,-1,255,255,32768,61440,0,255,255
3,19,12,2,255,255,32768,32778,0,255,255
4,0,12,-1,255,255,32767,32694,0,0,0
3,57,56,2,255,255,32768,32778,0,255,255
3,105,104,2,255,255,32768,32778,0,255,255
3,105,103,2,255,255,32768,32778,0,255,255
3,9,8,2,255,255,32768,32778,0,255,255
3,91,90,2,255,255,32768,32778,0,255,255
3,91,89,2,255,255,32768,32778,0,255,255
3,91,88,2,255,255,32768,32778,0,255,255
3,91,87,2,255,255,32768,32778,0,255,255
3,91,86,2,255,255,32768,32778,0,255,255
3,91,85,2,255,255,32768,32778,0,255,255
3,91,92,2,255,255,32768,32778,0,255,255
3,91,79,2,255,255,32768,32778,0,255,255
3,91,67,2,255,255,32768,32778,0,255,255
3,91,43,2,255,255,32768,32778,0,255,255
3,91,31,2,255,255,32768,32778,0,255,255
3,91,103,2,255,255,32768,32778,0,255,255
3,19,18,2,255,255,32768,32778,0,255,255
3,19,17,2,255,255,32768,32778,0,255,255
3,19,16,2,255,255,32768,32778,0,255,255
3,19,15,2,255,255,32768,32778,0,255,255
3,19,20,2,255,255,32768,32778,0,255,255
3,19,31,2,255,255,32768,32778,0,255,255
3,19,43,2,255,255,32768,32778,0,255,255
3,19,55,2,255,255,32768,32778,0,255,255
3,19,67,2,255,255,32768,32778,0,255,255
3,19,79,2,255,255,32768,32778,0,255,255
3,93,79,2,255,255,32768,32778,0,255,255
3,93,103,2,255,255,32768,32778,0,255,255
3,21,31,2,255,255,32768,32778,0,255,255
3,21,44,2,255,255,32768,32778,0,255,255
3,69,56,2,255,255,32768,32778,0,255,255
3,45,56,2,255,255,32768,32778,0,255,255
3,81,55,2,255,255,32768,32778,0,255,255
3,81,103,2,255,255,32768,32778,0,255,255
3,7,29,2,255,255,32768,32778,0,255,255
3,7,33,2,255,255,32768,32778,0,255,255
3,102,101,2,255,255,32768,32778,0,255,255
3,78,77,2,255,255,32768,32778,0,255,255
3,54,53,2,255,255,32768,32778,0,255,255
3,30,29,2,255,255,32768,32778,0,255,255
3,6,5,2,255,255,32768,32778,0,255,255
1,33,55,2,91,55,32768,32768,0,91,55
2,96,97,-1,255,255,32767,4096,0,84,74
3,19,12,2,255,255,32768,61440,0,255,255
4,0,12,-1,255,255,32767,32692,0,0,0
3,57,56,2,255,255,32768,32809,0,255,255
3,105,104,2,255,255,32768,32788,0,255,255
3,105,103,2,255,255,32768,32777,0,255,255
3,9,8,2,255,255,32768,32777,0,255,255
3,9,7,2,255,255,32768,32777,0,255,255
3,91,90,2,255,255,32768,32777,0,255,255
3,91,89,2,255,255,32768,32777,0,255,255
3,91,88,2,255,255,32768,32777,0,255,255
3,91,87,2,255,255,32768,32777,0,255,255
3,91,86,2,255,255,32768,32777,0,255,255
3,91,85,2,255,255,32768,32777,0,255,255
3,91,92,2,255,255,32768,32777,0,255,255
3,91,79,2,255,255,32768,32777,0,255,255
3,91,67,2,255,255,32768,32777,0,255,255
3,91,103,2,255,255,32768,32777,0,255,255
3,19,18,2,255,255,32768,32777,0,255,255
3,19,17,2,255,255,32768,32777,0,255,255
3,19,16,2,255,255,32768,32777,0,255,255
3,19,15,2,255,255,32768,32777,0,255,255
3,19,20,2,255,255,32768,32777,0,255,255
3,19,7,2,255,255,32768,32777,0,255,255
3,19,31,2,255,255,32768,32777,0,255,255
3,19,43,2,255,255,32768,32777,0,255,255
3,93,79,2,255,255,32768,32777,0,255,255
3,93,103,2,255,255,32768,32776,0,255,255
3,21,7,2,255,255,32768,32776,0,255,255
3,21,31,2,255,255,32768,32776,0,255,255
3,21,44,2,255,255,32768,32776,0,255,255
3,69,56,2,255,255,32768,32776,0,255,255
3,45,56,2,255,255,32768,32776,0,255,255
3,81,103,2,255,255,32768,32776,0,255,255
3,55,29,2,255,255,32768,32776,0,255,255
3,55,77,2,255,255,32768,32776,0,255,255
3,55,33,2,255,255,32768,32776,0,255,255
3,102,101,2,255,255,32768,32776,0,255,255
3,78,77,2,255,255,32768,32776,0,255,255
3,54,53,2,255,255,32768,32776,0,255,255
3,30,29,2,255,255,32768,32776,0,255,255
3,6,5,2,255,255,32768,32776,0,255,255
1,102,101,2,91,55,32768,32768,0,91,55
2,96,97,-1,255,255,32767,4096,0,84,74
3,91,55,-1,255,255,32768,61440,0,255,255
3,19,12,2,255,255,32768,32776,0,255,255
4,0,12,-1,255,255,32767,32692,0,0,0
3,57,56,2,255,255,32768,32776,0,255,255
3,105,104,2,255,255,32768,32776,0,255,255
3,105,103,2,255,255,32768,32776,0,255,255
3,105,102,2,255,255,32768,32776,0,255,255
3,9,8,2,255,255,32768,32776,0,255,255
3,9,7,2,255,255,32768,32776,0,255,255
3,91,90,2,255,255,32768,32776,0,255,255
3,91,89,2,255,255,32768,32776,0,255,255
3,91,88,2,255,255,32768,32776,0,255,255
3,91,87,2,255,255,32768,32776,0,255,255
3,91,86,2,255,255,32768,32776,0,255,255
3,91,85,2,255,255,32768,32776,0,255,255
3,91,92,2,255,255,32768,32776,0,255,255
3,91,79,2,255,255,32768,32776,0,255,255
3,91,67,2,255,255,32768,32776,0,255,255
3,91,43,2,255,255,32768,32776,0,255,255
3,91,31,2,255,255,32768,32776,0,255,255
3,91,103,2,255,255,32768,32776,0,255,255
3,19,18,2,255,255,32768,32776,0,255,255
3,19,17,2,255,255,32768,32776,0,255,255
3,19,16,2,255,255,32768,32776,0,255,255
3,19,15,2,255,255,32768,32776,0,255,255
3,19,20,2,255,255,32768,32776,0,255,255
3,19,7,2,255,255,32768,32776,0,255,255
3,19,31,2,255,255,32768,32776,0,255,255
3,19,43,2,255,255,32768,32776,0,255,255
3,19,55,2,255,255,32768,32776,0,255,255
3,19,67,2,255,255,32768,32776,0,255,255
3,19,79,2,255,255,32768,32776,0,255,255
3,93,79,2,255,255,32768,32776,0,255,255
3,93,103,2,255,255,32768,32776,0,255,255
3,21,7,2,255,255,32768,32776,0,255,255
3,21,31,2,255,255,32768,32776,0,255,255
3,69,56,2,255,255,32768,32776,0,255,255
3,45,56,2,255,255,32768,32776,0,255,255
3,81,55,2,255,255,32768,32776,0,255,255
3,81,103,2,255,255,32768,32776,0,255,255
3,33,7,2,255,255,32768,32776,0,255,255
3,33,55,2,255,255,32768,32776,0,255,255
3,101,100,2,255,255,32768,32776,0,255,255
3,78,77,2,255,255,32768,32771,0,255,255
3,54,53,2,255,255,32768,32771,0,255,255
3,30,29,2,255,255,32768,32771,0,255,255
3,6,5,2,255,255,32768,32771,0,255,255
1,78,77,2,91,55,32768,32768,0,91,55
2,96,97,-1,255,255,32767,4096,0,84,74
3,91,55,-1,255,255,32768,61440,0,255,255
3,19,12,2,255,255,32768,32776,0,255,255
4,0,12,-1,255,255,32767,32692,0,0,0
3,57,56,2,255,255,32768,32776,0,255,255
3,105,104,2,255,255,32768,32776,0,255,255
3,105,103,2,255,255,32768,32776,0,255,255
3,9,8,2,255,255,32768,32776,0,255,255
3,9,7,2,255,255,32768,32776,0,255,255
3,91,90,2,255,255,32768,32776,0,255,255
3,91,89,2,255,255,32768,32776,0,255,255
3,91,88,2,255,255,32768,32776,0,255,255
3,91,87,2,255,255,32768,32776,0,255,255
3,91,86,2,255,255,32768,32776,0,255,255
3,91,85,2,255,255,32768,32776,0,255,255
3,91,92,2,255,255,32768,32776,0,255,255
3,91,79,2,255,255,32768,32776,0,255,255
3,91,67,2,255,255,32768,32776,0,255,255
3,91,43,2,255,255,32768,32776,0,255,255
3,91,31,2,255,255,32768,32776,0,255,255
3,91,103,2,255,255,32768,32776,0,255,255
3,19,18,2,255,255,32768,32776,0,255,255
3,19,17,2,255,255,32768,32776,0,255,255
3,19,16,2,255,255,32768,32776,0,255,255
3,19,15,2,255,255,32768,32776,0,255,255
3,19,20,2,255,255,32768,32776,0,255,255
3,19,7,2,255,255,32768,32776,0,255,255
3,19,31,2,255,255,32768,32776,0,255,255
3,19,43,2,255,255,32768,32776,0,255,255
3,19,55,2,255,255,32768,32776,0,255,255
3,19,67,2,255,255,32768,32776,0,255,255
3,19,79,2,255,255,32768,32776,0,255,255
3,93,79,2,255,255,32768,32776,0,255,255
3,93,103,2,255,255,32768,32776,0,255,255
3,21,7,2,255,255,32768,32776,0,255,255
3,21,31,2,255,255,32768,32776,0,255,255
3,69,56,2,255,255,32768,32776,0,255,255
3,45,56,2,255,255,32768,32776,0,255,255
3,81,55,2,255,255,32768,32776,0,255,255
3,81,103,2,255,255,32768,32776,0,255,255
3,33,7,2,255,255,32768,32776,0,255,255
3,33,55,2,255,255,32768,32776,0,255,255
3,102,101,2,255,255,32768,32776,0,255,255
3,77,76,2,255,255,32768,32776,0,255,255
3,54,53,2,255,255,32768,32768,0,255,255
3,30,29,2,255,255,32768,32768,0,255,255
3,6,5,2,255,255,32768,32768,0,255,255
1,54,53,2,91,55,32768,32768,0,91,55
2,50,53,-1,255,255,32767,4096,0,84,74
3,91,55,-1,255,255,32768,61440,0,255,255
4,14,21,0,255,255,32767,32765,0,0,0
5,9,21,-1,255,255,32768,32859,0,0,0
6,53,57,2,255,255,32767,32742,0,0,0
5,9,21,2,255,255,32768,32859,0,0,0
6,53,57,0,255,255,32767,32742,0,0,0
5,55,51,2,255,255,32768,32859,0,0,0
3,19,12,2,255,255,32768,32859,0,255,255
4,0,12,-1,255,255,32767,32681,0,0,0
3,57,56,2,255,255,32768,32798,0,255,255
3,105,104,2,255,255,32768,32777,0,255,255
4,14,21,-1,255,255,32767,32766,0,0,0
5,9,21,-1,255,255,32768,32860,0,0,0
2,96,97,-1,255,255,32767,32766,0,84,74
3,91,55,-1,255,255,32768,61440,0,255,255
3,105,104,0,255,255,32768,32776,0,255,255
3,19,12,2,255,255,32768,32776,0,255,255
4,0,12,-1,255,255,32767,32692,0,0,0
3,57,56,2,255,255,32768,32776,0,255,255
3,105,103,2,255,255,32768,32776,0,255,255
3,9,8,2,255,255,32768,32776,0,255,255
3,9,7,2,255,255,32768,32776,0,255,255
3,91,90,2,255,255,32768,32776,0,255,255
3,91,89,2,255,255,32768,32776,0,255,255
3,91,88,2,255,255,32768,32776,0,255,255
3,91,87,2,255,255,32768,32776,0,255,255
3,91,86,2,255,255,32768,32776,0,255,255
3,91,85,2,255,255,32768,32776,0,255,255
3,91,92,2,255,255,32768,32776,0,255,255
3,91,79,2,255,255,32768,32776,0,255,255
3,91,67,2,255,255,32768,32776,0,255,255
3,91,43,2,255,255,32768,32776,0,255,255
3,91,31,2,255,255,32768,32776,0,255,255
3,91,103,2,255,255,32768,32776,0,255,255
3,19,18,2,255,255,32768,32776,0,255,255
3,19,17,2,255,255,32768,32776,0,255,255
3,19,16,2,255,255,32768,32776,0,255,255
3,19,15,2,255,255,32768,32776,0,255,255
3,19,20,2,255,255,32768,32776,0,255,255
3,19,7,2,255,255,32768,32776,0,255,255
3,19,31,2,255,255,32768,32776,0,255,255
3,19,43,2,255,255,32768,32776,0,255,255
3,19,55,2,255,255,32768,32776,0,255,255
3,19,67,2,255,255,32768,32776,0,255,255
3,19,79,2,255,255,32768,32776,0,255,255
3,93,79,2,255,255,32768,32776,0,255,255
3,93,103,2,255,255,32768,32776,0,255,255
3,21,7,2,255,255,32768,32776,0,255,255
3,21,31,2,255,255,32768,32776,0,255,255
3,69,56,2,255,255,32768,32776,0,255,255
3,45,56,2,255,255,32768,32776,0,255,255
3,81,55,2,255,255,32768,32776,0,255,255
3,81,103,2,255,255,32768,32776,0,255,255
3,33,7,2,255,255,32768,32776,0,255,255
3,33,55,2,255,255,32768,32776,0,255,255
3,102,101,2,255,255,32768,32776,0,255,255
3,78,77,2,255,255,32768,32776,0,255,255
3,53,52,2,255,255,32768,32776,0,255,255
3,30,29,2,255,255,32768,32768,0,255,255
3,6,5,2,255,255,32768,32768,0,255,255
1,30,29,2,91,55,32768,32768,0,91,55
2,96,97,-1,255,255,32767,4096,0,84,74
3,91,55,-1,255,255,32768,61440,0,255,255
3,105,104,0,255,255,32768,32776,0,255,255
3,19,12,2,255,255,32768,32776,0,255,255
4,0,12,-1,255,255,32767,32692,0,0,0
3,57,56,2,255,255,32768,32776,0,255,255
3,105,103,2,255,255,32768,32776,0,255,255
3,9,8,2,255,255,32768,32776,0,255,255
3,9,7,2,255,255,32768,32776,0,255,255
3,91,90,2,255,255,32768,32776,0,255,255
3,91,89,2,255,255,32768,32776,0,255,255
3,91,88,2,255,255,32768,32776,0,255,255
3,91,87,2,255,255,32768,32776,0,255,255
3,91,86,2,255,255,32768,32776,0,255,255
3,91,85,2,255,255,32768,32776,0,255,255
3,91,92,2,255,255,32768,32776,0,255,255
3,91,79,2,255,255,32768,32776,0,255,255
3,91,67,2,255,255,32768,32776,0,255,255
3,91,43,2,255,255,32768,32776,0,255,255
3,91,31,2,255,255,32768,32776,0,255,255
3,91,103,2,255,255,32768,32776,0,255,255
3,19,18,2,255,255,32768,32776,0,255,255
3,19,17,2,255,255,32768,32776,0,255,255
3,19,16,2,255,255,32768,32776,0,255,255
3,19,15,2,255,255,32768,32776,0,255,255
3,19,20,2,255,255,32768,32776,0,255,255
3,19,7,2,255,255,32768,32776,0,255,255
3,19,31,2,255,255,32768,32776,0,255,255
3,19,43,2,255,255,32768,32776,0,255,255
3,19,55,2,255,255,32768,32776,0,255,255
3,19,67,2,255,255,32768,32776,0,255,255
3,19,79,2,255,255,32768,32776,0,255,255
3,93,79,2,255,255,32768,32776,0,255,255
3,93,103,2,255,255,32768,32776,0,255,255
3,21,7,2,255,255,32768,32776,0,255,255
3,21,31,2,255,255,32768,32776,0,255,255
3,69,56,2,255,255,32768,32776,0,255,255
3,45,56,2,255,255,32768,32776,0,255,255
3,81,55,2,255,255,32768,32776,0,255,255
3,81,103,2,255,255,32768,32776,0,255,255
3,33,7,2,255,255,32768,32776,0,255,255
3,33,55,2,255,255,32768,32776,0,255,255
3,102,101,2,255,255,32768,32776,0,255,255
3,78,77,2,255,255,32768,32776,0,255,255
3,54,53,2,255,255,32768,32776,0,255,255
3,29,28,2,255,255,32768,32776,0,255,255
3,6,5,2,255,255,32768,32768,0,255,255
1,6,5,2,91,55,32768,32768,0,91,55
2,96,97,-1,255,255,32767,4096,0,84,74
3,91,55,-1,255,255,32768,61440,0,255,255
3,105,104,0,255,255,32768,32776,0,255,255
3,19,12,2,255,255,32768,32776,0,255,255
4,0,12,-1,255,255,32767,32692,0,0,0
3,57,56,2,255,255,32768,32776,0,255,255
3,105,103,2,255,255,32768,32776,0,255,255
3,9,8,2,255,255,32768,32776,0,255,255
3,9,7,2,255,255,32768,32776,0,255,255
3,9,6,2,255,255,32768,32776,0,255,255
3,91,90,2,255,255,32768,32776,0,255,255
3,91,89,2,255,255,32768,32776,0,255,255
3,91,88,2,255,255,32768,32776,0,255,255
3,91,87,2,255,255,32768,32776,0,255,255
3,91,86,2,255,255,32768,32776,0,255,255
3,91,85,2,255,255,32768,32776,0,255,255
3,91,92,2,255,255,32768,32776,0,255,255
3,91,79,2,255,255,32768,32776,0,255,255
3,91,67,2,255,255,32768,32776,0,255,255
3,91,43,2,255,255,32768,32776,0,255,255
3,91,31,2,255,255,32768,32776,0,255,255
3,91,103,2,255,255,32768,32776,0,255,255
3,19,18,2,255,255,32768,32776,0,255,255
3,19,17,2,255,255,32768,32776,0,255,255
3,19,16,2,255,255,32768,32776,0,255,255
3,19,15,2,255,255,32768,32776,0,255,255
3,19,20,2,255,255,32768,32776,0,255,255
3,19,7,2,255,255,32768,32776,0,255,255
3,19,31,2,255,255,32768,32776,0,255,255
3,19,43,2,255,255,32768,32776,0,255,255
3,19,55,2,255,255,32768,32776,0,255,255
3,19,67,2,255,255,32768,32776,0,255,255
3,19,79,2,255,255,32768,32776,0,255,255
3,93,79,2,255,255,32768,32776,0,255,255
3,93,103,2,255,255,32768,32776,0,255,255
3,21,7,2,255,255,32768,32776,0,255,255
3,21,31,2,255,255,32768,32776,0,255,255
3,69,56,2,255,255,32768,32776,0,255,255
3,45,56,2,255,255,32768,32776,0,255,255
3,81,55,2,255,255,32768,32776,0,255,255
3,81,103,2,255,255,32768,32776,0,255,255
3,33,7,2,255,255,32768,32776,0,255,255
3,33,55,2,255,255,32768,32776,0,255,255
3,102,101,2,255,255,32768,32776,0,255,255
3,78,77,2,255,255,32768,32776,0,255,255
3,54,53,2,255,255,32768,32776,0,255,255
3,30,29,2,255,255,32768,32776,0,255,255
3,5,4,2,255,255,32768,32776,0,255,255
0,48,49,-1,86,50,32768,32768,0,86,50
1,91,55,-1,255,255,32769,61440,0,93,79
2,96,97,-1,255,255,32768,4096,0,84,74
3,105,104,0,255,255,32769,61440,0,105,93
4,14,21,-1,255,255,32768,32756,0,255,255
5,9,21,-1,255,255,32769,32850,0,0,0
2,84,74,0,255,255,32768,32756,0,84,74
3,105,104,-1,255,255,32769,61440,0,105,93
4,14,21,-1,255,255,32768,32757,0,255,255
5,9,21,-1,255,255,32769,32851,0,0,0
2,14,21,2,255,255,32768,32757,0,84,74
3,9,21,-1,255,255,32769,61440,0,105,93
2,49,50,2,255,255,32768,32757,0,84,74
3,105,104,-1,255,255,32769,61440,0,105,93
4,14,21,-1,255,255,32768,32746,0,255,255
5,9,21,-1,255,255,32769,32840,0,0,0
2,49,37,2,255,255,32768,32757,0,84,74
3,105,104,-1,255,255,32769,61440,0,105,93
4,14,21,-1,255,255,32768,32747,0,255,255
5,9,21,-1,255,255,32769,32841,0,0,0
2,49,61,2,255,255,32768,32757,0,84,74
3,105,104,-1,255,255,32769,61440,0,105,93
4,14,21,-1,255,255,32768,32747,0,255,255
5,9,21,-1,255,255,32769,32841,0,0,0
2,96,98,2,255,255,32768,32757,0,84,74
3,105,104,-1,255,255,32769,61440,0,105,93
4,14,21,-1,255,255,32768,32755,0,255,255
5,9,21,-1,255,255,32769,32849,0,0,0
2,0,1,2,255,255,32768,32757,0,84,74
3,105,104,-1,255,255,32769,61440,0,105,93
4,14,21,-1,255,255,32768,32756,0,255,255
5,9,21,-1,255,255,32769,32850,0,0,0
2,0,2,2,255,255,32768,32757,0,84,74
3,105,104,-1,255,255,32769,61440,0,105,93
4,14,21,-1,255,255,32768,32755,0,255,255
5,9,21,-1,255,255,32769,32849,0,0,0
2,86,85,2,255,255,32768,32757,0,84,74
3,105,104,-1,255,255,32769,61440,0,105,93
4,14,21,-1,255,255,32768,32747,0,255,255
5,9,21,-1,255,255,32769,32841,0,0,0
2,86,87,2,255,255,32768,32757,0,84,74
3,105,104,-1,255,255,32769,61440,0,105,93
4,14,21,-1,255,255,32768,32746,0,255,255
5,9,21,-1,255,255,32769,32840,0,0,0
2,86,88,2,255,255,32768,32757,0,84,74
3,105,104,-1,255,255,32769,61440,0,105,93
4,14,21,-1,255,255,32768,32746,0,255,255
5,9,21,-1,255,255,32769,32840,0,0,0
2,86,89,2,255,255,32768,32757,0,84,74
3,105,104,-1,255,255,32769,61440,0,105,93
4,14,21,-1,255,255,32768,32745,0,255,255
5,9,21,-1,255,255,32769,32839,0,0,0
2,86,90,2,255,255,32768,32757,0,84,74
3,105,104,-1,255,255,32769,61440,0,105,93
4,14,21,-1,255,255,32768,32745,0,255,255
5,9,21,-1,255,255,32769,32839,0,0,0
4,90,54,2,255,255,32768,32745,0,255,255
5,19,12,-29,255,255,32769,61440,0,0,0
5,55,51,-29,255,255,32769,61440,0,0,0
6,14,21,2,255,255,32768,32757,0,0,0
7,9,21,-1,255,255,32769,32851,0,0,0
6,54,102,2,255,255,32768,32757,0,0,0
6,54,6,2,255,255,32768,32759,0,0,0
2,86,91,2,255,255,32768,32759,0,84,74
3,19,91,-1,255,255,32769,61440,0,105,93
2,86,92,2,255,255,32768,32759,0,84,74
3,105,104,-1,255,255,32769,61440,0,105,93
4,14,21,-1,255,255,32768,32745,0,255,255
5,9,21,-1,255,255,32769,32839,0,0,0
2,86,74,2,255,255,32768,32759,0,84,74
3,105,104,-1,255,255,32769,61440,0,105,93
4,14,21,-1,255,255,32768,32747,0,255,255
5,9,21,-1,255,255,32769,32841,0,0,0
4,74,78,2,255,255,32768,32747,0,255,255
2,86,62,2,255,255,32768,32759,0,84,74
3,105,104,-1,255,255,32769,61440,0,105,93
4,14,21,-1,255,255,32768,32749,0,255,255
5,9,21,-1,255,255,32769,32843,0,0,0
2,86,50,2,255,255,32768,32759,0,84,74
3,105,104,-1,255,255,32769,61440,0,105,93
4,14,21,-1,255,255,32768,32757,0,255,255
5,9,21,-1,255,255,32769,32851,0,0,0
4,50,54,2,255,255,32768,32757,0,255,255
5,19,12,-29,255,255,32769,61440,0,0,0
5,55,51,-29,255,255,32769,61440,0,0,0
6,14,21,2,255,255,32768,32757,0,0,0
7,9,21,-1,255,255,32769,32851,0,0,0
6,54,102,2,255,255,32768,32757,0,0,0
6,54,6,2,255,255,32768,32759,0,0,0
2,86,38,2,255,255,32768,32759,0,84,74
3,105,104,-1,255,255,32769,61440,0,105,93
4,14,21,-1,255,255,32768,32749,0,255,255
5,9,21,-1,255,255,32769,32843,0,0,0
2,86,26,2,255,255,32768,32759,0,84,74
3,105,104,-1,255,255,32769,61440,0,105,93
4,14,21,-1,255,255,32768,32747,0,255,255
5,9,21,-1,255,255,32769,32841,0,0,0
4,26,30,2,255,255,32768,32747,0,255,255
2,86,98,2,255,255,32768,32759,0,84,74
3,105,104,-1,255,255,32769,61440,0,105,93
4,14,21,-1,255,255,32768,32747,0,255,255
5,9,21,-1,255,255,32769,32841,0,0,0
4,98,102,2,255,255,32768,32747,0,255,255
2,14,13,2,255,255,32768,32759,0,84,74
3,105,104,-1,255,255,32769,61440,0,105,93
4,13,21,2,255,255,32768,32747,0,255,255
5,9,21,-1,255,255,32769,32841,0,0,0
2,14,15,2,255,255,32768,32759,0,84,74
3,105,104,-1,255,255,32769,61440,0,105,93
4,15,21,2,255,255,32768,32746,0,255,255
5,9,21,-1,255,255,32769,32841,0,0,0
2,14,16,2,255,255,32768,32759,0,84,74
3,105,104,-1,255,255,32769,61440,0,105,93
4,16,21,2,255,255,32768,32746,0,255,255
5,9,21,-1,255,255,32769,32841,0,0,0
2,14,17,2,255,255,32768,32759,0,84,74
3,105,104,-1,255,255,32769,61440,0,105,93
4,17,21,2,255,255,32768,32745,0,255,255
5,9,21,-1,255,255,32769,32841,0,0,0
2,14,18,2,255,255,32768,32759,0,84,74
3,105,104,-1,255,255,32769,61440,0,105,93
4,18,21,2,255,255,32768,32745,0,255,255
5,9,21,-1,255,255,32769,32841,0,0,0
4,18,54,2,255,255,32768,32745,0,255,255
5,55,51,-29,255,255,32769,61440,0,0,0
6,54,102,2,255,255,32768,32757,0,0,0
6,54,6,2,255,255,32768,32759,0,0,0
2,14,2,2,255,255,32768,32759,0,84,74
3,105,104,-1,255,255,32769,61440,0,105,93
4,2,6,2,255,255,32768,32747,0,255,255
2,14,26,2,255,255,32768,32759,0,84,74
3,105,104,-1,255,255,32769,61440,0,105,93
4,26,30,2,255,255,32768,32747,0,255,255
2,14,38,2,255,255,32768,32759,0,84,74
3,105,104,-1,255,255,32769,61440,0,105,93
2,14,50,2,255,255,32768,32759,0,84,74
3,105,104,-1,255,255,32769,61440,0,105,93
4,50,54,2,255,255,32768,32757,0,255,255
5,55,51,-29,255,255,32769,61440,0,0,0
6,54,102,2,255,255,32768,32757,0,0,0
6,54,6,2,255,255,32768,32759,0,0,0
2,14,62,2,255,255,32768,32759,0,84,74
3,105,104,-1,255,255,32769,61440,0,105,93
2,14,74,2,255,255,32768,32759,0,84,74
3,105,104,-1,255,255,32769,61440,0,105,93
4,74,78,2,255,255,32768,32747,0,255,255
2,84,98,2,255,255,32768,32759,0,84,74
3,105,104,-1,255,255,32769,61440,0,105,93
4,14,21,-1,255,255,32768,32755,0,255,255
5,9,21,-1,255,255,32769,32849,0,0,0
2,12,2,2,255,255,32768,32759,0,84,74
3,105,104,-1,255,255,32769,61440,0,105,93
4,14,21,-1,255,255,32768,32755,0,255,255
5,9,21,-1,255,255,32769,32849,0,0,0
2,12,26,2,255,255,32768,32759,0,84,74
3,105,104,-1,255,255,32769,61440,0,105,93
4,14,21,-1,255,255,32768,32757,0,255,255
5,9,21,-1,255,255,32769,32851,0,0,0
2,72,50,2,255,255,32768,32759,0,84,74
3,105,104,-1,255,255,32769,61440,0,105,93
4,14,21,-1,255,255,32768,32748,0,255,255
5,9,21,-1,255,255,32769,32842,0,0,0
2,72,98,2,255,255,32768,32759,0,84,74
3,105,104,-1,255,255,32769,61440,0,105,93
4,14,21,-1,255,255,32768,32746,0,255,255
5,9,21,-1,255,255,32769,32840,0,0,0
2,24,2,2,255,255,32768,32759,0,84,74
3,105,104,-1,255,255,32769,61440,0,105,93
4,14,21,-1,255,255,32768,32746,0,255,255
5,9,21,-1,255,255,32769,32840,0,0,0
2,24,50,2,255,255,32768,32759,0,84,74
3,105,104,-1,255,255,32769,61440,0,105,93
4,14,21,-1,255,255,32768,32748,0,255,255
5,9,21,-1,255,255,32769,32842,0,0,0
2,99,100,2,255,255,32768,32759,0,84,74
3,105,104,-1,255,255,32769,61440,0,105,93
4,14,21,-1,255,255,32768,32748,0,255,255
5,9,21,-1,255,255,32769,32842,0,0,0
2,75,76,2,255,255,32768,32759,0,84,74
3,105,104,-1,255,255,32769,61440,0,105,93
4,14,21,-1,255,255,32768,32748,0,255,255
5,9,21,-1,255,255,32769,32842,0,0,0
2,51,52,2,255,255,32768,32759,0,84,74
3,55,52,-1,255,255,32769,61440,0,105,93
4,14,21,-1,255,255,32768,32759,0,255,255
5,9,21,-1,255,255,32769,32853,0,0,0
2,27,28,2,255,255,32768,32759,0,84,74
3,105,104,-1,255,255,32769,61440,0,105,93
4,14,21,-1,255,255,32768,32748,0,255,255
5,9,21,-1,255,255,32769,32842,0,0,0
2,3,4,2,255,255,32768,32759,0,84,74
3,105,104,-1,255,255,32769,61440,0,105,93
4,14,21,-1,255,255,32768,32748,0,255,255
5,9,21,-1,255,255,32769,32842,0,0,0
0,96,97,-1,86,50,32768,32768,0,86,50
1,91,55,-1,255,255,32769,61440,0,93,79
2,84,74,0,255,255,32768,4096,0,84,74
3,105,104,-1,255,255,32769,61440,0,105,93
4,14,21,-1,255,255,32768,32768,0,255,255
5,9,21,-1,255,255,32769,32862,0,0,0
2,14,21,2,255,255,32768,32768,0,84,74
3,9,21,-1,255,255,32769,61440,0,105,93
2,48,49,2,255,255,32768,32768,0,84,74
3,105,104,-1,255,255,32769,61440,0,105,93
4,14,21,-1,255,255,32768,32756,0,255,255
5,9,21,-1,255,255,32769,32850,0,0,0
2,97,98,2,255,255,32768,32768,0,84,74
3,105,104,-1,255,255,32769,61440,0,105,93
4,14,21,-1,255,255,32768,32757,0,255,255
5,9,21,-1,255,255,32769,32851,0,0,0
2,97,85,2,255,255,32768,32768,0,84,74
3,105,104,-1,255,255,32769,61440,0,105,93
4,14,21,-1,255,255,32768,32760,0,255,255
5,9,21,-1,255,255,32769,32854,0,0,0
2,97,73,2,255,255,32768,32768,0,84,74
3,105,104,-1,255,255,32769,61440,0,105,93
4,14,21,-1,255,255,32768,32758,0,255,255
5,9,21,-1,255,255,32769,32852,0,0,0
2,97,61,2,255,255,32768,32768,0,84,74
3,105,104,-1,255,255,32769,61440,0,105,93
4,14,21,-1,255,255,32768,32762,0,255,255
5,9,21,-1,255,255,32769,32856,0,0,0
4,61,69,2,255,255,32768,32762,0,255,255
5,57,69,-32,255,255,32769,61440,0,0,0
6,14,21,2,255,255,32768,32567,0,0,0
2,97,49,2,255,255,32768,32768,0,84,74
3,105,104,-1,255,255,32769,61440,0,105,93
4,14,21,-1,255,255,32768,32756,0,255,255
5,9,21,-1,255,255,32769,32850,0,0,0
2,97,37,2,255,255,32768,32768,0,84,74
3,105,104,-1,255,255,32769,61440,0,105,93
4,14,21,-1,255,255,32768,32762,0,255,255
5,9,21,-1,255,255,32769,32856,0,0,0
4,37,45,2,255,255,32768,32762,0,255,255
5,57,45,-32,255,255,32769,61440,0,0,0
6,14,21,2,255,255,32768,32567,0,0,0
7,9,21,-32,255,255,32769,61440,0,0,0
2,97,25,2,255,255,32768,32768,0,84,74
3,105,104,-1,255,255,32769,61440,0,105,93
4,14,21,-1,255,255,32768,32758,0,255,255
5,9,21,-1,255,255,32769,32852,0,0,0
2,97,13,2,255,255,32768,32768,0,84,74
3,19,13,-1,255,255,32769,61440,0,105,93
2,97,1,2,255,255,32768,32768,0,84,74
3,105,104,-1,255,255,32769,61440,0,105,93
4,14,21,-1,255,255,32768,32758,0,255,255
5,9,21,-1,255,255,32769,32852,0,0,0
2,0,1,2,255,255,32768,32768,0,84,74
3,105,104,-1,255,255,32769,61440,0,105,93
4,14,21,-1,255,255,32768,32767,0,255,255
5,9,21,-1,255,255,32769,32861,0,0,0
2,0,2,2,255,255,32768,32768,0,84,74
3,105,104,-1,255,255,32769,61440,0,105,93
4,14,21,-1,255,255,32768,32766,0,255,255
5,9,21,-1,255,255,32769,32860,0,0,0
2,86,85,2,255,255,32768,32768,0,84,74
3,105,104,-1,255,255,32769,61440,0,105,93
4,14,21,-1,255,255,32768,32758,0,255,255
5,9,21,-1,255,255,32769,32852,0,0,0
2,86,87,2,255,255,32768,32768,0,84,74
3,105,104,-1,255,255,32769,61440,0,105,93
4,14,21,-1,255,255,32768,32757,0,255,255
5,9,21,-1,255,255,32769,32851,0,0,0
2,86,88,2,255,255,32768,32768,0,84,74
3,105,104,-1,255,255,32769,61440,0,105,93
4,14,21,-1,255,255,32768,32757,0,255,255
5,9,21,-1,255,255,32769,32851,0,0,0
2,86,89,2,255,255,32768,32768,0,84,74
3,105,104,-1,255,255,32769,61440,0,105,93
4,14,21,-1,255,255,32768,32756,0,255,255
5,9,21,-1,255,255,32769,32850,0,0,0
2,86,90,2,255,255,32768,32768,0,84,74
3,105,104,-1,255,255,32769,61440,0,105,93
4,14,21,-1,255,255,32768,32756,0,255,255
5,9,21,-1,255,255,32769,32850,0,0,0
4,90,54,2,255,255,32768,32756,0,255,255
5,19,12,-29,255,255,32769,61440,0,0,0
5,55,51,-29,255,255,32769,61440,0,0,0
6,14,21,2,255,255,32768,32768,0,0,0
7,9,21,-1,255,255,32769,32862,0,0,0
6,54,102,2,255,255,32768,32768,0,0,0
7,104,102,-1,255,255,32769,32770,0,0,0
6,54,6,2,255,255,32768,32768,0,0,0
7,9,6,-1,255,255,32769,32770,0,0,0
2,86,91,2,255,255,32768,32768,0,84,74
3,19,91,-1,255,255,32769,61440,0,105,93
2,86,92,2,255,255,32768,32768,0,84,74
3,105,104,-1,255,255,32769,61440,0,105,93
4,14,21,-1,255,255,32768,32756,0,255,255
5,9,21,-1,255,255,32769,32850,0,0,0
2,86,74,2,255,255,32768,32768,0,84,74
3,105,104,-1,255,255,32769,61440,0,105,93
4,14,21,-1,255,255,32768,32758,0,255,255
5,9,21,-1,255,255,32769,32852,0,0,0
4,74,78,2,255,255,32768,32758,0,255,255
2,86,62,2,255,255,32768,32768,0,84,74
3,105,104,-1,255,255,32769,61440,0,105,93
4,14,21,-1,255,255,32768,32760,0,255,255
5,9,21,-1,255,255,32769,32854,0,0,0
2,86,50,2,255,255,32768,32768,0,84,74
3,105,104,-1,255,255,32769,61440,0,105,93
4,14,21,-1,255,255,32768,32768,0,255,255
5,9,21,-1,255,255,32769,32862,0,0,0
4,50,54,2,255,255,32768,32768,0,255,255
5,19,12,-29,255,255,32769,61440,0,0,0
5,55,51,-29,255,255,32769,61440,0,0,0
6,14,21,2,255,255,32768,32768,0,0,0
7,9,21,-1,255,255,32769,32862,0,0,0
6,54,102,2,255,255,32768,32768,0,0,0
7,104,102,-1,255,255,32769,32770,0,0,0
6,54,6,2,255,255,32768,32768,0,0,0
7,9,6,-1,255,255,32769,32770,0,0,0
2,86,38,2,255,255,32768,32768,0,84,74
3,105,104,-1,255,255,32769,61440,0,105,93
4,14,21,-1,255,255,32768,32760,0,255,255
5,9,21,-1,255,255,32769,32854,0,0,0
2,86,26,2,255,255,32768,32768,0,84,74
3,105,104,-1,255,255,32769,61440,0,105,93
4,14,21,-1,255,255,32768,32758,0,255,255
5,9,21,-1,255,255,32769,32852,0,0,0
4,26,30,2,255,255,32768,32758,0,255,255
2,86,98,2,255,255,32768,32768,0,84,74
3,105,104,-1,255,255,32769,61440,0,105,93
4,14,21,-1,255,255,32768,32758,0,255,255
5,9,21,-1,255,255,32769,32852,0,0,0
4,98,102,2,255,255,32768,32758,0,255,255
2,14,13,2,255,255,32768,32768,0,84,74
3,105,104,-1,255,255,32769,61440,0,105,93
4,13,21,2,255,255,32768,32758,0,255,255
5,9,21,-1,255,255,32769,32852,0,0,0
2,14,15,2,255,255,32768,32768,0,84,74
3,105,104,-1,255,255,32769,61440,0,105,93
4,15,21,2,255,255,32768,32757,0,255,255
5,9,21,-1,255,255,32769,32852,0,0,0
2,14,16,2,255,255,32768,32768,0,84,74
3,105,104,-1,255,255,32769,61440,0,105,93
4,16,21,2,255,255,32768,32757,0,255,255
5,9,21,-1,255,255,32769,32852,0,0,0
2,14,17,2,255,255,32768,32768,0,84,74
3,105,104,-1,255,255,32769,61440,0,105,93
4,17,21,2,255,255,32768,32756,0,255,255
5,9,21,-1,255,255,32769,32852,0,0,0
2,14,18,2,255,255,32768,32768,0,84,74
3,105,104,-1,255,255,32769,61440,0,105,93
4,18,21,2,255,255,32768,32756,0,255,255
5,9,21,-1,255,255,32769,32852,0,0,0
4,18,54,2,255,255,32768,32756,0,255,255
5,55,51,-29,255,255,32769,61440,0,0,0
6,54,102,2,255,255,32768,32768,0,0,0
7,104,102,-1,255,255,32769,32770,0,0,0
6,54,6,2,255,255,32768,32768,0,0,0
7,9,6,-1,255,255,32769,32770,0,0,0
2,14,2,2,255,255,32768,32768,0,84,74
3,105,104,-1,255,255,32769,61440,0,105,93
4,2,6,2,255,255,32768,32758,0,255,255
2,14,26,2,255,255,32768,32768,0,84,74
3,105,104,-1,255,255,32769,61440,0,105,93
4,26,30,2,255,255,32768,32758,0,255,255
2,14,38,2,255,255,32768,32768,0,84,74
3,105,104,-1,255,255,32769,61440,0,105,93
2,14,50,2,255,255,32768,32768,0,84,74
3,105,104,-1,255,255,32769,61440,0,105,93
4,50,54,2,255,255,32768,32768,0,255,255
5,55,51,-29,255,255,32769,61440,0,0,0
6,54,102,2,255,255,32768,32768,0,0,0
7,104,102,-1,255,255,32769,32770,0,0,0
6,54,6,2,255,255,32768,32768,0,0,0
7,9,6,-1,255,255,32769,32770,0,0,0
2,14,62,2,255,255,32768,32768,0,84,74
3,105,104,-1,255,255,32769,61440,0,105,93
2,14,74,2,255,255,32768,32768,0,84,74
3,105,104,-1,255,255,32769,61440,0,105,93
4,74,78,2,255,255,32768,32758,0,255,255
2,84,98,2,255,255,32768,32768,0,84,74
3,105,104,-1,255,255,32769,61440,0,105,93
4,14,21,-1,255,255,32768,32766,0,255,255
5,9,21,-1,255,255,32769,32860,0,0,0
2,12,2,2,255,255,32768,32768,0,84,74
3,105,104,-1,255,255,32769,61440,0,105,93
4,14,21,-1,255,255,32768,32766,0,255,255
5,9,21,-1,255,255,32769,32860,0,0,0
2,12,26,2,255,255,32768,32768,0,84,74
3,105,104,-1,255,255,32769,61440,0,105,93
4,14,21,-1,255,255,32768,32768,0,255,255
5,9,21,-1,255,255,32769,32862,0,0,0
2,60,49,2,255,255,32768,32768,0,84,74
3,105,104,-1,255,255,32769,61440,0,105,93
4,14,21,-1,255,255,32768,32759,0,255,255
5,9,21,-1,255,255,32769,32853,0,0,0
2,36,49,2,255,255,32768,32768,0,84,74
3,105,104,-1,255,255,32769,61440,0,105,93
4,14,21,-1,255,255,32768,32759,0,255,255
5,9,21,-1,255,255,32769,32853,0,0,0
2,72,50,2,255,255,32768,32768,0,84,74
3,105,104,-1,255,255,32769,61440,0,105,93
4,14,21,-1,255,255,32768,32759,0,255,255
5,9,21,-1,255,255,32769,32853,0,0,0
2,72,98,2,255,255,32768,32768,0,84,74
3,105,104,-1,255,255,32769,61440,0,105,93
4,14,21,-1,255,255,32768,32757,0,255,255
5,9,21,-1,255,255,32769,32851,0,0,0
2,24,2,2,255,255,32768,32768,0,84,74
3,105,104,-1,255,255,32769,61440,0,105,93
4,14,21,-1,255,255,32768,32757,0,255,255
5,9,21,-1,255,255,32769,32851,0,0,0
2,24,50,2,255,255,32768,32768,0,84,74
3,105,104,-1,255,255,32769,61440,0,105,93
4,14,21,-1,255,255,32768,32759,0,255,255
5,9,21,-1,255,255,32769,32853,0,0,0
2,99,100,2,255,255,32768,32768,0,84,74
3,105,104,-1,255,255,32769,61440,0,105,93
4,14,21,-1,255,255,32768,32759,0,255,255
5,9,21,-1,255,255,32769,32853,0,0,0
2,75,76,2,255,255,32768,32768,0,84,74
3,105,104,-1,255,255,32769,61440,0,105,93
4,14,21,-1,255,255,32768,32759,0,255,255
5,9,21,-1,255,255,32769,32853,0,0,0
2,51,52,2,255,255,32768,32768,0,84,74
3,55,52,-1,255,255,32769,61440,0,105,93
3,105,104,-1,255,255,32769,32770,0,105,93
4,14,21,-1,255,255,32768,32759,0,255,255
5,9,21,-1,255,255,32769,32853,0,0,0
2,27,28,2,255,255,32768,32768,0,84,74
3,105,104,-1,255,255,32769,61440,0,105,93
4,14,21,-1,255,255,32768,32759,0,255,255
5,9,21,-1,255,255,32769,32853,0,0,0
2,3,4,2,255,255,32768,32768,0,84,74
3,105,104,-1,255,255,32769,61440,0,105,93
4,14,21,-1,255,255,32768,32759,0,255,255
5,9,21,-1,255,255,32769,32853,0,0,0
0,96,98,-1,86,50,32768,32768,0,86,50
1,91,55,-1,255,255,32769,61440,0,93,79
2,84,74,0,255,255,32768,4096,0,84,74
3,105,104,-1,255,255,32769,61440,0,105,93
4,14,21,-1,255,255,32768,32767,0,255,255
5,9,21,-1,255,255,32769,32861,0,0,0
2,14,21,2,255,255,32768,32767,0,84,74
3,9,21,-1,255,255,32769,61440,0,105,93
2,48,49,2,255,255,32768,32767,0,84,74
3,105,104,-1,255,255,32769,61440,0,105,93
4,14,21,-1,255,255,32768,32755,0,255,255
5,9,21,-1,255,255,32769,32849,0,0,0
2,98,97,2,255,255,32768,32767,0,84,74
3,105,104,-1,255,255,32769,61440,0,105,93
4,14,21,-1,255,255,32768,32758,0,255,255
5,9,21,-1,255,255,32769,32852,0,0,0
2,0,1,2,255,255,32768,32767,0,84,74
3,105,104,-1,255,255,32769,61440,0,105,93
4,14,21,-1,255,255,32768,32766,0,255,255
5,9,21,-1,255,255,32769,32860,0,0,0
2,0,2,2,255,255,32768,32767,0,84,74
3,105,104,-1,255,255,32769,61440,0,105,93
4,14,21,-1,255,255,32768,32765,0,255,255
5,9,21,-1,255,255,32769,32859,0,0,0
2,86,85,2,255,255,32768,32767,0,84,74
3,105,104,-1,255,255,32769,61440,0,105,93
4,14,21,-1,255,255,32768,32757,0,255,255
5,9,21,-1,255,255,32769,32851,0,0,0
2,86,87,2,255,255,32768,32767,0,84,74
3,105,104,-1,255,255,32769,61440,0,105,93
4,14,21,-1,255,255,32768,32756,0,255,255
5,9,21,-1,255,255,32769,32850,0,0,0
2,86,88,2,255,255,32768,32767,0,84,74
3,105,104,-1,255,255,32769,61440,0,105,93
4,14,21,-1,255,255,32768,32756,0,255,255
5,9,21,-1,255,255,32769,32850,0,0,0
2,86,89,2,255,255,32768,32767,0,84,74
3,105,104,-1,255,255,32769,61440,0,105,93
4,14,21,-1,255,255,32768,32755,0,255,255
5,9,21,-1,255,255,32769,32849,0,0,0
2,86,90,2,255,255,32768,32767,0,84,74
3,105,104,-1,255,255,32769,61440,0,105,93
4,14,21,-1,255,255,32768,32755,0,255,255
5,9,21,-1,255,255,32769,32849,0,0,0
4,90,54,2,255,255,32768,32755,0,255,255
5,19,12,-29,255,255,32769,61440,0,0,0
5,55,51,-29,255,255,32769,61440,0,0,0
6,14,21,2,255,255,32768,32767,0,0,0
7,9,21,-1,255,255,32769,32861,0,0,0
6,54,102,2,255,255,32768,32767,0,0,0
7,104,102,-1,255,255,32769,32769,0,0,0
6,54,6,2,255,255,32768,32767,0,0,0
7,9,6,-1,255,255,32769,32769,0,0,0
2,86,91,2,255,255,32768,32767,0,84,74
3,19,91,-1,255,255,32769,61440,0,105,93
2,86,92,2,255,255,32768,32767,0,84,74
3,105,104,-1,255,255,32769,61440,0,105,93
4,14,21,-1,255,255,32768,32755,0,255,255
5,9,21,-1,255,255,32769,32849,0,0,0
2,86,74,2,255,255,32768,32767,0,84,74
3,105,104,-1,255,255,32769,61440,0,105,93
4,14,21,-1,255,255,32768,32757,0,255,255
5,9,21,-1,255,255,32769,32851,0,0,0
4,74,78,2,255,255,32768,32757,0,255,255
2,86,62,2,255,255,32768,32767,0,84,74
3,105,104,-1,255,255,32769,61440,0,105,93
4,14,21,-1,255,255,32768,32759,0,255,255
5,9,21,-1,255,255,32769,32853,0,0,0
2,86,50,2,255,255,32768,32767,0,84,74
3,105,104,-1,255,255,32769,61440,0,105,93
4,14,21,-1,255,255,32768,32767,0,255,255
5,9,21,-1,255,255,32769,32861,0,0,0
4,50,54,2,255,255,32768,32767,0,255,255
5,19,12,-29,255,255,32769,61440,0,0,0
5,55,51,-29,255,255,32769,61440,0,0,0
6,14,21,2,255,255,32768,32767,0,0,0
7,9,21,-1,255,255,32769,32861,0,0,0
6,54,102,2,255,255,32768,32767,0,0,0
7,104,102,-1,255,255,32769,32769,0,0,0
6,54,6,2,255,255,32768,32767,0,0,0
7,9,6,-1,255,255,32769,32769,0,0,0
2,86,38,2,255,255,32768,32767,0,84,74
3,105,104,-1,255,255,32769,61440,0,105,93
4,14,21,-1,255,255,32768,32759,0,255,255
5,9,21,-1,255,255,32769,32853,0,0,0
2,86,26,2,255,255,32768,32767,0,84,74
3,105,104,-1,255,255,32769,61440,0,105,93
4,14,21,-1,255,255,32768,32757,0,255,255
5,9,21,-1,255,255,32769,32851,0,0,0
4,26,30,2,255,255,32768,32757,0,255,255
2,14,13,2,255,255,32768,32767,0,84,74
3,105,104,-1,255,255,32769,61440,0,105,93
4,13,21,2,255,255,32768,32757,0,255,255
5,9,21,-1,255,255,32769,32851,0,0,0
2,14,15,2,255,255,32768,32767,0,84,74
3,105,104,-1,255,255,32769,61440,0,105,93
4,15,21,2,255,255,32768,32756,0,255,255
5,9,21,-1,255,255,32769,32851,0,0,0
2,14,16,2,255,255,32768,32767,0,84,74
3,105,104,-1,255,255,32769,61440,0,105,93
4,16,21,2,255,255,32768,32756,0,255,255
5,9,21,-1,255,255,32769,32851,0,0,0
2,14,17,2,255,255,32768,32767,0,84,74
3,105,104,-1,255,255,32769,61440,0,105,93
4,17,21,2,255,255,32768,32755,0,255,255
5,9,21,-1,255,255,32769,32851,0,0,0
2,14,18,2,255,255,32768,32767,0,84,74
3,105,104,-1,255,255,32769,61440,0,105,93
4,18,21,2,255,255,32768,32755,0,255,255
5,9,21,-1,255,255,32769,32851,0,0,0
4,18,54,2,255,255,32768,32755,0,255,255
5,55,51,-29,255,255,32769,61440,0,0,0
6,54,102,2,255,255,32768,32767,0,0,0
7,104,102,-1,255,255,32769,32769,0,0,0
6,54,6,2,255,255,32768,32767,0,0,0
7,9,6,-1,255,255,32769,32769,0,0,0
2,14,2,2,255,255,32768,32767,0,84,74
3,105,104,-1,255,255,32769,61440,0,105,93
4,2,6,2,255,255,32768,32757,0,255,255
2,14,26,2,255,255,32768,32767,0,84,74
3,105,104,-1,255,255,32769,61440,0,105,93
4,26,30,2,255,255,32768,32757,0,255,255
2,14,38,2,255,255,32768,32767,0,84,74
3,105,104,-1,255,255,32769,61440,0,105,93
2,14,50,2,255,255,32768,32767,0,84,74
3,105,104,-1,255,255,32769,61440,0,105,93
4,50,54,2,255,255,32768,32767,0,255,255
5,55,51,-29,255,255,32769,61440,0,0,0
6,54,102,2,255,255,32768,32767,0,0,0
7,104,102,-1,255,255,32769,32769,0,0,0
6,54,6,2,255,255,32768,32767,0,0,0
7,9,6,-1,255,255,32769,32769,0,0,0
2,14,62,2,255,255,32768,32767,0,84,74
3,105,104,-1,255,255,32769,61440,0,105,93
2,14,74,2,255,255,32768,32767,0,84,74
3,105,104,-1,255,255,32769,61440,0,105,93
4,74,78,2,255,255,32768,32757,0,255,255
2,12,2,2,255,255,32768,32767,0,84,74
3,105,104,-1,255,255,32769,61440,0,105,93
4,14,21,-1,255,255,32768,32765,0,255,255
5,9,21,-1,255,255,32769,32859,0,0,0
2,12,26,2,255,255,32768,32767,0,84,74
3,105,104,-1,255,255,32769,61440,0,105,93
4,14,21,-1,255,255,32768,32767,0,255,255
5,9,21,-1,255,255,32769,32861,0,0,0
2,60,49,2,255,255,32768,32767,0,84,74
3,105,104,-1,255,255,32769,61440,0,105,93
4,14,21,-1,255,255,32768,32758,0,255,255
5,9,21,-1,255,255,32769,32852,0,0,0
2,36,49,2,255,255,32768,32767,0,84,74
3,105,104,-1,255,255,32769,61440,0,105,93
4,14,21,-1,255,255,32768,32758,0,255,255
5,9,21,-1,255,255,32769,32852,0,0,0
2,72,50,2,255,255,32768,32767,0,84,74
3,105,104,-1,255,255,32769,61440,0,105,93
4,14,21,-1,255,255,32768,32758,0,255,255
5,9,21,-1,255,255,32769,32852,0,0,0
2,24,2,2,255,255,32768,32767,0,84,74
3,105,104,-1,255,255,32769,61440,0,105,93
4,14,21,-1,255,255,32768,32756,0,255,255
5,9,21,-1,255,255,32769,32850,0,0,0
2,24,50,2,255,255,32768,32767,0,84,74
3,105,104,-1,255,255,32769,61440,0,105,93
4,14,21,-1,255,255,32768,32758,0,255,255
5,9,21,-1,255,255,32769,32852,0,0,0
2,99,100,2,255,255,32768,32767,0,84,74
3,105,104,-1,255,255,32769,61440,0,105,93
4,14,21,-1,255,255,32768,32758,0,255,255
5,9,21,-1,255,255,32769,32852,0,0,0
2,75,76,2,255,255,32768,32767,0,84,74
3,105,104,-1,255,255,32769,61440,0,105,93
4,14,21,-1,255,255,32768,32758,0,255,255
5,9,21,-1,255,255,32769,32852,0,0,0
2,51,52,2,255,255,32768,32767,0,84,74
3,55,52,-1,255,255,32769,61440,0,105,93
3,105,104,-1,255,255,32769,32769,0,105,93
4,14,21,-1,255,255,32768,32758,0,255,255
5,9,21,-1,255,255,32769,32852,0,0,0
2,27,28,2,255,255,32768,32767,0,84,74
3,105,104,-1,255,255,32769,61440,0,105,93
4,14,21,-1,255,255,32768,32758,0,255,255
5,9,21,-1,255,255,32769,32852,0,0,0
2,3,4,2,255,255,32768,32767,0,84,74
3,105,104,-1,255,255,32769,61440,0,105,93
4,14,21,-1,255,255,32768,32758,0,255,255
5,9,21,-1,255,255,32769,32852,0,0,0
0,0,1,-1,86,50,32768,32768,0,86,50
1,91,55,-1,255,255,32769,61440,0,93,79
2,96,97,-1,255,255,32768,4096,0,84,74
3,105,104,-1,255,255,32769,61440,0,105,93
4,14,21,-1,255,255,32768,32767,0,255,255
5,9,21,-1,255,255,32769,32861,0,0,0
2,84,74,0,255,255,32768,32767,0,84,74
3,105,104,-1,255,255,32769,61440,0,105,93
4,14,21,-1,255,255,32768,32768,0,255,255
5,9,21,-1,255,255,32769,32862,0,0,0
2,14,21,2,255,255,32768,32768,0,84,74
3,9,21,-1,255,255,32769,61440,0,105,93
2,48,49,2,255,255,32768,32768,0,84,74
3,105,104,-1,255,255,32769,61440,0,105,93
4,14,21,-1,255,255,32768,32756,0,255,255
5,9,21,-1,255,255,32769,32850,0,0,0
2,96,98,2,255,255,32768,32768,0,84,74
3,105,104,-1,255,255,32769,61440,0,105,93
4,14,21,-1,255,255,32768,32766,0,255,255
5,9,21,-1,255,255,32769,32860,0,0,0
2,1,2,2,255,255,32768,32768,0,84,74
3,105,104,-1,255,255,32769,61440,0,105,93
4,14,21,-1,255,255,32768,32757,0,255,255
5,9,21,-1,255,255,32769,32851,0,0,0
2,1,13,2,255,255,32768,32768,0,84,74
3,19,13,-1,255,255,32769,61440,0,105,93
2,1,25,2,255,255,32768,32768,0,84,74
3,105,104,-1,255,255,32769,61440,0,105,93
4,14,21,-1,255,255,32768,32758,0,255,255
5,9,21,-1,255,255,32769,32852,0,0,0
2,1,37,2,255,255,32768,32768,0,84,74
3,105,104,-1,255,255,32769,61440,0,105,93
4,14,21,-1,255,255,32768,32762,0,255,255
5,9,21,-1,255,255,32769,32856,0,0,0
4,37,45,2,255,255,32768,32762,0,255,255
5,57,45,-32,255,255,32769,61440,0,0,0
6,14,21,2,255,255,32768,32567,0,0,0
7,9,21,-32,255,255,32769,61440,0,0,0
2,1,49,2,255,255,32768,32768,0,84,74
3,105,104,-1,255,255,32769,61440,0,105,93
4,14,21,-1,255,255,32768,32756,0,255,255
5,9,21,-1,255,255,32769,32850,0,0,0
2,1,61,2,255,255,32768,32768,0,84,74
3,105,104,-1,255,255,32769,61440,0,105,93
4,14,21,-1,255,255,32768,32762,0,255,255
5,9,21,-1,255,255,32769,32856,0,0,0
4,61,69,2,255,255,32768,32762,0,255,255
5,57,69,-32,255,255,32769,61440,0,0,0
6,14,21,2,255,255,32768,32567,0,0,0
2,1,73,2,255,255,32768,32768,0,84,74
3,105,104,-1,255,255,32769,61440,0,105,93
4,14,21,-1,255,255,32768,32758,0,255,255
5,9,21,-1,255,255,32769,32852,0,0,0
2,1,85,2,255,255,32768,32768,0,84,74
3,105,104,-1,255,255,32769,61440,0,105,93
4,14,21,-1,255,255,32768,32760,0,255,255
5,9,21,-1,255,255,32769,32854,0,0,0
2,1,97,2,255,255,32768,32768,0,84,74
3,105,104,-1,255,255,32769,61440,0,105,93
4,14,21,-1,255,255,32768,32758,0,255,255
5,9,21,-1,255,255,32769,32852,0,0,0
2,86,85,2,255,255,32768,32768,0,84,74
3,105,104,-1,255,255,32769,61440,0,105,93
4,14,21,-1,255,255,32768,32758,0,255,255
5,9,21,-1,255,255,32769,32852,0,0,0
2,86,87,2,255,255,32768,32768,0,84,74
3,105,104,-1,255,255,32769,61440,0,105,93
4,14,21,-1,255,255,32768,32757,0,255,255
5,9,21,-1,255,255,32769,32851,0,0,0
2,86,88,2,255,255,32768,32768,0,84,74
3,105,104,-1,255,255,32769,61440,0,105,93
4,14,21,-1,255,255,32768,32757,0,255,255
5,9,21,-1,255,255,32769,32851,0,0,0
2,86,89,2,255,255,32768,32768,0,84,74
3,105,104,-1,255,255,32769,61440,0,105,93
4,14,21,-1,255,255,32768,32756,0,255,255
5,9,21,-1,255,255,32769,32850,0,0,0
2,86,90,2,255,255,32768,32768,0,84,74
3,105,104,-1,255,255,32769,61440,0,105,93
4,14,21,-1,255,255,32768,32756,0,255,255
5,9,21,-1,255,255,32769,32850,0,0,0
4,90,54,2,255,255,32768,32756,0,255,255
5,19,12,-29,255,255,32769,61440,0,0,0
5,55,51,-29,255,255,32769,61440,0,0,0
6,14,21,2,255,255,32768,32768,0,0,0
7,9,21,-1,255,255,32769,32862,0,0,0
6,54,102,2,255,255,32768,32768,0,0,0
7,104,102,-1,255,255,32769,32770,0,0,0
6,54,6,2,255,255,32768,32768,0,0,0
7,9,6,-1,255,255,32769,32770,0,0,0
2,86,91,2,255,255,32768,32768,0,84,74
3,19,91,-1,255,255,32769,61440,0,105,93
2,86,92,2,255,255,32768,32768,0,84,74
3,105,104,-1,255,255,32769,61440,0,105,93
4,14,21,-1,255,255,32768,32756,0,255,255
5,9,21,-1,255,255,32769,32850,0,0,0
2,86,74,2,255,255,32768,32768,0,84,74
3,105,104,-1,255,255,32769,61440,0,105,93
4,14,21,-1,255,255,32768,32758,0,255,255
5,9,21,-1,255,255,32769,32852,0,0,0
4,74,78,2,255,255,32768,32758,0,255,255
2,86,62,2,255,255,32768,32768,0,84,74
3,105,104,-1,255,255,32769,61440,0,105,93
4,14,21,-1,255,255,32768,32760,0,255,255
5,9,21,-1,255,255,32769,32854,0,0,0
2,86,50,2,255,255,32768,32768,0,84,74
3,105,104,-1,255,255,32769,61440,0,105,93
4,14,21,-1,255,255,32768,32768,0,255,255
5,9,21,-1,255,255,32769,32862,0,0,0
4,50,54,2,255,255,32768,32768,0,255,255
5,19,12,-29,255,255,32769,61440,0,0,0
5,55,51,-29,255,255,32769,61440,0,0,0
6,14,21,2,255,255,32768,32768,0,0,0
7,9,21,-1,255,255,32769,32862,0,0,0
6,54,102,2,255,255,32768,32768,0,0,0
7,104,102,-1,255,255,32769,32770,0,0,0
6,54,6,2,255,255,32768,32768,0,0,0
7,9,6,-1,255,255,32769,32770,0,0,0
2,86,38,2,255,255,32768,32768,0,84,74
3,105,104,-1,255,255,32769,61440,0,105,93
4,14,21,-1,255,255,32768,32760,0,255,255
5,9,21,-1,255,255,32769,32854,0,0,0
2,86,26,2,255,255,32768,32768,0,84,74
3,105,104,-1,255,255,32769,61440,0,105,93
4,14,21,-1,255,255,32768,32758,0,255,255
5,9,21,-1,255,255,32769,32852,0,0,0
4,26,30,2,255,255,32768,32758,0,255,255
2,86,98,2,255,255,32768,32768,0,84,74
3,105,104,-1,255,255,32769,61440,0,105,93
4,14,21,-1,255,255,32768,32758,0,255,255
5,9,21,-1,255,255,32769,32852,0,0,0
4,98,102,2,255,255,32768,32758,0,255,255
2,14,13,2,255,255,32768,32768,0,84,74
3,105,104,-1,255,255,32769,61440,0,105,93
4,13,21,2,255,255,32768,32758,0,255,255
5,9,21,-1,255,255,32769,32852,0,0,0
2,14,15,2,255,255,32768,32768,0,84,74
3,105,104,-1,255,255,32769,61440,0,105,93
4,15,21,2,255,255,32768,32757,0,255,255
5,9,21,-1,255,255,32769,32852,0,0,0
2,14,16,2,255,255,32768,32768,0,84,74
3,105,104,-1,255,255,32769,61440,0,105,93
4,16,21,2,255,255,32768,32757,0,255,255
5,9,21,-1,255,255,32769,32852,0,0,0
2,14,17,2,255,255,32768,32768,0,84,74
3,105,104,-1,255,255,32769,61440,0,105,93
4,17,21,2,255,255,32768,32756,0,255,255
5,9,21,-1,255,255,32769,32852,0,0,0
2,14,18,2,255,255,32768,32768,0,84,74
3,105,104,-1,255,255,32769,61440,0,105,93
4,18,21,2,255,255,32768,32756,0,255,255
5,9,21,-1,255,255,32769,32852,0,0,0
4,18,54,2,255,255,32768,32756,0,255,255
5,55,51,-29,255,255,32769,61440,0,0,0
6,54,102,2,255,255,32768,32768,0,0,0
7,104,102,-1,255,255,32769,32770,0,0,0
6,54,6,2,255,255,32768,32768,0,0,0
7,9,6,-1,255,255,32769,32770,0,0,0
2,14,2,2,255,255,32768,32768,0,84,74
3,105,104,-1,255,255,32769,61440,0,105,93
4,2,6,2,255,255,32768,32758,0,255,255
2,14,26,2,255,255,32768,32768,0,84,74
3,105,104,-1,255,255,32769,61440,0,105,93
4,26,30,2,255,255,32768,32758,0,255,255
2,14,38,2,255,255,32768,32768,0,84,74
3,105,104,-1,255,255,32769,61440,0,105,93
2,14,50,2,255,255,32768,32768,0,84,74
3,105,104,-1,255,255,32769,61440,0,105,93
4,50,54,2,255,255,32768,32768,0,255,255
5,55,51,-29,255,255,32769,61440,0,0,0
6,54,102,2,255,255,32768,32768,0,0,0
7,104,102,-1,255,255,32769,32770,0,0,0
6,54,6,2,255,255,32768,32768,0,0,0
7,9,6,-1,255,255,32769,32770,0,0,0
2,14,62,2,255,255,32768,32768,0,84,74
3,105,104,-1,255,255,32769,61440,0,105,93
2,14,74,2,255,255,32768,32768,0,84,74
3,105,104,-1,255,255,32769,61440,0,105,93
4,74,78,2,255,255,32768,32758,0,255,255
2,84,98,2,255,255,32768,32768,0,84,74
3,105,104,-1,255,255,32769,61440,0,105,93
4,14,21,-1,255,255,32768,32766,0,255,255
5,9,21,-1,255,255,32769,32860,0,0,0
2,12,2,2,255,255,32768,32768,0,84,74
3,105,104,-1,255,255,32769,61440,0,105,93
4,14,21,-1,255,255,32768,32766,0,255,255
5,9,21,-1,255,255,32769,32860,0,0,0
2,12,26,2,255,255,32768,32768,0,84,74
3,105,104,-1,255,255,32769,61440,0,105,93
4,14,21,-1,255,255,32768,32768,0,255,255
5,9,21,-1,255,255,32769,32862,0,0,0
2,60,49,2,255,255,32768,32768,0,84,74
3,105,104,-1,255,255,32769,61440,0,105,93
4,14,21,-1,255,255,32768,32759,0,255,255
5,9,21,-1,255,255,32769,32853,0,0,0
2,36,49,2,255,255,32768,32768,0,84,74
3,105,104,-1,255,255,32769,61440,0,105,93
4,14,21,-1,255,255,32768,32759,0,255,255
5,9,21,-1,255,255,32769,32853,0,0,0
2,72,50,2,255,255,32768,32768,0,84,74
3,105,104,-1,255,255,32769,61440,0,105,93
4,14,21,-1,255,255,32768,32759,0,255,255
5,9,21,-1,255,255,32769,32853,0,0,0
2,72,98,2,255,255,32768,32768,0,84,74
3,105,104,-1,255,255,32769,61440,0,105,93
4,14,21,-1,255,255,32768,32757,0,255,255
5,9,21,-1,255,255,32769,32851,0,0,0
2,24,2,2,255,255,32768,32768,0,84,74
3,105,104,-1,255,255,32769,61440,0,105,93
4,14,21,-1,255,255,32768,32757,0,255,255
5,9,21,-1,255,255,32769,32851,0,0,0
2,24,50,2,255,255,32768,32768,0,84,74
3,105,104,-1,255,255,32769,61440,0,105,93
4,14,21,-1,255,255,32768,32759,0,255,255
5,9,21,-1,255,255,32769,32853,0,0,0
2,99,100,2,255,255,32768,32768,0,84,74
3,105,104,-1,255,255,32769,61440,0,105,93
4,14,21,-1,255,255,32768,32759,0,255,255
5,9,21,-1,255,255,32769,32853,0,0,0
2,75,76,2,255,255,32768,32768,0,84,74
3,105,104,-1,255,255,32769,61440,0,105,93
4,14,21,-1,255,255,32768,32759,0,255,255
5,9,21,-1,255,255,32769,32853,0,0,0
2,51,52,2,255,255,32768,32768,0,84,74
3,55,52,-1,255,255,32769,61440,0,105,93
3,105,104,-1,255,255,32769,32770,0,105,93
4,14,21,-1,255,255,32768,32759,0,255,255
5,9,21,-1,255,255,32769,32853,0,0,0
2,27,28,2,255,255,32768,32768,0,84,74
3,105,104,-1,255,255,32769,61440,0,105,93
4,14,21,-1,255,255,32768,32759,0,255,255
5,9,21,-1,255,255,32769,32853,0,0,0
2,3,4,2,255,255,32768,32768,0,84,74
3,105,104,-1,255,255,32769,61440,0,105,93
4,14,21,-1,255,255,32768,32759,0,255,255
5,9,21,-1,255,255,32769,32853,0,0,0
0,0,2,-1,86,50,32768,32768,0,86,50
1,91,55,-1,255,255,32769,61440,0,93,79
2,96,97,-1,255,255,32768,4096,0,84,74
3,105,104,-1,255,255,32769,61440,0,105,93
4,14,21,-1,255,255,32768,32766,0,255,255
5,9,21,-1,255,255,32769,32860,0,0,0
2,84,74,0,255,255,32768,32766,0,84,74
3,105,104,-1,255,255,32769,61440,0,105,93
4,14,21,-1,255,255,32768,32767,0,255,255
5,9,21,-1,255,255,32769,32861,0,0,0
2,14,21,2,255,255,32768,32767,0,84,74
3,9,21,-1,255,255,32769,61440,0,105,93
2,48,49,2,255,255,32768,32767,0,84,74
3,105,104,-1,255,255,32769,61440,0,105,93
4,14,21,-1,255,255,32768,32755,0,255,255
5,9,21,-1,255,255,32769,32849,0,0,0
2,96,98,2,255,255,32768,32767,0,84,74
3,105,104,-1,255,255,32769,61440,0,105,93
4,14,21,-1,255,255,32768,32765,0,255,255
5,9,21,-1,255,255,32769,32859,0,0,0
2,2,1,2,255,255,32768,32767,0,84,74
3,105,104,-1,255,255,32769,61440,0,105,93
4,14,21,-1,255,255,32768,32758,0,255,255
5,9,21,-1,255,255,32769,32852,0,0,0
2,86,85,2,255,255,32768,32767,0,84,74
3,105,104,-1,255,255,32769,61440,0,105,93
4,14,21,-1,255,255,32768,32757,0,255,255
5,9,21,-1,255,255,32769,32851,0,0,0
2,86,87,2,255,255,32768,32767,0,84,74
3,105,104,-1,255,255,32769,61440,0,105,93
4,14,21,-1,255,255,32768,32756,0,255,255
5,9,21,-1,255,255,32769,32850,0,0,0
2,86,88,2,255,255,32768,32767,0,84,74
3,105,104,-1,255,255,32769,61440,0,105,93
4,14,21,-1,255,255,32768,32756,0,255,255
5,9,21,-1,255,255,32769,32850,0,0,0
2,86,89,2,255,255,32768,32767,0,84,74
3,105,104,-1,255,255,32769,61440,0,105,93
4,14,21,-1,255,255,32768,32755,0,255,255
5,9,21,-1,255,255,32769,32849,0,0,0
2,86,90,2,255,255,32768,32767,0,84,74
3,105,104,-1,255,255,32769,61440,0,105,93
4,14,21,-1,255,255,32768,32755,0,255,255
5,9,21,-1,255,255,32769,32849,0,0,0
4,90,54,2,255,255,32768,32755,0,255,255
5,19,12,-29,255,255,32769,61440,0,0,0
5,55,51,-29,255,255,32769,61440,0,0,0
6,14,21,2,255,255,32768,32767,0,0,0
7,9,21,-1,255,255,32769,32861,0,0,0
6,54,102,2,255,255,32768,32767,0,0,0
7,104,102,-1,255,255,32769,32769,0,0,0
6,54,6,2,255,255,32768,32767,0,0,0
7,9,6,-1,255,255,32769,32769,0,0,0
2,86,91,2,255,255,32768,32767,0,84,74
3,19,91,-1,255,255,32769,61440,0,105,93
2,86,92,2,255,255,32768,32767,0,84,74
3,105,104,-1,255,255,32769,61440,0,105,93
4,14,21,-1,255,255,32768,32755,0,255,255
5,9,21,-1,255,255,32769,32849,0,0,0
2,86,74,2,255,255,32768,32767,0,84,74
3,105,104,-1,255,255,32769,61440,0,105,93
4,14,21,-1,255,255,32768,32757,0,255,255
5,9,21,-1,255,255,32769,32851,0,0,0
4,74,78,2,255,255,32768,32757,0,255,255
2,86,62,2,255,255,32768,32767,0,84,74
3,105,104,-1,255,255,32769,61440,0,105,93
4,14,21,-1,255,255,32768,32759,0,255,255
5,9,21,-1,255,255,32769,32853,0,0,0
2,86,50,2,255,255,32768,32767,0,84,74
3,105,104,-1,255,255,32769,61440,0,105,93
4,14,21,-1,255,255,32768,32767,0,255,255
5,9,21,-1,255,255,32769,32861,0,0,0
4,50,54,2,255,255,32768,32767,0,255,255
5,19,12,-29,255,255,32769,61440,0,0,0
5,55,51,-29,255,255,32769,61440,0,0,0
6,14,21,2,255,255,32768,32767,0,0,0
7,9,21,-1,255,255,32769,32861,0,0,0
6,54,102,2,255,255,32768,32767,0,0,0
7,104,102,-1,255,255,32769,32769,0,0,0
6,54,6,2,255,255,32768,32767,0,0,0
7,9,6,-1,255,255,32769,32769,0,0,0
2,86,38,2,255,255,32768,32767,0,84,74
3,105,104,-1,255,255,32769,61440,0,105,93
4,14,21,-1,255,255,32768,32759,0,255,255
5,9,21,-1,255,255,32769,32853,0,0,0
2,86,26,2,255,255,32768,32767,0,84,74
3,105,104,-1,255,255,32769,61440,0,105,93
4,14,21,-1,255,255,32768,32757,0,255,255
5,9,21,-1,255,255,32769,32851,0,0,0
4,26,30,2,255,255,32768,32757,0,255,255
2,86,98,2,255,255,32768,32767,0,84,74
3,105,104,-1,255,255,32769,61440,0,105,93
4,14,21,-1,255,255,32768,32757,0,255,255
5,9,21,-1,255,255,32769,32851,0,0,0
4,98,102,2,255,255,32768,32757,0,255,255
2,14,13,2,255,255,32768,32767,0,84,74
3,105,104,-1,255,255,32769,61440,0,105,93
4,13,21,2,255,255,32768,32757,0,255,255
5,9,21,-1,255,255,32769,32851,0,0,0
2,14,15,2,255,255,32768,32767,0,84,74
3,105,104,-1,255,255,32769,61440,0,105,93
4,15,21,2,255,255,32768,32756,0,255,255
5,9,21,-1,255,255,32769,32851,0,0,0
2,14,16,2,255,255,32768,32767,0,84,74
3,105,104,-1,255,255,32769,61440,0,105,93
4,16,21,2,255,255,32768,32756,0,255,255
5,9,21,-1,255,255,32769,32851,0,0,0
2,14,17,2,255,255,32768,32767,0,84,74
3,105,104,-1,255,255,32769,61440,0,105,93
4,17,21,2,255,255,32768,32755,0,255,255
5,9,21,-1,255,255,32769,32851,0,0,0
2,14,18,2,255,255,32768,32767,0,84,74
3,105,104,-1,255,255,32769,61440,0,105,93
4,18,21,2,255,255,32768,32755,0,255,255
5,9,21,-1,255,255,32769,32851,0,0,0
4,18,54,2,255,255,32768,32755,0,255,255
5,55,51,-29,255,255,32769,61440,0,0,0
6,54,102,2,255,255,32768,32767,0,0,0
7,104,102,-1,255,255,32769,32769,0,0,0
6,54,6,2,255,255,32768,32767,0,0,0
7,9,6,-1,255,255,32769,32769,0,0,0
2,14,26,2,255,255,32768,32767,0,84,74
3,105,104,-1,255,255,32769,61440,0,105,93
4,26,30,2,255,255,32768,32757,0,255,255
2,14,38,2,255,255,32768,32767,0,84,74
3,105,104,-1,255,255,32769,61440,0,105,93
2,14,50,2,255,255,32768,32767,0,84,74
3,105,104,-1,255,255,32769,61440,0,105,93
4,50,54,2,255,255,32768,32767,0,255,255
5,55,51,-29,255,255,32769,61440,0,0,0
6,54,102,2,255,255,32768,32767,0,0,0
7,104,102,-1,255,255,32769,32769,0,0,0
6,54,6,2,255,255,32768,32767,0,0,0
7,9,6,-1,255,255,32769,32769,0,0,0
2,14,62,2,255,255,32768,32767,0,84,74
3,105,104,-1,255,255,32769,61440,0,105,93
2,14,74,2,255,255,32768,32767,0,84,74
3,105,104,-1,255,255,32769,61440,0,105,93
4,74,78,2,255,255,32768,32757,0,255,255
2,84,98,2,255,255,32768,32767,0,84,74
3,105,104,-1,255,255,32769,61440,0,105,93
4,14,21,-1,255,255,32768,32765,0,255,255
5,9,21,-1,255,255,32769,32859,0,0,0
2,12,26,2,255,255,32768,32767,0,84,74
3,105,104,-1,255,255,32769,61440,0,105,93
4,14,21,-1,255,255,32768,32767,0,255,255
5,9,21,-1,255,255,32769,32861,0,0,0
2,60,49,2,255,255,32768,32767,0,84,74
3,105,104,-1,255,255,32769,61440,0,105,93
4,14,21,-1,255,255,32768,32758,0,255,255
5,9,21,-1,255,255,32769,32852,0,0,0
2,36,49,2,255,255,32768,32767,0,84,74
3,105,104,-1,255,255,32769,61440,0,105,93
4,14,21,-1,255,255,32768,32758,0,255,255
5,9,21,-1,255,255,32769,32852,0,0,0
2,72,50,2,255,255,32768,32767,0,84,74
3,105,104,-1,255,255,32769,61440,0,105,93
4,14,21,-1,255,255,32768,32758,0,255,255
5,9,21,-1,255,255,32769,32852,0,0,0
2,72,98,2,255,255,32768,32767,0,84,74
3,105,104,-1,255,255,32769,61440,0,105,93
4,14,21,-1,255,255,32768,32756,0,255,255
5,9,21,-1,255,255,32769,32850,0,0,0
2,24,50,2,255,255,32768,32767,0,84,74
3,105,104,-1,255,255,32769,61440,0,105,93
4,14,21,-1,255,255,32768,32758,0,255,255
5,9,21,-1,255,255,32769,32852,0,0,0
2,99,100,2,255,255,32768,32767,0,84,74
3,105,104,-1,255,255,32769,61440,0,105,93
4,14,21,-1,255,255,32768,32758,0,255,255
5,9,21,-1,255,255,32769,32852,0,0,0
2,75,76,2,255,255,32768,32767,0,84,74
3,105,104,-1,255,255,32769,61440,0,105,93
4,14,21,-1,255,255,32768,32758,0,255,255
5,9,21,-1,255,255,32769,32852,0,0,0
2,51,52,2,255,255,32768,32767,0,84,74
3,55,52,-1,255,255,32769,61440,0,105,93
3,105,104,-1,255,255,32769,32769,0,105,93
4,14,21,-1,255,255,32768,32758,0,255,255
5,9,21,-1,255,255,32769,32852,0,0,0
2,27,28,2,255,255,32768,32767,0,84,74
3,105,104,-1,255,255,32769,61440,0,105,93
4,14,21,-1,255,255,32768,32758,0,255,255
5,9,21,-1,255,255,32769,32852,0,0,0
2,3,4,2,255,255,32768,32767,0,84,74
3,105,104,-1,255,255,32769,61440,0,105,93
4,14,21,-1,255,255,32768,32758,0,255,255
5,9,21,-1,255,255,32769,32852,0,0,0
0,86,85,-1,86,50,32768,32768,0,86,50
1,91,55,-1,255,255,32769,61440,0,93,79
2,96,97,-1,255,255,32768,4096,0,84,74
3,105,104,-1,255,255,32769,61440,0,105,93
4,14,21,-1,255,255,32768,32758,0,255,255
5,9,21,-1,255,255,32769,32852,0,0,0
2,14,21,2,255,255,32768,32758,0,84,74
3,9,21,-1,255,255,32769,61440,0,105,93
2,48,49,2,255,255,32768,32758,0,84,74
3,105,104,-1,255,255,32769,61440,0,105,93
4,14,21,-1,255,255,32768,32747,0,255,255
5,9,21,-1,255,255,32769,32841,0,0,0
2,96,98,2,255,255,32768,32758,0,84,74
3,105,104,-1,255,255,32769,61440,0,105,93
4,14,21,-1,255,255,32768,32757,0,255,255
5,9,21,-1,255,255,32769,32851,0,0,0
2,0,1,2,255,255,32768,32758,0,84,74
3,105,104,-1,255,255,32769,61440,0,105,93
4,14,21,-1,255,255,32768,32758,0,255,255
5,9,21,-1,255,255,32769,32852,0,0,0
2,0,2,2,255,255,32768,32758,0,84,74
3,105,104,-1,255,255,32769,61440,0,105,93
4,14,21,-1,255,255,32768,32757,0,255,255
5,9,21,-1,255,255,32769,32851,0,0,0
2,85,87,2,255,255,32768,32758,0,84,74
3,105,104,-1,255,255,32769,61440,0,105,93
4,14,21,-1,255,255,32768,32748,0,255,255
5,9,21,-1,255,255,32769,32842,0,0,0
2,85,88,2,255,255,32768,32758,0,84,74
3,105,104,-1,255,255,32769,61440,0,105,93
4,14,21,-1,255,255,32768,32748,0,255,255
5,9,21,-1,255,255,32769,32842,0,0,0
2,85,89,2,255,255,32768,32758,0,84,74
3,105,104,-1,255,255,32769,61440,0,105,93
4,14,21,-1,255,255,32768,32747,0,255,255
5,9,21,-1,255,255,32769,32841,0,0,0
2,85,90,2,255,255,32768,32758,0,84,74
3,105,104,-1,255,255,32769,61440,0,105,93
4,14,21,-1,255,255,32768,32747,0,255,255
5,9,21,-1,255,255,32769,32841,0,0,0
4,90,54,2,255,255,32768,32747,0,255,255
5,19,12,-29,255,255,32769,61440,0,0,0
5,55,51,-29,255,255,32769,61440,0,0,0
6,14,21,2,255,255,32768,32759,0,0,0
7,9,21,-1,255,255,32769,32853,0,0,0
6,54,102,2,255,255,32768,32759,0,0,0
6,54,6,2,255,255,32768,32761,0,0,0
2,85,91,2,255,255,32768,32761,0,84,74
3,19,91,-1,255,255,32769,61440,0,105,93
2,85,92,2,255,255,32768,32761,0,84,74
3,105,104,-1,255,255,32769,61440,0,105,93
4,14,21,-1,255,255,32768,32747,0,255,255
5,9,21,-1,255,255,32769,32841,0,0,0
2,85,73,2,255,255,32768,32761,0,84,74
3,105,104,-1,255,255,32769,61440,0,105,93
4,14,21,-1,255,255,32768,32749,0,255,255
5,9,21,-1,255,255,32769,32843,0,0,0
4,73,78,2,255,255,32768,32749,0,255,255
2,85,61,2,255,255,32768,32761,0,84,74
3,105,104,-1,255,255,32769,61440,0,105,93
4,14,21,-1,255,255,32768,32749,0,255,255
5,9,21,-1,255,255,32769,32843,0,0,0
2,85,49,2,255,255,32768,32761,0,84,74
3,105,104,-1,255,255,32769,61440,0,105,93
4,14,21,-1,255,255,32768,32748,0,255,255
5,9,21,-1,255,255,32769,32842,0,0,0
4,49,54,2,255,255,32768,32748,0,255,255
5,19,12,-29,255,255,32769,61440,0,0,0
5,55,51,-29,255,255,32769,61440,0,0,0
6,14,21,2,255,255,32768,32759,0,0,0
7,9,21,-1,255,255,32769,32853,0,0,0
6,54,102,2,255,255,32768,32759,0,0,0
6,54,6,2,255,255,32768,32761,0,0,0
2,85,37,2,255,255,32768,32761,0,84,74
3,105,104,-1,255,255,32769,61440,0,105,93
4,14,21,-1,255,255,32768,32749,0,255,255
5,9,21,-1,255,255,32769,32843,0,0,0
2,85,25,2,255,255,32768,32761,0,84,74
3,105,104,-1,255,255,32769,61440,0,105,93
4,14,21,-1,255,255,32768,32749,0,255,255
5,9,21,-1,255,255,32769,32843,0,0,0
4,25,30,2,255,255,32768,32749,0,255,255
2,85,13,2,255,255,32768,32761,0,84,74
3,19,13,-1,255,255,32769,61440,0,105,93
2,85,1,2,255,255,32768,32761,0,84,74
3,105,104,-1,255,255,32769,61440,0,105,93
4,14,21,-1,255,255,32768,32748,0,255,255
5,9,21,-1,255,255,32769,32842,0,0,0
4,1,6,2,255,255,32768,32748,0,255,255
2,85,97,2,255,255,32768,32761,0,84,74
3,105,104,-1,255,255,32769,61440,0,105,93
4,14,21,-1,255,255,32768,32748,0,255,255
5,9,21,-1,255,255,32769,32842,0,0,0
4,97,102,2,255,255,32768,32748,0,255,255
2,14,13,2,255,255,32768,32761,0,84,74
3,105,104,-1,255,255,32769,61440,0,105,93
4,13,21,2,255,255,32768,32749,0,255,255
5,9,21,-1,255,255,32769,32843,0,0,0
2,14,15,2,255,255,32768,32761,0,84,74
3,105,104,-1,255,255,32769,61440,0,105,93
4,15,21,2,255,255,32768,32748,0,255,255
5,9,21,-1,255,255,32769,32843,0,0,0
2,14,16,2,255,255,32768,32761,0,84,74
3,105,104,-1,255,255,32769,61440,0,105,93
4,16,21,2,255,255,32768,32748,0,255,255
5,9,21,-1,255,255,32769,32843,0,0,0
2,14,17,2,255,255,32768,32761,0,84,74
3,105,104,-1,255,255,32769,61440,0,105,93
4,17,21,2,255,255,32768,32747,0,255,255
5,9,21,-1,255,255,32769,32843,0,0,0
2,14,18,2,255,255,32768,32761,0,84,74
3,105,104,-1,255,255,32769,61440,0,105,93
4,18,21,2,255,255,32768,32747,0,255,255
5,9,21,-1,255,255,32769,32843,0,0,0
4,18,54,2,255,255,32768,32747,0,255,255
5,55,51,-29,255,255,32769,61440,0,0,0
6,54,102,2,255,255,32768,32759,0,0,0
6,54,6,2,255,255,32768,32761,0,0,0
2,14,2,2,255,255,32768,32761,0,84,74
3,105,104,-1,255,255,32769,61440,0,105,93
4,2,6,2,255,255,32768,32749,0,255,255
2,14,26,2,255,255,32768,32761,0,84,74
3,105,104,-1,255,255,32769,61440,0,105,93
4,26,30,2,255,255,32768,32749,0,255,255
2,14,38,2,255,255,32768,32761,0,84,74
3,105,104,-1,255,255,32769,61440,0,105,93
2,14,50,2,255,255,32768,32761,0,84,74
3,105,104,-1,255,255,32769,61440,0,105,93
4,50,54,2,255,255,32768,32759,0,255,255
5,55,51,-29,255,255,32769,61440,0,0,0
6,54,102,2,255,255,32768,32759,0,0,0
6,54,6,2,255,255,32768,32761,0,0,0
2,14,62,2,255,255,32768,32761,0,84,74
3,105,104,-1,255,255,32769,61440,0,105,93
2,14,74,2,255,255,32768,32761,0,84,74
3,105,104,-1,255,255,32769,61440,0,105,93
4,74,78,2,255,255,32768,32749,0,255,255
2,14,86,2,255,255,32768,32761,0,84,74
3,105,104,-1,255,255,32769,61440,0,105,93
4,85,93,2,255,255,32768,32749,0,255,255
5,55,51,2,255,255,32769,32843,0,0,0
3,55,51,2,255,255,32769,32843,0,105,93
4,85,93,0,255,255,32768,32761,0,255,255
5,105,93,-1,255,255,32769,32855,0,0,0
2,14,98,2,255,255,32768,32761,0,84,74
3,105,104,-1,255,255,32769,61440,0,105,93
4,98,102,2,255,255,32768,32749,0,255,255
2,12,2,2,255,255,32768,32761,0,84,74
3,105,104,-1,255,255,32769,61440,0,105,93
4,14,21,-1,255,255,32768,32757,0,255,255
5,9,21,-1,255,255,32769,32851,0,0,0
2,12,26,2,255,255,32768,32761,0,84,74
3,105,104,-1,255,255,32769,61440,0,105,93
4,14,21,-1,255,255,32768,32759,0,255,255
5,9,21,-1,255,255,32769,32853,0,0,0
2,60,49,2,255,255,32768,32761,0,84,74
3,105,104,-1,255,255,32769,61440,0,105,93
4,14,21,-1,255,255,32768,32750,0,255,255
5,9,21,-1,255,255,32769,32844,0,0,0
2,36,49,2,255,255,32768,32761,0,84,74
3,105,104,-1,255,255,32769,61440,0,105,93
4,14,21,-1,255,255,32768,32750,0,255,255
5,9,21,-1,255,255,32769,32844,0,0,0
2,72,50,2,255,255,32768,32761,0,84,74
3,105,104,-1,255,255,32769,61440,0,105,93
4,14,21,-1,255,255,32768,32750,0,255,255
5,9,21,-1,255,255,32769,32844,0,0,0
2,24,2,2,255,255,32768,32761,0,84,74
3,105,104,-1,255,255,32769,61440,0,105,93
4,14,21,-1,255,255,32768,32748,0,255,255
5,9,21,-1,255,255,32769,32842,0,0,0
2,24,50,2,255,255,32768,32761,0,84,74
3,105,104,-1,255,255,32769,61440,0,105,93
4,14,21,-1,255,255,32768,32750,0,255,255
5,9,21,-1,255,255,32769,32844,0,0,0
2,99,100,2,255,255,32768,32761,0,84,74
3,105,104,-1,255,255,32769,61440,0,105,93
4,14,21,-1,255,255,32768,32750,0,255,255
5,9,21,-1,255,255,32769,32844,0,0,0
2,75,76,2,255,255,32768,32761,0,84,74
3,105,104,-1,255,255,32769,61440,0,105,93
4,14,21,-1,255,255,32768,32750,0,255,255
5,9,21,-1,255,255,32769,32844,0,0,0
2,51,52,2,255,255,32768,32761,0,84,74
3,55,52,-1,255,255,32769,61440,0,105,93
4,14,21,-1,255,255,32768,32761,0,255,255
5,9,21,-1,255,255,32769,32855,0,0,0
2,27,28,2,255,255,32768,32761,0,84,74
3,105,104,-1,255,255,32769,61440,0,105,93
4,14,21,-1,255,255,32768,32750,0,255,255
5,9,21,-1,255,255,32769,32844,0,0,0
2,3,4,2,255,255,32768,32761,0,84,74
3,105,104,-1,255,255,32769,61440,0,105,93
4,14,21,-1,255,255,32768,32750,0,255,255
5,9,21,-1,255,255,32769,32844,0,0,0
0,86,87,-1,86,50,32768,32768,0,86,50
1,91,55,-1,255,255,32769,61440,0,93,79
2,96,97,-1,255,255,32768,4096,0,84,74
3,105,104,-1,255,255,32769,61440,0,105,93
4,14,21,-1,255,255,32768,32757,0,255,255
5,9,21,-1,255,255,32769,32851,0,0,0
2,84,74,0,255,255,32768,32757,0,84,74
3,105,104,-1,255,255,32769,61440,0,105,93
4,14,21,-1,255,255,32768,32758,0,255,255
5,9,21,-1,255,255,32769,32852,0,0,0
2,14,21,2,255,255,32768,32758,0,84,74
3,9,21,-1,255,255,32769,61440,0,105,93
2,48,49,2,255,255,32768,32758,0,84,74
3,105,104,-1,255,255,32769,61440,0,105,93
4,14,21,-1,255,255,32768,32746,0,255,255
5,9,21,-1,255,255,32769,32840,0,0,0
2,96,98,2,255,255,32768,32758,0,84,74
3,105,104,-1,255,255,32769,61440,0,105,93
4,14,21,-1,255,255,32768,32756,0,255,255
5,9,21,-1,255,255,32769,32850,0,0,0
2,0,1,2,255,255,32768,32758,0,84,74
3,105,104,-1,255,255,32769,61440,0,105,93
4,14,21,-1,255,255,32768,32757,0,255,255
5,9,21,-1,255,255,32769,32851,0,0,0
2,0,2,2,255,255,32768,32758,0,84,74
3,105,104,-1,255,255,32769,61440,0,105,93
4,14,21,-1,255,255,32768,32756,0,255,255
5,9,21,-1,255,255,32769,32850,0,0,0
2,87,85,2,255,255,32768,32758,0,84,74
3,105,104,-1,255,255,32769,61440,0,105,93
4,14,21,-1,255,255,32768,32749,0,255,255
5,9,21,-1,255,255,32769,32843,0,0,0
2,87,88,2,255,255,32768,32758,0,84,74
3,105,104,-1,255,255,32769,61440,0,105,93
4,14,21,-1,255,255,32768,32748,0,255,255
5,9,21,-1,255,255,32769,32842,0,0,0
2,87,89,2,255,255,32768,32758,0,84,74
3,105,104,-1,255,255,32769,61440,0,105,93
4,14,21,-1,255,255,32768,32747,0,255,255
5,9,21,-1,255,255,32769,32841,0,0,0
2,87,90,2,255,255,32768,32758,0,84,74
3,105,104,-1,255,255,32769,61440,0,105,93
4,14,21,-1,255,255,32768,32747,0,255,255
5,9,21,-1,255,255,32769,32841,0,0,0
4,90,54,2,255,255,32768,32747,0,255,255
5,19,12,-29,255,255,32769,61440,0,0,0
5,55,51,-29,255,255,32769,61440,0,0,0
6,14,21,2,255,255,32768,32759,0,0,0
7,9,21,-1,255,255,32769,32853,0,0,0
6,54,102,2,255,255,32768,32759,0,0,0
6,54,6,2,255,255,32768,32761,0,0,0
2,87,91,2,255,255,32768,32761,0,84,74
3,19,91,-1,255,255,32769,61440,0,105,93
2,87,92,2,255,255,32768,32761,0,84,74
3,105,104,-1,255,255,32769,61440,0,105,93
4,14,21,-1,255,255,32768,32747,0,255,255
5,9,21,-1,255,255,32769,32841,0,0,0
2,14,13,2,255,255,32768,32761,0,84,74
3,105,104,-1,255,255,32769,61440,0,105,93
4,13,21,2,255,255,32768,32748,0,255,255
5,9,21,-1,255,255,32769,32842,0,0,0
2,14,15,2,255,255,32768,32761,0,84,74
3,105,104,-1,255,255,32769,61440,0,105,93
4,15,21,2,255,255,32768,32747,0,255,255
5,9,21,-1,255,255,32769,32842,0,0,0
2,14,16,2,255,255,32768,32761,0,84,74
3,105,104,-1,255,255,32769,61440,0,105,93
4,16,21,2,255,255,32768,32747,0,255,255
5,9,21,-1,255,255,32769,32842,0,0,0
2,14,17,2,255,255,32768,32761,0,84,74
3,105,104,-1,255,255,32769,61440,0,105,93
4,17,21,2,255,255,32768,32746,0,255,255
5,9,21,-1,255,255,32769,32842,0,0,0
2,14,18,2,255,255,32768,32761,0,84,74
3,105,104,-1,255,255,32769,61440,0,105,93
4,18,21,2,255,255,32768,32746,0,255,255
5,9,21,-1,255,255,32769,32842,0,0,0
4,18,54,2,255,255,32768,32746,0,255,255
5,55,51,-29,255,255,32769,61440,0,0,0
6,87,51,-1,255,255,32768,32758,0,0,0
7,57,56,-29,255,255,32769,61440,0,0,0
7,104,103,-29,255,255,32769,61440,0,0,0
7,104,105,-29,255,255,32769,61440,0,0,0
7,104,92,-29,255,255,32769,61440,0,0,0
7,104,80,-29,255,255,32769,61440,0,0,0
7,104,68,-29,255,255,32769,61440,0,0,0
7,104,56,-29,255,255,32769,61440,0,0,0
7,104,44,-29,255,255,32769,32873,0,0,0
7,104,32,-29,255,255,32769,32873,0,0,0
7,104,20,-29,255,255,32769,32873,0,0,0
7,104,8,-29,255,255,32769,32873,0,0,0
7,9,8,-29,255,255,32769,32873,0,0,0
7,9,7,-29,255,255,32769,32873,0,0,0
7,19,18,-29,255,255,32769,32873,0,0,0
7,19,17,-29,255,255,32769,32873,0,0,0
7,19,16,-29,255,255,32769,32873,0,0,0
7,19,15,-29,255,255,32769,32873,0,0,0
7,19,14,-29,255,255,32769,32873,0,0,0
7,19,13,-29,255,255,32769,32873,0,0,0
7,19,20,-29,255,255,32769,32873,0,0,0
7,19,7,-29,255,255,32769,32873,0,0,0
7,19,31,-29,255,255,32769,32873,0,0,0
7,19,43,-29,255,255,32769,32873,0,0,0
7,19,55,-29,255,255,32769,32873,0,0,0
7,19,67,-29,255,255,32769,32861,0,0,0
7,19,79,-29,255,255,32769,32861,0,0,0
7,19,91,-29,255,255,32769,32861,0,0,0
7,19,103,-29,255,255,32769,32861,0,0,0
7,93,79,-29,255,255,32769,32861,0,0,0
7,93,103,-29,255,255,32769,32861,0,0,0
7,21,7,-29,255,255,32769,32861,0,0,0
7,21,31,-29,255,255,32769,32861,0,0,0
7,69,56,-29,255,255,32769,32861,0,0,0
7,45,56,-29,255,255,32769,32861,0,0,0
7,81,55,-29,255,255,32769,32861,0,0,0
7,81,103,-29,255,255,32769,32861,0,0,0
7,33,7,-29,255,255,32769,32861,0,0,0
7,33,55,-29,255,255,32769,32861,0,0,0
7,102,101,-29,255,255,32769,32861,0,0,0
7,78,77,-29,255,255,32769,32861,0,0,0
7,30,29,-29,255,255,32769,32861,0,0,0
7,6,5,-29,255,255,32769,32861,0,0,0
5,57,56,-29,255,255,32769,32861,0,0,0
5,104,103,-29,255,255,32769,32861,0,0,0
5,104,105,-29,255,255,32769,32861,0,0,0
5,104,92,-29,255,255,32769,32861,0,0,0
5,104,80,-29,255,255,32769,32861,0,0,0
5,104,68,-29,255,255,32769,32861,0,0,0
5,104,56,-29,255,255,32769,32861,0,0,0
6,54,56,-1,255,255,32768,32757,0,0,0
7,57,56,-1,255,255,32769,32980,0,0,0
7,69,56,-1,255,255,32769,32876,0,0,0
7,45,56,-1,255,255,32769,32873,0,0,0
7,55,48,-1,255,255,32769,32873,0,0,0
6,54,56,2,255,255,32768,32757,0,0,0
7,57,56,-1,255,255,32769,32980,0,0,0
7,69,56,-1,255,255,32769,32876,0,0,0
7,45,56,-1,255,255,32769,32873,0,0,0
7,55,48,-1,255,255,32769,32873,0,0,0
6,54,102,2,255,255,32768,32757,0,0,0
6,54,6,2,255,255,32768,32759,0,0,0
2,14,2,2,255,255,32768,32761,0,84,74
3,105,104,-1,255,255,32769,61440,0,105,93
4,2,6,2,255,255,32768,32748,0,255,255
2,14,26,2,255,255,32768,32761,0,84,74
3,105,104,-1,255,255,32769,61440,0,105,93
4,26,30,2,255,255,32768,32748,0,255,255
2,14,38,2,255,255,32768,32761,0,84,74
3,105,104,-1,255,255,32769,61440,0,105,93
2,14,50,2,255,255,32768,32761,0,84,74
3,105,104,-1,255,255,32769,61440,0,105,93
4,50,54,2,255,255,32768,32758,0,255,255
5,55,51,-29,255,255,32769,61440,0,0,0
6,87,51,-1,255,255,32768,32758,0,0,0
7,57,56,-29,255,255,32769,61440,0,0,0
7,104,103,-29,255,255,32769,61440,0,0,0
7,104,105,-29,255,255,32769,61440,0,0,0
7,104,92,-29,255,255,32769,61440,0,0,0
7,104,80,-29,255,255,32769,61440,0,0,0
7,104,68,-29,255,255,32769,61440,0,0,0
7,104,56,-29,255,255,32769,61440,0,0,0
7,104,44,-29,255,255,32769,32873,0,0,0
7,104,32,-29,255,255,32769,32873,0,0,0
7,104,20,-29,255,255,32769,32873,0,0,0
7,104,8,-29,255,255,32769,32873,0,0,0
7,9,8,-29,255,255,32769,32873,0,0,0
7,9,7,-29,255,255,32769,32873,0,0,0
7,19,18,-29,255,255,32769,32873,0,0,0
7,19,17,-29,255,255,32769,32873,0,0,0
7,19,16,-29,255,255,32769,32873,0,0,0
7,19,15,-29,255,255,32769,32873,0,0,0
7,19,14,-29,255,255,32769,32873,0,0,0
7,19,13,-29,255,255,32769,32873,0,0,0
7,19,20,-29,255,255,32769,32873,0,0,0
7,19,7,-29,255,255,32769,32873,0,0,0
7,19,31,-29,255,255,32769,32873,0,0,0
7,19,43,-29,255,255,32769,32873,0,0,0
7,19,55,-29,255,255,32769,32873,0,0,0
7,19,67,-29,255,255,32769,32861,0,0,0
7,19,79,-29,255,255,32769,32861,0,0,0
7,19,91,-29,255,255,32769,32861,0,0,0
7,19,103,-29,255,255,32769,32861,0,0,0
7,93,79,-29,255,255,32769,32861,0,0,0
7,93,103,-29,255,255,32769,32861,0,0,0
7,21,7,-29,255,255,32769,32861,0,0,0
7,21,31,-29,255,255,32769,32861,0,0,0
7,69,56,-29,255,255,32769,32861,0,0,0
7,45,56,-29,255,255,32769,32861,0,0,0
7,81,55,-29,255,255,32769,32861,0,0,0
7,81,103,-29,255,255,32769,32861,0,0,0
7,33,7,-29,255,255,32769,32861,0,0,0
7,33,55,-29,255,255,32769,32861,0,0,0
7,102,101,-29,255,255,32769,32861,0,0,0
7,78,77,-29,255,255,32769,32861,0,0,0
7,30,29,-29,255,255,32769,32861,0,0,0
7,6,5,-29,255,255,32769,32861,0,0,0
5,57,56,-29,255,255,32769,32861,0,0,0
5,104,103,-29,255,255,32769,32861,0,0,0
5,104,105,-29,255,255,32769,32861,0,0,0
5,104,92,-29,255,255,32769,32861,0,0,0
5,104,80,-29,255,255,32769,32861,0,0,0
5,104,68,-29,255,255,32769,32861,0,0,0
5,104,56,-29,255,255,32769,32861,0,0,0
6,54,56,-1,255,255,32768,32757,0,0,0
7,57,56,-1,255,255,32769,32980,0,0,0
7,69,56,-1,255,255,32769,32876,0,0,0
7,45,56,-1,255,255,32769,32873,0,0,0
7,55,48,-1,255,255,32769,32873,0,0,0
6,54,56,2,255,255,32768,32757,0,0,0
7,57,56,-1,255,255,32769,32980,0,0,0
7,69,56,-1,255,255,32769,32876,0,0,0
7,45,56,-1,255,255,32769,32873,0,0,0
7,55,48,-1,255,255,32769,32873,0,0,0
6,54,102,2,255,255,32768,32757,0,0,0
6,54,6,2,255,255,32768,32759,0,0,0
2,14,62,2,255,255,32768,32761,0,84,74
3,105,104,-1,255,255,32769,61440,0,105,93
2,14,74,2,255,255,32768,32761,0,84,74
3,105,104,-1,255,255,32769,61440,0,105,93
4,74,78,2,255,255,32768,32748,0,255,255
2,14,86,2,255,255,32768,32761,0,84,74
3,105,104,-1,255,255,32769,61440,0,105,93
4,86,93,2,255,255,32768,32748,0,255,255
5,55,51,2,255,255,32769,32842,0,0,0
3,55,51,0,255,255,32769,32842,0,105,93
4,87,51,-1,255,255,32768,32760,0,255,255
5,57,56,-29,255,255,32769,61440,0,0,0
5,105,104,-29,255,255,32769,61440,0,0,0
5,105,103,-29,255,255,32769,61440,0,0,0
5,9,8,-29,255,255,32769,61440,0,0,0
5,9,7,-29,255,255,32769,61440,0,0,0
5,19,18,-29,255,255,32769,61440,0,0,0
5,19,17,-29,255,255,32769,61440,0,0,0
5,19,16,-29,255,255,32769,61440,0,0,0
5,19,15,-29,255,255,32769,61440,0,0,0
5,19,14,-29,255,255,32769,61440,0,0,0
5,19,13,-29,255,255,32769,61440,0,0,0
5,19,20,-29,255,255,32769,61440,0,0,0
5,19,7,-29,255,255,32769,61440,0,0,0
5,19,31,-29,255,255,32769,61440,0,0,0
5,19,43,-29,255,255,32769,61440,0,0,0
5,19,55,-29,255,255,32769,61440,0,0,0
5,19,67,-29,255,255,32769,32863,0,0,0
5,19,79,-29,255,255,32769,32863,0,0,0
5,19,91,-29,255,255,32769,32863,0,0,0
5,19,103,-29,255,255,32769,32863,0,0,0
5,93,79,-29,255,255,32769,32863,0,0,0
5,93,103,-29,255,255,32769,32863,0,0,0
5,21,7,-29,255,255,32769,32863,0,0,0
5,21,31,-29,255,255,32769,32863,0,0,0
5,69,56,-29,255,255,32769,32863,0,0,0
5,45,56,-29,255,255,32769,32863,0,0,0
5,81,55,-29,255,255,32769,32863,0,0,0
5,81,103,-29,255,255,32769,32863,0,0,0
5,33,7,-29,255,255,32769,32863,0,0,0
5,33,55,-29,255,255,32769,32863,0,0,0
5,102,101,-29,255,255,32769,32863,0,0,0
5,78,77,-29,255,255,32769,32863,0,0,0
5,54,53,-29,255,255,32769,32863,0,0,0
5,30,29,-29,255,255,32769,32863,0,0,0
5,6,5,-29,255,255,32769,32863,0,0,0
3,57,56,2,255,255,32769,32842,0,105,93
4,86,93,0,255,255,32768,32759,0,255,255
5,105,93,-1,255,255,32769,32853,0,0,0
2,14,98,2,255,255,32768,32761,0,84,74
3,105,104,-1,255,255,32769,61440,0,105,93
4,98,102,2,255,255,32768,32748,0,255,255
2,84,98,2,255,255,32768,32761,0,84,74
3,105,104,-1,255,255,32769,61440,0,105,93
4,14,21,-1,255,255,32768,32756,0,255,255
5,9,21,-1,255,255,32769,32850,0,0,0
2,12,2,2,255,255,32768,32761,0,84,74
3,105,104,-1,255,255,32769,61440,0,105,93
4,14,21,-1,255,255,32768,32756,0,255,255
5,9,21,-1,255,255,32769,32850,0,0,0
2,12,26,2,255,255,32768,32761,0,84,74
3,105,104,-1,255,255,32769,61440,0,105,93
4,14,21,-1,255,255,32768,32758,0,255,255
5,9,21,-1,255,255,32769,32852,0,0,0
2,60,49,2,255,255,32768,32761,0,84,74
3,105,104,-1,255,255,32769,61440,0,105,93
4,14,21,-1,255,255,32768,32749,0,255,255
5,9,21,-1,255,255,32769,32843,0,0,0
2,36,49,2,255,255,32768,32761,0,84,74
3,105,104,-1,255,255,32769,61440,0,105,93
4,14,21,-1,255,255,32768,32749,0,255,255
5,9,21,-1,255,255,32769,32843,0,0,0
2,72,50,2,255,255,32768,32761,0,84,74
3,105,104,-1,255,255,32769,61440,0,105,93
4,14,21,-1,255,255,32768,32749,0,255,255
5,9,21,-1,255,255,32769,32843,0,0,0
2,72,98,2,255,255,32768,32761,0,84,74
3,105,104,-1,255,255,32769,61440,0,105,93
4,14,21,-1,255,255,32768,32747,0,255,255
5,9,21,-1,255,255,32769,32841,0,0,0
2,24,2,2,255,255,32768,32761,0,84,74
3,105,104,-1,255,255,32769,61440,0,105,93
4,14,21,-1,255,255,32768,32747,0,255,255
5,9,21,-1,255,255,32769,32841,0,0,0
2,24,50,2,255,255,32768,32761,0,84,74
3,105,104,-1,255,255,32769,61440,0,105,93
4,14,21,-1,255,255,32768,32749,0,255,255
5,9,21,-1,255,255,32769,32843,0,0,0
2,99,100,2,255,255,32768,32761,0,84,74
3,105,104,-1,255,255,32769,61440,0,105,93
4,14,21,-1,255,255,32768,32749,0,255,255
5,9,21,-1,255,255,32769,32843,0,0,0
2,75,76,2,255,255,32768,32761,0,84,74
3,105,104,-1,255,255,32769,61440,0,105,93
4,14,21,-1,255,255,32768,32749,0,255,255
5,9,21,-1,255,255,32769,32843,0,0,0
2,51,52,2,255,255,32768,32761,0,84,74
3,55,52,-1,255,255,32769,61440,0,105,93
4,14,21,-1,255,255,32768,32760,0,255,255
5,9,21,-1,255,255,32769,32854,0,0,0
2,27,28,2,255,255,32768,32761,0,84,74
3,105,104,-1,255,255,32769,61440,0,105,93
4,14,21,-1,255,255,32768,32749,0,255,255
5,9,21,-1,255,255,32769,32843,0,0,0
2,3,4,2,255,255,32768,32761,0,84,74
3,105,104,-1,255,255,32769,61440,0,105,93
4,14,21,-1,255,255,32768,32749,0,255,255
5,9,21,-1,255,255,32769,32843,0,0,0
0,86,88,-1,86,50,32768,32768,0,86,50
1,91,55,-1,255,255,32769,61440,0,93,79
2,96,97,-1,255,255,32768,4096,0,84,74
3,105,104,-1,255,255,32769,61440,0,105,93
4,14,21,-1,255,255,32768,32757,0,255,255
5,9,21,-1,255,255,32769,32851,0,0,0
2,84,74,0,255,255,32768,32757,0,84,74
3,105,104,-1,255,255,32769,61440,0,105,93
4,14,21,-1,255,255,32768,32758,0,255,255
5,9,21,-1,255,255,32769,32852,0,0,0
2,14,21,2,255,255,32768,32758,0,84,74
3,9,21,-1,255,255,32769,61440,0,105,93
2,48,49,2,255,255,32768,32758,0,84,74
3,105,104,-1,255,255,32769,61440,0,105,93
4,14,21,-1,255,255,32768,32746,0,255,255
5,9,21,-1,255,255,32769,32840,0,0,0
2,96,98,2,255,255,32768,32758,0,84,74
3,105,104,-1,255,255,32769,61440,0,105,93
4,14,21,-1,255,255,32768,32756,0,255,255
5,9,21,-1,255,255,32769,32850,0,0,0
2,0,1,2,255,255,32768,32758,0,84,74
3,105,104,-1,255,255,32769,61440,0,105,93
4,14,21,-1,255,255,32768,32757,0,255,255
5,9,21,-1,255,255,32769,32851,0,0,0
2,0,2,2,255,255,32768,32758,0,84,74
3,105,104,-1,255,255,32769,61440,0,105,93
4,14,21,-1,255,255,32768,32756,0,255,255
5,9,21,-1,255,255,32769,32850,0,0,0
2,88,87,2,255,255,32768,32758,0,84,74
3,105,104,-1,255,255,32769,61440,0,105,93
4,14,21,-1,255,255,32768,32748,0,255,255
5,9,21,-1,255,255,32769,32842,0,0,0
2,88,85,2,255,255,32768,32758,0,84,74
3,105,104,-1,255,255,32769,61440,0,105,93
4,14,21,-1,255,255,32768,32749,0,255,255
5,9,21,-1,255,255,32769,32843,0,0,0
2,88,89,2,255,255,32768,32758,0,84,74
3,105,104,-1,255,255,32769,61440,0,105,93
4,14,21,-1,255,255,32768,32747,0,255,255
5,9,21,-1,255,255,32769,32841,0,0,0
2,88,90,2,255,255,32768,32758,0,84,74
3,105,104,-1,255,255,32769,61440,0,105,93
4,14,21,-1,255,255,32768,32747,0,255,255
5,9,21,-1,255,255,32769,32841,0,0,0
4,90,54,2,255,255,32768,32747,0,255,255
5,19,12,-29,255,255,32769,61440,0,0,0
5,55,51,-29,255,255,32769,61440,0,0,0
6,14,21,2,255,255,32768,32759,0,0,0
7,9,21,-1,255,255,32769,32853,0,0,0
6,54,102,2,255,255,32768,32759,0,0,0
6,54,6,2,255,255,32768,32761,0,0,0
2,88,91,2,255,255,32768,32761,0,84,74
3,19,91,-1,255,255,32769,61440,0,105,93
2,88,92,2,255,255,32768,32761,0,84,74
3,105,104,-1,255,255,32769,61440,0,105,93
4,14,21,-1,255,255,32768,32747,0,255,255
5,9,21,-1,255,255,32769,32841,0,0,0
2,88,76,2,255,255,32768,32761,0,84,74
3,105,104,-1,255,255,32769,61440,0,105,93
4,14,21,-1,255,255,32768,32748,0,255,255
5,9,21,-1,255,255,32769,32842,0,0,0
4,76,81,2,255,255,32768,32748,0,255,255
5,19,12,-29,255,255,32769,61440,0,0,0
5,55,51,-29,255,255,32769,61440,0,0,0
5,57,56,-29,255,255,32769,61440,0,0,0
5,104,103,-29,255,255,32769,32787,0,0,0
5,104,105,-29,255,255,32769,32787,0,0,0
5,104,92,-29,255,255,32769,32787,0,0,0
5,104,80,-29,255,255,32769,32787,0,0,0
5,104,68,-29,255,255,32769,32787,0,0,0
5,104,56,-29,255,255,32769,32787,0,0,0
5,104,44,-29,255,255,32769,32787,0,0,0
5,104,32,-29,255,255,32769,32787,0,0,0
5,104,20,-29,255,255,32769,32787,0,0,0
5,104,8,-29,255,255,32769,32787,0,0,0
5,9,8,-29,255,255,32769,32787,0,0,0
5,9,7,-29,255,255,32769,32787,0,0,0
5,55,56,-29,255,255,32769,32787,0,0,0
5,55,43,-29,255,255,32769,32787,0,0,0
5,55,31,-29,255,255,32769,32787,0,0,0
5,55,67,-29,255,255,32769,32787,0,0,0
5,55,79,-29,255,255,32769,32787,0,0,0
5,55,91,-29,255,255,32769,32787,0,0,0
5,55,103,-29,255,255,32769,32787,0,0,0
5,19,18,-29,255,255,32769,32787,0,0,0
5,19,17,-29,255,255,32769,32787,0,0,0
5,19,16,-29,255,255,32769,32787,0,0,0
5,19,15,-29,255,255,32769,32787,0,0,0
5,19,20,-29,255,255,32769,32787,0,0,0
5,19,7,-29,255,255,32769,32787,0,0,0
5,19,31,-29,255,255,32769,32787,0,0,0
5,19,43,-29,255,255,32769,32787,0,0,0
5,93,79,-29,255,255,32769,32787,0,0,0
5,93,103,-29,255,255,32769,32787,0,0,0
5,21,7,-29,255,255,32769,32787,0,0,0
5,21,31,-29,255,255,32769,32787,0,0,0
5,69,56,-29,255,255,32769,32787,0,0,0
5,45,56,-29,255,255,32769,32784,0,0,0
5,33,7,-29,255,255,32769,32784,0,0,0
5,102,101,-29,255,255,32769,32784,0,0,0
5,78,77,-29,255,255,32769,32784,0,0,0
5,54,53,-29,255,255,32769,32784,0,0,0
5,30,29,-29,255,255,32769,32784,0,0,0
5,6,5,-29,255,255,32769,32784,0,0,0
3,57,56,0,255,255,32769,32784,0,105,93
4,14,21,-1,255,255,32768,32759,0,255,255
5,9,21,-1,255,255,32769,32853,0,0,0
4,76,81,0,255,255,32768,32759,0,255,255
5,19,12,2,255,255,32769,32796,0,0,0
6,0,12,-1,255,255,32768,32702,0,0,0
5,55,51,2,255,255,32769,32796,0,0,0
3,19,12,2,255,255,32769,32784,0,105,93
4,0,12,-1,255,255,32768,32663,0,255,255
5,55,51,2,255,255,32769,32780,0,0,0
3,55,51,2,255,255,32769,32780,0,105,93
4,76,81,-1,255,255,32768,32760,0,255,255
5,19,12,-29,255,255,32769,61440,0,0,0
5,51,99,-29,255,255,32769,61440,0,0,0
5,51,3,-29,255,255,32769,61440,0,0,0
5,57,56,-29,255,255,32769,61440,0,0,0
5,105,104,-29,255,255,32769,32799,0,0,0
5,105,103,-29,255,255,32769,32799,0,0,0
5,9,8,-29,255,255,32769,32799,0,0,0
5,9,7,-29,255,255,32769,32799,0,0,0
5,51,50,-29,255,255,32769,32799,0,0,0
5,51,49,-29,255,255,32769,32799,0,0,0
5,51,52,-29,255,255,32769,32799,0,0,0
5,51,53,-29,255,255,32769,32799,0,0,0
5,51,39,-29,255,255,32769,32799,0,0,0
5,51,63,-29,255,255,32769,32799,0,0,0
5,19,18,-29,255,255,32769,32799,0,0,0
5,19,17,-29,255,255,32769,32799,0,0,0
5,19,16,-29,255,255,32769,32799,0,0,0
5,19,15,-29,255,255,32769,32799,0,0,0
5,19,20,-29,255,255,32769,32799,0,0,0
5,19,7,-29,255,255,32769,32799,0,0,0
5,19,31,-29,255,255,32769,32799,0,0,0
5,19,43,-29,255,255,32769,32799,0,0,0
5,19,55,-29,255,255,32769,32799,0,0,0
5,19,67,-29,255,255,32769,32799,0,0,0
5,19,79,-29,255,255,32769,32799,0,0,0
5,19,91,-29,255,255,32769,32799,0,0,0
5,19,103,-29,255,255,32769,32799,0,0,0
5,93,79,-29,255,255,32769,32799,0,0,0
5,93,103,-29,255,255,32769,32799,0,0,0
5,21,7,-29,255,255,32769,32799,0,0,0
5,21,31,-29,255,255,32769,32799,0,0,0
5,69,56,-29,255,255,32769,32799,0,0,0
5,45,56,-29,255,255,32769,32796,0,0,0
5,33,7,-29,255,255,32769,32796,0,0,0
5,33,55,-29,255,255,32769,32796,0,0,0
5,102,101,-29,255,255,32769,32796,0,0,0
5,78,77,-29,255,255,32769,32796,0,0,0
5,54,53,-29,255,255,32769,32796,0,0,0
5,30,29,-29,255,255,32769,32796,0,0,0
5,6,5,-29,255,255,32769,32796,0,0,0
3,105,103,2,255,255,32769,32780,0,105,93
4,76,81,-1,255,255,32768,32749,0,255,255
5,19,12,-29,255,255,32769,61440,0,0,0
5,55,51,-29,255,255,32769,61440,0,0,0
5,57,56,-29,255,255,32769,61440,0,0,0
5,103,104,-29,255,255,32769,32788,0,0,0
5,103,105,-29,255,255,32769,32788,0,0,0
5,103,91,-29,255,255,32769,32788,0,0,0
5,103,79,-29,255,255,32769,32788,0,0,0
5,103,67,-29,255,255,32769,32788,0,0,0
5,9,8,-29,255,255,32769,32788,0,0,0
5,9,7,-29,255,255,32769,32788,0,0,0
5,55,56,-29,255,255,32769,32788,0,0,0
5,55,43,-29,255,255,32769,32788,0,0,0
5,55,31,-29,255,255,32769,32788,0,0,0
5,55,67,-29,255,255,32769,32788,0,0,0
5,55,79,-29,255,255,32769,32788,0,0,0
5,55,91,-29,255,255,32769,32788,0,0,0
5,19,18,-29,255,255,32769,32788,0,0,0
5,19,17,-29,255,255,32769,32788,0,0,0
5,19,16,-29,255,255,32769,32788,0,0,0
5,19,15,-29,255,255,32769,32788,0,0,0
5,19,20,-29,255,255,32769,32788,0,0,0
5,19,7,-29,255,255,32769,32788,0,0,0
5,19,31,-29,255,255,32769,32788,0,0,0
5,19,43,-29,255,255,32769,32788,0,0,0
5,93,79,-29,255,255,32769,32788,0,0,0
5,21,7,-29,255,255,32769,32788,0,0,0
5,21,31,-29,255,255,32769,32788,0,0,0
5,69,56,-29,255,255,32769,32788,0,0,0
5,45,56,-29,255,255,32769,32785,0,0,0
5,33,7,-29,255,255,32769,32785,0,0,0
5,102,101,-29,255,255,32769,32785,0,0,0
5,78,77,-29,255,255,32769,32785,0,0,0
5,54,53,-29,255,255,32769,32785,0,0,0
5,30,29,-29,255,255,32769,32785,0,0,0
5,6,5,-29,255,255,32769,32785,0,0,0
3,9,8,2,255,255,32769,32780,0,105,93
4,76,81,-1,255,255,32768,32748,0,255,255
5,19,12,-29,255,255,32769,61440,0,0,0
5,55,51,-29,255,255,32769,61440,0,0,0
5,57,56,-29,255,255,32769,61440,0,0,0
5,105,104,-29,255,255,32769,32787,0,0,0
5,105,103,-29,255,255,32769,32787,0,0,0
5,8,7,-29,255,255,32769,32787,0,0,0
5,8,9,-29,255,255,32769,32787,0,0,0
5,8,20,-29,255,255,32769,32787,0,0,0
5,8,32,-29,255,255,32769,32787,0,0,0
5,8,44,-29,255,255,32769,32787,0,0,0
5,8,56,-29,255,255,32769,32787,0,0,0
5,8,68,-29,255,255,32769,32787,0,0,0
5,8,80,-29,255,255,32769,32787,0,0,0
5,8,92,-29,255,255,32769,32787,0,0,0
5,8,104,-29,255,255,32769,32787,0,0,0
5,55,56,-29,255,255,32769,32787,0,0,0
5,55,43,-29,255,255,32769,32787,0,0,0
5,55,31,-29,255,255,32769,32787,0,0,0
5,55,67,-29,255,255,32769,32787,0,0,0
5,55,79,-29,255,255,32769,32787,0,0,0
5,55,91,-29,255,255,32769,32787,0,0,0
5,55,103,-29,255,255,32769,32787,0,0,0
5,19,18,-29,255,255,32769,32787,0,0,0
5,19,17,-29,255,255,32769,32787,0,0,0
5,19,16,-29,255,255,32769,32787,0,0,0
5,19,15,-29,255,255,32769,32787,0,0,0
5,19,20,-29,255,255,32769,32787,0,0,0
5,19,7,-29,255,255,32769,32787,0,0,0
5,19,31,-29,255,255,32769,32787,0,0,0
5,19,43,-29,255,255,32769,32787,0,0,0
5,93,79,-29,255,255,32769,32787,0,0,0
5,93,103,-29,255,255,32769,32787,0,0,0
5,21,7,-29,255,255,32769,32787,0,0,0
5,21,31,-29,255,255,32769,32787,0,0,0
5,69,56,-29,255,255,32769,32787,0,0,0
5,45,56,-29,255,255,32769,32784,0,0,0
5,33,7,-29,255,255,32769,32784,0,0,0
5,102,101,-29,255,255,32769,32784,0,0,0
5,78,77,-29,255,255,32769,32784,0,0,0
5,54,53,-29,255,255,32769,32784,0,0,0
5,30,29,-29,255,255,32769,32784,0,0,0
5,6,5,-29,255,255,32769,32784,0,0,0
3,9,7,2,255,255,32769,32780,0,105,93
4,76,81,-1,255,255,32768,32749,0,255,255
5,19,12,-29,255,255,32769,61440,0,0,0
5,55,51,-29,255,255,32769,61440,0,0,0
5,57,56,-29,255,255,32769,61440,0,0,0
5,105,104,-29,255,255,32769,32788,0,0,0
5,105,103,-29,255,255,32769,32788,0,0,0
5,7,8,-29,255,255,32769,32788,0,0,0
5,7,9,-29,255,255,32769,32788,0,0,0
5,55,56,-29,255,255,32769,32788,0,0,0
5,55,43,-29,255,255,32769,32788,0,0,0
5,55,31,-29,255,255,32769,32788,0,0,0
5,55,67,-29,255,255,32769,32788,0,0,0
5,55,79,-29,255,255,32769,32788,0,0,0
5,55,91,-29,255,255,32769,32788,0,0,0
5,55,103,-29,255,255,32769,32788,0,0,0
5,19,18,-29,255,255,32769,32788,0,0,0
5,19,17,-29,255,255,32769,32788,0,0,0
5,19,16,-29,255,255,32769,32788,0,0,0
5,19,15,-29,255,255,32769,32788,0,0,0
5,19,20,-29,255,255,32769,32788,0,0,0
5,19,31,-29,255,255,32769,32788,0,0,0
5,19,43,-29,255,255,32769,32788,0,0,0
5,93,79,-29,255,255,32769,32788,0,0,0
5,93,103,-29,255,255,32769,32788,0,0,0
5,21,31,-29,255,255,32769,32788,0,0,0
5,69,56,-29,255,255,32769,32788,0,0,0
5,45,56,-29,255,255,32769,32785,0,0,0
5,102,101,-29,255,255,32769,32785,0,0,0
5,78,77,-29,255,255,32769,32785,0,0,0
5,54,53,-29,255,255,32769,32785,0,0,0
5,30,29,-29,255,255,32769,32785,0,0,0
5,6,5,-29,255,255,32769,32785,0,0,0
3,55,56,2,255,255,32769,32780,0,105,93
4,76,81,-1,255,255,32768,32768,0,255,255
5,19,12,-29,255,255,32769,61440,0,0,0
5,56,51,-29,255,255,32769,61440,0,0,0
5,105,104,-29,255,255,32769,61440,0,0,0
5,105,103,-29,255,255,32769,61440,0,0,0
5,9,8,-29,255,255,32769,61440,0,0,0
5,9,7,-29,255,255,32769,61440,0,0,0
5,56,55,-29,255,255,32769,61440,0,0,0
5,56,44,-29,255,255,32769,61440,0,0,0
5,56,32,-29,255,255,32769,61440,0,0,0
5,56,20,-29,255,255,32769,61440,0,0,0
5,56,8,-29,255,255,32769,61440,0,0,0
5,56,68,-29,255,255,32769,61440,0,0,0
5,56,80,-29,255,255,32769,61440,0,0,0
5,56,92,-29,255,255,32769,61440,0,0,0
5,56,104,-29,255,255,32769,61440,0,0,0
5,19,18,-29,255,255,32769,61440,0,0,0
5,19,17,-29,255,255,32769,61440,0,0,0
5,19,16,-29,255,255,32769,61440,0,0,0
5,19,15,-29,255,255,32769,61440,0,0,0
5,19,20,-29,255,255,32769,61440,0,0,0
5,19,7,-29,255,255,32769,61440,0,0,0
5,19,31,-29,255,255,32769,61440,0,0,0
5,19,43,-29,255,255,32769,61440,0,0,0
5,19,55,-29,255,255,32769,61440,0,0,0
5,19,67,-29,255,255,32769,61440,0,0,0
5,19,79,-29,255,255,32769,61440,0,0,0
5,19,91,-29,255,255,32769,61440,0,0,0
5,19,103,-29,255,255,32769,61440,0,0,0
5,93,79,-29,255,255,32769,61440,0,0,0
5,93,103,-29,255,255,32769,61440,0,0,0
5,21,7,-29,255,255,32769,61440,0,0,0
5,21,31,-29,255,255,32769,61440,0,0,0
5,33,7,-29,255,255,32769,61440,0,0,0
5,33,55,-29,255,255,32769,61440,0,0,0
5,102,101,-29,255,255,32769,61440,0,0,0
5,78,77,-29,255,255,32769,61440,0,0,0
5,54,53,-29,255,255,32769,61440,0,0,0
5,30,29,-29,255,255,32769,61440,0,0,0
5,6,5,-29,255,255,32769,61440,0,0,0
3,55,43,2,255,255,32769,32780,0,105,93
4,76,81,-1,255,255,32768,32765,0,255,255
5,19,12,-29,255,255,32769,61440,0,0,0
5,57,56,-29,255,255,32769,61440,0,0,0
5,105,104,-29,255,255,32769,32804,0,0,0
5,105,103,-29,255,255,32769,32804,0,0,0
5,9,8,-29,255,255,32769,32804,0,0,0
5,9,7,-29,255,255,32769,32804,0,0,0
5,43,42,-29,255,255,32769,32804,0,0,0
5,43,41,-29,255,255,32769,32804,0,0,0
5,43,40,-29,255,255,32769,32804,0,0,0
5,43,39,-29,255,255,32769,32804,0,0,0
5,43,38,-29,255,255,32769,32804,0,0,0
5,43,37,-29,255,255,32769,32804,0,0,0
5,43,44,-29,255,255,32769,32804,0,0,0
5,43,31,-29,255,255,32769,32804,0,0,0
5,43,55,-29,255,255,32769,32804,0,0,0
5,43,67,-29,255,255,32769,32804,0,0,0
5,43,79,-29,255,255,32769,32804,0,0,0
5,43,91,-29,255,255,32769,32804,0,0,0
5,43,103,-29,255,255,32769,32804,0,0,0
5,19,18,-29,255,255,32769,32804,0,0,0
5,19,17,-29,255,255,32769,32804,0,0,0
5,19,16,-29,255,255,32769,32804,0,0,0
5,19,15,-29,255,255,32769,32804,0,0,0
5,19,20,-29,255,255,32769,32804,0,0,0
5,19,7,-29,255,255,32769,32804,0,0,0
5,19,31,-29,255,255,32769,32804,0,0,0
5,93,79,-29,255,255,32769,32804,0,0,0
5,93,103,-29,255,255,32769,32804,0,0,0
5,21,7,-29,255,255,32769,32804,0,0,0
5,21,31,-29,255,255,32769,32804,0,0,0
5,69,56,-29,255,255,32769,32804,0,0,0
5,45,56,-29,255,255,32769,32801,0,0,0
5,33,7,-29,255,255,32769,32801,0,0,0
5,33,55,-29,255,255,32769,32801,0,0,0
5,102,101,-29,255,255,32769,32801,0,0,0
5,78,77,-29,255,255,32769,32801,0,0,0
5,54,53,-29,255,255,32769,32801,0,0,0
5,30,29,-29,255,255,32769,32801,0,0,0
5,6,5,-29,255,255,32769,32801,0,0,0
3,55,31,2,255,255,32769,32780,0,105,93
4,76,81,-1,255,255,32768,32767,0,255,255
5,19,12,-29,255,255,32769,61440,0,0,0
5,31,27,-29,255,255,32769,61440,0,0,0
5,57,56,-29,255,255,32769,61440,0,0,0
5,105,104,-29,255,255,32769,32806,0,0,0
5,105,103,-29,255,255,32769,32806,0,0,0
5,9,8,-29,255,255,32769,32806,0,0,0
5,9,7,-29,255,255,32769,32806,0,0,0
5,31,32,-29,255,255,32769,32806,0,0,0
5,31,43,-29,255,255,32769,32806,0,0,0
5,31,55,-29,255,255,32769,32806,0,0,0
5,31,67,-29,255,255,32769,32806,0,0,0
5,31,79,-29,255,255,32769,32806,0,0,0
5,31,91,-29,255,255,32769,32806,0,0,0
5,31,103,-29,255,255,32769,32806,0,0,0
5,19,18,-29,255,255,32769,32806,0,0,0
5,19,17,-29,255,255,32769,32806,0,0,0
5,19,16,-29,255,255,32769,32806,0,0,0
5,19,15,-29,255,255,32769,32806,0,0,0
5,19,20,-29,255,255,32769,32806,0,0,0
5,19,7,-29,255,255,32769,32806,0,0,0
5,93,79,-29,255,255,32769,32806,0,0,0
5,93,103,-29,255,255,32769,32806,0,0,0
5,21,7,-29,255,255,32769,32806,0,0,0
5,69,56,-29,255,255,32769,32806,0,0,0
5,45,56,-29,255,255,32769,32803,0,0,0
5,33,7,-29,255,255,32769,32803,0,0,0
5,33,55,-29,255,255,32769,32803,0,0,0
5,102,101,-29,255,255,32769,32803,0,0,0
5,78,77,-29,255,255,32769,32803,0,0,0
5,54,53,-29,255,255,32769,32803,0,0,0
5,30,29,-29,255,255,32769,32803,0,0,0
5,6,5,-29,255,255,32769,32803,0,0,0
3,55,67,2,255,255,32769,32780,0,105,93
4,76,81,-1,255,255,32768,32765,0,255,255
5,19,12,-29,255,255,32769,61440,0,0,0
5,57,56,-29,255,255,32769,61440,0,0,0
5,105,104,-29,255,255,32769,32804,0,0,0
5,105,103,-29,255,255,32769,32804,0,0,0
5,9,8,-29,255,255,32769,32804,0,0,0
5,9,7,-29,255,255,32769,32804,0,0,0
5,67,66,-29,255,255,32769,32804,0,0,0
5,67,65,-29,255,255,32769,32804,0,0,0
5,67,64,-29,255,255,32769,32804,0,0,0
5,67,63,-29,255,255,32769,32804,0,0,0
5,67,62,-29,255,255,32769,32804,0,0,0
5,67,61,-29,255,255,32769,32804,0,0,0
5,67,68,-29,255,255,32769,32804,0,0,0
5,67,55,-29,255,255,32769,32804,0,0,0
5,67,43,-29,255,255,32769,32804,0,0,0
5,67,31,-29,255,255,32769,32804,0,0,0
5,67,79,-29,255,255,32769,32804,0,0,0
5,67,91,-29,255,255,32769,32804,0,0,0
5,67,103,-29,255,255,32769,32804,0,0,0
5,19,18,-29,255,255,32769,32804,0,0,0
5,19,17,-29,255,255,32769,32804,0,0,0
5,19,16,-29,255,255,32769,32804,0,0,0
5,19,15,-29,255,255,32769,32804,0,0,0
5,19,20,-29,255,255,32769,32804,0,0,0
5,19,7,-29,255,255,32769,32804,0,0,0
5,19,31,-29,255,255,32769,32804,0,0,0
5,19,43,-29,255,255,32769,32804,0,0,0
5,19,55,-29,255,255,32769,32804,0,0,0
5,93,79,-29,255,255,32769,32804,0,0,0
5,93,103,-29,255,255,32769,32804,0,0,0
5,21,7,-29,255,255,32769,32804,0,0,0
5,21,31,-29,255,255,32769,32804,0,0,0
5,69,56,-29,255,255,32769,32804,0,0,0
5,45,56,-29,255,255,32769,32801,0,0,0
5,33,7,-29,255,255,32769,32801,0,0,0
5,33,55,-29,255,255,32769,32801,0,0,0
5,102,101,-29,255,255,32769,32801,0,0,0
5,78,77,-29,255,255,32769,32801,0,0,0
5,54,53,-29,255,255,32769,32801,0,0,0
5,30,29,-29,255,255,32769,32801,0,0,0
5,6,5,-29,255,255,32769,32801,0,0,0
3,55,79,2,255,255,32769,32780,0,105,93
4,76,79,-1,255,255,32768,32767,0,255,255
5,93,79,-1,255,255,32769,32875,0,0,0
4,14,21,0,255,255,32768,32767,0,255,255
5,9,21,-1,255,255,32769,32861,0,0,0
4,76,79,2,255,255,32768,32767,0,255,255
5,93,79,-1,255,255,32769,32875,0,0,0
2,88,64,2,255,255,32768,32767,0,84,74
3,105,104,-1,255,255,32769,61440,0,105,93
4,14,21,0,255,255,32768,32750,0,255,255
5,9,21,-1,255,255,32769,32844,0,0,0
2,88,52,2,255,255,32768,32767,0,84,74
3,55,52,-1,255,255,32769,61440,0,105,93
4,51,52,-32,255,255,32768,4096,0,255,255
5,19,12,2,255,255,32769,32769,0,0,0
6,0,12,-1,255,255,32768,32675,0,0,0
3,105,104,-1,255,255,32769,32769,0,105,93
4,14,21,0,255,255,32768,32751,0,255,255
5,9,21,-1,255,255,32769,32845,0,0,0
4,52,55,2,255,255,32768,32751,0,255,255
5,81,55,-1,255,255,32769,32867,0,0,0
2,88,40,2,255,255,32768,32767,0,84,74
3,105,104,-1,255,255,32769,61440,0,105,93
4,14,21,0,255,255,32768,32750,0,255,255
5,9,21,-1,255,255,32769,32844,0,0,0
2,88,28,2,255,255,32768,32767,0,84,74
3,105,104,-1,255,255,32769,61440,0,105,93
4,14,21,0,255,255,32768,32748,0,255,255
5,9,21,-1,255,255,32769,32842,0,0,0
4,28,33,2,255,255,32768,32748,0,255,255
5,19,12,-29,255,255,32769,61440,0,0,0
5,55,51,-29,255,255,32769,61440,0,0,0
5,57,56,-29,255,255,32769,61440,0,0,0
5,104,103,-29,255,255,32769,32787,0,0,0
5,104,105,-29,255,255,32769,32787,0,0,0
5,104,92,-29,255,255,32769,32787,0,0,0
5,104,80,-29,255,255,32769,32787,0,0,0
5,104,68,-29,255,255,32769,32787,0,0,0
5,104,56,-29,255,255,32769,32787,0,0,0
5,104,44,-29,255,255,32769,32787,0,0,0
5,104,32,-29,255,255,32769,32787,0,0,0
5,104,20,-29,255,255,32769,32787,0,0,0
5,104,8,-29,255,255,32769,32787,0,0,0
5,9,8,-29,255,255,32769,32787,0,0,0
5,9,7,-29,255,255,32769,32787,0,0,0
5,55,56,-29,255,255,32769,32787,0,0,0
5,55,43,-29,255,255,32769,32787,0,0,0
5,55,31,-29,255,255,32769,32787,0,0,0
5,55,67,-29,255,255,32769,32787,0,0,0
5,55,79,-29,255,255,32769,32787,0,0,0
5,55,91,-29,255,255,32769,32787,0,0,0
5,55,103,-29,255,255,32769,32787,0,0,0
5,19,18,-29,255,255,32769,32787,0,0,0
5,19,17,-29,255,255,32769,32787,0,0,0
5,19,16,-29,255,255,32769,32787,0,0,0
5,19,15,-29,255,255,32769,32787,0,0,0
5,19,20,-29,255,255,32769,32787,0,0,0
5,19,7,-29,255,255,32769,32787,0,0,0
5,19,31,-29,255,255,32769,32787,0,0,0
5,19,43,-29,255,255,32769,32787,0,0,0
5,93,79,-29,255,255,32769,32787,0,0,0
5,93,103,-29,255,255,32769,32787,0,0,0
5,21,7,-29,255,255,32769,32787,0,0,0
5,21,31,-29,255,255,32769,32787,0,0,0
5,69,56,-29,255,255,32769,32787,0,0,0
5,45,56,-29,255,255,32769,32787,0,0,0
5,81,103,-29,255,255,32769,32784,0,0,0
5,102,101,-29,255,255,32769,32784,0,0,0
5,78,77,-29,255,255,32769,32784,0,0,0
5,54,53,-29,255,255,32769,32784,0,0,0
5,30,29,-29,255,255,32769,32784,0,0,0
5,6,5,-29,255,255,32769,32784,0,0,0
3,55,79,0,255,255,32769,32784,0,105,93
4,28,33,0,255,255,32768,32767,0,255,255
5,19,12,-29,255,255,32769,61440,0,0,0
5,79,75,-29,255,255,32769,61440,0,0,0
5,57,56,-29,255,255,32769,61440,0,0,0
5,105,104,-29,255,255,32769,32806,0,0,0
5,105,103,-29,255,255,32769,32806,0,0,0
5,9,8,-29,255,255,32769,32806,0,0,0
5,9,7,-29,255,255,32769,32806,0,0,0
5,79,80,-29,255,255,32769,32806,0,0,0
5,79,67,-29,255,255,32769,32806,0,0,0
5,79,55,-29,255,255,32769,32806,0,0,0
5,79,43,-29,255,255,32769,32806,0,0,0
5,79,31,-29,255,255,32769,32806,0,0,0
5,79,91,-29,255,255,32769,32806,0,0,0
5,79,103,-29,255,255,32769,32806,0,0,0
5,19,18,-29,255,255,32769,32806,0,0,0
5,19,17,-29,255,255,32769,32806,0,0,0
5,19,16,-29,255,255,32769,32806,0,0,0
5,19,15,-29,255,255,32769,32806,0,0,0
5,19,20,-29,255,255,32769,32806,0,0,0
5,19,7,-29,255,255,32769,32806,0,0,0
5,19,31,-29,255,255,32769,32806,0,0,0
5,19,43,-29,255,255,32769,32806,0,0,0
5,19,55,-29,255,255,32769,32806,0,0,0
5,19,67,-29,255,255,32769,32806,0,0,0
5,93,103,-29,255,255,32769,32806,0,0,0
5,21,7,-29,255,255,32769,32806,0,0,0
5,21,31,-29,255,255,32769,32806,0,0,0
5,69,56,-29,255,255,32769,32806,0,0,0
5,45,56,-29,255,255,32769,32806,0,0,0
5,81,55,-29,255,255,32769,32803,0,0,0
5,81,103,-29,255,255,32769,32803,0,0,0
5,102,101,-29,255,255,32769,32803,0,0,0
5,78,77,-29,255,255,32769,32803,0,0,0
5,54,53,-29,255,255,32769,32803,0,0,0
5,30,29,-29,255,255,32769,32803,0,0,0
5,6,5,-29,255,255,32769,32803,0,0,0
3,19,12,2,255,255,32769,32784,0,105,93
4,0,12,-1,255,255,32768,32663,0,255,255
5,55,51,2,255,255,32769,32780,0,0,0
3,55,51,2,255,255,32769,32780,0,105,93
4,28,33,-1,255,255,32768,32760,0,255,255
5,19,12,-29,255,255,32769,61440,0,0,0
5,51,99,-29,255,255,32769,61440,0,0,0
5,51,3,-29,255,255,32769,61440,0,0,0
5,57,56,-29,255,255,32769,61440,0,0,0
5,105,104,-29,255,255,32769,32799,0,0,0
5,105,103,-29,255,255,32769,32799,0,0,0
5,9,8,-29,255,255,32769,32799,0,0,0
5,9,7,-29,255,255,32769,32799,0,0,0
5,51,50,-29,255,255,32769,32799,0,0,0
5,51,49,-29,255,255,32769,32799,0,0,0
5,51,52,-29,255,255,32769,32799,0,0,0
5,51,53,-29,255,255,32769,32799,0,0,0
5,51,39,-29,255,255,32769,32799,0,0,0
5,51,63,-29,255,255,32769,32799,0,0,0
5,19,18,-29,255,255,32769,32799,0,0,0
5,19,17,-29,255,255,32769,32799,0,0,0
5,19,16,-29,255,255,32769,32799,0,0,0
5,19,15,-29,255,255,32769,32799,0,0,0
5,19,20,-29,255,255,32769,32799,0,0,0
5,19,7,-29,255,255,32769,32799,0,0,0
5,19,31,-29,255,255,32769,32799,0,0,0
5,19,43,-29,255,255,32769,32799,0,0,0
5,19,55,-29,255,255,32769,32799,0,0,0
5,19,67,-29,255,255,32769,32799,0,0,0
5,19,79,-29,255,255,32769,32799,0,0,0
5,19,91,-29,255,255,32769,32799,0,0,0
5,19,103,-29,255,255,32769,32799,0,0,0
5,93,79,-29,255,255,32769,32799,0,0,0
5,93,103,-29,255,255,32769,32799,0,0,0
5,21,7,-29,255,255,32769,32799,0,0,0
5,21,31,-29,255,255,32769,32799,0,0,0
5,69,56,-29,255,255,32769,32799,0,0,0
5,45,56,-29,255,255,32769,32799,0,0,0
5,81,55,-29,255,255,32769,32796,0,0,0
5,81,103,-29,255,255,32769,32796,0,0,0
5,102,101,-29,255,255,32769,32796,0,0,0
5,78,77,-29,255,255,32769,32796,0,0,0
5,54,53,-29,255,255,32769,32796,0,0,0
5,30,29,-29,255,255,32769,32796,0,0,0
5,6,5,-29,255,255,32769,32796,0,0,0
3,57,56,2,255,255,32769,32780,0,105,93
4,28,33,-1,255,255,32768,32759,0,255,255
5,19,12,2,255,255,32769,32796,0,0,0
6,0,12,-1,255,255,32768,32702,0,0,0
5,55,51,2,255,255,32769,32796,0,0,0
3,105,103,2,255,255,32769,32780,0,105,93
4,28,33,-1,255,255,32768,32749,0,255,255
5,19,12,-29,255,255,32769,61440,0,0,0
5,55,51,-29,255,255,32769,61440,0,0,0
5,57,56,-29,255,255,32769,61440,0,0,0
5,103,104,-29,255,255,32769,32788,0,0,0
5,103,105,-29,255,255,32769,32788,0,0,0
5,103,91,-29,255,255,32769,32788,0,0,0
5,103,79,-29,255,255,32769,32788,0,0,0
5,103,67,-29,255,255,32769,32788,0,0,0
5,9,8,-29,255,255,32769,32788,0,0,0
5,9,7,-29,255,255,32769,32788,0,0,0
5,55,56,-29,255,255,32769,32788,0,0,0
5,55,43,-29,255,255,32769,32788,0,0,0
5,55,31,-29,255,255,32769,32788,0,0,0
5,55,67,-29,255,255,32769,32788,0,0,0
5,55,79,-29,255,255,32769,32788,0,0,0
5,55,91,-29,255,255,32769,32788,0,0,0
5,19,18,-29,255,255,32769,32788,0,0,0
5,19,17,-29,255,255,32769,32788,0,0,0
5,19,16,-29,255,255,32769,32788,0,0,0
5,19,15,-29,255,255,32769,32788,0,0,0
5,19,20,-29,255,255,32769,32788,0,0,0
5,19,7,-29,255,255,32769,32788,0,0,0
5,19,31,-29,255,255,32769,32788,0,0,0
5,19,43,-29,255,255,32769,32788,0,0,0
5,93,79,-29,255,255,32769,32788,0,0,0
5,21,7,-29,255,255,32769,32788,0,0,0
5,21,31,-29,255,255,32769,32788,0,0,0
5,69,56,-29,255,255,32769,32788,0,0,0
5,45,56,-29,255,255,32769,32788,0,0,0
5,102,101,-29,255,255,32769,32785,0,0,0
5,78,77,-29,255,255,32769,32785,0,0,0
5,54,53,-29,255,255,32769,32785,0,0,0
5,30,29,-29,255,255,32769,32785,0,0,0
5,6,5,-29,255,255,32769,32785,0,0,0
3,9,8,2,255,255,32769,32780,0,105,93
4,28,33,-1,255,255,32768,32748,0,255,255
5,19,12,-29,255,255,32769,61440,0,0,0
5,55,51,-29,255,255,32769,61440,0,0,0
5,57,56,-29,255,255,32769,61440,0,0,0
5,105,104,-29,255,255,32769,32787,0,0,0
5,105,103,-29,255,255,32769,32787,0,0,0
5,8,7,-29,255,255,32769,32787,0,0,0
5,8,9,-29,255,255,32769,32787,0,0,0
5,8,20,-29,255,255,32769,32787,0,0,0
5,8,32,-29,255,255,32769,32787,0,0,0
5,8,44,-29,255,255,32769,32787,0,0,0
5,8,56,-29,255,255,32769,32787,0,0,0
5,8,68,-29,255,255,32769,32787,0,0,0
5,8,80,-29,255,255,32769,32787,0,0,0
5,8,92,-29,255,255,32769,32787,0,0,0
5,8,104,-29,255,255,32769,32787,0,0,0
5,55,56,-29,255,255,32769,32787,0,0,0
5,55,43,-29,255,255,32769,32787,0,0,0
5,55,31,-29,255,255,32769,32787,0,0,0
5,55,67,-29,255,255,32769,32787,0,0,0
5,55,79,-29,255,255,32769,32787,0,0,0
5,55,91,-29,255,255,32769,32787,0,0,0
5,55,103,-29,255,255,32769,32787,0,0,0
5,19,18,-29,255,255,32769,32787,0,0,0
5,19,17,-29,255,255,32769,32787,0,0,0
5,19,16,-29,255,255,32769,32787,0,0,0
5,19,15,-29,255,255,32769,32787,0,0,0
5,19,20,-29,255,255,32769,32787,0,0,0
5,19,7,-29,255,255,32769,32787,0,0,0
5,19,31,-29,255,255,32769,32787,0,0,0
5,19,43,-29,255,255,32769,32787,0,0,0
5,93,79,-29,255,255,32769,32787,0,0,0
5,93,103,-29,255,255,32769,32787,0,0,0
5,21,7,-29,255,255,32769,32787,0,0,0
5,21,31,-29,255,255,32769,32787,0,0,0
5,69,56,-29,255,255,32769,32787,0,0,0
5,45,56,-29,255,255,32769,32787,0,0,0
5,81,103,-29,255,255,32769,32784,0,0,0
5,102,101,-29,255,255,32769,32784,0,0,0
5,78,77,-29,255,255,32769,32784,0,0,0
5,54,53,-29,255,255,32769,32784,0,0,0
5,30,29,-29,255,255,32769,32784,0,0,0
5,6,5,-29,255,255,32769,32784,0,0,0
3,9,7,2,255,255,32769,32780,0,105,93
4,28,33,-1,255,255,32768,32749,0,255,255
5,19,12,-29,255,255,32769,61440,0,0,0
5,55,51,-29,255,255,32769,61440,0,0,0
5,57,56,-29,255,255,32769,61440,0,0,0
5,105,104,-29,255,255,32769,32788,0,0,0
5,105,103,-29,255,255,32769,32788,0,0,0
5,7,8,-29,255,255,32769,32788,0,0,0
5,7,9,-29,255,255,32769,32788,0,0,0
5,55,56,-29,255,255,32769,32788,0,0,0
5,55,43,-29,255,255,32769,32788,0,0,0
5,55,31,-29,255,255,32769,32788,0,0,0
5,55,67,-29,255,255,32769,32788,0,0,0
5,55,79,-29,255,255,32769,32788,0,0,0
5,55,91,-29,255,255,32769,32788,0,0,0
5,55,103,-29,255,255,32769,32788,0,0,0
5,19,18,-29,255,255,32769,32788,0,0,0
5,19,17,-29,255,255,32769,32788,0,0,0
5,19,16,-29,255,255,32769,32788,0,0,0
5,19,15,-29,255,255,32769,32788,0,0,0
5,19,20,-29,255,255,32769,32788,0,0,0
5,19,31,-29,255,255,32769,32788,0,0,0
5,19,43,-29,255,255,32769,32788,0,0,0
5,93,79,-29,255,255,32769,32788,0,0,0
5,93,103,-29,255,255,32769,32788,0,0,0
5,21,31,-29,255,255,32769,32788,0,0,0
5,69,56,-29,255,255,32769,32788,0,0,0
5,45,56,-29,255,255,32769,32788,0,0,0
5,81,103,-29,255,255,32769,32785,0,0,0
5,102,101,-29,255,255,32769,32785,0,0,0
5,78,77,-29,255,255,32769,32785,0,0,0
5,54,53,-29,255,255,32769,32785,0,0,0
5,30,29,-29,255,255,32769,32785,0,0,0
5,6,5,-29,255,255,32769,32785,0,0,0
3,55,56,2,255,255,32769,32780,0,105,93
4,28,33,-1,255,255,32768,32768,0,255,255
5,19,12,-29,255,255,32769,61440,0,0,0
5,56,51,-29,255,255,32769,61440,0,0,0
5,105,104,-29,255,255,32769,61440,0,0,0
5,105,103,-29,255,255,32769,61440,0,0,0
5,9,8,-29,255,255,32769,61440,0,0,0
5,9,7,-29,255,255,32769,61440,0,0,0
5,56,55,-29,255,255,32769,61440,0,0,0
5,56,44,-29,255,255,32769,61440,0,0,0
5,56,32,-29,255,255,32769,61440,0,0,0
5,56,20,-29,255,255,32769,61440,0,0,0
5,56,8,-29,255,255,32769,61440,0,0,0
5,56,68,-29,255,255,32769,61440,0,0,0
5,56,80,-29,255,255,32769,61440,0,0,0
5,56,92,-29,255,255,32769,61440,0,0,0
5,56,104,-29,255,255,32769,61440,0,0,0
5,19,18,-29,255,255,32769,61440,0,0,0
5,19,17,-29,255,255,32769,61440,0,0,0
5,19,16,-29,255,255,32769,61440,0,0,0
5,19,15,-29,255,255,32769,61440,0,0,0
5,19,20,-29,255,255,32769,61440,0,0,0
5,19,7,-29,255,255,32769,61440,0,0,0
5,19,31,-29,255,255,32769,61440,0,0,0
5,19,43,-29,255,255,32769,61440,0,0,0
5,19,55,-29,255,255,32769,61440,0,0,0
5,19,67,-29,255,255,32769,61440,0,0,0
5,19,79,-29,255,255,32769,61440,0,0,0
5,19,91,-29,255,255,32769,61440,0,0,0
5,19,103,-29,255,255,32769,61440,0,0,0
5,93,79,-29,255,255,32769,61440,0,0,0
5,93,103,-29,255,255,32769,61440,0,0,0
5,21,7,-29,255,255,32769,61440,0,0,0
5,21,31,-29,255,255,32769,61440,0,0,0
5,81,55,-29,255,255,32769,61440,0,0,0
5,81,103,-29,255,255,32769,61440,0,0,0
5,102,101,-29,255,255,32769,61440,0,0,0
5,78,77,-29,255,255,32769,61440,0,0,0
5,54,53,-29,255,255,32769,61440,0,0,0
5,30,29,-29,255,255,32769,61440,0,0,0
5,6,5,-29,255,255,32769,61440,0,0,0
3,55,43,2,255,255,32769,32780,0,105,93
4,28,33,-1,255,255,32768,32765,0,255,255
5,19,12,-29,255,255,32769,61440,0,0,0
5,57,56,-29,255,255,32769,61440,0,0,0
5,105,104,-29,255,255,32769,32804,0,0,0
5,105,103,-29,255,255,32769,32804,0,0,0
5,9,8,-29,255,255,32769,32804,0,0,0
5,9,7,-29,255,255,32769,32804,0,0,0
5,43,42,-29,255,255,32769,32804,0,0,0
5,43,41,-29,255,255,32769,32804,0,0,0
5,43,40,-29,255,255,32769,32804,0,0,0
5,43,39,-29,255,255,32769,32804,0,0,0
5,43,38,-29,255,255,32769,32804,0,0,0
5,43,37,-29,255,255,32769,32804,0,0,0
5,43,44,-29,255,255,32769,32804,0,0,0
5,43,31,-29,255,255,32769,32804,0,0,0
5,43,55,-29,255,255,32769,32804,0,0,0
5,43,67,-29,255,255,32769,32804,0,0,0
5,43,79,-29,255,255,32769,32804,0,0,0
5,43,91,-29,255,255,32769,32804,0,0,0
5,43,103,-29,255,255,32769,32804,0,0,0
5,19,18,-29,255,255,32769,32804,0,0,0
5,19,17,-29,255,255,32769,32804,0,0,0
5,19,16,-29,255,255,32769,32804,0,0,0
5,19,15,-29,255,255,32769,32804,0,0,0
5,19,20,-29,255,255,32769,32804,0,0,0
5,19,7,-29,255,255,32769,32804,0,0,0
5,19,31,-29,255,255,32769,32804,0,0,0
5,93,79,-29,255,255,32769,32804,0,0,0
5,93,103,-29,255,255,32769,32804,0,0,0
5,21,7,-29,255,255,32769,32804,0,0,0
5,21,31,-29,255,255,32769,32804,0,0,0
5,69,56,-29,255,255,32769,32804,0,0,0
5,45,56,-29,255,255,32769,32804,0,0,0
5,81,55,-29,255,255,32769,32801,0,0,0
5,81,103,-29,255,255,32769,32801,0,0,0
5,102,101,-29,255,255,32769,32801,0,0,0
5,78,77,-29,255,255,32769,32801,0,0,0
5,54,53,-29,255,255,32769,32801,0,0,0
5,30,29,-29,255,255,32769,32801,0,0,0
5,6,5,-29,255,255,32769,32801,0,0,0
3,55,31,2,255,255,32769,32780,0,105,93
4,28,31,-1,255,255,32768,32767,0,255,255
5,21,31,-1,255,255,32769,32875,0,0,0
4,28,31,2,255,255,32768,32767,0,255,255
5,21,31,-1,255,255,32769,32875,0,0,0
4,14,21,2,255,255,32768,32767,0,255,255
5,9,21,-1,255,255,32769,32861,0,0,0
2,88,16,2,255,255,32768,32767,0,84,74
3,105,104,-1,255,255,32769,61440,0,105,93
4,14,19,2,255,255,32768,32748,0,255,255
5,55,51,2,255,255,32769,32855,0,0,0
3,55,31,0,255,255,32769,32855,0,105,93
4,14,19,0,255,255,32768,32767,0,255,255
5,31,27,2,255,255,32769,32874,0,0,0
3,19,14,2,255,255,32769,32855,0,105,93
2,88,4,2,255,255,32768,32767,0,84,74
3,105,104,-1,255,255,32769,61440,0,105,93
4,4,9,2,255,255,32768,32748,0,255,255
5,19,12,2,255,255,32769,32968,0,0,0
5,55,51,2,255,255,32769,32874,0,0,0
3,19,12,2,255,255,32769,32874,0,105,93
4,0,12,-1,255,255,32768,32663,0,255,255
5,55,51,2,255,255,32769,32780,0,0,0
3,55,51,2,255,255,32769,32780,0,105,93
4,4,9,0,255,255,32768,32760,0,255,255
5,19,12,2,255,255,32769,32980,0,0,0
5,51,99,2,255,255,32769,32886,0,0,0
5,51,3,2,255,255,32769,32886,0,0,0
3,57,56,2,255,255,32769,32780,0,105,93
4,4,9,-1,255,255,32768,32759,0,255,255
5,19,12,2,255,255,32769,32979,0,0,0
5,55,51,2,255,255,32769,32885,0,0,0
3,105,103,2,255,255,32769,32780,0,105,93
4,4,9,-1,255,255,32768,32749,0,255,255
5,19,12,2,255,255,32769,32969,0,0,0
5,55,51,2,255,255,32769,32875,0,0,0
3,9,8,2,255,255,32769,32780,0,105,93
4,4,8,-1,255,255,32768,32748,0,255,255
5,19,12,2,255,255,32769,32977,0,0,0
5,55,51,2,255,255,32769,32883,0,0,0
3,9,7,2,255,255,32769,32780,0,105,93
4,4,7,-1,255,255,32768,32749,0,255,255
5,55,7,-1,255,255,32769,32977,0,0,0
5,21,7,-1,255,255,32769,32879,0,0,0
5,33,7,-1,255,255,32769,32861,0,0,0
5,33,7,2,255,255,32769,32861,0,0,0
5,21,7,2,255,255,32769,32861,0,0,0
5,55,7,2,255,255,32769,32861,0,0,0
5,19,12,2,255,255,32769,32861,0,0,0
5,55,51,2,255,255,32769,32861,0,0,0
3,55,56,2,255,255,32769,32780,0,105,93
4,4,9,-1,255,255,32768,32768,0,255,255
5,19,12,2,255,255,32769,32988,0,0,0
5,56,51,2,255,255,32769,32894,0,0,0
3,55,43,2,255,255,32769,32780,0,105,93
4,4,9,-1,255,255,32768,32765,0,255,255
5,19,12,2,255,255,32769,32985,0,0,0
3,55,31,2,255,255,32769,32780,0,105,93
4,4,9,-1,255,255,32768,32767,0,255,255
5,19,12,2,255,255,32769,32987,0,0,0
5,31,27,2,255,255,32769,32893,0,0,0
3,55,67,2,255,255,32769,32780,0,105,93
4,4,9,-1,255,255,32768,32765,0,255,255
5,19,12,2,255,255,32769,32985,0,0,0
3,55,79,2,255,255,32769,32780,0,105,93
4,4,9,-1,255,255,32768,32767,0,255,255
5,19,12,2,255,255,32769,32987,0,0,0
5,79,75,2,255,255,32769,32893,0,0,0
3,55,91,2,255,255,32769,32780,0,105,93
4,4,9,-1,255,255,32768,32767,0,255,255
5,19,12,2,255,255,32769,32987,0,0,0
3,55,103,2,255,255,32769,32780,0,105,93
4,4,9,-1,255,255,32768,32767,0,255,255
5,19,12,2,255,255,32769,32987,0,0,0
5,103,99,2,255,255,32769,32893,0,0,0
3,19,18,2,255,255,32769,32780,0,105,93
4,4,9,-1,255,255,32768,32758,0,255,255
5,18,12,2,255,255,32769,32978,0,0,0
5,55,51,2,255,255,32769,32883,0,0,0
3,19,17,2,255,255,32769,32780,0,105,93
4,4,9,-1,255,255,32768,32758,0,255,255
5,17,12,2,255,255,32769,32978,0,0,0
5,55,51,2,255,255,32769,32883,0,0,0
3,19,16,2,255,255,32769,32780,0,105,93
4,4,9,-1,255,255,32768,32759,0,255,255
5,16,12,2,255,255,32769,32979,0,0,0
5,55,51,2,255,255,32769,32883,0,0,0
3,19,15,2,255,255,32769,32780,0,105,93
4,4,9,-1,255,255,32768,32759,0,255,255
5,15,12,2,255,255,32769,32979,0,0,0
5,15,51,2,255,255,32769,32883,0,0,0
5,55,51,2,255,255,32769,32883,0,0,0
3,19,20,2,255,255,32769,32780,0,105,93
4,4,9,-1,255,255,32768,32757,0,255,255
5,20,12,2,255,255,32769,32977,0,0,0
5,55,51,2,255,255,32769,32883,0,0,0
3,19,7,2,255,255,32769,32780,0,105,93
4,4,7,-1,255,255,32768,32757,0,255,255
5,9,7,-1,255,255,32769,32866,0,0,0
4,4,7,2,255,255,32768,32757,0,255,255
5,9,7,-1,255,255,32769,32866,0,0,0
2,88,100,2,255,255,32768,32767,0,84,74
3,105,104,-1,255,255,32769,61440,0,105,93
4,100,104,-1,255,255,32768,32748,0,255,255
5,19,12,2,255,255,32769,32977,0,0,0
5,55,51,2,255,255,32769,32883,0,0,0
3,19,7,0,255,255,32769,32883,0,105,93
4,100,105,2,255,255,32768,32757,0,255,255
5,55,51,2,255,255,32769,32977,0,0,0
5,7,3,2,255,255,32769,32977,0,0,0
3,19,12,2,255,255,32769,32883,0,105,93
4,0,12,-1,255,255,32768,32663,0,255,255
5,55,51,2,255,255,32769,32780,0,0,0
3,55,51,2,255,255,32769,32780,0,105,93
4,100,105,0,255,255,32768,32760,0,255,255
5,19,12,2,255,255,32769,32980,0,0,0
5,51,99,2,255,255,32769,32886,0,0,0
5,51,3,2,255,255,32769,32886,0,0,0
3,57,56,2,255,255,32769,32780,0,105,93
4,100,105,-1,255,255,32768,32759,0,255,255
5,19,12,2,255,255,32769,32979,0,0,0
5,55,51,2,255,255,32769,32885,0,0,0
3,105,103,2,255,255,32769,32780,0,105,93
4,100,103,-1,255,255,32768,32749,0,255,255
5,19,103,-1,255,255,32769,32977,0,0,0
5,93,103,-1,255,255,32769,32869,0,0,0
5,81,103,-1,255,255,32769,32861,0,0,0
5,81,103,2,255,255,32769,32861,0,0,0
5,93,103,2,255,255,32769,32861,0,0,0
5,19,103,2,255,255,32769,32861,0,0,0
5,19,12,2,255,255,32769,32861,0,0,0
5,55,51,2,255,255,32769,32861,0,0,0
3,9,8,2,255,255,32769,32780,0,105,93
4,100,105,-1,255,255,32768,32748,0,255,255
5,19,12,2,255,255,32769,32968,0,0,0
5,55,51,2,255,255,32769,32874,0,0,0
3,9,7,2,255,255,32769,32780,0,105,93
4,100,105,-1,255,255,32768,32749,0,255,255
5,19,12,2,255,255,32769,32969,0,0,0
5,55,51,2,255,255,32769,32875,0,0,0
3,55,56,2,255,255,32769,32780,0,105,93
4,100,105,-1,255,255,32768,32768,0,255,255
5,19,12,2,255,255,32769,32988,0,0,0
5,56,51,2,255,255,32769,32894,0,0,0
3,55,43,2,255,255,32769,32780,0,105,93
4,100,105,-1,255,255,32768,32765,0,255,255
5,19,12,2,255,255,32769,32985,0,0,0
3,55,31,2,255,255,32769,32780,0,105,93
4,100,105,-1,255,255,32768,32767,0,255,255
5,19,12,2,255,255,32769,32987,0,0,0
5,31,27,2,255,255,32769,32893,0,0,0
3,55,67,2,255,255,32769,32780,0,105,93
4,100,105,-1,255,255,32768,32765,0,255,255
5,19,12,2,255,255,32769,32985,0,0,0
3,55,79,2,255,255,32769,32780,0,105,93
4,100,105,-1,255,255,32768,32767,0,255,255
5,19,12,2,255,255,32769,32987,0,0,0
5,79,75,2,255,255,32769,32893,0,0,0
3,55,91,2,255,255,32769,32780,0,105,93
4,100,105,-1,255,255,32768,32767,0,255,255
5,19,12,2,255,255,32769,32987,0,0,0
3,55,103,2,255,255,32769,32780,0,105,93
4,100,103,-1,255,255,32768,32767,0,255,255
5,105,103,-1,255,255,32769,32876,0,0,0
4,100,103,2,255,255,32768,32767,0,255,255
5,105,103,-1,255,255,32769,32876,0,0,0
4,14,21,2,255,255,32768,32767,0,255,255
5,9,21,-1,255,255,32769,32861,0,0,0
2,14,13,2,255,255,32768,32767,0,84,74
3,105,104,-1,255,255,32769,61440,0,105,93
4,13,21,2,255,255,32768,32748,0,255,255
5,9,21,-1,255,255,32769,32842,0,0,0
2,14,15,2,255,255,32768,32767,0,84,74
3,105,104,-1,255,255,32769,61440,0,105,93
4,15,21,2,255,255,32768,32747,0,255,255
5,9,21,-1,255,255,32769,32842,0,0,0
2,14,16,2,255,255,32768,32767,0,84,74
3,105,104,-1,255,255,32769,61440,0,105,93
4,16,21,2,255,255,32768,32747,0,255,255
5,9,21,-1,255,255,32769,32842,0,0,0
2,14,17,2,255,255,32768,32767,0,84,74
3,105,104,-1,255,255,32769,61440,0,105,93
4,17,21,2,255,255,32768,32746,0,255,255
5,9,21,-1,255,255,32769,32842,0,0,0
2,14,18,2,255,255,32768,32767,0,84,74
3,105,104,-1,255,255,32769,61440,0,105,93
4,18,21,2,255,255,32768,32746,0,255,255
5,9,21,-1,255,255,32769,32842,0,0,0
4,18,54,2,255,255,32768,32746,0,255,255
5,55,51,-29,255,255,32769,61440,0,0,0
6,54,102,2,255,255,32768,32758,0,0,0
6,54,6,2,255,255,32768,32760,0,0,0
2,14,2,2,255,255,32768,32767,0,84,74
3,105,104,-1,255,255,32769,61440,0,105,93
4,2,6,2,255,255,32768,32748,0,255,255
2,14,26,2,255,255,32768,32767,0,84,74
3,105,104,-1,255,255,32769,61440,0,105,93
4,26,30,2,255,255,32768,32748,0,255,255
2,14,38,2,255,255,32768,32767,0,84,74
3,105,104,-1,255,255,32769,61440,0,105,93
2,14,50,2,255,255,32768,32767,0,84,74
3,105,104,-1,255,255,32769,61440,0,105,93
4,50,54,2,255,255,32768,32758,0,255,255
5,55,51,-29,255,255,32769,61440,0,0,0
6,54,102,2,255,255,32768,32758,0,0,0
6,54,6,2,255,255,32768,32760,0,0,0
2,14,62,2,255,255,32768,32767,0,84,74
3,105,104,-1,255,255,32769,61440,0,105,93
2,14,74,2,255,255,32768,32767,0,84,74
3,105,104,-1,255,255,32769,61440,0,105,93
4,74,78,2,255,255,32768,32748,0,255,255
2,14,86,2,255,255,32768,32767,0,84,74
3,105,104,-1,255,255,32769,61440,0,105,93
4,86,93,2,255,255,32768,32748,0,255,255
5,55,51,2,255,255,32769,32842,0,0,0
3,55,103,0,255,255,32769,32842,0,105,93
4,86,93,0,255,255,32768,32767,0,255,255
5,105,93,-1,255,255,32769,32861,0,0,0
2,14,98,2,255,255,32768,32767,0,84,74
3,55,103,-1,255,255,32769,61440,0,105,93
4,98,102,2,255,255,32768,32767,0,255,255
5,103,99,2,255,255,32769,32770,0,0,0
6,96,99,-1,255,255,32768,32767,0,0,0
3,105,104,0,255,255,32769,32770,0,105,93
4,98,102,0,255,255,32768,32748,0,255,255
2,84,98,2,255,255,32768,32767,0,84,74
3,105,104,-1,255,255,32769,61440,0,105,93
4,14,21,2,255,255,32768,32756,0,255,255
5,9,21,-1,255,255,32769,32850,0,0,0
2,12,2,2,255,255,32768,32767,0,84,74
3,105,104,-1,255,255,32769,61440,0,105,93
4,14,21,2,255,255,32768,32756,0,255,255
5,9,21,-1,255,255,32769,32850,0,0,0
2,12,26,2,255,255,32768,32767,0,84,74
3,105,104,-1,255,255,32769,61440,0,105,93
4,14,21,2,255,255,32768,32758,0,255,255
5,9,21,-1,255,255,32769,32852,0,0,0
2,60,49,2,255,255,32768,32767,0,84,74
3,105,104,-1,255,255,32769,61440,0,105,93
4,14,21,2,255,255,32768,32749,0,255,255
5,9,21,-1,255,255,32769,32843,0,0,0
2,36,49,2,255,255,32768,32767,0,84,74
3,105,104,-1,255,255,32769,61440,0,105,93
4,14,21,2,255,255,32768,32749,0,255,255
5,9,21,-1,255,255,32769,32843,0,0,0
2,72,50,2,255,255,32768,32767,0,84,74
3,105,104,-1,255,255,32769,61440,0,105,93
4,14,21,2,255,255,32768,32749,0,255,255
5,9,21,-1,255,255,32769,32843,0,0,0
2,72,98,2,255,255,32768,32767,0,84,74
3,105,104,-1,255,255,32769,61440,0,105,93
4,14,21,2,255,255,32768,32747,0,255,255
5,9,21,-1,255,255,32769,32841,0,0,0
2,24,2,2,255,255,32768,32767,0,84,74
3,105,104,-1,255,255,32769,61440,0,105,93
4,14,21,2,255,255,32768,32747,0,255,255
5,9,21,-1,255,255,32769,32841,0,0,0
2,24,50,2,255,255,32768,32767,0,84,74
3,105,104,-1,255,255,32769,61440,0,105,93
4,14,21,2,255,255,32768,32749,0,255,255
5,9,21,-1,255,255,32769,32843,0,0,0
2,99,100,2,255,255,32768,32767,0,84,74
3,105,104,-1,255,255,32769,61440,0,105,93
4,14,21,2,255,255,32768,32749,0,255,255
5,9,21,-1,255,255,32769,32843,0,0,0
2,75,76,2,255,255,32768,32767,0,84,74
3,105,104,-1,255,255,32769,61440,0,105,93
4,14,21,2,255,255,32768,32749,0,255,255
5,9,21,-1,255,255,32769,32843,0,0,0
2,51,52,2,255,255,32768,32767,0,84,74
3,55,52,-1,255,255,32769,61440,0,105,93
4,14,21,2,255,255,32768,32760,0,255,255
5,9,21,-1,255,255,32769,32854,0,0,0
2,27,28,2,255,255,32768,32767,0,84,74
3,105,104,-1,255,255,32769,61440,0,105,93
4,14,21,2,255,255,32768,32749,0,255,255
5,9,21,-1,255,255,32769,32843,0,0,0
2,3,4,2,255,255,32768,32767,0,84,74
3,105,104,-1,255,255,32769,61440,0,105,93
4,14,21,2,255,255,32768,32749,0,255,255
5,9,21,-1,255,255,32769,32843,0,0,0
0,86,89,-1,86,50,32768,32768,0,86,50
1,91,55,-1,255,255,32769,61440,0,93,79
2,96,97,-1,255,255,32768,4096,0,84,74
3,105,104,-1,255,255,32769,61440,0,105,93
4,14,21,2,255,255,32768,32756,0,255,255
5,9,21,-1,255,255,32769,32850,0,0,0
2,84,74,0,255,255,32768,32756,0,84,74
3,105,104,-1,255,255,32769,61440,0,105,93
4,14,21,2,255,255,32768,32757,0,255,255
5,9,21,-1,255,255,32769,32851,0,0,0
2,14,21,2,255,255,32768,32757,0,84,74
3,9,21,-1,255,255,32769,61440,0,105,93
2,48,49,2,255,255,32768,32757,0,84,74
3,105,104,-1,255,255,32769,61440,0,105,93
4,14,21,2,255,255,32768,32745,0,255,255
5,9,21,-1,255,255,32769,32839,0,0,0
2,96,98,2,255,255,32768,32757,0,84,74
3,105,104,-1,255,255,32769,61440,0,105,93
4,14,21,2,255,255,32768,32755,0,255,255
5,9,21,-1,255,255,32769,32849,0,0,0
2,0,1,2,255,255,32768,32757,0,84,74
3,105,104,-1,255,255,32769,61440,0,105,93
4,14,21,2,255,255,32768,32756,0,255,255
5,9,21,-1,255,255,32769,32850,0,0,0
2,0,2,2,255,255,32768,32757,0,84,74
3,105,104,-1,255,255,32769,61440,0,105,93
4,14,21,2,255,255,32768,32755,0,255,255
5,9,21,-1,255,255,32769,32849,0,0,0
2,89,88,2,255,255,32768,32757,0,84,74
3,105,104,-1,255,255,32769,61440,0,105,93
4,14,21,2,255,255,32768,32748,0,255,255
5,9,21,-1,255,255,32769,32842,0,0,0
2,89,87,2,255,255,32768,32757,0,84,74
3,105,104,-1,255,255,32769,61440,0,105,93
4,14,21,2,255,255,32768,32748,0,255,255
5,9,21,-1,255,255,32769,32842,0,0,0
2,89,85,2,255,255,32768,32757,0,84,74
3,105,104,-1,255,255,32769,61440,0,105,93
4,14,21,2,255,255,32768,32749,0,255,255
5,9,21,-1,255,255,32769,32843,0,0,0
2,89,90,2,255,255,32768,32757,0,84,74
3,105,104,-1,255,255,32769,61440,0,105,93
4,14,21,2,255,255,32768,32747,0,255,255
5,9,21,-1,255,255,32769,32841,0,0,0
4,90,54,2,255,255,32768,32747,0,255,255
5,19,12,-29,255,255,32769,61440,0,0,0
5,55,51,-29,255,255,32769,61440,0,0,0
6,14,21,2,255,255,32768,32759,0,0,0
7,9,21,-1,255,255,32769,32853,0,0,0
6,54,102,2,255,255,32768,32759,0,0,0
6,54,6,2,255,255,32768,32761,0,0,0
2,89,91,2,255,255,32768,32761,0,84,74
3,19,91,-1,255,255,32769,61440,0,105,93
2,89,92,2,255,255,32768,32761,0,84,74
3,105,104,-1,255,255,32769,61440,0,105,93
4,14,21,2,255,255,32768,32747,0,255,255
5,9,21,-1,255,255,32769,32841,0,0,0
2,89,77,2,255,255,32768,32761,0,84,74
3,78,77,-1,255,255,32769,61440,0,105,93
4,14,21,2,255,255,32768,32648,0,255,255
2,89,65,2,255,255,32768,32761,0,84,74
3,105,104,-1,255,255,32769,61440,0,105,93
4,14,21,2,255,255,32768,32749,0,255,255
5,9,21,-1,255,255,32769,32843,0,0,0
2,89,53,2,255,255,32768,32761,0,84,74
3,55,53,-1,255,255,32769,61440,0,105,93
4,14,21,-29,255,255,32768,4096,0,255,255
4,48,49,-29,255,255,32768,4096,0,255,255
4,96,97,-29,255,255,32768,4096,0,255,255
4,96,98,-29,255,255,32768,4096,0,255,255
4,0,1,-29,255,255,32768,4096,0,255,255
4,0,2,-29,255,255,32768,4096,0,255,255
4,14,13,-29,255,255,32768,4096,0,255,255
4,14,15,-29,255,255,32768,4096,0,255,255
4,14,16,-29,255,255,32768,4096,0,255,255
4,14,17,-29,255,255,32768,4096,0,255,255
4,14,18,-29,255,255,32768,4096,0,255,255
4,14,2,-29,255,255,32768,4096,0,255,255
4,14,26,-29,255,255,32768,4096,0,255,255
4,14,38,-29,255,255,32768,4096,0,255,255
4,14,50,-29,255,255,32768,4096,0,255,255
4,14,62,-29,255,255,32768,32667,0,255,255
4,14,74,-29,255,255,32768,32667,0,255,255
4,14,86,-29,255,255,32768,32667,0,255,255
4,14,98,-29,255,255,32768,32667,0,255,255
4,84,74,-29,255,255,32768,32667,0,255,255
4,84,98,-29,255,255,32768,32667,0,255,255
4,12,2,-29,255,255,32768,32667,0,255,255
4,12,26,-29,255,255,32768,32667,0,255,255
4,60,49,-29,255,255,32768,32667,0,255,255
4,36,49,-29,255,255,32768,32667,0,255,255
4,72,50,-29,255,255,32768,32667,0,255,255
4,72,98,-29,255,255,32768,32667,0,255,255
4,24,2,-29,255,255,32768,32667,0,255,255
4,24,50,-29,255,255,32768,32667,0,255,255
4,99,100,-29,255,255,32768,32667,0,255,255
4,75,76,-29,255,255,32768,32667,0,255,255
4,51,52,-29,255,255,32768,32667,0,255,255
4,27,28,-29,255,255,32768,32667,0,255,255
4,3,4,-29,255,255,32768,32667,0,255,255
2,89,41,2,255,255,32768,32761,0,84,74
3,105,104,-1,255,255,32769,61440,0,105,93
4,14,21,2,255,255,32768,32749,0,255,255
5,9,21,-1,255,255,32769,32843,0,0,0
2,89,29,2,255,255,32768,32761,0,84,74
3,30,29,-1,255,255,32769,61440,0,105,93
4,14,21,2,255,255,32768,32648,0,255,255
2,89,17,2,255,255,32768,32761,0,84,74
3,105,104,-1,255,255,32769,61440,0,105,93
4,14,19,2,255,255,32768,32747,0,255,255
5,55,51,2,255,255,32769,32854,0,0,0
3,55,103,0,255,255,32769,32854,0,105,93
4,14,19,0,255,255,32768,32766,0,255,255
5,103,99,2,255,255,32769,32873,0,0,0
3,19,14,2,255,255,32769,32854,0,105,93
2,89,5,2,255,255,32768,32761,0,84,74
3,6,5,-1,255,255,32769,61440,0,105,93
4,14,21,2,255,255,32768,32648,0,255,255
2,89,101,2,255,255,32768,32761,0,84,74
3,102,101,-1,255,255,32769,61440,0,105,93
4,14,21,2,255,255,32768,32648,0,255,255
2,14,13,2,255,255,32768,32761,0,84,74
3,105,104,-1,255,255,32769,61440,0,105,93
4,13,21,2,255,255,32768,32747,0,255,255
5,9,21,-1,255,255,32769,32841,0,0,0
2,14,15,2,255,255,32768,32761,0,84,74
3,105,104,-1,255,255,32769,61440,0,105,93
4,15,21,2,255,255,32768,32746,0,255,255
5,9,21,-1,255,255,32769,32841,0,0,0
2,14,16,2,255,255,32768,32761,0,84,74
3,105,104,-1,255,255,32769,61440,0,105,93
4,16,21,2,255,255,32768,32746,0,255,255
5,9,21,-1,255,255,32769,32841,0,0,0
2,14,17,2,255,255,32768,32761,0,84,74
3,105,104,-1,255,255,32769,61440,0,105,93
4,17,21,2,255,255,32768,32745,0,255,255
5,9,21,-1,255,255,32769,32841,0,0,0
2,14,18,2,255,255,32768,32761,0,84,74
3,105,104,-1,255,255,32769,61440,0,105,93
4,18,21,2,255,255,32768,32745,0,255,255
5,9,21,-1,255,255,32769,32841,0,0,0
4,18,54,2,255,255,32768,32745,0,255,255
5,55,51,-29,255,255,32769,61440,0,0,0
6,54,102,2,255,255,32768,32757,0,0,0
6,54,6,2,255,255,32768,32759,0,0,0
2,14,2,2,255,255,32768,32761,0,84,74
3,105,104,-1,255,255,32769,61440,0,105,93
4,2,6,2,255,255,32768,32747,0,255,255
2,14,26,2,255,255,32768,32761,0,84,74
3,105,104,-1,255,255,32769,61440,0,105,93
4,26,30,2,255,255,32768,32747,0,255,255
2,14,38,2,255,255,32768,32761,0,84,74
3,105,104,-1,255,255,32769,61440,0,105,93
2,14,50,2,255,255,32768,32761,0,84,74
3,105,104,-1,255,255,32769,61440,0,105,93
4,50,54,2,255,255,32768,32757,0,255,255
5,55,51,-29,255,255,32769,61440,0,0,0
6,54,102,2,255,255,32768,32757,0,0,0
6,54,6,2,255,255,32768,32759,0,0,0
2,14,62,2,255,255,32768,32761,0,84,74
3,105,104,-1,255,255,32769,61440,0,105,93
2,14,74,2,255,255,32768,32761,0,84,74
3,105,104,-1,255,255,32769,61440,0,105,93
4,74,78,2,255,255,32768,32747,0,255,255
2,14,86,2,255,255,32768,32761,0,84,74
3,105,104,-1,255,255,32769,61440,0,105,93
4,86,93,2,255,255,32768,32747,0,255,255
5,55,51,2,255,255,32769,32841,0,0,0
3,19,14,0,255,255,32769,32841,0,105,93
4,86,93,0,255,255,32768,32758,0,255,255
5,105,93,-1,255,255,32769,32852,0,0,0
2,14,98,2,255,255,32768,32761,0,84,74
3,19,14,-1,255,255,32769,61440,0,105,93
4,98,102,2,255,255,32768,32758,0,255,255
2,84,98,2,255,255,32768,32761,0,84,74
3,105,104,0,255,255,32769,61440,0,105,93
4,14,21,2,255,255,32768,32755,0,255,255
5,9,21,-1,255,255,32769,32849,0,0,0
2,12,2,2,255,255,32768,32761,0,84,74
3,105,104,-1,255,255,32769,61440,0,105,93
4,14,21,2,255,255,32768,32755,0,255,255
5,9,21,-1,255,255,32769,32849,0,0,0
2,12,26,2,255,255,32768,32761,0,84,74
3,105,104,-1,255,255,32769,61440,0,105,93
4,14,21,2,255,255,32768,32757,0,255,255
5,9,21,-1,255,255,32769,32851,0,0,0
2,60,49,2,255,255,32768,32761,0,84,74
3,105,104,-1,255,255,32769,61440,0,105,93
4,14,21,2,255,255,32768,32748,0,255,255
5,9,21,-1,255,255,32769,32842,0,0,0
2,36,49,2,255,255,32768,32761,0,84,74
3,105,104,-1,255,255,32769,61440,0,105,93
4,14,21,2,255,255,32768,32748,0,255,255
5,9,21,-1,255,255,32769,32842,0,0,0
2,72,50,2,255,255,32768,32761,0,84,74
3,105,104,-1,255,255,32769,61440,0,105,93
4,14,21,2,255,255,32768,32748,0,255,255
5,9,21,-1,255,255,32769,32842,0,0,0
2,72,98,2,255,255,32768,32761,0,84,74
3,105,104,-1,255,255,32769,61440,0,105,93
4,14,21,2,255,255,32768,32746,0,255,255
5,9,21,-1,255,255,32769,32840,0,0,0
2,24,2,2,255,255,32768,32761,0,84,74
3,105,104,-1,255,255,32769,61440,0,105,93
4,14,21,2,255,255,32768,32746,0,255,255
5,9,21,-1,255,255,32769,32840,0,0,0
2,24,50,2,255,255,32768,32761,0,84,74
3,105,104,-1,255,255,32769,61440,0,105,93
4,14,21,2,255,255,32768,32748,0,255,255
5,9,21,-1,255,255,32769,32842,0,0,0
2,99,100,2,255,255,32768,32761,0,84,74
3,105,104,-1,255,255,32769,61440,0,105,93
4,14,21,2,255,255,32768,32748,0,255,255
5,9,21,-1,255,255,32769,32842,0,0,0
2,75,76,2,255,255,32768,32761,0,84,74
3,105,104,-1,255,255,32769,61440,0,105,93
4,14,21,2,255,255,32768,32748,0,255,255
5,9,21,-1,255,255,32769,32842,0,0,0
2,51,52,2,255,255,32768,32761,0,84,74
3,55,52,-1,255,255,32769,61440,0,105,93
4,14,21,2,255,255,32768,32759,0,255,255
5,9,21,-1,255,255,32769,32853,0,0,0
2,27,28,2,255,255,32768,32761,0,84,74
3,105,104,-1,255,255,32769,61440,0,105,93
4,14,21,2,255,255,32768,32748,0,255,255
5,9,21,-1,255,255,32769,32842,0,0,0
2,3,4,2,255,255,32768,32761,0,84,74
3,105,104,-1,255,255,32769,61440,0,105,93
4,14,21,2,255,255,32768,32748,0,255,255
5,9,21,-1,255,255,32769,32842,0,0,0
0,86,90,-1,86,50,32768,32768,0,86,50
1,91,55,-1,255,255,32769,61440,0,93,79
2,96,97,-1,255,255,32768,4096,0,84,74
3,105,104,-1,255,255,32769,61440,0,105,93
4,14,21,2,255,255,32768,32756,0,255,255
5,9,21,-1,255,255,32769,32850,0,0,0
4,90,54,2,255,255,32768,32756,0,255,255
5,19,12,-29,255,255,32769,61440,0,0,0
5,55,51,-29,255,255,32769,61440,0,0,0
6,14,21,2,255,255,32768,32768,0,0,0
7,9,21,-1,255,255,32769,32862,0,0,0
6,54,102,2,255,255,32768,32768,0,0,0
7,104,102,-1,255,255,32769,32770,0,0,0
6,54,6,2,255,255,32768,32768,0,0,0
7,9,6,-1,255,255,32769,32770,0,0,0
2,84,74,0,255,255,32768,32768,0,84,74
3,105,104,-1,255,255,32769,61440,0,105,93
4,14,21,2,255,255,32768,32757,0,255,255
5,9,21,-1,255,255,32769,32851,0,0,0
4,90,54,2,255,255,32768,32757,0,255,255
5,19,12,-29,255,255,32769,61440,0,0,0
5,55,51,-29,255,255,32769,61440,0,0,0
5,57,56,-29,255,255,32769,32769,0,0,0
5,104,103,-29,255,255,32769,32769,0,0,0
5,104,105,-29,255,255,32769,32769,0,0,0
5,104,92,-29,255,255,32769,32769,0,0,0
5,104,80,-29,255,255,32769,32769,0,0,0
5,104,68,-29,255,255,32769,32769,0,0,0
5,104,56,-29,255,255,32769,32769,0,0,0
6,54,56,-1,255,255,32768,32768,0,0,0
7,57,56,-1,255,255,32769,32991,0,0,0
7,69,56,-1,255,255,32769,32887,0,0,0
7,45,56,-1,255,255,32769,32884,0,0,0
7,55,48,-1,255,255,32769,32884,0,0,0
6,54,56,2,255,255,32768,32768,0,0,0
7,57,56,-1,255,255,32769,32991,0,0,0
7,69,56,-1,255,255,32769,32887,0,0,0
7,45,56,-1,255,255,32769,32884,0,0,0
7,55,48,-1,255,255,32769,32884,0,0,0
6,14,21,2,255,255,32768,32768,0,0,0
7,9,21,-1,255,255,32769,32862,0,0,0
8,54,56,1,255,255,32768,32745,0,255,255
9,57,56,-1,255,255,32769,32968,0,255,255
9,69,56,-1,255,255,32769,32864,0,255,255
9,45,56,-1,255,255,32769,32861,0,255,255
9,55,48,1,255,255,32769,32861,0,255,255
6,54,102,2,255,255,32768,32768,0,0,0
7,55,48,-1,255,255,32769,32770,0,0,0
6,54,6,2,255,255,32768,32768,0,0,0
7,9,6,-1,255,255,32769,32770,0,0,0
2,14,21,2,255,255,32768,32768,0,84,74
3,9,21,-1,255,255,32769,61440,0,105,93
4,90,54,2,255,255,32768,32733,0,255,255
5,55,51,-29,255,255,32769,61440,0,0,0
6,54,102,2,255,255,32768,32745,0,0,0
6,54,6,2,255,255,32768,32747,0,0,0
2,90,54,2,255,255,32768,32768,0,84,74
3,105,104,-32,255,255,32769,61440,0,105,93
3,19,12,-29,255,255,32769,61440,0,105,93
3,55,51,-29,255,255,32769,61440,0,105,93
4,14,21,2,255,255,32768,4096,0,255,255
5,9,21,-1,255,255,32769,32862,0,0,0
6,54,102,2,255,255,32768,32745,0,0,0
6,54,6,2,255,255,32768,32747,0,0,0
4,54,102,2,255,255,32768,32747,0,255,255
5,105,102,-1,255,255,32769,32770,0,0,0
6,14,21,2,255,255,32768,32655,0,0,0
4,54,6,2,255,255,32768,32749,0,255,255
5,9,6,-1,255,255,32769,32770,0,0,0
6,14,21,2,255,255,32768,32655,0,0,0
4,48,49,2,255,255,32768,32749,0,255,255
4,96,97,2,255,255,32768,32766,0,255,255
5,19,12,2,255,255,32769,32777,0,0,0
6,0,12,-1,255,255,32768,32683,0,0,0
5,51,99,2,255,255,32769,32777,0,0,0
5,51,3,2,255,255,32769,32775,0,0,0
3,57,56,-29,255,255,32769,32775,0,105,93
3,105,103,-29,255,255,32769,32775,0,105,93
3,9,8,-29,255,255,32769,32775,0,105,93
3,9,7,-29,255,255,32769,32775,0,105,93
3,55,56,-29,255,255,32769,32775,0,105,93
3,55,43,-29,255,255,32769,32775,0,105,93
4,96,97,0,255,255,32768,4096,0,255,255
5,19,12,2,255,255,32769,32782,0,0,0
6,0,12,-1,255,255,32768,32688,0,0,0
3,55,31,-29,255,255,32769,32775,0,105,93
4,96,97,-1,255,255,32768,4096,0,255,255
5,19,12,2,255,255,32769,32784,0,0,0
6,0,12,-1,255,255,32768,32690,0,0,0
5,31,27,2,255,255,32769,32784,0,0,0
3,55,67,-29,255,255,32769,32775,0,105,93
4,96,97,-1,255,255,32768,4096,0,255,255
5,19,12,2,255,255,32769,32782,0,0,0
6,0,12,-1,255,255,32768,32688,0,0,0
3,55,79,-29,255,255,32769,32775,0,105,93
4,96,97,-1,255,255,32768,4096,0,255,255
5,19,12,2,255,255,32769,32784,0,0,0
6,0,12,-1,255,255,32768,32690,0,0,0
5,79,75,2,255,255,32769,32784,0,0,0
3,55,91,-29,255,255,32769,32775,0,105,93
4,96,97,-1,255,255,32768,4096,0,255,255
5,19,12,2,255,255,32769,32784,0,0,0
6,0,12,-1,255,255,32768,32690,0,0,0
3,55,103,-29,255,255,32769,32775,0,105,93
4,96,97,-1,255,255,32768,4096,0,255,255
5,19,12,2,255,255,32769,32784,0,0,0
6,0,12,-1,255,255,32768,32690,0,0,0
5,103,99,2,255,255,32769,32784,0,0,0
3,19,18,-29,255,255,32769,32775,0,105,93
3,19,17,-29,255,255,32769,32775,0,105,93
3,19,16,-29,255,255,32769,32775,0,105,93
3,19,15,-29,255,255,32769,32775,0,105,93
3,19,20,-29,255,255,32769,32775,0,105,93
3,19,7,-29,255,255,32769,32775,0,105,93
3,19,31,-29,255,255,32769,32775,0,105,93
3,19,43,-29,255,255,32769,32775,0,105,93
3,93,79,-29,255,255,32769,32775,0,105,93
3,93,103,-29,255,255,32769,32775,0,105,93
3,21,7,-29,255,255,32769,32775,0,105,93
3,21,31,-29,255,255,32769,32775,0,105,93
3,69,56,-29,255,255,32769,32775,0,105,93
4,54,56,-1,255,255,32768,4096,0,255,255
5,57,56,-1,255,255,32769,32798,0,0,0
6,14,21,2,255,255,32768,32694,0,0,0
7,9,21,-1,255,255,32769,32788,0,0,0
4,96,97,-1,255,255,32768,32694,0,255,255
5,19,12,2,255,255,32769,32773,0,0,0
6,0,12,-1,255,255,32768,32679,0,0,0
5,55,51,2,255,255,32769,32773,0,0,0
3,45,56,-29,255,255,32769,32773,0,105,93
4,54,56,-1,255,255,32768,4096,0,255,255
5,57,56,-1,255,255,32769,32798,0,0,0
6,14,21,2,255,255,32768,32694,0,0,0
7,9,21,-1,255,255,32769,32788,0,0,0
4,96,97,-1,255,255,32768,32694,0,255,255
5,19,12,2,255,255,32769,32773,0,0,0
6,0,12,-1,255,255,32768,32679,0,0,0
5,55,51,2,255,255,32769,32773,0,0,0
3,81,103,-29,255,255,32769,32773,0,105,93
3,33,7,-29,255,255,32769,32773,0,105,93
3,102,101,-29,255,255,32769,32773,0,105,93
3,78,77,-29,255,255,32769,32773,0,105,93
3,30,29,-29,255,255,32769,32773,0,105,93
3,6,5,-29,255,255,32769,32773,0,105,93
1,91,92,0,255,255,32769,32773,0,93,79
2,96,97,-1,255,255,32768,4096,0,84,74
3,105,104,-1,255,255,32769,61440,0,105,93
4,90,93,2,255,255,32768,32766,0,255,255
5,19,12,2,255,255,32769,32862,0,0,0
6,0,12,-1,255,255,32768,32768,0,0,0
3,92,84,2,255,255,32769,32862,0,105,93
4,14,21,2,255,255,32768,32681,0,255,255
5,9,21,-1,255,255,32769,32775,0,0,0
4,90,54,2,255,255,32768,32681,0,255,255
2,90,54,0,255,255,32768,32690,0,84,74
3,105,104,-1,255,255,32769,61440,0,105,93
4,14,21,2,255,255,32768,32766,0,255,255
5,9,21,-1,255,255,32769,32860,0,0,0
4,54,102,2,255,255,32768,32766,0,255,255
4,54,6,2,255,255,32768,32768,0,255,255
2,90,93,2,255,255,32768,32768,0,84,74
3,105,93,-1,255,255,32769,61440,0,105,93
4,14,21,2,255,255,32768,32745,0,255,255
5,9,21,-1,255,255,32769,32839,0,0,0
2,14,21,2,255,255,32768,32768,0,84,74
3,9,21,-1,255,255,32769,61440,0,105,93
4,90,93,0,255,255,32768,32743,0,255,255
5,105,93,-1,255,255,32769,32839,0,0,0
4,90,54,2,255,255,32768,32743,0,255,255
2,48,49,2,255,255,32768,32768,0,84,74
3,105,104,-1,255,255,32769,61440,0,105,93
4,90,93,0,255,255,32768,32755,0,255,255
5,19,12,2,255,255,32769,32851,0,0,0
6,0,12,-1,255,255,32768,32757,0,0,0
3,92,84,0,255,255,32769,32851,0,105,93
4,96,84,-1,255,255,32768,32670,0,255,255
5,19,12,2,255,255,32769,32787,0,0,0
6,0,12,-1,255,255,32768,32693,0,0,0
3,19,12,2,255,255,32769,32787,0,105,93
4,0,12,-1,255,255,32768,32670,0,255,255
5,92,84,2,255,255,32769,32787,0,0,0
6,96,84,-1,255,255,32768,32693,0,0,0
3,57,56,2,255,255,32769,32787,0,105,93
4,90,93,-1,255,255,32768,32766,0,255,255
5,105,93,-1,255,255,32769,32862,0,0,0
4,14,21,2,255,255,32768,32766,0,255,255
5,9,21,-1,255,255,32769,32860,0,0,0
4,90,54,2,255,255,32768,32766,0,255,255
5,19,12,2,255,255,32769,32775,0,0,0
6,0,12,-1,255,255,32768,32681,0,0,0
3,105,103,2,255,255,32769,32775,0,105,93
4,90,93,-1,255,255,32768,32756,0,255,255
5,19,12,2,255,255,32769,32852,0,0,0
6,0,12,-1,255,255,32768,32758,0,0,0
3,9,8,2,255,255,32769,32775,0,105,93
4,90,93,-1,255,255,32768,32755,0,255,255
5,105,93,-1,255,255,32769,32851,0,0,0
4,90,54,0,255,255,32768,32755,0,255,255
4,14,21,2,255,255,32768,32764,0,255,255
5,92,84,2,255,255,32769,32849,0,0,0
6,96,84,-1,255,255,32768,32755,0,0,0
3,9,7,2,255,255,32769,32775,0,105,93
4,90,93,-1,255,255,32768,32756,0,255,255
5,105,93,-1,255,255,32769,32852,0,0,0
4,14,21,0,255,255,32768,32756,0,255,255
5,92,84,2,255,255,32769,32850,0,0,0
6,96,84,-1,255,255,32768,32756,0,0,0
3,92,91,2,255,255,32769,32775,0,105,93
4,14,21,-1,255,255,32768,32764,0,255,255
5,9,21,-1,255,255,32769,32858,0,0,0
4,90,93,0,255,255,32768,32764,0,255,255
5,105,93,-1,255,255,32769,32860,0,0,0
4,90,54,2,255,255,32768,32764,0,255,255
5,19,12,2,255,255,32769,32773,0,0,0
6,0,12,-1,255,255,32768,32679,0,0,0
3,92,80,2,255,255,32769,32773,0,105,93
4,14,21,-1,255,255,32768,32764,0,255,255
5,9,21,-1,255,255,32769,32858,0,0,0
4,90,54,0,255,255,32768,32764,0,255,255
5,19,12,2,255,255,32769,32773,0,0,0
6,0,12,-1,255,255,32768,32679,0,0,0
5,80,75,2,255,255,32769,32773,0,0,0
3,92,68,2,255,255,32769,32770,0,105,93
4,90,54,-1,255,255,32768,32764,0,255,255
5,19,12,2,255,255,32769,32773,0,0,0
6,0,12,-1,255,255,32768,32679,0,0,0
3,92,56,2,255,255,32769,32770,0,105,93
4,90,54,-1,255,255,32768,32765,0,255,255
5,19,12,-29,255,255,32769,61440,0,0,0
5,56,51,-29,255,255,32769,61440,0,0,0
6,14,21,2,255,255,32768,32766,0,0,0
7,9,21,-1,255,255,32769,32860,0,0,0
6,54,102,2,255,255,32768,32766,0,0,0
6,54,6,2,255,255,32768,32768,0,0,0
4,14,21,0,255,255,32768,32768,0,255,255
5,9,21,-1,255,255,32769,32859,0,0,0
2,96,98,2,255,255,32768,32768,0,84,74
3,105,104,-1,255,255,32769,61440,0,105,93
4,90,54,-1,255,255,32768,32765,0,255,255
5,19,12,2,255,255,32769,32774,0,0,0
6,0,12,-1,255,255,32768,32680,0,0,0
3,92,56,0,255,255,32769,32774,0,105,93
3,92,84,2,255,255,32769,32774,0,105,93
4,90,54,-1,255,255,32768,32680,0,255,255
4,14,21,0,255,255,32768,32689,0,255,255
5,9,21,-1,255,255,32769,32774,0,0,0
2,0,1,2,255,255,32768,32768,0,84,74
3,105,104,-1,255,255,32769,61440,0,105,93
4,90,54,-1,255,255,32768,32766,0,255,255
5,19,12,2,255,255,32769,32775,0,0,0
6,54,102,2,255,255,32768,32681,0,0,0
6,54,6,2,255,255,32768,32683,0,0,0
4,14,21,0,255,255,32768,32766,0,255,255
5,9,21,-1,255,255,32769,32860,0,0,0
4,90,93,2,255,255,32768,32766,0,255,255
5,19,12,0,255,255,32769,32862,0,0,0
6,93,69,2,255,255,32768,32768,0,0,0
7,57,69,-1,255,255,32769,32804,0,0,0
2,0,2,2,255,255,32768,32768,0,84,74
3,105,104,-1,255,255,32769,61440,0,105,93
4,90,54,-1,255,255,32768,32765,0,255,255
5,19,12,-1,255,255,32769,32774,0,0,0
6,54,102,2,255,255,32768,32680,0,0,0
6,54,6,2,255,255,32768,32682,0,0,0
4,14,21,0,255,255,32768,32765,0,255,255
5,9,21,-1,255,255,32769,32859,0,0,0
4,90,93,2,255,255,32768,32765,0,255,255
5,19,12,-1,255,255,32769,32861,0,0,0
6,93,69,2,255,255,32768,32767,0,0,0
7,57,69,-1,255,255,32769,32803,0,0,0
2,90,89,2,255,255,32768,32768,0,84,74
3,105,104,-1,255,255,32769,61440,0,105,93
4,14,21,0,255,255,32768,32757,0,255,255
5,9,21,-1,255,255,32769,32851,0,0,0
4,89,93,2,255,255,32768,32757,0,255,255
5,19,12,-1,255,255,32769,32853,0,0,0
6,0,12,-1,255,255,32768,32759,0,0,0
3,92,84,0,255,255,32769,32853,0,105,93
4,96,84,-1,255,255,32768,32672,0,255,255
5,19,12,-1,255,255,32769,32789,0,0,0
6,0,12,-1,255,255,32768,32695,0,0,0
3,19,12,2,255,255,32769,32789,0,105,93
4,0,12,-1,255,255,32768,32672,0,255,255
5,92,84,2,255,255,32769,32789,0,0,0
6,96,84,-1,255,255,32768,32695,0,0,0
3,57,56,2,255,255,32769,32789,0,105,93
4,89,93,0,255,255,32768,32768,0,255,255
5,105,93,-1,255,255,32769,32864,0,0,0
4,14,21,2,255,255,32768,32768,0,255,255
5,9,21,-1,255,255,32769,32862,0,0,0
2,90,88,2,255,255,32768,32768,0,84,74
3,105,104,-1,255,255,32769,61440,0,105,93
4,88,93,2,255,255,32768,32758,0,255,255
5,19,12,-1,255,255,32769,32853,0,0,0
6,0,12,-1,255,255,32768,32759,0,0,0
3,57,56,0,255,255,32769,32853,0,105,93
3,92,84,2,255,255,32769,32769,0,105,93
4,96,84,-1,255,255,32768,32673,0,255,255
5,19,12,-1,255,255,32769,32790,0,0,0
6,0,12,-1,255,255,32768,32696,0,0,0
3,19,12,2,255,255,32769,32769,0,105,93
4,0,12,-1,255,255,32768,32673,0,255,255
5,92,84,2,255,255,32769,32790,0,0,0
6,96,84,-1,255,255,32768,32696,0,0,0
3,105,103,2,255,255,32769,32769,0,105,93
4,88,93,0,255,255,32768,32759,0,255,255
5,19,12,-1,255,255,32769,32854,0,0,0
6,0,12,-1,255,255,32768,32760,0,0,0
3,9,8,2,255,255,32769,32769,0,105,93
4,88,93,-1,255,255,32768,32758,0,255,255
5,105,93,-1,255,255,32769,32853,0,0,0
4,14,21,2,255,255,32768,32758,0,255,255
5,92,84,2,255,255,32769,32852,0,0,0
6,96,84,-1,255,255,32768,32758,0,0,0
3,9,7,2,255,255,32769,32769,0,105,93
4,88,93,-1,255,255,32768,32759,0,255,255
5,105,93,-1,255,255,32769,32854,0,0,0
4,14,21,0,255,255,32768,32759,0,255,255
5,92,84,2,255,255,32769,32853,0,0,0
6,96,84,-1,255,255,32768,32759,0,0,0
3,92,91,2,255,255,32769,32769,0,105,93
4,14,21,-1,255,255,32768,32767,0,255,255
5,9,21,-1,255,255,32769,32861,0,0,0
4,88,93,0,255,255,32768,32767,0,255,255
5,105,93,-1,255,255,32769,32862,0,0,0
2,90,87,2,255,255,32768,32768,0,84,74
3,105,104,-1,255,255,32769,61440,0,105,93
4,14,21,-1,255,255,32768,32758,0,255,255
5,9,21,-1,255,255,32769,32852,0,0,0
4,87,93,2,255,255,32768,32758,0,255,255
5,19,12,-1,255,255,32769,32853,0,0,0
6,0,12,-1,255,255,32768,32759,0,0,0
3,92,91,0,255,255,32769,32853,0,105,93
4,14,21,-1,255,255,32768,32767,0,255,255
5,9,21,-1,255,255,32769,32861,0,0,0
4,87,93,0,255,255,32768,32767,0,255,255
5,105,93,-1,255,255,32769,32862,0,0,0
2,90,85,2,255,255,32768,32768,0,84,74
3,92,91,-1,255,255,32769,61440,0,105,93
4,14,21,-1,255,255,32768,32768,0,255,255
5,9,21,-1,255,255,32769,32862,0,0,0
4,85,93,2,255,255,32768,32768,0,255,255
5,105,93,-1,255,255,32769,32862,0,0,0
2,90,91,2,255,255,32768,32768,0,84,74
3,105,104,0,255,255,32769,61440,0,105,93
4,14,21,-1,255,255,32768,32757,0,255,255
5,9,21,-1,255,255,32769,32851,0,0,0
4,91,93,2,255,255,32768,32757,0,255,255
5,19,12,-1,255,255,32769,32853,0,0,0
6,0,12,-1,255,255,32768,32759,0,0,0
3,92,84,2,255,255,32769,32853,0,105,93
4,96,84,-1,255,255,32768,32672,0,255,255
5,19,12,-1,255,255,32769,32789,0,0,0
6,0,12,-1,255,255,32768,32695,0,0,0
3,19,12,2,255,255,32769,32789,0,105,93
4,0,12,-1,255,255,32768,32672,0,255,255
5,92,84,2,255,255,32769,32789,0,0,0
6,96,84,-1,255,255,32768,32695,0,0,0
3,57,56,2,255,255,32769,32789,0,105,93
4,14,21,-1,255,255,32768,32768,0,255,255
5,9,21,-1,255,255,32769,32862,0,0,0
4,91,93,0,255,255,32768,32768,0,255,255
5,105,93,-1,255,255,32769,32864,0,0,0
2,14,13,2,255,255,32768,32768,0,84,74
3,92,91,-1,255,255,32769,61440,0,105,93
4,90,93,2,255,255,32768,32766,0,255,255
5,105,93,-1,255,255,32769,32862,0,0,0
4,13,21,2,255,255,32768,32766,0,255,255
5,9,21,-1,255,255,32769,32860,0,0,0
4,90,54,2,255,255,32768,32766,0,255,255
5,19,12,-1,255,255,32769,32775,0,0,0
6,0,12,-1,255,255,32768,32681,0,0,0
3,57,56,0,255,255,32769,32775,0,105,93
4,90,54,0,255,255,32768,32768,0,255,255
5,19,12,-1,255,255,32769,32777,0,0,0
6,0,12,-1,255,255,32768,32683,0,0,0
3,92,84,2,255,255,32769,32775,0,105,93
4,96,84,-1,255,255,32768,32672,0,255,255
5,19,12,-1,255,255,32769,32789,0,0,0
6,0,12,-1,255,255,32768,32695,0,0,0
3,19,12,2,255,255,32769,32775,0,105,93
4,0,12,-1,255,255,32768,32672,0,255,255
5,92,84,2,255,255,32769,32789,0,0,0
6,96,84,-1,255,255,32768,32695,0,0,0
3,105,104,2,255,255,32769,32775,0,105,93
4,90,54,-1,255,255,32768,32757,0,255,255
4,90,93,2,255,255,32768,32766,0,255,255
5,19,12,-1,255,255,32769,32853,0,0,0
6,0,12,-1,255,255,32768,32759,0,0,0
3,105,103,2,255,255,32769,32775,0,105,93
4,90,54,-1,255,255,32768,32758,0,255,255
4,90,93,0,255,255,32768,32767,0,255,255
5,19,12,-1,255,255,32769,32854,0,0,0
6,0,12,-1,255,255,32768,32760,0,0,0
3,9,8,2,255,255,32769,32775,0,105,93
4,90,93,-1,255,255,32768,32757,0,255,255
5,105,93,-1,255,255,32769,32853,0,0,0
4,90,54,0,255,255,32768,32757,0,255,255
4,13,21,2,255,255,32768,32766,0,255,255
5,92,84,2,255,255,32769,32851,0,0,0
6,96,84,-1,255,255,32768,32757,0,0,0
3,9,7,2,255,255,32769,32775,0,105,93
4,90,93,-1,255,255,32768,32758,0,255,255
5,105,93,-1,255,255,32769,32854,0,0,0
4,13,21,0,255,255,32768,32758,0,255,255
5,92,84,2,255,255,32769,32852,0,0,0
6,96,84,-1,255,255,32768,32758,0,0,0
3,92,80,2,255,255,32769,32775,0,105,93
4,13,21,-1,255,255,32768,32766,0,255,255
5,9,21,-1,255,255,32769,32860,0,0,0
4,90,54,2,255,255,32768,32766,0,255,255
5,19,12,-1,255,255,32769,32775,0,0,0
6,0,12,-1,255,255,32768,32681,0,0,0
5,80,75,2,255,255,32769,32775,0,0,0
3,92,68,2,255,255,32769,32772,0,105,93
4,13,21,-1,255,255,32768,32766,0,255,255
5,9,21,-1,255,255,32769,32860,0,0,0
4,90,54,0,255,255,32768,32766,0,255,255
5,19,12,-1,255,255,32769,32775,0,0,0
6,0,12,-1,255,255,32768,32681,0,0,0
3,92,56,2,255,255,32769,32772,0,105,93
4,90,54,-1,255,255,32768,32767,0,255,255
5,19,12,-32,255,255,32769,61440,0,0,0
5,56,51,-29,255,255,32769,61440,0,0,0
6,13,21,2,255,255,32768,32768,0,0,0
7,9,21,-1,255,255,32769,32862,0,0,0
6,54,102,2,255,255,32768,32768,0,0,0
7,105,102,-1,255,255,32769,32770,0,0,0
6,54,6,2,255,255,32768,32768,0,0,0
7,9,6,-1,255,255,32769,32770,0,0,0
4,13,21,0,255,255,32768,32768,0,255,255
5,9,21,-1,255,255,32769,32861,0,0,0
2,14,15,2,255,255,32768,32768,0,84,74
3,92,91,-1,255,255,32769,61440,0,105,93
4,90,54,-1,255,255,32768,32765,0,255,255
5,19,12,-1,255,255,32769,32774,0,0,0
6,0,12,-1,255,255,32768,32680,0,0,0
3,92,56,0,255,255,32769,32774,0,105,93
4,90,54,-1,255,255,32768,32766,0,255,255
5,19,12,-32,255,255,32769,61440,0,0,0
5,56,51,-29,255,255,32769,61440,0,0,0
6,15,51,-1,255,255,32768,32767,0,0,0
7,57,56,-29,255,255,32769,61440,0,0,0
7,105,104,-29,255,255,32769,61440,0,0,0
7,105,103,-29,255,255,32769,61440,0,0,0
7,9,8,-29,255,255,32769,61440,0,0,0
7,9,7,-29,255,255,32769,61440,0,0,0
7,19,18,-29,255,255,32769,61440,0,0,0
7,19,17,-29,255,255,32769,61440,0,0,0
7,19,16,-29,255,255,32769,61440,0,0,0
7,19,15,-29,255,255,32769,61440,0,0,0
7,19,14,-29,255,255,32769,61440,0,0,0
7,19,13,-29,255,255,32769,61440,0,0,0
7,19,20,-29,255,255,32769,61440,0,0,0
7,19,7,-29,255,255,32769,61440,0,0,0
7,19,31,-29,255,255,32769,61440,0,0,0
7,19,43,-29,255,255,32769,61440,0,0,0
7,19,55,-29,255,255,32769,61440,0,0,0
7,19,67,-29,255,255,32769,32870,0,0,0
7,19,79,-29,255,255,32769,32870,0,0,0
7,19,91,-29,255,255,32769,32870,0,0,0
7,19,103,-29,255,255,32769,32870,0,0,0
7,93,79,-29,255,255,32769,32870,0,0,0
7,93,103,-29,255,255,32769,32870,0,0,0
7,21,7,-29,255,255,32769,32870,0,0,0
7,21,31,-29,255,255,32769,32870,0,0,0
7,69,56,-29,255,255,32769,32870,0,0,0
7,45,56,-29,255,255,32769,32870,0,0,0
7,81,55,-29,255,255,32769,32870,0,0,0
7,81,103,-29,255,255,32769,32870,0,0,0
7,33,7,-29,255,255,32769,32870,0,0,0
7,33,55,-29,255,255,32769,32870,0,0,0
7,102,101,-29,255,255,32769,32870,0,0,0
7,78,77,-29,255,255,32769,32870,0,0,0
7,30,29,-29,255,255,32769,32870,0,0,0
7,6,5,-29,255,255,32769,32870,0,0,0
5,105,104,-29,255,255,32769,32870,0,0,0
5,105,103,-29,255,255,32769,32870,0,0,0
5,9,8,-29,255,255,32769,32870,0,0,0
5,9,7,-29,255,255,32769,32870,0,0,0
5,56,55,-29,255,255,32769,32870,0,0,0
5,56,44,-29,255,255,32769,32870,0,0,0
5,56,32,-29,255,255,32769,32774,0,0,0
5,56,20,-29,255,255,32769,32774,0,0,0
5,56,8,-29,255,255,32769,32774,0,0,0
5,56,68,-29,255,255,32769,32774,0,0,0
5,56,80,-29,255,255,32769,32774,0,0,0
5,56,92,-29,255,255,32769,32774,0,0,0
5,56,104,-29,255,255,32769,32774,0,0,0
5,19,18,-29,255,255,32769,32774,0,0,0
5,19,17,-29,255,255,32769,32774,0,0,0
5,19,16,-29,255,255,32769,32774,0,0,0
5,19,20,-29,255,255,32769,32774,0,0,0
5,19,7,-29,255,255,32769,32774,0,0,0
5,19,31,-29,255,255,32769,32774,0,0,0
5,19,43,-29,255,255,32769,32774,0,0,0
5,19,55,-29,255,255,32769,32774,0,0,0
6,54,56,2,255,255,32768,32765,0,0,0
7,57,56,-1,255,255,32769,32869,0,0,0
6,54,102,2,255,255,32768,32765,0,0,0
6,54,6,2,255,255,32768,32767,0,0,0
4,15,21,2,255,255,32768,32767,0,255,255
5,9,21,-1,255,255,32769,32861,0,0,0
2,14,16,2,255,255,32768,32768,0,84,74
3,92,56,-1,255,255,32769,61440,0,105,93
4,90,54,-1,255,255,32768,32766,0,255,255
5,19,12,-32,255,255,32769,61440,0,0,0
5,56,51,-29,255,255,32769,61440,0,0,0
6,16,21,2,255,255,32768,32767,0,0,0
7,9,21,-1,255,255,32769,32862,0,0,0
6,54,102,2,255,255,32768,32767,0,0,0
7,105,102,-1,255,255,32769,32769,0,0,0
6,54,6,2,255,255,32768,32767,0,0,0
7,9,6,-1,255,255,32769,32769,0,0,0
4,16,21,2,255,255,32768,32767,0,255,255
5,9,21,-1,255,255,32769,32861,0,0,0
2,14,17,2,255,255,32768,32768,0,84,74
3,92,56,-1,255,255,32769,61440,0,105,93
4,90,54,-1,255,255,32768,32765,0,255,255
5,19,12,-32,255,255,32769,61440,0,0,0
5,56,51,-29,255,255,32769,61440,0,0,0
6,17,21,2,255,255,32768,32766,0,0,0
7,9,21,-1,255,255,32769,32862,0,0,0
6,54,102,2,255,255,32768,32766,0,0,0
6,54,6,2,255,255,32768,32768,0,0,0
4,17,21,2,255,255,32768,32768,0,255,255
5,9,21,-1,255,255,32769,32861,0,0,0
2,14,18,2,255,255,32768,32768,0,84,74
3,92,56,-1,255,255,32769,61440,0,105,93
4,90,54,-1,255,255,32768,32765,0,255,255
5,19,12,-32,255,255,32769,61440,0,0,0
5,56,51,-29,255,255,32769,61440,0,0,0
6,18,21,2,255,255,32768,32766,0,0,0
7,9,21,-1,255,255,32769,32862,0,0,0
6,54,102,2,255,255,32768,32766,0,0,0
4,18,21,2,255,255,32768,32768,0,255,255
5,9,21,-1,255,255,32769,32861,0,0,0
4,18,54,2,255,255,32768,32768,0,255,255
5,56,51,-29,255,255,32769,61440,0,0,0
6,54,6,2,255,255,32768,32766,0,0,0
2,14,2,2,255,255,32768,32768,0,84,74
3,92,56,-1,255,255,32769,61440,0,105,93
4,90,54,-1,255,255,32768,32767,0,255,255
5,56,51,-29,255,255,32769,61440,0,0,0
6,54,102,2,255,255,32768,32768,0,0,0
7,105,102,-1,255,255,32769,32770,0,0,0
6,2,6,2,255,255,32768,32768,0,0,0
7,9,6,-1,255,255,32769,32771,0,0,0
8,54,6,-1,255,255,32768,32656,0,255,255
7,51,99,2,255,255,32769,32771,0,0,0
7,51,3,2,255,255,32769,32769,0,0,0
5,105,104,-29,255,255,32769,32769,0,0,0
5,105,103,-29,255,255,32769,32769,0,0,0
5,9,8,-29,255,255,32769,32769,0,0,0
5,9,7,-29,255,255,32769,32769,0,0,0
5,56,55,-29,255,255,32769,32769,0,0,0
5,56,44,-29,255,255,32769,32769,0,0,0
5,56,32,-29,255,255,32769,32769,0,0,0
5,56,20,-29,255,255,32769,32769,0,0,0
5,56,8,-29,255,255,32769,32769,0,0,0
5,56,68,-29,255,255,32769,32769,0,0,0
5,56,80,-29,255,255,32769,32769,0,0,0
5,56,92,-29,255,255,32769,32769,0,0,0
5,56,104,-29,255,255,32769,32769,0,0,0
5,19,18,-29,255,255,32769,32769,0,0,0
5,19,17,-29,255,255,32769,32769,0,0,0
5,19,16,-29,255,255,32769,32769,0,0,0
5,19,15,-29,255,255,32769,32769,0,0,0
5,19,14,-29,255,255,32769,32769,0,0,0
5,19,13,-29,255,255,32769,32769,0,0,0
5,19,20,-29,255,255,32769,32769,0,0,0
5,19,7,-29,255,255,32769,32769,0,0,0
5,19,31,-29,255,255,32769,32769,0,0,0
5,19,43,-29,255,255,32769,32769,0,0,0
5,19,55,-29,255,255,32769,32769,0,0,0
6,2,6,0,255,255,32768,32766,0,0,0
7,9,6,-1,255,255,32769,32769,0,0,0
8,54,6,-1,255,255,32768,32654,0,255,255
9,55,48,1,255,255,32769,32879,0,255,255
8,54,6,1,255,255,32768,32654,0,255,255
9,55,48,1,255,255,32769,32879,0,255,255
6,54,56,2,255,255,32768,32766,0,0,0
7,57,56,-1,255,255,32769,32870,0,0,0
6,54,102,2,255,255,32768,32766,0,0,0
6,54,6,2,255,255,32768,32768,0,0,0
4,2,6,2,255,255,32768,32768,0,255,255
5,9,6,-1,255,255,32769,32770,0,0,0
2,14,26,2,255,255,32768,32768,0,84,74
3,92,56,-1,255,255,32769,61440,0,105,93
4,90,54,-1,255,255,32768,32767,0,255,255
5,56,51,-29,255,255,32769,61440,0,0,0
6,54,102,2,255,255,32768,32768,0,0,0
7,105,102,-1,255,255,32769,32770,0,0,0
6,26,30,2,255,255,32768,32768,0,0,0
7,51,99,2,255,255,32769,32771,0,0,0
7,51,3,2,255,255,32769,32769,0,0,0
5,105,104,-29,255,255,32769,32769,0,0,0
5,105,103,-29,255,255,32769,32769,0,0,0
5,9,8,-29,255,255,32769,32769,0,0,0
5,9,7,-29,255,255,32769,32769,0,0,0
5,56,55,-29,255,255,32769,32769,0,0,0
5,56,44,-29,255,255,32769,32769,0,0,0
5,56,32,-29,255,255,32769,32769,0,0,0
5,56,20,-29,255,255,32769,32769,0,0,0
5,56,8,-29,255,255,32769,32769,0,0,0
5,56,68,-29,255,255,32769,32769,0,0,0
5,56,80,-29,255,255,32769,32769,0,0,0
5,56,92,-29,255,255,32769,32769,0,0,0
5,56,104,-29,255,255,32769,32769,0,0,0
5,19,18,-29,255,255,32769,32769,0,0,0
5,19,17,-29,255,255,32769,32769,0,0,0
5,19,16,-29,255,255,32769,32769,0,0,0
5,19,15,-29,255,255,32769,32769,0,0,0
5,19,14,-29,255,255,32769,32769,0,0,0
5,19,13,-29,255,255,32769,32769,0,0,0
5,19,20,-29,255,255,32769,32769,0,0,0
5,19,7,-29,255,255,32769,32769,0,0,0
5,19,31,-29,255,255,32769,32769,0,0,0
5,19,43,-29,255,255,32769,32769,0,0,0
5,19,55,-29,255,255,32769,32769,0,0,0
6,26,30,0,255,255,32768,32766,0,0,0
7,55,51,2,255,255,32769,32769,0,0,0
5,19,67,-29,255,255,32769,32769,0,0,0
5,19,79,-29,255,255,32769,32769,0,0,0
5,19,91,-29,255,255,32769,32769,0,0,0
5,19,103,-29,255,255,32769,32769,0,0,0
5,93,79,-29,255,255,32769,32769,0,0,0
5,93,103,-29,255,255,32769,32769,0,0,0
5,21,7,-29,255,255,32769,32769,0,0,0
5,21,31,-29,255,255,32769,32769,0,0,0
5,81,55,-29,255,255,32769,32769,0,0,0
5,81,103,-29,255,255,32769,32769,0,0,0
5,33,7,-29,255,255,32769,32769,0,0,0
5,33,55,-29,255,255,32769,32769,0,0,0
5,102,101,-29,255,255,32769,32769,0,0,0
5,78,77,-29,255,255,32769,32769,0,0,0
5,30,29,-29,255,255,32769,32769,0,0,0
5,6,5,-29,255,255,32769,32769,0,0,0
3,92,91,0,255,255,32769,32769,0,105,93
4,90,54,-1,255,255,32768,32766,0,255,255
3,92,84,2,255,255,32769,32769,0,105,93
4,96,84,-1,255,255,32768,32672,0,255,255
3,57,56,2,255,255,32769,32769,0,105,93
4,90,54,-1,255,255,32768,32768,0,255,255
3,105,104,2,255,255,32769,32769,0,105,93
4,90,54,-1,255,255,32768,32757,0,255,255
4,90,93,2,255,255,32768,32766,0,255,255
3,105,103,2,255,255,32769,32769,0,105,93
4,90,54,-1,255,255,32768,32758,0,255,255
4,90,93,0,255,255,32768,32767,0,255,255
3,9,8,2,255,255,32769,32769,0,105,93
4,90,93,-1,255,255,32768,32757,0,255,255
5,105,93,-1,255,255,32769,32853,0,0,0
6,26,30,-1,255,255,32768,32736,0,0,0
4,90,54,0,255,255,32768,32757,0,255,255
4,26,30,2,255,255,32768,32766,0,255,255
2,14,38,2,255,255,32768,32768,0,84,74
3,92,56,-1,255,255,32769,61440,0,105,93
3,9,8,0,255,255,32769,32769,0,105,93
4,90,93,-1,255,255,32768,32759,0,255,255
5,105,93,-1,255,255,32769,32855,0,0,0
4,90,54,0,255,255,32768,32759,0,255,255
2,14,50,2,255,255,32768,32768,0,84,74
3,9,8,-1,255,255,32769,61440,0,105,93
4,90,93,-1,255,255,32768,32767,0,255,255
5,105,93,-1,255,255,32769,32863,0,0,0
4,90,54,0,255,255,32768,32767,0,255,255
3,92,56,0,255,255,32769,32776,0,105,93
3,92,84,2,255,255,32769,32776,0,105,93
4,96,84,-1,255,255,32768,32682,0,255,255
3,57,56,2,255,255,32769,32776,0,105,93
3,105,104,2,255,255,32769,32776,0,105,93
4,90,54,-1,255,255,32768,32767,0,255,255
3,105,103,2,255,255,32769,32776,0,105,93
4,90,54,-1,255,255,32768,32768,0,255,255
3,9,7,2,255,255,32769,32776,0,105,93
4,90,54,-1,255,255,32768,32768,0,255,255
3,92,91,2,255,255,32769,32776,0,105,93
3,92,80,2,255,255,32769,32776,0,105,93
3,92,68,2,255,255,32769,32776,0,105,93
3,92,44,2,255,255,32769,32776,0,105,93
3,92,32,2,255,255,32769,32776,0,105,93
3,92,20,2,255,255,32769,32776,0,105,93
3,92,8,2,255,255,32769,32776,0,105,93
3,92,104,2,255,255,32769,32776,0,105,93
3,19,18,2,255,255,32769,32776,0,105,93
3,19,17,2,255,255,32769,32776,0,105,93
3,19,16,2,255,255,32769,32776,0,105,93
3,19,15,2,255,255,32769,32776,0,105,93
3,19,14,2,255,255,32769,32776,0,105,93
3,19,13,2,255,255,32769,32776,0,105,93
3,19,20,2,255,255,32769,32776,0,105,93
3,19,7,2,255,255,32769,32776,0,105,93
3,19,31,2,255,255,32769,32776,0,105,93
3,19,43,2,255,255,32769,32776,0,105,93
3,19,55,2,255,255,32769,32774,0,105,93
4,90,54,-1,255,255,32768,32766,0,255,255
5,55,51,-29,255,255,32769,61440,0,0,0
6,54,102,-29,255,255,32768,4096,0,0,0
6,54,6,-29,255,255,32768,4096,0,0,0
6,48,49,-29,255,255,32768,4096,0,0,0
6,96,97,-29,255,255,32768,4096,0,0,0
6,96,98,-29,255,255,32768,4096,0,0,0
6,0,1,-29,255,255,32768,4096,0,0,0
6,0,2,-29,255,255,32768,4096,0,0,0
6,54,53,-29,255,255,32768,4096,0,0,0
6,54,52,-29,255,255,32768,4096,0,0,0
6,54,55,-29,255,255,32768,4096,0,0,0
6,54,56,-29,255,255,32768,4096,0,0,0
6,54,42,-29,255,255,32768,4096,0,0,0
6,54,66,-29,255,255,32768,4096,0,0,0
6,50,49,-29,255,255,32768,4096,0,0,0
6,50,38,-29,255,255,32768,4096,0,0,0
7,51,99,2,255,255,32769,32770,0,0,0
8,96,99,-1,255,255,32768,32768,0,255,255
7,51,3,2,255,255,32769,32770,0,0,0
8,0,3,-1,255,255,32768,32768,0,255,255
5,57,56,-29,255,255,32769,32770,0,0,0
5,105,104,-29,255,255,32769,32770,0,0,0
5,105,103,-29,255,255,32769,32770,0,0,0
5,9,8,-29,255,255,32769,32770,0,0,0
5,9,7,-29,255,255,32769,32770,0,0,0
5,92,91,-29,255,255,32769,32770,0,0,0
5,92,90,-29,255,255,32769,32770,0,0,0
5,92,89,-29,255,255,32769,32770,0,0,0
5,92,88,-29,255,255,32769,32770,0,0,0
5,92,87,-29,255,255,32769,32770,0,0,0
5,92,86,-29,255,255,32769,32770,0,0,0
5,92,85,-29,255,255,32769,32770,0,0,0
5,92,80,-29,255,255,32769,32770,0,0,0
5,92,68,-29,255,255,32769,32770,0,0,0
5,92,56,-29,255,255,32769,32770,0,0,0
5,92,44,-29,255,255,32769,32770,0,0,0
5,92,32,-29,255,255,32769,32770,0,0,0
5,92,20,-29,255,255,32769,32770,0,0,0
5,92,8,-29,255,255,32769,32770,0,0,0
5,92,104,-29,255,255,32769,32770,0,0,0
5,55,56,-29,255,255,32769,32770,0,0,0
5,55,43,-29,255,255,32769,32770,0,0,0
5,55,31,-29,255,255,32769,32770,0,0,0
5,55,19,-29,255,255,32769,32770,0,0,0
5,55,7,-29,255,255,32769,32770,0,0,0
5,55,67,-29,255,255,32769,32770,0,0,0
5,55,79,-29,255,255,32769,32770,0,0,0
5,55,91,-29,255,255,32769,32770,0,0,0
5,55,103,-29,255,255,32769,32770,0,0,0
5,21,7,-29,255,255,32769,32770,0,0,0
5,21,31,-29,255,255,32769,32770,0,0,0
5,69,56,-29,255,255,32769,32770,0,0,0
5,45,56,-29,255,255,32769,32770,0,0,0
5,33,7,-29,255,255,32769,32770,0,0,0
5,102,101,-29,255,255,32769,32770,0,0,0
5,78,77,-29,255,255,32769,32770,0,0,0
5,30,29,-29,255,255,32769,32770,0,0,0
5,6,5,-29,255,255,32769,32770,0,0,0
3,19,67,2,255,255,32769,32770,0,105,93
3,19,79,2,255,255,32769,32770,0,105,93
3,19,91,2,255,255,32769,32770,0,105,93
3,19,103,2,255,255,32769,32770,0,105,93
3,21,7,2,255,255,32769,32770,0,105,93
4,90,54,-1,255,255,32768,32768,0,255,255
3,21,31,2,255,255,32769,32770,0,105,93
4,90,54,-1,255,255,32768,32766,0,255,255
5,31,54,-1,255,255,32769,32775,0,0,0
6,50,54,-1,255,255,32768,32659,0,0,0
4,90,93,0,255,255,32768,32766,0,255,255
5,105,93,-1,255,255,32769,32862,0,0,0
4,50,54,2,255,255,32768,32766,0,255,255
2,14,62,2,255,255,32768,32768,0,84,74
3,9,8,-1,255,255,32769,61440,0,105,93
4,90,54,-1,255,255,32768,32759,0,255,255
4,90,93,0,255,255,32768,32768,0,255,255
5,105,93,-1,255,255,32769,32855,0,0,0
2,14,74,2,255,255,32768,32768,0,84,74
3,9,8,-1,255,255,32769,61440,0,105,93
4,90,54,-1,255,255,32768,32757,0,255,255
4,90,93,0,255,255,32768,32766,0,255,255
5,105,93,-1,255,255,32769,32853,0,0,0
4,74,78,2,255,255,32768,32766,0,255,255
2,14,86,2,255,255,32768,32768,0,84,74
3,92,86,-1,255,255,32769,61440,0,105,93
4,90,54,-1,255,255,32768,32659,0,255,255
2,14,98,2,255,255,32768,32768,0,84,74
3,9,8,-1,255,255,32769,61440,0,105,93
4,90,54,-1,255,255,32768,32757,0,255,255
4,90,93,0,255,255,32768,32766,0,255,255
5,105,93,-1,255,255,32769,32853,0,0,0
4,98,102,2,255,255,32768,32766,0,255,255
2,84,74,2,255,255,32768,32768,0,84,74
3,9,8,-1,255,255,32769,61440,0,105,93
4,90,54,-1,255,255,32768,32767,0,255,255
5,19,12,-1,255,255,32769,32776,0,0,0
6,0,12,-1,255,255,32768,32682,0,0,0
3,21,31,0,255,255,32769,32776,0,105,93
4,90,54,-1,255,255,32768,32766,0,255,255
5,31,54,-1,255,255,32769,32775,0,0,0
4,90,93,0,255,255,32768,32766,0,255,255
5,105,93,-1,255,255,32769,32862,0,0,0
2,84,98,2,255,255,32768,32768,0,84,74
3,21,31,-1,255,255,32769,61440,0,105,93
4,90,54,-1,255,255,32768,32764,0,255,255
5,31,54,-1,255,255,32769,32773,0,0,0
4,90,93,0,255,255,32768,32764,0,255,255
5,105,93,-1,255,255,32769,32860,0,0,0
2,12,2,2,255,255,32768,32768,0,84,74
3,21,31,-1,255,255,32769,61440,0,105,93
4,90,54,-1,255,255,32768,32764,0,255,255
5,31,54,-1,255,255,32769,32773,0,0,0
4,90,93,0,255,255,32768,32764,0,255,255
5,105,93,-1,255,255,32769,32860,0,0,0
2,12,26,2,255,255,32768,32768,0,84,74
3,21,31,-1,255,255,32769,61440,0,105,93
4,90,54,-1,255,255,32768,32766,0,255,255
5,31,54,-1,255,255,32769,32775,0,0,0
4,90,93,0,255,255,32768,32766,0,255,255
5,105,93,-1,255,255,32769,32862,0,0,0
2,60,49,2,255,255,32768,32768,0,84,74
3,21,31,-1,255,255,32769,61440,0,105,93
4,90,54,-1,255,255,32768,32757,0,255,255
4,90,93,0,255,255,32768,32766,0,255,255
5,105,93,-1,255,255,32769,32853,0,0,0
2,36,49,2,255,255,32768,32768,0,84,74
3,21,31,-1,255,255,32769,61440,0,105,93
4,90,54,-1,255,255,32768,32757,0,255,255
4,90,93,0,255,255,32768,32766,0,255,255
5,105,93,-1,255,255,32769,32853,0,0,0
2,72,50,2,255,255,32768,32768,0,84,74
3,21,31,-1,255,255,32769,61440,0,105,93
4,90,54,-1,255,255,32768,32757,0,255,255
4,90,93,0,255,255,32768,32766,0,255,255
5,105,93,-1,255,255,32769,32853,0,0,0
2,72,98,2,255,255,32768,32768,0,84,74
3,21,31,-1,255,255,32769,61440,0,105,93
4,90,54,-1,255,255,32768,32755,0,255,255
4,90,93,0,255,255,32768,32764,0,255,255
5,105,93,-1,255,255,32769,32851,0,0,0
2,24,2,2,255,255,32768,32768,0,84,74
3,21,31,-1,255,255,32769,61440,0,105,93
4,90,54,-1,255,255,32768,32755,0,255,255
4,90,93,0,255,255,32768,32764,0,255,255
5,105,93,-1,255,255,32769,32851,0,0,0
2,24,50,2,255,255,32768,32768,0,84,74
3,21,31,-1,255,255,32769,61440,0,105,93
4,90,54,-1,255,255,32768,32757,0,255,255
4,90,93,0,255,255,32768,32766,0,255,255
5,105,93,-1,255,255,32769,32853,0,0,0
2,99,100,2,255,255,32768,32768,0,84,74
3,21,31,-1,255,255,32769,61440,0,105,93
4,90,54,-1,255,255,32768,32757,0,255,255
4,90,93,0,255,255,32768,32766,0,255,255
5,105,93,-1,255,255,32769,32853,0,0,0
2,75,76,2,255,255,32768,32768,0,84,74
3,21,31,-1,255,255,32769,61440,0,105,93
4,90,54,-1,255,255,32768,32757,0,255,255
4,90,93,0,255,255,32768,32766,0,255,255
5,105,93,-1,255,255,32769,32853,0,0,0
2,51,52,2,255,255,32768,32768,0,84,74
3,21,31,-1,255,255,32769,61440,0,105,93
4,90,54,-1,255,255,32768,32757,0,255,255
4,90,93,0,255,255,32768,32766,0,255,255
5,105,93,-1,255,255,32769,32853,0,0,0
2,27,28,2,255,255,32768,32768,0,84,74
3,21,31,-1,255,255,32769,61440,0,105,93
4,90,54,-1,255,255,32768,32757,0,255,255
4,90,93,0,255,255,32768,32766,0,255,255
5,105,93,-1,255,255,32769,32853,0,0,0
2,3,4,2,255,255,32768,32768,0,84,74
3,21,31,-1,255,255,32769,61440,0,105,93
4,90,54,-1,255,255,32768,32757,0,255,255
4,90,93,0,255,255,32768,32766,0,255,255
5,105,93,-1,255,255,32769,32853,0,0,0
0,86,93,-1,86,50,32768,32768,0,86,50
1,105,93,-1,255,255,32769,61440,0,93,79
2,96,97,-1,255,255,32768,4096,0,84,74
3,21,31,-1,255,255,32769,61440,0,105,93
2,14,21,2,255,255,32768,32744,0,84,74
3,9,21,-1,255,255,32769,61440,0,105,93
2,48,49,2,255,255,32768,32744,0,84,74
3,21,31,-1,255,255,32769,61440,0,105,93
2,96,98,2,255,255,32768,32744,0,84,74
3,21,31,-1,255,255,32769,61440,0,105,93
2,0,1,2,255,255,32768,32744,0,84,74
3,21,31,-1,255,255,32769,61440,0,105,93
2,0,2,2,255,255,32768,32744,0,84,74
3,21,31,-1,255,255,32769,61440,0,105,93
2,14,13,2,255,255,32768,32744,0,84,74
3,21,31,-1,255,255,32769,61440,0,105,93
2,14,15,2,255,255,32768,32744,0,84,74
3,21,31,-1,255,255,32769,61440,0,105,93
2,14,16,2,255,255,32768,32744,0,84,74
3,21,31,-1,255,255,32769,61440,0,105,93
2,14,17,2,255,255,32768,32744,0,84,74
3,21,31,-1,255,255,32769,61440,0,105,93
2,14,18,2,255,255,32768,32744,0,84,74
3,21,31,-1,255,255,32769,61440,0,105,93
4,18,54,2,255,255,32768,32733,0,255,255
2,14,2,2,255,255,32768,32744,0,84,74
3,21,31,-1,255,255,32769,61440,0,105,93
4,2,6,2,255,255,32768,32735,0,255,255
2,14,26,2,255,255,32768,32744,0,84,74
3,21,31,-1,255,255,32769,61440,0,105,93
4,26,30,2,255,255,32768,32735,0,255,255
2,14,38,2,255,255,32768,32744,0,84,74
3,21,31,-1,255,255,32769,61440,0,105,93
2,14,50,2,255,255,32768,32744,0,84,74
3,21,31,-1,255,255,32769,61440,0,105,93
4,50,54,2,255,255,32768,32745,0,255,255
2,14,62,2,255,255,32768,32745,0,84,74
3,21,31,-1,255,255,32769,61440,0,105,93
2,14,74,2,255,255,32768,32745,0,84,74
3,21,31,-1,255,255,32769,61440,0,105,93
4,74,78,2,255,255,32768,32735,0,255,255
2,14,86,2,255,255,32768,32745,0,84,74
3,21,31,-1,255,255,32769,61440,0,105,93
4,86,93,2,255,255,32768,32735,0,255,255
3,9,8,0,255,255,32769,32963,0,105,93
4,86,93,0,255,255,32768,32736,0,255,255
3,91,84,2,255,255,32769,32963,0,105,93
4,96,84,-1,255,255,32768,32651,0,255,255
4,96,84,2,255,255,32768,32768,0,255,255
2,14,98,2,255,255,32768,32768,0,84,74
3,21,31,-1,255,255,32769,61440,0,105,93
4,98,102,2,255,255,32768,32735,0,255,255
2,84,74,2,255,255,32768,32768,0,84,74
3,21,31,-1,255,255,32769,61440,0,105,93
2,84,98,2,255,255,32768,32768,0,84,74
3,21,31,-1,255,255,32769,61440,0,105,93
2,12,2,2,255,255,32768,32768,0,84,74
3,21,31,-1,255,255,32769,61440,0,105,93
2,12,26,2,255,255,32768,32768,0,84,74
3,21,31,-1,255,255,32769,61440,0,105,93
2,60,49,2,255,255,32768,32768,0,84,74
3,21,31,-1,255,255,32769,61440,0,105,93
2,36,49,2,255,255,32768,32768,0,84,74
3,21,31,-1,255,255,32769,61440,0,105,93
2,72,50,2,255,255,32768,32768,0,84,74
3,21,31,-1,255,255,32769,61440,0,105,93
2,72,98,2,255,255,32768,32768,0,84,74
3,21,31,-1,255,255,32769,61440,0,105,93
2,24,2,2,255,255,32768,32768,0,84,74
3,21,31,-1,255,255,32769,61440,0,105,93
2,24,50,2,255,255,32768,32768,0,84,74
3,21,31,-1,255,255,32769,61440,0,105,93
2,99,100,2,255,255,32768,32768,0,84,74
3,21,31,-1,255,255,32769,61440,0,105,93
2,75,76,2,255,255,32768,32768,0,84,74
3,21,31,-1,255,255,32769,61440,0,105,93
2,51,52,2,255,255,32768,32768,0,84,74
3,21,31,-1,255,255,32769,61440,0,105,93
2,27,28,2,255,255,32768,32768,0,84,74
3,21,31,-1,255,255,32769,61440,0,105,93
2,3,4,2,255,255,32768,32768,0,84,74
3,21,31,-1,255,255,32769,61440,0,105,93
0,86,74,-1,86,50,32768,32768,0,86,50
1,91,92,-1,255,255,32769,61440,0,93,79
2,96,97,-1,255,255,32768,4096,0,84,74
3,21,31,-1,255,255,32769,61440,0,105,93
4,74,78,2,255,255,32768,32767,0,255,255
5,19,12,-1,255,255,32769,32770,0,0,0
6,0,12,-1,255,255,32768,32676,0,0,0
3,19,12,2,255,255,32769,32770,0,105,93
4,0,12,-1,255,255,32768,32683,0,255,255
3,57,56,2,255,255,32769,32770,0,105,93
3,105,104,2,255,255,32769,32770,0,105,93
4,74,78,0,255,255,32768,32768,0,255,255
5,19,12,-1,255,255,32769,32771,0,0,0
6,0,12,-1,255,255,32768,32677,0,0,0
3,105,103,2,255,255,32769,32770,0,105,93
3,9,8,2,255,255,32769,32769,0,105,93
4,74,78,-1,255,255,32768,32768,0,255,255
5,19,12,-1,255,255,32769,32771,0,0,0
6,0,12,-1,255,255,32768,32677,0,0,0
3,9,7,2,255,255,32769,32769,0,105,93
3,92,91,2,255,255,32769,32769,0,105,93
3,92,90,2,255,255,32769,32769,0,105,93
3,92,89,2,255,255,32769,32769,0,105,93
3,92,88,2,255,255,32769,32769,0,105,93
3,92,87,2,255,255,32769,32769,0,105,93
3,92,86,2,255,255,32769,32769,0,105,93
3,92,85,2,255,255,32769,32769,0,105,93
3,92,80,2,255,255,32769,32769,0,105,93
3,92,68,2,255,255,32769,32769,0,105,93
3,92,56,2,255,255,32769,32769,0,105,93
3,92,44,2,255,255,32769,32769,0,105,93
3,92,32,2,255,255,32769,32769,0,105,93
3,92,20,2,255,255,32769,32769,0,105,93
3,92,8,2,255,255,32769,32769,0,105,93
3,92,104,2,255,255,32769,32769,0,105,93
3,19,18,2,255,255,32769,32769,0,105,93
3,19,17,2,255,255,32769,32769,0,105,93
3,19,16,2,255,255,32769,32769,0,105,93
3,19,15,2,255,255,32769,32769,0,105,93
3,19,20,2,255,255,32769,32769,0,105,93
3,19,7,2,255,255,32769,32769,0,105,93
3,19,31,2,255,255,32769,32769,0,105,93
3,19,43,2,255,255,32769,32769,0,105,93
3,19,55,2,255,255,32769,32769,0,105,93
4,74,78,-1,255,255,32768,32767,0,255,255
5,55,51,2,255,255,32769,32770,0,0,0
3,19,67,2,255,255,32769,32769,0,105,93
3,19,79,2,255,255,32769,32769,0,105,93
3,19,91,2,255,255,32769,32769,0,105,93
3,19,103,2,255,255,32769,32769,0,105,93
3,21,7,2,255,255,32769,32769,0,105,93
3,69,56,2,255,255,32769,32769,0,105,93
3,45,56,2,255,255,32769,32769,0,105,93
3,81,55,2,255,255,32769,32769,0,105,93
3,33,7,2,255,255,32769,32769,0,105,93
3,33,55,2,255,255,32769,32769,0,105,93
3,102,101,2,255,255,32769,32769,0,105,93
3,78,77,2,255,255,32769,32769,0,105,93
3,54,53,2,255,255,32769,32769,0,105,93
3,30,29,2,255,255,32769,32769,0,105,93
3,6,5,2,255,255,32769,32769,0,105,93
1,91,55,0,255,255,32769,32769,0,93,79
2,96,97,-1,255,255,32768,4096,0,84,74
3,21,31,-1,255,255,32769,61440,0,105,93
4,74,78,-1,255,255,32768,32757,0,255,255
2,14,21,2,255,255,32768,32760,0,84,74
3,9,21,-1,255,255,32769,61440,0,105,93
4,74,78,-1,255,255,32768,32735,0,255,255
2,74,78,2,255,255,32768,32760,0,84,74
3,21,31,-1,255,255,32769,61440,0,105,93
4,78,30,2,255,255,32768,32751,0,255,255
2,48,49,2,255,255,32768,32760,0,84,74
3,21,31,-1,255,255,32769,61440,0,105,93
4,74,78,-1,255,255,32768,32746,0,255,255
2,96,98,2,255,255,32768,32760,0,84,74
3,21,31,-1,255,255,32769,61440,0,105,93
4,74,78,-1,255,255,32768,32756,0,255,255
2,0,1,2,255,255,32768,32760,0,84,74
3,21,31,-1,255,255,32769,61440,0,105,93
4,74,78,-1,255,255,32768,32757,0,255,255
2,0,2,2,255,255,32768,32760,0,84,74
3,21,31,-1,255,255,32769,61440,0,105,93
4,74,78,-1,255,255,32768,32756,0,255,255
2,74,73,2,255,255,32768,32760,0,84,74
3,21,31,-1,255,255,32769,61440,0,105,93
4,73,78,2,255,255,32768,32748,0,255,255
2,74,62,2,255,255,32768,32760,0,84,74
3,21,31,-1,255,255,32769,61440,0,105,93
2,74,50,2,255,255,32768,32760,0,84,74
3,21,31,-1,255,255,32769,61440,0,105,93
4,50,54,2,255,255,32768,32758,0,255,255
5,31,54,-32,255,255,32769,61440,0,0,0
2,74,38,2,255,255,32768,32760,0,84,74
3,21,31,-1,255,255,32769,61440,0,105,93
2,74,26,2,255,255,32768,32760,0,84,74
3,21,31,-1,255,255,32769,61440,0,105,93
4,26,30,2,255,255,32768,32748,0,255,255
2,74,98,2,255,255,32768,32760,0,84,74
3,21,31,-1,255,255,32769,61440,0,105,93
4,98,102,2,255,255,32768,32748,0,255,255
2,14,13,2,255,255,32768,32760,0,84,74
3,21,31,-1,255,255,32769,61440,0,105,93
4,74,78,-1,255,255,32768,32748,0,255,255
2,14,15,2,255,255,32768,32760,0,84,74
3,21,31,-1,255,255,32769,61440,0,105,93
4,74,78,-1,255,255,32768,32747,0,255,255
2,14,16,2,255,255,32768,32760,0,84,74
3,21,31,-1,255,255,32769,61440,0,105,93
4,74,78,-1,255,255,32768,32747,0,255,255
2,14,17,2,255,255,32768,32760,0,84,74
3,21,31,-1,255,255,32769,61440,0,105,93
4,74,78,-1,255,255,32768,32746,0,255,255
2,14,18,2,255,255,32768,32760,0,84,74
3,21,31,-1,255,255,32769,61440,0,105,93
4,74,78,-1,255,255,32768,32746,0,255,255
4,18,54,2,255,255,32768,32749,0,255,255
5,31,54,-32,255,255,32769,61440,0,0,0
6,74,78,2,255,255,32768,32639,0,0,0
2,14,2,2,255,255,32768,32760,0,84,74
3,21,31,-1,255,255,32769,61440,0,105,93
4,74,78,-1,255,255,32768,32748,0,255,255
4,2,6,2,255,255,32768,32751,0,255,255
2,14,26,2,255,255,32768,32760,0,84,74
3,21,31,-1,255,255,32769,61440,0,105,93
4,74,78,-1,255,255,32768,32748,0,255,255
4,26,30,2,255,255,32768,32751,0,255,255
2,14,38,2,255,255,32768,32760,0,84,74
3,21,31,-1,255,255,32769,61440,0,105,93
4,74,78,-1,255,255,32768,32750,0,255,255
2,14,50,2,255,255,32768,32760,0,84,74
3,21,31,-1,255,255,32769,61440,0,105,93
4,74,78,-1,255,255,32768,32758,0,255,255
4,50,54,2,255,255,32768,32761,0,255,255
5,31,54,-32,255,255,32769,61440,0,0,0
6,74,78,2,255,255,32768,32639,0,0,0
2,14,62,2,255,255,32768,32761,0,84,74
3,21,31,-1,255,255,32769,61440,0,105,93
4,74,78,-1,255,255,32768,32750,0,255,255
2,84,98,2,255,255,32768,32761,0,84,74
3,21,31,-1,255,255,32769,61440,0,105,93
4,74,78,-1,255,255,32768,32756,0,255,255
2,12,2,2,255,255,32768,32761,0,84,74
3,21,31,-1,255,255,32769,61440,0,105,93
4,74,78,-1,255,255,32768,32756,0,255,255
2,12,26,2,255,255,32768,32761,0,84,74
3,21,31,-1,255,255,32769,61440,0,105,93
4,74,78,-1,255,255,32768,32758,0,255,255
2,60,49,2,255,255,32768,32761,0,84,74
3,21,31,-1,255,255,32769,61440,0,105,93
4,74,78,-1,255,255,32768,32749,0,255,255
2,36,49,2,255,255,32768,32761,0,84,74
3,21,31,-1,255,255,32769,61440,0,105,93
4,74,78,-1,255,255,32768,32749,0,255,255
2,72,50,2,255,255,32768,32761,0,84,74
3,21,31,-1,255,255,32769,61440,0,105,93
4,74,78,-1,255,255,32768,32749,0,255,255
2,72,98,2,255,255,32768,32761,0,84,74
3,21,31,-1,255,255,32769,61440,0,105,93
4,74,78,-1,255,255,32768,32747,0,255,255
2,24,2,2,255,255,32768,32761,0,84,74
3,21,31,-1,255,255,32769,61440,0,105,93
4,74,78,-1,255,255,32768,32747,0,255,255
2,24,50,2,255,255,32768,32761,0,84,74
3,21,31,-1,255,255,32769,61440,0,105,93
4,74,78,-1,255,255,32768,32749,0,255,255
2,99,100,2,255,255,32768,32761,0,84,74
3,21,31,-1,255,255,32769,61440,0,105,93
4,74,78,-1,255,255,32768,32749,0,255,255
2,75,76,2,255,255,32768,32761,0,84,74
3,21,31,-1,255,255,32769,61440,0,105,93
4,74,78,-1,255,255,32768,32749,0,255,255
2,51,52,2,255,255,32768,32761,0,84,74
3,55,52,-1,255,255,32769,61440,0,105,93
4,74,78,-1,255,255,32768,32761,0,255,255
4,14,21,2,255,255,32768,32764,0,255,255
5,9,21,-1,255,255,32769,32855,0,0,0
2,27,28,2,255,255,32768,32764,0,84,74
3,21,31,-1,255,255,32769,61440,0,105,93
4,74,78,-1,255,255,32768,32749,0,255,255
2,3,4,2,255,255,32768,32764,0,84,74
3,21,31,-1,255,255,32769,61440,0,105,93
4,74,78,-1,255,255,32768,32749,0,255,255
0,86,62,-1,86,50,32768,32768,0,86,50
1,91,55,-1,255,255,32769,61440,0,93,79
2,96,97,-1,255,255,32768,4096,0,84,74
3,21,31,-1,255,255,32769,61440,0,105,93
2,14,21,2,255,255,32768,32759,0,84,74
3,9,21,-1,255,255,32769,61440,0,105,93
2,48,49,2,255,255,32768,32759,0,84,74
3,21,31,-1,255,255,32769,61440,0,105,93
2,96,98,2,255,255,32768,32759,0,84,74
3,21,31,-1,255,255,32769,61440,0,105,93
2,0,1,2,255,255,32768,32759,0,84,74
3,21,31,-1,255,255,32769,61440,0,105,93
2,0,2,2,255,255,32768,32759,0,84,74
3,21,31,-1,255,255,32769,61440,0,105,93
2,62,61,2,255,255,32768,32759,0,84,74
3,21,31,-1,255,255,32769,61440,0,105,93
2,62,63,2,255,255,32768,32759,0,84,74
3,21,31,-1,255,255,32769,61440,0,105,93
2,62,64,2,255,255,32768,32759,0,84,74
3,21,31,-1,255,255,32769,61440,0,105,93
2,62,65,2,255,255,32768,32759,0,84,74
3,21,31,-1,255,255,32769,61440,0,105,93
2,62,66,2,255,255,32768,32759,0,84,74
3,21,31,-1,255,255,32769,61440,0,105,93
4,66,102,2,255,255,32768,32747,0,255,255
4,66,30,2,255,255,32768,32751,0,255,255
2,62,67,2,255,255,32768,32759,0,84,74
3,19,67,-1,255,255,32769,61440,0,105,93
2,62,68,2,255,255,32768,32759,0,84,74
3,21,31,-1,255,255,32769,61440,0,105,93
2,62,50,2,255,255,32768,32759,0,84,74
3,21,31,-1,255,255,32769,61440,0,105,93
4,50,54,2,255,255,32768,32758,0,255,255
5,31,54,-32,255,255,32769,61440,0,0,0
2,62,38,2,255,255,32768,32759,0,84,74
3,21,31,-1,255,255,32769,61440,0,105,93
2,62,26,2,255,255,32768,32759,0,84,74
3,21,31,-1,255,255,32769,61440,0,105,93
4,26,30,2,255,255,32768,32748,0,255,255
2,62,74,2,255,255,32768,32759,0,84,74
3,21,31,-1,255,255,32769,61440,0,105,93
4,74,78,-1,255,255,32768,32748,0,255,255
2,62,98,2,255,255,32768,32759,0,84,74
3,21,31,-1,255,255,32769,61440,0,105,93
4,98,102,2,255,255,32768,32748,0,255,255
2,14,13,2,255,255,32768,32759,0,84,74
3,21,31,-1,255,255,32769,61440,0,105,93
2,14,15,2,255,255,32768,32759,0,84,74
3,21,31,-1,255,255,32769,61440,0,105,93
2,14,16,2,255,255,32768,32759,0,84,74
3,21,31,-1,255,255,32769,61440,0,105,93
2,14,17,2,255,255,32768,32759,0,84,74
3,21,31,-1,255,255,32769,61440,0,105,93
2,14,18,2,255,255,32768,32759,0,84,74
3,21,31,-1,255,255,32769,61440,0,105,93
4,18,54,2,255,255,32768,32748,0,255,255
5,31,54,-32,255,255,32769,61440,0,0,0
2,14,2,2,255,255,32768,32759,0,84,74
3,21,31,-1,255,255,32769,61440,0,105,93
4,2,6,2,255,255,32768,32750,0,255,255
2,14,26,2,255,255,32768,32759,0,84,74
3,21,31,-1,255,255,32769,61440,0,105,93
4,26,30,2,255,255,32768,32750,0,255,255
2,14,38,2,255,255,32768,32759,0,84,74
3,21,31,-1,255,255,32769,61440,0,105,93
2,14,50,2,255,255,32768,32759,0,84,74
3,21,31,-1,255,255,32769,61440,0,105,93
4,50,54,2,255,255,32768,32760,0,255,255
5,31,54,-32,255,255,32769,61440,0,0,0
2,84,74,2,255,255,32768,32760,0,84,74
3,21,31,-1,255,255,32769,61440,0,105,93
2,84,98,2,255,255,32768,32760,0,84,74
3,21,31,-1,255,255,32769,61440,0,105,93
2,12,2,2,255,255,32768,32760,0,84,74
3,21,31,-1,255,255,32769,61440,0,105,93
2,12,26,2,255,255,32768,32760,0,84,74
3,21,31,-1,255,255,32769,61440,0,105,93
2,60,49,2,255,255,32768,32760,0,84,74
3,21,31,-1,255,255,32769,61440,0,105,93
2,36,49,2,255,255,32768,32760,0,84,74
3,21,31,-1,255,255,32769,61440,0,105,93
2,72,50,2,255,255,32768,32760,0,84,74
3,21,31,-1,255,255,32769,61440,0,105,93
2,72,98,2,255,255,32768,32760,0,84,74
3,21,31,-1,255,255,32769,61440,0,105,93
2,24,2,2,255,255,32768,32760,0,84,74
3,21,31,-1,255,255,32769,61440,0,105,93
2,24,50,2,255,255,32768,32760,0,84,74
3,21,31,-1,255,255,32769,61440,0,105,93
2,99,100,2,255,255,32768,32760,0,84,74
3,21,31,-1,255,255,32769,61440,0,105,93
2,75,76,2,255,255,32768,32760,0,84,74
3,21,31,-1,255,255,32769,61440,0,105,93
2,51,52,2,255,255,32768,32760,0,84,74
3,55,52,-1,255,255,32769,61440,0,105,93
4,14,21,2,255,255,32768,32763,0,255,255
5,9,21,-1,255,255,32769,32857,0,0,0
2,27,28,2,255,255,32768,32763,0,84,74
3,21,31,-1,255,255,32769,61440,0,105,93
2,3,4,2,255,255,32768,32763,0,84,74
3,21,31,-1,255,255,32769,61440,0,105,93
0,86,50,-1,86,50,32768,32768,0,86,50
0,86,38,-1,86,50,32768,32768,0,86,50
1,91,55,-1,255,255,32769,61440,0,93,79
2,96,97,-1,255,255,32768,4096,0,84,74
3,21,31,-1,255,255,32769,61440,0,105,93
2,14,21,2,255,255,32768,32759,0,84,74
3,9,21,-1,255,255,32769,61440,0,105,93
2,48,49,2,255,255,32768,32759,0,84,74
3,21,31,-1,255,255,32769,61440,0,105,93
2,96,98,2,255,255,32768,32759,0,84,74
3,21,31,-1,255,255,32769,61440,0,105,93
2,0,1,2,255,255,32768,32759,0,84,74
3,21,31,-1,255,255,32769,61440,0,105,93
2,0,2,2,255,255,32768,32759,0,84,74
3,21,31,-1,255,255,32769,61440,0,105,93
2,38,37,2,255,255,32768,32759,0,84,74
3,21,31,-1,255,255,32769,61440,0,105,93
2,38,39,2,255,255,32768,32759,0,84,74
3,21,31,-1,255,255,32769,61440,0,105,93
2,38,40,2,255,255,32768,32759,0,84,74
3,21,31,-1,255,255,32769,61440,0,105,93
2,38,41,2,255,255,32768,32759,0,84,74
3,21,31,-1,255,255,32769,61440,0,105,93
2,38,42,2,255,255,32768,32759,0,84,74
3,21,31,-1,255,255,32769,61440,0,105,93
4,42,78,2,255,255,32768,32747,0,255,255
4,42,6,2,255,255,32768,32751,0,255,255
2,38,43,2,255,255,32768,32759,0,84,74
3,21,31,-1,255,255,32769,61440,0,105,93
4,43,19,2,255,255,32768,32746,0,255,255
5,55,19,-1,255,255,32769,32855,0,0,0
2,38,44,2,255,255,32768,32759,0,84,74
3,21,31,-1,255,255,32769,61440,0,105,93
2,38,26,2,255,255,32768,32759,0,84,74
3,21,31,-1,255,255,32769,61440,0,105,93
4,26,30,2,255,255,32768,32748,0,255,255
2,38,50,2,255,255,32768,32759,0,84,74
3,21,31,-1,255,255,32769,61440,0,105,93
4,50,54,2,255,255,32768,32758,0,255,255
5,31,54,-32,255,255,32769,61440,0,0,0
2,38,62,2,255,255,32768,32759,0,84,74
3,21,31,-1,255,255,32769,61440,0,105,93
2,38,74,2,255,255,32768,32759,0,84,74
3,21,31,-1,255,255,32769,61440,0,105,93
4,74,78,-1,255,255,32768,32748,0,255,255
2,38,98,2,255,255,32768,32759,0,84,74
3,21,31,-1,255,255,32769,61440,0,105,93
4,98,102,2,255,255,32768,32748,0,255,255
2,14,13,2,255,255,32768,32759,0,84,74
3,21,31,-1,255,255,32769,61440,0,105,93
2,14,15,2,255,255,32768,32759,0,84,74
3,21,31,-1,255,255,32769,61440,0,105,93
2,14,16,2,255,255,32768,32759,0,84,74
3,21,31,-1,255,255,32769,61440,0,105,93
2,14,17,2,255,255,32768,32759,0,84,74
3,21,31,-1,255,255,32769,61440,0,105,93
2,14,18,2,255,255,32768,32759,0,84,74
3,21,31,-1,255,255,32769,61440,0,105,93
4,18,54,2,255,255,32768,32748,0,255,255
5,31,54,-32,255,255,32769,61440,0,0,0
2,14,2,2,255,255,32768,32759,0,84,74
3,21,31,-1,255,255,32769,61440,0,105,93
4,2,6,2,255,255,32768,32750,0,255,255
2,14,26,2,255,255,32768,32759,0,84,74
3,21,31,-1,255,255,32769,61440,0,105,93
4,26,30,2,255,255,32768,32750,0,255,255
2,84,74,2,255,255,32768,32759,0,84,74
3,21,31,-1,255,255,32769,61440,0,105,93
2,84,98,2,255,255,32768,32760,0,84,74
3,21,31,-1,255,255,32769,61440,0,105,93
2,12,2,2,255,255,32768,32760,0,84,74
3,21,31,-1,255,255,32769,61440,0,105,93
2,12,26,2,255,255,32768,32760,0,84,74
3,21,31,-1,255,255,32769,61440,0,105,93
2,60,49,2,255,255,32768,32760,0,84,74
3,21,31,-1,255,255,32769,61440,0,105,93
2,36,49,2,255,255,32768,32760,0,84,74
3,21,31,-1,255,255,32769,61440,0,105,93
2,72,50,2,255,255,32768,32760,0,84,74
3,21,31,-1,255,255,32769,61440,0,105,93
2,72,98,2,255,255,32768,32760,0,84,74
3,21,31,-1,255,255,32769,61440,0,105,93
2,24,2,2,255,255,32768,32760,0,84,74
3,21,31,-1,255,255,32769,61440,0,105,93
2,24,50,2,255,255,32768,32760,0,84,74
3,21,31,-1,255,255,32769,61440,0,105,93
2,99,100,2,255,255,32768,32760,0,84,74
3,21,31,-1,255,255,32769,61440,0,105,93
2,75,76,2,255,255,32768,32760,0,84,74
3,21,31,-1,255,255,32769,61440,0,105,93
2,51,52,2,255,255,32768,32760,0,84,74
3,55,52,-1,255,255,32769,61440,0,105,93
4,14,21,2,255,255,32768,32763,0,255,255
5,9,21,-1,255,255,32769,32857,0,0,0
2,27,28,2,255,255,32768,32763,0,84,74
3,21,31,-1,255,255,32769,61440,0,105,93
2,3,4,2,255,255,32768,32763,0,84,74
3,21,31,-1,255,255,32769,61440,0,105,93
0,86,26,-1,86,50,32768,32768,0,86,50
1,91,55,-1,255,255,32769,61440,0,93,79
2,96,97,-1,255,255,32768,4096,0,84,74
3,21,31,-1,255,255,32769,61440,0,105,93
4,26,30,2,255,255,32768,32757,0,255,255
2,14,21,2,255,255,32768,32760,0,84,74
3,9,21,-1,255,255,32769,61440,0,105,93
4,26,30,2,255,255,32768,32735,0,255,255
2,26,30,2,255,255,32768,32760,0,84,74
3,21,31,-1,255,255,32769,61440,0,105,93
4,30,33,2,255,255,32768,32751,0,255,255
5,9,33,-32,255,255,32769,61440,0,0,0
4,30,78,2,255,255,32768,32751,0,255,255
2,48,49,2,255,255,32768,32760,0,84,74
3,21,31,-1,255,255,32769,61440,0,105,93
4,26,30,2,255,255,32768,32746,0,255,255
2,96,98,2,255,255,32768,32760,0,84,74
3,21,31,-1,255,255,32769,61440,0,105,93
4,26,30,2,255,255,32768,32756,0,255,255
2,0,1,2,255,255,32768,32760,0,84,74
3,21,31,-1,255,255,32769,61440,0,105,93
4,26,30,2,255,255,32768,32757,0,255,255
2,0,2,2,255,255,32768,32760,0,84,74
3,21,31,-1,255,255,32769,61440,0,105,93
4,26,30,2,255,255,32768,32756,0,255,255
2,26,25,2,255,255,32768,32760,0,84,74
3,21,31,-1,255,255,32769,61440,0,105,93
4,25,30,2,255,255,32768,32748,0,255,255
2,26,38,2,255,255,32768,32760,0,84,74
3,21,31,-1,255,255,32769,61440,0,105,93
2,26,50,2,255,255,32768,32760,0,84,74
3,21,31,-1,255,255,32769,61440,0,105,93
4,50,54,2,255,255,32768,32758,0,255,255
5,31,54,-32,255,255,32769,61440,0,0,0
2,26,62,2,255,255,32768,32760,0,84,74
3,21,31,-1,255,255,32769,61440,0,105,93
2,26,74,2,255,255,32768,32760,0,84,74
3,21,31,-1,255,255,32769,61440,0,105,93
4,74,78,-1,255,255,32768,32748,0,255,255
2,26,98,2,255,255,32768,32760,0,84,74
3,21,31,-1,255,255,32769,61440,0,105,93
4,98,102,2,255,255,32768,32748,0,255,255
2,14,13,2,255,255,32768,32760,0,84,74
3,21,31,-1,255,255,32769,61440,0,105,93
4,26,30,2,255,255,32768,32748,0,255,255
2,14,15,2,255,255,32768,32760,0,84,74
3,21,31,-1,255,255,32769,61440,0,105,93
4,26,30,2,255,255,32768,32747,0,255,255
2,14,16,2,255,255,32768,32760,0,84,74
3,21,31,-1,255,255,32769,61440,0,105,93
4,26,30,2,255,255,32768,32747,0,255,255
2,14,17,2,255,255,32768,32760,0,84,74
3,21,31,-1,255,255,32769,61440,0,105,93
4,26,30,2,255,255,32768,32746,0,255,255
2,14,18,2,255,255,32768,32760,0,84,74
3,21,31,-1,255,255,32769,61440,0,105,93
4,18,54,2,255,255,32768,32746,0,255,255
5,31,54,-32,255,255,32769,61440,0,0,0
6,26,30,-1,255,255,32768,32639,0,0,0
4,26,30,2,255,255,32768,32746,0,255,255
2,14,2,2,255,255,32768,32760,0,84,74
3,21,31,-1,255,255,32769,61440,0,105,93
4,26,30,2,255,255,32768,32748,0,255,255
4,2,6,2,255,255,32768,32751,0,255,255
2,84,74,2,255,255,32768,32760,0,84,74
3,21,31,-1,255,255,32769,61440,0,105,93
4,26,30,2,255,255,32768,32758,0,255,255
2,84,98,2,255,255,32768,32761,0,84,74
3,21,31,-1,255,255,32769,61440,0,105,93
4,26,30,2,255,255,32768,32756,0,255,255
2,12,2,2,255,255,32768,32761,0,84,74
3,21,31,-1,255,255,32769,61440,0,105,93
4,26,30,2,255,255,32768,32756,0,255,255
2,60,49,2,255,255,32768,32761,0,84,74
3,21,31,-1,255,255,32769,61440,0,105,93
4,26,30,2,255,255,32768,32749,0,255,255
2,36,49,2,255,255,32768,32761,0,84,74
3,21,31,-1,255,255,32769,61440,0,105,93
4,26,30,2,255,255,32768,32749,0,255,255
2,72,50,2,255,255,32768,32761,0,84,74
3,21,31,-1,255,255,32769,61440,0,105,93
4,26,30,2,255,255,32768,32749,0,255,255
2,72,98,2,255,255,32768,32761,0,84,74
3,21,31,-1,255,255,32769,61440,0,105,93
4,26,30,2,255,255,32768,32747,0,255,255
2,24,2,2,255,255,32768,32761,0,84,74
3,21,31,-1,255,255,32769,61440,0,105,93
4,26,30,2,255,255,32768,32747,0,255,255
2,24,50,2,255,255,32768,32761,0,84,74
3,21,31,-1,255,255,32769,61440,0,105,93
4,26,30,2,255,255,32768,32749,0,255,255
2,99,100,2,255,255,32768,32761,0,84,74
3,21,31,-1,255,255,32769,61440,0,105,93
4,26,30,2,255,255,32768,32749,0,255,255
2,75,76,2,255,255,32768,32761,0,84,74
3,21,31,-1,255,255,32769,61440,0,105,93
4,26,30,2,255,255,32768,32749,0,255,255
2,51,52,2,255,255,32768,32761,0,84,74
3,55,52,-1,255,255,32769,61440,0,105,93
4,14,21,2,255,255,32768,32761,0,255,255
5,9,21,-1,255,255,32769,32855,0,0,0
6,26,30,-1,255,255,32768,32738,0,0,0
4,26,30,2,255,255,32768,32761,0,255,255
2,27,28,2,255,255,32768,32764,0,84,74
3,21,31,-1,255,255,32769,61440,0,105,93
4,26,30,2,255,255,32768,32749,0,255,255
2,3,4,2,255,255,32768,32764,0,84,74
3,21,31,-1,255,255,32769,61440,0,105,93
4,26,30,2,255,255,32768,32749,0,255,255
0,86,98,-1,86,50,32768,32768,0,86,50
1,91,55,-1,255,255,32769,61440,0,93,79
2,96,97,-1,255,255,32768,4096,0,84,74
3,21,31,-1,255,255,32769,61440,0,105,93
4,98,102,2,255,255,32768,32757,0,255,255
2,14,21,2,255,255,32768,32760,0,84,74
3,9,21,-1,255,255,32769,61440,0,105,93
4,98,102,2,255,255,32768,32735,0,255,255
2,98,102,2,255,255,32768,32760,0,84,74
3,105,102,-1,255,255,32769,61440,0,105,93
4,14,21,2,255,255,32768,32646,0,255,255
2,48,49,2,255,255,32768,32760,0,84,74
3,21,31,-1,255,255,32769,61440,0,105,93
4,98,102,2,255,255,32768,32746,0,255,255
2,0,1,2,255,255,32768,32760,0,84,74
3,21,31,-1,255,255,32769,61440,0,105,93
4,98,102,2,255,255,32768,32757,0,255,255
2,0,2,2,255,255,32768,32760,0,84,74
3,21,31,-1,255,255,32769,61440,0,105,93
4,98,102,2,255,255,32768,32756,0,255,255
2,98,97,2,255,255,32768,32760,0,84,74
3,21,31,-1,255,255,32769,61440,0,105,93
4,97,102,2,255,255,32768,32747,0,255,255
2,98,74,2,255,255,32768,32760,0,84,74
3,21,31,-1,255,255,32769,61440,0,105,93
4,74,78,-1,255,255,32768,32748,0,255,255
2,98,62,2,255,255,32768,32760,0,84,74
3,21,31,-1,255,255,32769,61440,0,105,93
2,98,50,2,255,255,32768,32760,0,84,74
3,21,31,-1,255,255,32769,61440,0,105,93
4,50,54,2,255,255,32768,32758,0,255,255
5,31,54,-32,255,255,32769,61440,0,0,0
2,98,38,2,255,255,32768,32760,0,84,74
3,21,31,-1,255,255,32769,61440,0,105,93
2,98,26,2,255,255,32768,32760,0,84,74
3,21,31,-1,255,255,32769,61440,0,105,93
4,26,30,2,255,255,32768,32748,0,255,255
2,14,13,2,255,255,32768,32760,0,84,74
3,21,31,-1,255,255,32769,61440,0,105,93
4,98,102,2,255,255,32768,32748,0,255,255
2,14,15,2,255,255,32768,32760,0,84,74
3,21,31,-1,255,255,32769,61440,0,105,93
4,98,102,2,255,255,32768,32747,0,255,255
2,14,16,2,255,255,32768,32760,0,84,74
3,21,31,-1,255,255,32769,61440,0,105,93
4,98,102,2,255,255,32768,32747,0,255,255
2,14,17,2,255,255,32768,32760,0,84,74
3,21,31,-1,255,255,32769,61440,0,105,93
4,98,102,2,255,255,32768,32746,0,255,255
2,14,18,2,255,255,32768,32760,0,84,74
3,21,31,-1,255,255,32769,61440,0,105,93
4,98,102,2,255,255,32768,32746,0,255,255
4,18,54,2,255,255,32768,32749,0,255,255
5,31,54,-32,255,255,32769,61440,0,0,0
6,98,102,2,255,255,32768,32639,0,0,0
2,14,2,2,255,255,32768,32760,0,84,74
3,21,31,-1,255,255,32769,61440,0,105,93
4,98,102,2,255,255,32768,32748,0,255,255
4,2,6,2,255,255,32768,32751,0,255,255
2,14,26,2,255,255,32768,32760,0,84,74
3,21,31,-1,255,255,32769,61440,0,105,93
4,98,102,2,255,255,32768,32748,0,255,255
4,26,30,2,255,255,32768,32751,0,255,255
2,14,38,2,255,255,32768,32760,0,84,74
3,21,31,-1,255,255,32769,61440,0,105,93
4,98,102,2,255,255,32768,32750,0,255,255
2,14,50,2,255,255,32768,32760,0,84,74
3,21,31,-1,255,255,32769,61440,0,105,93
4,98,102,2,255,255,32768,32758,0,255,255
4,50,54,2,255,255,32768,32761,0,255,255
5,31,54,-32,255,255,32769,61440,0,0,0
6,98,102,2,255,255,32768,32639,0,0,0
2,14,62,2,255,255,32768,32761,0,84,74
3,21,31,-1,255,255,32769,61440,0,105,93
4,98,102,2,255,255,32768,32750,0,255,255
2,14,74,2,255,255,32768,32761,0,84,74
3,21,31,-1,255,255,32769,61440,0,105,93
4,74,78,-1,255,255,32768,32748,0,255,255
4,98,102,2,255,255,32768,32751,0,255,255
2,14,86,2,255,255,32768,32761,0,84,74
3,21,31,-1,255,255,32769,61440,0,105,93
4,98,102,2,255,255,32768,32748,0,255,255
2,84,74,2,255,255,32768,32761,0,84,74
3,21,31,-1,255,255,32769,61440,0,105,93
4,98,102,2,255,255,32768,32758,0,255,255
2,12,2,2,255,255,32768,32761,0,84,74
3,21,31,-1,255,255,32769,61440,0,105,93
4,98,102,2,255,255,32768,32756,0,255,255
2,12,26,2,255,255,32768,32761,0,84,74
3,21,31,-1,255,255,32769,61440,0,105,93
4,98,102,2,255,255,32768,32758,0,255,255
2,60,49,2,255,255,32768,32761,0,84,74
3,21,31,-1,255,255,32769,61440,0,105,93
4,98,102,2,255,255,32768,32749,0,255,255
2,36,49,2,255,255,32768,32761,0,84,74
3,21,31,-1,255,255,32769,61440,0,105,93
4,98,102,2,255,255,32768,32749,0,255,255
2,72,50,2,255,255,32768,32761,0,84,74
3,21,31,-1,255,255,32769,61440,0,105,93
4,98,102,2,255,255,32768,32749,0,255,255
2,24,2,2,255,255,32768,32761,0,84,74
3,21,31,-1,255,255,32769,61440,0,105,93
4,98,102,2,255,255,32768,32747,0,255,255
2,24,50,2,255,255,32768,32761,0,84,74
3,21,31,-1,255,255,32769,61440,0,105,93
4,98,102,2,255,255,32768,32749,0,255,255
2,99,100,2,255,255,32768,32761,0,84,74
3,21,31,-1,255,255,32769,61440,0,105,93
4,98,102,2,255,255,32768,32749,0,255,255
2,75,76,2,255,255,32768,32761,0,84,74
3,21,31,-1,255,255,32769,61440,0,105,93
4,98,102,2,255,255,32768,32749,0,255,255
2,51,52,2,255,255,32768,32761,0,84,74
3,55,52,-1,255,255,32769,61440,0,105,93
4,14,21,2,255,255,32768,32761,0,255,255
5,9,21,-1,255,255,32769,32855,0,0,0
4,98,102,2,255,255,32768,32761,0,255,255
2,27,28,2,255,255,32768,32764,0,84,74
3,21,31,-1,255,255,32769,61440,0,105,93
4,98,102,2,255,255,32768,32749,0,255,255
2,3,4,2,255,255,32768,32764,0,84,74
3,21,31,-1,255,255,32769,61440,0,105,93
4,98,102,2,255,255,32768,32749,0,255,255
0,14,13,-1,86,50,32768,32768,0,86,50
1,91,55,-1,255,255,32769,61440,0,93,79
2,96,97,-1,255,255,32768,4096,0,84,74
3,21,31,-1,255,255,32769,61440,0,105,93
2,13,21,2,255,255,32768,32757,0,84,74
3,9,21,-1,255,255,32769,61440,0,105,93
2,48,49,2,255,255,32768,32757,0,84,74
3,21,31,-1,255,255,32769,61440,0,105,93
2,96,98,2,255,255,32768,32757,0,84,74
3,21,31,-1,255,255,32769,61440,0,105,93
2,0,1,2,255,255,32768,32757,0,84,74
3,21,31,-1,255,255,32769,61440,0,105,93
2,0,2,2,255,255,32768,32757,0,84,74
3,21,31,-1,255,255,32769,61440,0,105,93
2,86,85,2,255,255,32768,32757,0,84,74
3,21,31,-1,255,255,32769,61440,0,105,93
2,86,87,2,255,255,32768,32757,0,84,74
3,21,31,-1,255,255,32769,61440,0,105,93
2,86,88,2,255,255,32768,32757,0,84,74
3,21,31,-1,255,255,32769,61440,0,105,93
2,86,89,2,255,255,32768,32757,0,84,74
3,21,31,-1,255,255,32769,61440,0,105,93
2,86,90,2,255,255,32768,32757,0,84,74
3,21,31,-1,255,255,32769,61440,0,105,93
4,90,54,2,255,255,32768,32746,0,255,255
5,31,54,-32,255,255,32769,61440,0,0,0
2,86,91,2,255,255,32768,32757,0,84,74
3,19,91,-1,255,255,32769,61440,0,105,93
2,86,92,2,255,255,32768,32757,0,84,74
3,21,31,-1,255,255,32769,61440,0,105,93
2,86,74,2,255,255,32768,32757,0,84,74
3,21,31,-1,255,255,32769,61440,0,105,93
4,74,78,-1,255,255,32768,32748,0,255,255
2,86,62,2,255,255,32768,32757,0,84,74
3,21,31,-1,255,255,32769,61440,0,105,93
2,86,50,2,255,255,32768,32757,0,84,74
3,21,31,-1,255,255,32769,61440,0,105,93
4,50,54,2,255,255,32768,32758,0,255,255
5,31,54,-32,255,255,32769,61440,0,0,0
2,86,38,2,255,255,32768,32758,0,84,74
3,21,31,-1,255,255,32769,61440,0,105,93
2,86,26,2,255,255,32768,32758,0,84,74
3,21,31,-1,255,255,32769,61440,0,105,93
4,26,30,2,255,255,32768,32748,0,255,255
2,86,14,2,255,255,32768,32758,0,84,74
3,21,31,-1,255,255,32769,61440,0,105,93
4,13,19,2,255,255,32768,32748,0,255,255
5,55,19,-1,255,255,32769,32855,0,0,0
2,86,2,2,255,255,32768,32758,0,84,74
3,21,31,-1,255,255,32769,61440,0,105,93
4,2,6,2,255,255,32768,32748,0,255,255
2,86,98,2,255,255,32768,32758,0,84,74
3,21,31,-1,255,255,32769,61440,0,105,93
4,98,102,2,255,255,32768,32748,0,255,255
2,13,15,2,255,255,32768,32758,0,84,74
3,21,31,-1,255,255,32769,61440,0,105,93
2,13,16,2,255,255,32768,32758,0,84,74
3,21,31,-1,255,255,32769,61440,0,105,93
2,13,17,2,255,255,32768,32758,0,84,74
3,21,31,-1,255,255,32769,61440,0,105,93
2,13,18,2,255,255,32768,32758,0,84,74
3,21,31,-1,255,255,32769,61440,0,105,93
4,18,54,2,255,255,32768,32746,0,255,255
5,31,54,-32,255,255,32769,61440,0,0,0
2,13,1,2,255,255,32768,32758,0,84,74
3,21,31,-1,255,255,32769,61440,0,105,93
4,1,6,2,255,255,32768,32747,0,255,255
2,13,25,2,255,255,32768,32758,0,84,74
3,21,31,-1,255,255,32769,61440,0,105,93
4,25,30,2,255,255,32768,32748,0,255,255
2,13,37,2,255,255,32768,32758,0,84,74
3,21,31,-1,255,255,32769,61440,0,105,93
2,13,49,2,255,255,32768,32758,0,84,74
3,21,31,-1,255,255,32769,61440,0,105,93
4,49,54,2,255,255,32768,32747,0,255,255
5,31,54,-32,255,255,32769,61440,0,0,0
2,13,61,2,255,255,32768,32758,0,84,74
3,21,31,-1,255,255,32769,61440,0,105,93
2,13,73,2,255,255,32768,32758,0,84,74
3,21,31,-1,255,255,32769,61440,0,105,93
4,73,78,2,255,255,32768,32748,0,255,255
2,13,85,2,255,255,32768,32758,0,84,74
3,21,31,-1,255,255,32769,61440,0,105,93
4,85,93,2,255,255,32768,32748,0,255,255
5,105,93,-1,255,255,32769,32842,0,0,0
2,13,97,2,255,255,32768,32758,0,84,74
3,21,31,-1,255,255,32769,61440,0,105,93
4,97,102,2,255,255,32768,32747,0,255,255
2,84,74,2,255,255,32768,32758,0,84,74
3,21,31,-1,255,255,32769,61440,0,105,93
2,84,98,2,255,255,32768,32758,0,84,74
3,21,31,-1,255,255,32769,61440,0,105,93
2,60,49,2,255,255,32768,32758,0,84,74
3,21,31,-1,255,255,32769,61440,0,105,93
2,36,49,2,255,255,32768,32758,0,84,74
3,21,31,-1,255,255,32769,61440,0,105,93
2,72,50,2,255,255,32768,32758,0,84,74
3,21,31,-1,255,255,32769,61440,0,105,93
2,72,98,2,255,255,32768,32758,0,84,74
3,21,31,-1,255,255,32769,61440,0,105,93
2,24,50,2,255,255,32768,32758,0,84,74
3,21,31,-1,255,255,32769,61440,0,105,93
2,99,100,2,255,255,32768,32758,0,84,74
3,21,31,-1,255,255,32769,61440,0,105,93
2,75,76,2,255,255,32768,32758,0,84,74
3,21,31,-1,255,255,32769,61440,0,105,93
2,51,52,2,255,255,32768,32758,0,84,74
3,55,52,-1,255,255,32769,61440,0,105,93
4,13,21,2,255,255,32768,32761,0,255,255
5,9,21,-1,255,255,32769,32855,0,0,0
2,27,28,2,255,255,32768,32761,0,84,74
3,21,31,-1,255,255,32769,61440,0,105,93
2,3,4,2,255,255,32768,32761,0,84,74
3,21,31,-1,255,255,32769,61440,0,105,93
0,14,15,-1,86,50,32768,32768,0,86,50
1,91,55,-1,255,255,32769,61440,0,93,79
2,96,97,-1,255,255,32768,4096,0,84,74
3,21,31,-1,255,255,32769,61440,0,105,93
2,15,21,2,255,255,32768,32756,0,84,74
3,9,21,-1,255,255,32769,61440,0,105,93
2,48,49,2,255,255,32768,32756,0,84,74
3,21,31,-1,255,255,32769,61440,0,105,93
2,96,98,2,255,255,32768,32756,0,84,74
3,21,31,-1,255,255,32769,61440,0,105,93
2,0,1,2,255,255,32768,32756,0,84,74
3,21,31,-1,255,255,32769,61440,0,105,93
2,0,2,2,255,255,32768,32756,0,84,74
3,21,31,-1,255,255,32769,61440,0,105,93
2,86,85,2,255,255,32768,32756,0,84,74
3,21,31,-1,255,255,32769,61440,0,105,93
2,86,87,2,255,255,32768,32756,0,84,74
3,21,31,-1,255,255,32769,61440,0,105,93
2,86,88,2,255,255,32768,32756,0,84,74
3,21,31,-1,255,255,32769,61440,0,105,93
2,86,89,2,255,255,32768,32756,0,84,74
3,21,31,-1,255,255,32769,61440,0,105,93
2,86,90,2,255,255,32768,32756,0,84,74
3,21,31,-1,255,255,32769,61440,0,105,93
4,90,54,2,255,255,32768,32745,0,255,255
5,31,54,-32,255,255,32769,61440,0,0,0
2,86,91,2,255,255,32768,32756,0,84,74
3,19,91,-1,255,255,32769,61440,0,105,93
2,86,92,2,255,255,32768,32756,0,84,74
3,21,31,-1,255,255,32769,61440,0,105,93
2,86,74,2,255,255,32768,32756,0,84,74
3,21,31,-1,255,255,32769,61440,0,105,93
4,74,78,-1,255,255,32768,32747,0,255,255
2,86,62,2,255,255,32768,32756,0,84,74
3,21,31,-1,255,255,32769,61440,0,105,93
2,86,50,2,255,255,32768,32756,0,84,74
3,21,31,-1,255,255,32769,61440,0,105,93
4,50,54,2,255,255,32768,32757,0,255,255
5,31,54,-32,255,255,32769,61440,0,0,0
2,86,38,2,255,255,32768,32757,0,84,74
3,21,31,-1,255,255,32769,61440,0,105,93
2,86,26,2,255,255,32768,32757,0,84,74
3,21,31,-1,255,255,32769,61440,0,105,93
4,26,30,2,255,255,32768,32747,0,255,255
2,86,14,2,255,255,32768,32757,0,84,74
3,19,14,-1,255,255,32769,61440,0,105,93
2,86,2,2,255,255,32768,32757,0,84,74
3,21,31,-1,255,255,32769,61440,0,105,93
4,2,6,2,255,255,32768,32747,0,255,255
2,86,98,2,255,255,32768,32757,0,84,74
3,21,31,-1,255,255,32769,61440,0,105,93
4,98,102,2,255,255,32768,32747,0,255,255
2,15,13,2,255,255,32768,32757,0,84,74
3,21,31,-1,255,255,32769,61440,0,105,93
2,15,16,2,255,255,32768,32757,0,84,74
3,21,31,-1,255,255,32769,61440,0,105,93
2,15,17,2,255,255,32768,32757,0,84,74
3,21,31,-1,255,255,32769,61440,0,105,93
2,15,18,2,255,255,32768,32757,0,84,74
3,21,31,-1,255,255,32769,61440,0,105,93
4,18,54,2,255,255,32768,32746,0,255,255
5,31,54,-32,255,255,32769,61440,0,0,0
2,84,74,2,255,255,32768,32757,0,84,74
3,21,31,-1,255,255,32769,61440,0,105,93
2,84,98,2,255,255,32768,32757,0,84,74
3,21,31,-1,255,255,32769,61440,0,105,93
2,12,2,2,255,255,32768,32757,0,84,74
3,21,31,-1,255,255,32769,61440,0,105,93
2,12,26,2,255,255,32768,32757,0,84,74
3,21,31,-1,255,255,32769,61440,0,105,93
2,60,49,2,255,255,32768,32757,0,84,74
3,21,31,-1,255,255,32769,61440,0,105,93
2,36,49,2,255,255,32768,32757,0,84,74
3,21,31,-1,255,255,32769,61440,0,105,93
2,72,50,2,255,255,32768,32757,0,84,74
3,21,31,-1,255,255,32769,61440,0,105,93
2,72,98,2,255,255,32768,32757,0,84,74
3,21,31,-1,255,255,32769,61440,0,105,93
2,24,2,2,255,255,32768,32757,0,84,74
3,21,31,-1,255,255,32769,61440,0,105,93
2,24,50,2,255,255,32768,32757,0,84,74
3,21,31,-1,255,255,32769,61440,0,105,93
2,99,100,2,255,255,32768,32757,0,84,74
3,21,31,-1,255,255,32769,61440,0,105,93
2,75,76,2,255,255,32768,32757,0,84,74
3,21,31,-1,255,255,32769,61440,0,105,93
2,51,52,2,255,255,32768,32757,0,84,74
3,55,52,-1,255,255,32769,61440,0,105,93
4,15,21,2,255,255,32768,32760,0,255,255
5,9,21,-1,255,255,32769,32855,0,0,0
2,27,28,2,255,255,32768,32760,0,84,74
3,21,31,-1,255,255,32769,61440,0,105,93
2,3,4,2,255,255,32768,32760,0,84,74
3,21,31,-1,255,255,32769,61440,0,105,93
0,14,16,-1,86,50,32768,32768,0,86,50
1,91,55,-1,255,255,32769,61440,0,93,79
2,96,97,-1,255,255,32768,4096,0,84,74
3,21,31,-1,255,255,32769,61440,0,105,93
2,16,21,2,255,255,32768,32756,0,84,74
3,9,21,-1,255,255,32769,61440,0,105,93
2,48,49,2,255,255,32768,32756,0,84,74
3,21,31,-1,255,255,32769,61440,0,105,93
2,96,98,2,255,255,32768,32756,0,84,74
3,21,31,-1,255,255,32769,61440,0,105,93
2,0,1,2,255,255,32768,32756,0,84,74
3,21,31,-1,255,255,32769,61440,0,105,93
2,0,2,2,255,255,32768,32756,0,84,74
3,21,31,-1,255,255,32769,61440,0,105,93
2,86,85,2,255,255,32768,32756,0,84,74
3,21,31,-1,255,255,32769,61440,0,105,93
2,86,87,2,255,255,32768,32756,0,84,74
3,21,31,-1,255,255,32769,61440,0,105,93
2,86,88,2,255,255,32768,32756,0,84,74
3,21,31,-1,255,255,32769,61440,0,105,93
2,86,89,2,255,255,32768,32756,0,84,74
3,21,31,-1,255,255,32769,61440,0,105,93
2,86,90,2,255,255,32768,32756,0,84,74
3,21,31,-1,255,255,32769,61440,0,105,93
4,90,54,2,255,255,32768,32745,0,255,255
5,31,54,-32,255,255,32769,61440,0,0,0
2,86,91,2,255,255,32768,32756,0,84,74
3,19,91,-1,255,255,32769,61440,0,105,93
2,86,92,2,255,255,32768,32756,0,84,74
3,21,31,-1,255,255,32769,61440,0,105,93
2,86,74,2,255,255,32768,32756,0,84,74
3,21,31,-1,255,255,32769,61440,0,105,93
4,74,78,-1,255,255,32768,32747,0,255,255
2,86,62,2,255,255,32768,32756,0,84,74
3,21,31,-1,255,255,32769,61440,0,105,93
2,86,50,2,255,255,32768,32756,0,84,74
3,21,31,-1,255,255,32769,61440,0,105,93
4,50,54,2,255,255,32768,32757,0,255,255
5,31,54,-32,255,255,32769,61440,0,0,0
2,86,38,2,255,255,32768,32757,0,84,74
3,21,31,-1,255,255,32769,61440,0,105,93
2,86,26,2,255,255,32768,32757,0,84,74
3,21,31,-1,255,255,32769,61440,0,105,93
4,26,30,2,255,255,32768,32747,0,255,255
2,86,14,2,255,255,32768,32757,0,84,74
3,19,14,-1,255,255,32769,61440,0,105,93
2,86,2,2,255,255,32768,32757,0,84,74
3,21,31,-1,255,255,32769,61440,0,105,93
4,2,6,2,255,255,32768,32747,0,255,255
2,86,98,2,255,255,32768,32757,0,84,74
3,21,31,-1,255,255,32769,61440,0,105,93
4,98,102,2,255,255,32768,32747,0,255,255
2,16,15,2,255,255,32768,32757,0,84,74
3,21,31,-1,255,255,32769,61440,0,105,93
2,16,13,2,255,255,32768,32757,0,84,74
3,21,31,-1,255,255,32769,61440,0,105,93
2,16,17,2,255,255,32768,32757,0,84,74
3,21,31,-1,255,255,32769,61440,0,105,93
2,16,18,2,255,255,32768,32757,0,84,74
3,21,31,-1,255,255,32769,61440,0,105,93
4,18,54,2,255,255,32768,32746,0,255,255
5,31,54,-32,255,255,32769,61440,0,0,0
2,16,4,2,255,255,32768,32757,0,84,74
3,21,31,-1,255,255,32769,61440,0,105,93
4,4,9,2,255,255,32768,32747,0,255,255
5,55,51,2,255,255,32769,32967,0,0,0
3,55,51,2,255,255,32769,32967,0,105,93
4,4,9,0,255,255,32768,32760,0,255,255
5,51,99,2,255,255,32769,32980,0,0,0
5,51,3,2,255,255,32769,32978,0,0,0
3,57,56,2,255,255,32769,32967,0,105,93
4,4,9,-1,255,255,32768,32759,0,255,255
5,55,51,2,255,255,32769,32979,0,0,0
3,105,104,2,255,255,32769,32967,0,105,93
4,4,9,-1,255,255,32768,32748,0,255,255
5,55,51,2,255,255,32769,32968,0,0,0
3,105,103,2,255,255,32769,32967,0,105,93
4,4,9,-1,255,255,32768,32749,0,255,255
5,55,51,2,255,255,32769,32969,0,0,0
3,9,8,2,255,255,32769,32967,0,105,93
4,4,8,-1,255,255,32768,32748,0,255,255
5,55,51,2,255,255,32769,32977,0,0,0
3,9,7,2,255,255,32769,32967,0,105,93
4,4,7,-1,255,255,32768,32749,0,255,255
5,55,7,-1,255,255,32769,32977,0,0,0
5,21,7,-1,255,255,32769,32879,0,0,0
5,33,7,-1,255,255,32769,32861,0,0,0
5,33,7,2,255,255,32769,32861,0,0,0
5,21,7,2,255,255,32769,32861,0,0,0
5,55,7,2,255,255,32769,32861,0,0,0
5,55,51,2,255,255,32769,32861,0,0,0
3,55,56,2,255,255,32769,32861,0,105,93
4,4,9,-1,255,255,32768,32768,0,255,255
5,56,51,2,255,255,32769,32988,0,0,0
3,55,43,2,255,255,32769,32861,0,105,93
4,4,9,-1,255,255,32768,32765,0,255,255
3,55,31,2,255,255,32769,32861,0,105,93
4,4,9,-1,255,255,32768,32767,0,255,255
5,31,27,2,255,255,32769,32987,0,0,0
3,55,67,2,255,255,32769,32861,0,105,93
4,4,9,-1,255,255,32768,32765,0,255,255
3,55,79,2,255,255,32769,32861,0,105,93
4,4,9,-1,255,255,32768,32767,0,255,255
5,79,75,2,255,255,32769,32987,0,0,0
3,55,91,2,255,255,32769,32861,0,105,93
4,4,9,-1,255,255,32768,32767,0,255,255
5,91,84,2,255,255,32769,32987,0,0,0
3,55,103,2,255,255,32769,32861,0,105,93
4,4,9,-1,255,255,32768,32767,0,255,255
5,103,99,2,255,255,32769,32987,0,0,0
3,19,18,2,255,255,32769,32861,0,105,93
4,4,9,-1,255,255,32768,32758,0,255,255
5,55,51,2,255,255,32769,32978,0,0,0
3,19,17,2,255,255,32769,32861,0,105,93
4,4,9,-1,255,255,32768,32758,0,255,255
5,55,51,2,255,255,32769,32978,0,0,0
3,19,16,2,255,255,32769,32861,0,105,93
4,4,9,-1,255,255,32768,32759,0,255,255
5,55,51,2,255,255,32769,32979,0,0,0
3,19,15,2,255,255,32769,32861,0,105,93
4,4,9,-1,255,255,32768,32759,0,255,255
5,15,51,2,255,255,32769,32979,0,0,0
5,55,51,2,255,255,32769,32970,0,0,0
3,19,14,2,255,255,32769,32861,0,105,93
4,4,9,-1,255,255,32768,32759,0,255,255
5,55,51,2,255,255,32769,32979,0,0,0
3,19,13,2,255,255,32769,32861,0,105,93
4,4,9,-1,255,255,32768,32759,0,255,255
5,55,51,2,255,255,32769,32979,0,0,0
3,19,20,2,255,255,32769,32861,0,105,93
4,4,9,-1,255,255,32768,32757,0,255,255
5,55,51,2,255,255,32769,32977,0,0,0
3,19,7,2,255,255,32769,32861,0,105,93
4,4,7,-1,255,255,32768,32757,0,255,255
5,9,7,-1,255,255,32769,32866,0,0,0
4,4,7,2,255,255,32768,32757,0,255,255
5,9,7,-1,255,255,32769,32866,0,0,0
2,16,28,2,255,255,32768,32757,0,84,74
3,21,31,-1,255,255,32769,61440,0,105,93
4,28,31,-1,255,255,32768,32747,0,255,255
5,55,51,2,255,255,32769,32852,0,0,0
3,19,7,0,255,255,32769,32852,0,105,93
4,28,33,2,255,255,32768,32757,0,255,255
5,55,51,-29,255,255,32769,61440,0,0,0
5,7,3,-29,255,255,32769,61440,0,0,0
5,57,56,-29,255,255,32769,61440,0,0,0
5,105,104,-29,255,255,32769,32796,0,0,0
5,105,103,-29,255,255,32769,32796,0,0,0
5,9,8,-29,255,255,32769,32796,0,0,0
5,55,56,-29,255,255,32769,32796,0,0,0
5,55,43,-29,255,255,32769,32796,0,0,0
5,55,31,-29,255,255,32769,32796,0,0,0
5,55,19,-29,255,255,32769,32796,0,0,0
5,55,67,-29,255,255,32769,32796,0,0,0
5,55,79,-29,255,255,32769,32796,0,0,0
5,55,91,-29,255,255,32769,32796,0,0,0
5,55,103,-29,255,255,32769,32796,0,0,0
5,7,8,-29,255,255,32769,32796,0,0,0
5,7,19,-29,255,255,32769,32796,0,0,0
5,7,31,-29,255,255,32769,32796,0,0,0
5,7,43,-29,255,255,32769,32796,0,0,0
5,93,79,-29,255,255,32769,32796,0,0,0
5,93,103,-29,255,255,32769,32796,0,0,0
5,21,31,-29,255,255,32769,32796,0,0,0
5,69,56,-29,255,255,32769,32796,0,0,0
5,45,56,-29,255,255,32769,32796,0,0,0
5,81,103,-29,255,255,32769,32793,0,0,0
5,102,101,-29,255,255,32769,32793,0,0,0
5,78,77,-29,255,255,32769,32793,0,0,0
5,54,53,-29,255,255,32769,32793,0,0,0
5,30,29,-29,255,255,32769,32793,0,0,0
5,6,5,-29,255,255,32769,32793,0,0,0
3,55,51,2,255,255,32769,32793,0,105,93
4,28,33,0,255,255,32768,32760,0,255,255
5,51,99,-29,255,255,32769,61440,0,0,0
5,51,3,-29,255,255,32769,61440,0,0,0
5,57,56,-29,255,255,32769,61440,0,0,0
5,105,104,-29,255,255,32769,32799,0,0,0
5,105,103,-29,255,255,32769,32799,0,0,0
5,9,8,-29,255,255,32769,32799,0,0,0
5,9,7,-29,255,255,32769,32799,0,0,0
5,51,50,-29,255,255,32769,32799,0,0,0
5,51,49,-29,255,255,32769,32799,0,0,0
5,51,52,-29,255,255,32769,32799,0,0,0
5,51,53,-29,255,255,32769,32799,0,0,0
5,51,39,-29,255,255,32769,32799,0,0,0
5,51,63,-29,255,255,32769,32799,0,0,0
5,19,18,-29,255,255,32769,32799,0,0,0
5,19,17,-29,255,255,32769,32799,0,0,0
5,19,16,-29,255,255,32769,32799,0,0,0
5,19,15,-29,255,255,32769,32799,0,0,0
5,19,14,-29,255,255,32769,32799,0,0,0
5,19,13,-29,255,255,32769,32799,0,0,0
5,19,20,-29,255,255,32769,32799,0,0,0
5,19,7,-29,255,255,32769,32799,0,0,0
5,19,31,-29,255,255,32769,32799,0,0,0
5,19,43,-29,255,255,32769,32799,0,0,0
5,19,55,-29,255,255,32769,32799,0,0,0
5,19,67,-29,255,255,32769,32799,0,0,0
5,19,79,-29,255,255,32769,32799,0,0,0
5,19,91,-29,255,255,32769,32799,0,0,0
5,19,103,-29,255,255,32769,32799,0,0,0
5,93,79,-29,255,255,32769,32799,0,0,0
5,93,103,-29,255,255,32769,32799,0,0,0
5,21,7,-29,255,255,32769,32799,0,0,0
5,21,31,-29,255,255,32769,32799,0,0,0
5,69,56,-29,255,255,32769,32799,0,0,0
5,45,56,-29,255,255,32769,32799,0,0,0
5,81,55,-29,255,255,32769,32796,0,0,0
5,81,103,-29,255,255,32769,32796,0,0,0
5,102,101,-29,255,255,32769,32796,0,0,0
5,78,77,-29,255,255,32769,32796,0,0,0
5,54,53,-29,255,255,32769,32796,0,0,0
5,30,29,-29,255,255,32769,32796,0,0,0
5,6,5,-29,255,255,32769,32796,0,0,0
3,57,56,2,255,255,32769,32793,0,105,93
4,28,33,-1,255,255,32768,32759,0,255,255
5,55,51,2,255,255,32769,32796,0,0,0
3,105,104,2,255,255,32769,32793,0,105,93
4,28,33,-1,255,255,32768,32748,0,255,255
5,55,51,-29,255,255,32769,61440,0,0,0
5,57,56,-29,255,255,32769,61440,0,0,0
5,104,103,-29,255,255,32769,32787,0,0,0
5,104,105,-29,255,255,32769,32787,0,0,0
5,104,92,-29,255,255,32769,32787,0,0,0
5,104,80,-29,255,255,32769,32787,0,0,0
5,104,68,-29,255,255,32769,32787,0,0,0
5,104,56,-29,255,255,32769,32787,0,0,0
5,104,44,-29,255,255,32769,32787,0,0,0
5,104,32,-29,255,255,32769,32787,0,0,0
5,104,20,-29,255,255,32769,32787,0,0,0
5,104,8,-29,255,255,32769,32787,0,0,0
5,9,8,-29,255,255,32769,32787,0,0,0
5,9,7,-29,255,255,32769,32787,0,0,0
5,55,56,-29,255,255,32769,32787,0,0,0
5,55,43,-29,255,255,32769,32787,0,0,0
5,55,31,-29,255,255,32769,32787,0,0,0
5,55,67,-29,255,255,32769,32787,0,0,0
5,55,79,-29,255,255,32769,32787,0,0,0
5,55,91,-29,255,255,32769,32787,0,0,0
5,55,103,-29,255,255,32769,32787,0,0,0
5,19,18,-29,255,255,32769,32787,0,0,0
5,19,17,-29,255,255,32769,32787,0,0,0
5,19,16,-29,255,255,32769,32787,0,0,0
5,19,15,-29,255,255,32769,32787,0,0,0
5,19,14,-29,255,255,32769,32787,0,0,0
5,19,13,-29,255,255,32769,32787,0,0,0
5,19,20,-29,255,255,32769,32787,0,0,0
5,19,7,-29,255,255,32769,32787,0,0,0
5,19,31,-29,255,255,32769,32787,0,0,0
5,19,43,-29,255,255,32769,32787,0,0,0
5,93,79,-29,255,255,32769,32787,0,0,0
5,93,103,-29,255,255,32769,32787,0,0,0
5,21,7,-29,255,255,32769,32787,0,0,0
5,21,31,-29,255,255,32769,32787,0,0,0
5,69,56,-29,255,255,32769,32787,0,0,0
5,45,56,-29,255,255,32769,32787,0,0,0
5,81,103,-29,255,255,32769,32784,0,0,0
5,102,101,-29,255,255,32769,32784,0,0,0
5,78,77,-29,255,255,32769,32784,0,0,0
5,54,53,-29,255,255,32769,32784,0,0,0
5,30,29,-29,255,255,32769,32784,0,0,0
5,6,5,-29,255,255,32769,32784,0,0,0
3,105,103,2,255,255,32769,32784,0,105,93
4,28,33,-1,255,255,32768,32749,0,255,255
5,55,51,-29,255,255,32769,61440,0,0,0
5,57,56,-29,255,255,32769,61440,0,0,0
5,103,104,-29,255,255,32769,32788,0,0,0
5,103,105,-29,255,255,32769,32788,0,0,0
5,103,91,-29,255,255,32769,32788,0,0,0
5,103,79,-29,255,255,32769,32788,0,0,0
5,103,67,-29,255,255,32769,32788,0,0,0
5,9,8,-29,255,255,32769,32788,0,0,0
5,9,7,-29,255,255,32769,32788,0,0,0
5,55,56,-29,255,255,32769,32788,0,0,0
5,55,43,-29,255,255,32769,32788,0,0,0
5,55,31,-29,255,255,32769,32788,0,0,0
5,55,67,-29,255,255,32769,32788,0,0,0
5,55,79,-29,255,255,32769,32788,0,0,0
5,55,91,-29,255,255,32769,32788,0,0,0
5,19,18,-29,255,255,32769,32788,0,0,0
5,19,17,-29,255,255,32769,32788,0,0,0
5,19,16,-29,255,255,32769,32788,0,0,0
5,19,15,-29,255,255,32769,32788,0,0,0
5,19,14,-29,255,255,32769,32788,0,0,0
5,19,13,-29,255,255,32769,32788,0,0,0
5,19,20,-29,255,255,32769,32788,0,0,0
5,19,7,-29,255,255,32769,32788,0,0,0
5,19,31,-29,255,255,32769,32788,0,0,0
5,19,43,-29,255,255,32769,32788,0,0,0
5,93,79,-29,255,255,32769,32788,0,0,0
5,21,7,-29,255,255,32769,32788,0,0,0
5,21,31,-29,255,255,32769,32788,0,0,0
5,69,56,-29,255,255,32769,32788,0,0,0
5,45,56,-29,255,255,32769,32788,0,0,0
5,102,101,-29,255,255,32769,32785,0,0,0
5,78,77,-29,255,255,32769,32785,0,0,0
5,54,53,-29,255,255,32769,32785,0,0,0
5,30,29,-29,255,255,32769,32785,0,0,0
5,6,5,-29,255,255,32769,32785,0,0,0
3,9,8,2,255,255,32769,32784,0,105,93
4,28,33,-1,255,255,32768,32748,0,255,255
5,55,51,-29,255,255,32769,61440,0,0,0
5,57,56,-29,255,255,32769,61440,0,0,0
5,105,104,-29,255,255,32769,32787,0,0,0
5,105,103,-29,255,255,32769,32787,0,0,0
5,8,7,-29,255,255,32769,32787,0,0,0
5,8,9,-29,255,255,32769,32787,0,0,0
5,8,20,-29,255,255,32769,32787,0,0,0
5,8,32,-29,255,255,32769,32787,0,0,0
5,8,44,-29,255,255,32769,32787,0,0,0
5,8,56,-29,255,255,32769,32787,0,0,0
5,8,68,-29,255,255,32769,32787,0,0,0
5,8,80,-29,255,255,32769,32787,0,0,0
5,8,92,-29,255,255,32769,32787,0,0,0
5,8,104,-29,255,255,32769,32787,0,0,0
5,55,56,-29,255,255,32769,32787,0,0,0
5,55,43,-29,255,255,32769,32787,0,0,0
5,55,31,-29,255,255,32769,32787,0,0,0
5,55,67,-29,255,255,32769,32787,0,0,0
5,55,79,-29,255,255,32769,32787,0,0,0
5,55,91,-29,255,255,32769,32787,0,0,0
5,55,103,-29,255,255,32769,32787,0,0,0
5,19,18,-29,255,255,32769,32787,0,0,0
5,19,17,-29,255,255,32769,32787,0,0,0
5,19,16,-29,255,255,32769,32787,0,0,0
5,19,15,-29,255,255,32769,32787,0,0,0
5,19,14,-29,255,255,32769,32787,0,0,0
5,19,13,-29,255,255,32769,32787,0,0,0
5,19,20,-29,255,255,32769,32787,0,0,0
5,19,7,-29,255,255,32769,32787,0,0,0
5,19,31,-29,255,255,32769,32787,0,0,0
5,19,43,-29,255,255,32769,32787,0,0,0
5,93,79,-29,255,255,32769,32787,0,0,0
5,93,103,-29,255,255,32769,32787,0,0,0
5,21,7,-29,255,255,32769,32787,0,0,0
5,21,31,-29,255,255,32769,32787,0,0,0
5,69,56,-29,255,255,32769,32787,0,0,0
5,45,56,-29,255,255,32769,32787,0,0,0
5,81,103,-29,255,255,32769,32784,0,0,0
5,102,101,-29,255,255,32769,32784,0,0,0
5,78,77,-29,255,255,32769,32784,0,0,0
5,54,53,-29,255,255,32769,32784,0,0,0
5,30,29,-29,255,255,32769,32784,0,0,0
5,6,5,-29,255,255,32769,32784,0,0,0
3,9,7,2,255,255,32769,32784,0,105,93
4,28,33,-1,255,255,32768,32749,0,255,255
5,55,51,-29,255,255,32769,61440,0,0,0
5,57,56,-29,255,255,32769,61440,0,0,0
5,105,104,-29,255,255,32769,32788,0,0,0
5,105,103,-29,255,255,32769,32788,0,0,0
5,7,8,-29,255,255,32769,32788,0,0,0
5,7,9,-29,255,255,32769,32788,0,0,0
5,55,56,-29,255,255,32769,32788,0,0,0
5,55,43,-29,255,255,32769,32788,0,0,0
5,55,31,-29,255,255,32769,32788,0,0,0
5,55,67,-29,255,255,32769,32788,0,0,0
5,55,79,-29,255,255,32769,32788,0,0,0
5,55,91,-29,255,255,32769,32788,0,0,0
5,55,103,-29,255,255,32769,32788,0,0,0
5,19,18,-29,255,255,32769,32788,0,0,0
5,19,17,-29,255,255,32769,32788,0,0,0
5,19,16,-29,255,255,32769,32788,0,0,0
5,19,15,-29,255,255,32769,32788,0,0,0
5,19,14,-29,255,255,32769,32788,0,0,0
5,19,13,-29,255,255,32769,32788,0,0,0
5,19,20,-29,255,255,32769,32788,0,0,0
5,19,31,-29,255,255,32769,32788,0,0,0
5,19,43,-29,255,255,32769,32788,0,0,0
5,93,79,-29,255,255,32769,32788,0,0,0
5,93,103,-29,255,255,32769,32788,0,0,0
5,21,31,-29,255,255,32769,32788,0,0,0
5,69,56,-29,255,255,32769,32788,0,0,0
5,45,56,-29,255,255,32769,32788,0,0,0
5,81,103,-29,255,255,32769,32785,0,0,0
5,102,101,-29,255,255,32769,32785,0,0,0
5,78,77,-29,255,255,32769,32785,0,0,0
5,54,53,-29,255,255,32769,32785,0,0,0
5,30,29,-29,255,255,32769,32785,0,0,0
5,6,5,-29,255,255,32769,32785,0,0,0
3,55,56,2,255,255,32769,32784,0,105,93
4,28,33,-1,255,255,32768,32768,0,255,255
5,56,51,-29,255,255,32769,61440,0,0,0
5,105,104,-29,255,255,32769,61440,0,0,0
5,105,103,-29,255,255,32769,61440,0,0,0
5,9,8,-29,255,255,32769,61440,0,0,0
5,9,7,-29,255,255,32769,61440,0,0,0
5,56,55,-29,255,255,32769,61440,0,0,0
5,56,44,-29,255,255,32769,61440,0,0,0
5,56,32,-29,255,255,32769,61440,0,0,0
5,56,20,-29,255,255,32769,61440,0,0,0
5,56,8,-29,255,255,32769,61440,0,0,0
5,56,68,-29,255,255,32769,61440,0,0,0
5,56,80,-29,255,255,32769,61440,0,0,0
5,56,92,-29,255,255,32769,61440,0,0,0
5,56,104,-29,255,255,32769,61440,0,0,0
5,19,18,-29,255,255,32769,61440,0,0,0
5,19,17,-29,255,255,32769,61440,0,0,0
5,19,16,-29,255,255,32769,61440,0,0,0
5,19,15,-29,255,255,32769,61440,0,0,0
5,19,14,-29,255,255,32769,61440,0,0,0
5,19,13,-29,255,255,32769,61440,0,0,0
5,19,20,-29,255,255,32769,61440,0,0,0
5,19,7,-29,255,255,32769,61440,0,0,0
5,19,31,-29,255,255,32769,61440,0,0,0
5,19,43,-29,255,255,32769,61440,0,0,0
5,19,55,-29,255,255,32769,61440,0,0,0
5,19,67,-29,255,255,32769,61440,0,0,0
5,19,79,-29,255,255,32769,61440,0,0,0
5,19,91,-29,255,255,32769,61440,0,0,0
5,19,103,-29,255,255,32769,61440,0,0,0
5,93,79,-29,255,255,32769,61440,0,0,0
5,93,103,-29,255,255,32769,61440,0,0,0
5,21,7,-29,255,255,32769,61440,0,0,0
5,21,31,-29,255,255,32769,61440,0,0,0
5,81,55,-29,255,255,32769,61440,0,0,0
5,81,103,-29,255,255,32769,61440,0,0,0
5,102,101,-29,255,255,32769,61440,0,0,0
5,78,77,-29,255,255,32769,61440,0,0,0
5,54,53,-29,255,255,32769,61440,0,0,0
5,30,29,-29,255,255,32769,61440,0,0,0
5,6,5,-29,255,255,32769,61440,0,0,0
3,55,43,2,255,255,32769,32784,0,105,93
4,28,33,-1,255,255,32768,32765,0,255,255
5,57,56,-29,255,255,32769,61440,0,0,0
5,105,104,-29,255,255,32769,32804,0,0,0
5,105,103,-29,255,255,32769,32804,0,0,0
5,9,8,-29,255,255,32769,32804,0,0,0
5,9,7,-29,255,255,32769,32804,0,0,0
5,43,42,-29,255,255,32769,32804,0,0,0
5,43,41,-29,255,255,32769,32804,0,0,0
5,43,40,-29,255,255,32769,32804,0,0,0
5,43,39,-29,255,255,32769,32804,0,0,0
5,43,38,-29,255,255,32769,32804,0,0,0
5,43,37,-29,255,255,32769,32804,0,0,0
5,43,44,-29,255,255,32769,32804,0,0,0
5,43,31,-29,255,255,32769,32804,0,0,0
5,43,55,-29,255,255,32769,32804,0,0,0
5,43,67,-29,255,255,32769,32804,0,0,0
5,43,79,-29,255,255,32769,32804,0,0,0
5,43,91,-29,255,255,32769,32804,0,0,0
5,43,103,-29,255,255,32769,32804,0,0,0
5,19,18,-29,255,255,32769,32804,0,0,0
5,19,17,-29,255,255,32769,32804,0,0,0
5,19,16,-29,255,255,32769,32804,0,0,0
5,19,15,-29,255,255,32769,32804,0,0,0
5,19,14,-29,255,255,32769,32804,0,0,0
5,19,13,-29,255,255,32769,32804,0,0,0
5,19,20,-29,255,255,32769,32804,0,0,0
5,19,7,-29,255,255,32769,32804,0,0,0
5,19,31,-29,255,255,32769,32804,0,0,0
5,93,79,-29,255,255,32769,32804,0,0,0
5,93,103,-29,255,255,32769,32804,0,0,0
5,21,7,-29,255,255,32769,32804,0,0,0
5,21,31,-29,255,255,32769,32804,0,0,0
5,69,56,-29,255,255,32769,32804,0,0,0
5,45,56,-29,255,255,32769,32804,0,0,0
5,81,55,-29,255,255,32769,32801,0,0,0
5,81,103,-29,255,255,32769,32801,0,0,0
5,102,101,-29,255,255,32769,32801,0,0,0
5,78,77,-29,255,255,32769,32801,0,0,0
5,54,53,-29,255,255,32769,32801,0,0,0
5,30,29,-29,255,255,32769,32801,0,0,0
5,6,5,-29,255,255,32769,32801,0,0,0
3,55,31,2,255,255,32769,32784,0,105,93
4,28,31,-1,255,255,32768,32767,0,255,255
5,21,31,-1,255,255,32769,32875,0,0,0
4,28,31,2,255,255,32768,32767,0,255,255
5,21,31,-1,255,255,32769,32875,0,0,0
2,16,40,2,255,255,32768,32767,0,84,74
3,21,31,-1,255,255,32769,61440,0,105,93
2,16,52,2,255,255,32768,32767,0,84,74
3,55,52,-1,255,255,32769,61440,0,105,93
4,51,52,-32,255,255,32768,4096,0,255,255
3,21,31,-1,255,255,32769,32769,0,105,93
4,52,55,2,255,255,32768,32750,0,255,255
5,19,55,-1,255,255,32769,32866,0,0,0
2,16,64,2,255,255,32768,32767,0,84,74
3,21,31,-1,255,255,32769,61440,0,105,93
2,16,76,2,255,255,32768,32767,0,84,74
3,21,31,-1,255,255,32769,61440,0,105,93
4,76,81,2,255,255,32768,32747,0,255,255
5,55,51,-29,255,255,32769,61440,0,0,0
5,57,56,-29,255,255,32769,61440,0,0,0
5,105,104,-29,255,255,32769,32786,0,0,0
5,105,103,-29,255,255,32769,32786,0,0,0
5,9,8,-29,255,255,32769,32786,0,0,0
5,9,7,-29,255,255,32769,32786,0,0,0
5,9,21,-29,255,255,32769,32786,0,0,0
5,55,56,-29,255,255,32769,32786,0,0,0
5,55,43,-29,255,255,32769,32786,0,0,0
5,55,67,-29,255,255,32769,32786,0,0,0
5,55,79,-29,255,255,32769,32786,0,0,0
5,55,91,-29,255,255,32769,32786,0,0,0
5,55,103,-29,255,255,32769,32786,0,0,0
5,19,18,-29,255,255,32769,32786,0,0,0
5,19,17,-29,255,255,32769,32786,0,0,0
5,19,16,-29,255,255,32769,32786,0,0,0
5,19,15,-29,255,255,32769,32786,0,0,0
5,19,14,-29,255,255,32769,32786,0,0,0
5,19,13,-29,255,255,32769,32786,0,0,0
5,19,20,-29,255,255,32769,32786,0,0,0
5,19,21,-29,255,255,32769,32786,0,0,0
5,19,7,-29,255,255,32769,32786,0,0,0
5,93,79,-29,255,255,32769,32786,0,0,0
5,93,103,-29,255,255,32769,32786,0,0,0
5,31,21,-29,255,255,32769,32786,0,0,0
5,31,56,-29,255,255,32769,32786,0,0,0
5,69,56,-29,255,255,32769,32786,0,0,0
5,45,56,-29,255,255,32769,32783,0,0,0
5,33,7,-29,255,255,32769,32783,0,0,0
5,102,101,-29,255,255,32769,32783,0,0,0
5,78,77,-29,255,255,32769,32783,0,0,0
5,54,53,-29,255,255,32769,32783,0,0,0
5,30,29,-29,255,255,32769,32783,0,0,0
5,6,5,-29,255,255,32769,32783,0,0,0
3,55,31,0,255,255,32769,32783,0,105,93
4,76,81,0,255,255,32768,32767,0,255,255
5,31,27,-29,255,255,32769,61440,0,0,0
5,57,56,-29,255,255,32769,61440,0,0,0
5,105,104,-29,255,255,32769,32806,0,0,0
5,105,103,-29,255,255,32769,32806,0,0,0
5,9,8,-29,255,255,32769,32806,0,0,0
5,9,7,-29,255,255,32769,32806,0,0,0
5,31,32,-29,255,255,32769,32806,0,0,0
5,31,43,-29,255,255,32769,32806,0,0,0
5,31,55,-29,255,255,32769,32806,0,0,0
5,31,67,-29,255,255,32769,32806,0,0,0
5,31,79,-29,255,255,32769,32806,0,0,0
5,31,91,-29,255,255,32769,32806,0,0,0
5,31,103,-29,255,255,32769,32806,0,0,0
5,19,18,-29,255,255,32769,32806,0,0,0
5,19,17,-29,255,255,32769,32806,0,0,0
5,19,16,-29,255,255,32769,32806,0,0,0
5,19,15,-29,255,255,32769,32806,0,0,0
5,19,14,-29,255,255,32769,32806,0,0,0
5,19,13,-29,255,255,32769,32806,0,0,0
5,19,20,-29,255,255,32769,32806,0,0,0
5,19,7,-29,255,255,32769,32806,0,0,0
5,93,79,-29,255,255,32769,32806,0,0,0
5,93,103,-29,255,255,32769,32806,0,0,0
5,21,7,-29,255,255,32769,32806,0,0,0
5,69,56,-29,255,255,32769,32806,0,0,0
5,45,56,-29,255,255,32769,32803,0,0,0
5,33,7,-29,255,255,32769,32803,0,0,0
5,33,55,-29,255,255,32769,32803,0,0,0
5,102,101,-29,255,255,32769,32803,0,0,0
5,78,77,-29,255,255,32769,32803,0,0,0
5,54,53,-29,255,255,32769,32803,0,0,0
5,30,29,-29,255,255,32769,32803,0,0,0
5,6,5,-29,255,255,32769,32803,0,0,0
3,55,51,2,255,255,32769,32783,0,105,93
4,76,81,-1,255,255,32768,32760,0,255,255
5,51,99,-29,255,255,32769,61440,0,0,0
5,51,3,-29,255,255,32769,61440,0,0,0
5,57,56,-29,255,255,32769,61440,0,0,0
5,105,104,-29,255,255,32769,32799,0,0,0
5,105,103,-29,255,255,32769,32799,0,0,0
5,9,8,-29,255,255,32769,32799,0,0,0
5,9,7,-29,255,255,32769,32799,0,0,0
5,51,50,-29,255,255,32769,32799,0,0,0
5,51,49,-29,255,255,32769,32799,0,0,0
5,51,52,-29,255,255,32769,32799,0,0,0
5,51,53,-29,255,255,32769,32799,0,0,0
5,51,39,-29,255,255,32769,32799,0,0,0
5,51,63,-29,255,255,32769,32799,0,0,0
5,19,18,-29,255,255,32769,32799,0,0,0
5,19,17,-29,255,255,32769,32799,0,0,0
5,19,16,-29,255,255,32769,32799,0,0,0
5,19,15,-29,255,255,32769,32799,0,0,0
5,19,14,-29,255,255,32769,32799,0,0,0
5,19,13,-29,255,255,32769,32799,0,0,0
5,19,20,-29,255,255,32769,32799,0,0,0
5,19,7,-29,255,255,32769,32799,0,0,0
5,19,31,-29,255,255,32769,32799,0,0,0
5,19,43,-29,255,255,32769,32799,0,0,0
5,19,55,-29,255,255,32769,32799,0,0,0
5,19,67,-29,255,255,32769,32799,0,0,0
5,19,79,-29,255,255,32769,32799,0,0,0
5,19,91,-29,255,255,32769,32799,0,0,0
5,19,103,-29,255,255,32769,32799,0,0,0
5,93,79,-29,255,255,32769,32799,0,0,0
5,93,103,-29,255,255,32769,32799,0,0,0
5,21,7,-29,255,255,32769,32799,0,0,0
5,21,31,-29,255,255,32769,32799,0,0,0
5,69,56,-29,255,255,32769,32799,0,0,0
5,45,56,-29,255,255,32769,32796,0,0,0
5,33,7,-29,255,255,32769,32796,0,0,0
5,33,55,-29,255,255,32769,32796,0,0,0
5,102,101,-29,255,255,32769,32796,0,0,0
5,78,77,-29,255,255,32769,32796,0,0,0
5,54,53,-29,255,255,32769,32796,0,0,0
5,30,29,-29,255,255,32769,32796,0,0,0
5,6,5,-29,255,255,32769,32796,0,0,0
3,57,56,2,255,255,32769,32783,0,105,93
4,76,81,-1,255,255,32768,32759,0,255,255
5,55,51,2,255,255,32769,32796,0,0,0
3,105,104,2,255,255,32769,32783,0,105,93
4,76,81,-1,255,255,32768,32748,0,255,255
5,55,51,-29,255,255,32769,61440,0,0,0
5,57,56,-29,255,255,32769,61440,0,0,0
5,104,103,-29,255,255,32769,32787,0,0,0
5,104,105,-29,255,255,32769,32787,0,0,0
5,104,92,-29,255,255,32769,32787,0,0,0
5,104,80,-29,255,255,32769,32787,0,0,0
5,104,68,-29,255,255,32769,32787,0,0,0
5,104,56,-29,255,255,32769,32787,0,0,0
5,104,44,-29,255,255,32769,32787,0,0,0
5,104,32,-29,255,255,32769,32787,0,0,0
5,104,20,-29,255,255,32769,32787,0,0,0
5,104,8,-29,255,255,32769,32787,0,0,0
5,9,8,-29,255,255,32769,32787,0,0,0
5,9,7,-29,255,255,32769,32787,0,0,0
5,55,56,-29,255,255,32769,32787,0,0,0
5,55,43,-29,255,255,32769,32787,0,0,0
5,55,31,-29,255,255,32769,32787,0,0,0
5,55,67,-29,255,255,32769,32787,0,0,0
5,55,79,-29,255,255,32769,32787,0,0,0
5,55,91,-29,255,255,32769,32787,0,0,0
5,55,103,-29,255,255,32769,32787,0,0,0
5,19,18,-29,255,255,32769,32787,0,0,0
5,19,17,-29,255,255,32769,32787,0,0,0
5,19,16,-29,255,255,32769,32787,0,0,0
5,19,15,-29,255,255,32769,32787,0,0,0
5,19,14,-29,255,255,32769,32787,0,0,0
5,19,13,-29,255,255,32769,32787,0,0,0
5,19,20,-29,255,255,32769,32787,0,0,0
5,19,7,-29,255,255,32769,32787,0,0,0
5,19,31,-29,255,255,32769,32787,0,0,0
5,19,43,-29,255,255,32769,32787,0,0,0
5,93,79,-29,255,255,32769,32787,0,0,0
5,93,103,-29,255,255,32769,32787,0,0,0
5,21,7,-29,255,255,32769,32787,0,0,0
5,21,31,-29,255,255,32769,32787,0,0,0
5,69,56,-29,255,255,32769,32787,0,0,0
5,45,56,-29,255,255,32769,32784,0,0,0
5,33,7,-29,255,255,32769,32784,0,0,0
5,102,101,-29,255,255,32769,32784,0,0,0
5,78,77,-29,255,255,32769,32784,0,0,0
5,54,53,-29,255,255,32769,32784,0,0,0
5,30,29,-29,255,255,32769,32784,0,0,0
5,6,5,-29,255,255,32769,32784,0,0,0
3,105,103,2,255,255,32769,32783,0,105,93
4,76,81,-1,255,255,32768,32749,0,255,255
5,55,51,-29,255,255,32769,61440,0,0,0
5,57,56,-29,255,255,32769,61440,0,0,0
5,103,104,-29,255,255,32769,32788,0,0,0
5,103,105,-29,255,255,32769,32788,0,0,0
5,103,91,-29,255,255,32769,32788,0,0,0
5,103,79,-29,255,255,32769,32788,0,0,0
5,103,67,-29,255,255,32769,32788,0,0,0
5,9,8,-29,255,255,32769,32788,0,0,0
5,9,7,-29,255,255,32769,32788,0,0,0
5,55,56,-29,255,255,32769,32788,0,0,0
5,55,43,-29,255,255,32769,32788,0,0,0
5,55,31,-29,255,255,32769,32788,0,0,0
5,55,67,-29,255,255,32769,32788,0,0,0
5,55,79,-29,255,255,32769,32788,0,0,0
5,55,91,-29,255,255,32769,32788,0,0,0
5,19,18,-29,255,255,32769,32788,0,0,0
5,19,17,-29,255,255,32769,32788,0,0,0
5,19,16,-29,255,255,32769,32788,0,0,0
5,19,15,-29,255,255,32769,32788,0,0,0
5,19,14,-29,255,255,32769,32788,0,0,0
5,19,13,-29,255,255,32769,32788,0,0,0
5,19,20,-29,255,255,32769,32788,0,0,0
5,19,7,-29,255,255,32769,32788,0,0,0
5,19,31,-29,255,255,32769,32788,0,0,0
5,19,43,-29,255,255,32769,32788,0,0,0
5,93,79,-29,255,255,32769,32788,0,0,0
5,21,7,-29,255,255,32769,32788,0,0,0
5,21,31,-29,255,255,32769,32788,0,0,0
5,69,56,-29,255,255,32769,32788,0,0,0
5,45,56,-29,255,255,32769,32785,0,0,0
5,33,7,-29,255,255,32769,32785,0,0,0
5,102,101,-29,255,255,32769,32785,0,0,0
5,78,77,-29,255,255,32769,32785,0,0,0
5,54,53,-29,255,255,32769,32785,0,0,0
5,30,29,-29,255,255,32769,32785,0,0,0
5,6,5,-29,255,255,32769,32785,0,0,0
3,9,8,2,255,255,32769,32783,0,105,93
4,76,81,-1,255,255,32768,32748,0,255,255
5,55,51,-29,255,255,32769,61440,0,0,0
5,57,56,-29,255,255,32769,61440,0,0,0
5,105,104,-29,255,255,32769,32787,0,0,0
5,105,103,-29,255,255,32769,32787,0,0,0
5,8,7,-29,255,255,32769,32787,0,0,0
5,8,9,-29,255,255,32769,32787,0,0,0
5,8,20,-29,255,255,32769,32787,0,0,0
5,8,32,-29,255,255,32769,32787,0,0,0
5,8,44,-29,255,255,32769,32787,0,0,0
5,8,56,-29,255,255,32769,32787,0,0,0
5,8,68,-29,255,255,32769,32787,0,0,0
5,8,80,-29,255,255,32769,32787,0,0,0
5,8,92,-29,255,255,32769,32787,0,0,0
5,8,104,-29,255,255,32769,32787,0,0,0
5,55,56,-29,255,255,32769,32787,0,0,0
5,55,43,-29,255,255,32769,32787,0,0,0
5,55,31,-29,255,255,32769,32787,0,0,0
5,55,67,-29,255,255,32769,32787,0,0,0
5,55,79,-29,255,255,32769,32787,0,0,0
5,55,91,-29,255,255,32769,32787,0,0,0
5,55,103,-29,255,255,32769,32787,0,0,0
5,19,18,-29,255,255,32769,32787,0,0,0
5,19,17,-29,255,255,32769,32787,0,0,0
5,19,16,-29,255,255,32769,32787,0,0,0
5,19,15,-29,255,255,32769,32787,0,0,0
5,19,14,-29,255,255,32769,32787,0,0,0
5,19,13,-29,255,255,32769,32787,0,0,0
5,19,20,-29,255,255,32769,32787,0,0,0
5,19,7,-29,255,255,32769,32787,0,0,0
5,19,31,-29,255,255,32769,32787,0,0,0
5,19,43,-29,255,255,32769,32787,0,0,0
5,93,79,-29,255,255,32769,32787,0,0,0
5,93,103,-29,255,255,32769,32787,0,0,0
5,21,7,-29,255,255,32769,32787,0,0,0
5,21,31,-29,255,255,32769,32787,0,0,0
5,69,56,-29,255,255,32769,32787,0,0,0
5,45,56,-29,255,255,32769,32784,0,0,0
5,33,7,-29,255,255,32769,32784,0,0,0
5,102,101,-29,255,255,32769,32784,0,0,0
5,78,77,-29,255,255,32769,32784,0,0,0
5,54,53,-29,255,255,32769,32784,0,0,0
5,30,29,-29,255,255,32769,32784,0,0,0
5,6,5,-29,255,255,32769,32784,0,0,0
3,9,7,2,255,255,32769,32783,0,105,93
4,76,81,-1,255,255,32768,32749,0,255,255
5,55,51,-29,255,255,32769,61440,0,0,0
5,57,56,-29,255,255,32769,61440,0,0,0
5,105,104,-29,255,255,32769,32788,0,0,0
5,105,103,-29,255,255,32769,32788,0,0,0
5,7,8,-29,255,255,32769,32788,0,0,0
5,7,9,-29,255,255,32769,32788,0,0,0
5,55,56,-29,255,255,32769,32788,0,0,0
5,55,43,-29,255,255,32769,32788,0,0,0
5,55,31,-29,255,255,32769,32788,0,0,0
5,55,67,-29,255,255,32769,32788,0,0,0
5,55,79,-29,255,255,32769,32788,0,0,0
5,55,91,-29,255,255,32769,32788,0,0,0
5,55,103,-29,255,255,32769,32788,0,0,0
5,19,18,-29,255,255,32769,32788,0,0,0
5,19,17,-29,255,255,32769,32788,0,0,0
5,19,16,-29,255,255,32769,32788,0,0,0
5,19,15,-29,255,255,32769,32788,0,0,0
5,19,14,-29,255,255,32769,32788,0,0,0
5,19,13,-29,255,255,32769,32788,0,0,0
5,19,20,-29,255,255,32769,32788,0,0,0
5,19,31,-29,255,255,32769,32788,0,0,0
5,19,43,-29,255,255,32769,32788,0,0,0
5,93,79,-29,255,255,32769,32788,0,0,0
5,93,103,-29,255,255,32769,32788,0,0,0
5,21,31,-29,255,255,32769,32788,0,0,0
5,69,56,-29,255,255,32769,32788,0,0,0
5,45,56,-29,255,255,32769,32785,0,0,0
5,102,101,-29,255,255,32769,32785,0,0,0
5,78,77,-29,255,255,32769,32785,0,0,0
5,54,53,-29,255,255,32769,32785,0,0,0
5,30,29,-29,255,255,32769,32785,0,0,0
5,6,5,-29,255,255,32769,32785,0,0,0
3,55,56,2,255,255,32769,32783,0,105,93
4,76,81,-1,255,255,32768,32768,0,255,255
5,56,51,-29,255,255,32769,61440,0,0,0
5,105,104,-29,255,255,32769,61440,0,0,0
5,105,103,-29,255,255,32769,61440,0,0,0
5,9,8,-29,255,255,32769,61440,0,0,0
5,9,7,-29,255,255,32769,61440,0,0,0
5,56,55,-29,255,255,32769,61440,0,0,0
5,56,44,-29,255,255,32769,61440,0,0,0
5,56,32,-29,255,255,32769,61440,0,0,0
5,56,20,-29,255,255,32769,61440,0,0,0
5,56,8,-29,255,255,32769,61440,0,0,0
5,56,68,-29,255,255,32769,61440,0,0,0
5,56,80,-29,255,255,32769,61440,0,0,0
5,56,92,-29,255,255,32769,61440,0,0,0
5,56,104,-29,255,255,32769,61440,0,0,0
5,19,18,-29,255,255,32769,61440,0,0,0
5,19,17,-29,255,255,32769,61440,0,0,0
5,19,16,-29,255,255,32769,61440,0,0,0
5,19,15,-29,255,255,32769,61440,0,0,0
5,19,14,-29,255,255,32769,61440,0,0,0
5,19,13,-29,255,255,32769,61440,0,0,0
5,19,20,-29,255,255,32769,61440,0,0,0
5,19,7,-29,255,255,32769,61440,0,0,0
5,19,31,-29,255,255,32769,61440,0,0,0
5,19,43,-29,255,255,32769,61440,0,0,0
5,19,55,-29,255,255,32769,61440,0,0,0
5,19,67,-29,255,255,32769,61440,0,0,0
5,19,79,-29,255,255,32769,61440,0,0,0
5,19,91,-29,255,255,32769,61440,0,0,0
5,19,103,-29,255,255,32769,61440,0,0,0
5,93,79,-29,255,255,32769,61440,0,0,0
5,93,103,-29,255,255,32769,61440,0,0,0
5,21,7,-29,255,255,32769,61440,0,0,0
5,21,31,-29,255,255,32769,61440,0,0,0
5,33,7,-29,255,255,32769,61440,0,0,0
5,33,55,-29,255,255,32769,61440,0,0,0
5,102,101,-29,255,255,32769,61440,0,0,0
5,78,77,-29,255,255,32769,61440,0,0,0
5,54,53,-29,255,255,32769,61440,0,0,0
5,30,29,-29,255,255,32769,61440,0,0,0
5,6,5,-29,255,255,32769,61440,0,0,0
3,55,43,2,255,255,32769,32783,0,105,93
4,76,81,-1,255,255,32768,32765,0,255,255
5,57,56,-29,255,255,32769,61440,0,0,0
5,105,104,-29,255,255,32769,32804,0,0,0
5,105,103,-29,255,255,32769,32804,0,0,0
5,9,8,-29,255,255,32769,32804,0,0,0
5,9,7,-29,255,255,32769,32804,0,0,0
5,43,42,-29,255,255,32769,32804,0,0,0
5,43,41,-29,255,255,32769,32804,0,0,0
5,43,40,-29,255,255,32769,32804,0,0,0
5,43,39,-29,255,255,32769,32804,0,0,0
5,43,38,-29,255,255,32769,32804,0,0,0
5,43,37,-29,255,255,32769,32804,0,0,0
5,43,44,-29,255,255,32769,32804,0,0,0
5,43,31,-29,255,255,32769,32804,0,0,0
5,43,55,-29,255,255,32769,32804,0,0,0
5,43,67,-29,255,255,32769,32804,0,0,0
5,43,79,-29,255,255,32769,32804,0,0,0
5,43,91,-29,255,255,32769,32804,0,0,0
5,43,103,-29,255,255,32769,32804,0,0,0
5,19,18,-29,255,255,32769,32804,0,0,0
5,19,17,-29,255,255,32769,32804,0,0,0
5,19,16,-29,255,255,32769,32804,0,0,0
5,19,15,-29,255,255,32769,32804,0,0,0
5,19,14,-29,255,255,32769,32804,0,0,0
5,19,13,-29,255,255,32769,32804,0,0,0
5,19,20,-29,255,255,32769,32804,0,0,0
5,19,7,-29,255,255,32769,32804,0,0,0
5,19,31,-29,255,255,32769,32804,0,0,0
5,93,79,-29,255,255,32769,32804,0,0,0
5,93,103,-29,255,255,32769,32804,0,0,0
5,21,7,-29,255,255,32769,32804,0,0,0
5,21,31,-29,255,255,32769,32804,0,0,0
5,69,56,-29,255,255,32769,32804,0,0,0
5,45,56,-29,255,255,32769,32801,0,0,0
5,33,7,-29,255,255,32769,32801,0,0,0
5,33,55,-29,255,255,32769,32801,0,0,0
5,102,101,-29,255,255,32769,32801,0,0,0
5,78,77,-29,255,255,32769,32801,0,0,0
5,54,53,-29,255,255,32769,32801,0,0,0
5,30,29,-29,255,255,32769,32801,0,0,0
5,6,5,-29,255,255,32769,32801,0,0,0
3,55,67,2,255,255,32769,32783,0,105,93
4,76,81,-1,255,255,32768,32765,0,255,255
5,57,56,-29,255,255,32769,61440,0,0,0
5,105,104,-29,255,255,32769,32804,0,0,0
5,105,103,-29,255,255,32769,32804,0,0,0
5,9,8,-29,255,255,32769,32804,0,0,0
5,9,7,-29,255,255,32769,32804,0,0,0
5,67,66,-29,255,255,32769,32804,0,0,0
5,67,65,-29,255,255,32769,32804,0,0,0
5,67,64,-29,255,255,32769,32804,0,0,0
5,67,63,-29,255,255,32769,32804,0,0,0
5,67,62,-29,255,255,32769,32804,0,0,0
5,67,61,-29,255,255,32769,32804,0,0,0
5,67,68,-29,255,255,32769,32804,0,0,0
5,67,55,-29,255,255,32769,32804,0,0,0
5,67,43,-29,255,255,32769,32804,0,0,0
5,67,31,-29,255,255,32769,32804,0,0,0
5,67,79,-29,255,255,32769,32804,0,0,0
5,67,91,-29,255,255,32769,32804,0,0,0
5,67,103,-29,255,255,32769,32804,0,0,0
5,19,18,-29,255,255,32769,32804,0,0,0
5,19,17,-29,255,255,32769,32804,0,0,0
5,19,16,-29,255,255,32769,32804,0,0,0
5,19,15,-29,255,255,32769,32804,0,0,0
5,19,14,-29,255,255,32769,32804,0,0,0
5,19,13,-29,255,255,32769,32804,0,0,0
5,19,20,-29,255,255,32769,32804,0,0,0
5,19,7,-29,255,255,32769,32804,0,0,0
5,19,31,-29,255,255,32769,32804,0,0,0
5,19,43,-29,255,255,32769,32804,0,0,0
5,19,55,-29,255,255,32769,32804,0,0,0
5,93,79,-29,255,255,32769,32804,0,0,0
5,93,103,-29,255,255,32769,32804,0,0,0
5,21,7,-29,255,255,32769,32804,0,0,0
5,21,31,-29,255,255,32769,32804,0,0,0
5,69,56,-29,255,255,32769,32804,0,0,0
5,45,56,-29,255,255,32769,32801,0,0,0
5,33,7,-29,255,255,32769,32801,0,0,0
5,33,55,-29,255,255,32769,32801,0,0,0
5,102,101,-29,255,255,32769,32801,0,0,0
5,78,77,-29,255,255,32769,32801,0,0,0
5,54,53,-29,255,255,32769,32801,0,0,0
5,30,29,-29,255,255,32769,32801,0,0,0
5,6,5,-29,255,255,32769,32801,0,0,0
3,55,79,2,255,255,32769,32783,0,105,93
4,76,79,-1,255,255,32768,32767,0,255,255
5,93,79,-1,255,255,32769,32875,0,0,0
4,76,79,2,255,255,32768,32767,0,255,255
5,93,79,-1,255,255,32769,32875,0,0,0
2,16,88,2,255,255,32768,32767,0,84,74
3,21,31,-1,255,255,32769,61440,0,105,93
4,86,93,2,255,255,32768,32747,0,255,255
5,105,93,-1,255,255,32769,32841,0,0,0
2,16,100,2,255,255,32768,32767,0,84,74
3,21,31,-1,255,255,32769,61440,0,105,93
4,100,105,2,255,255,32768,32747,0,255,255
5,55,51,2,255,255,32769,32967,0,0,0
3,55,79,0,255,255,32769,32967,0,105,93
4,100,105,0,255,255,32768,32767,0,255,255
5,79,75,2,255,255,32769,32987,0,0,0
3,55,51,2,255,255,32769,32967,0,105,93
4,100,105,-1,255,255,32768,32760,0,255,255
5,51,99,2,255,255,32769,32980,0,0,0
5,51,3,2,255,255,32769,32978,0,0,0
3,57,56,2,255,255,32769,32967,0,105,93
4,100,105,-1,255,255,32768,32759,0,255,255
5,55,51,2,255,255,32769,32979,0,0,0
3,105,104,2,255,255,32769,32967,0,105,93
4,100,104,-1,255,255,32768,32748,0,255,255
5,55,51,2,255,255,32769,32977,0,0,0
3,105,103,2,255,255,32769,32967,0,105,93
4,100,103,-1,255,255,32768,32749,0,255,255
5,19,103,-1,255,255,32769,32977,0,0,0
5,93,103,-1,255,255,32769,32869,0,0,0
5,81,103,-1,255,255,32769,32861,0,0,0
5,81,103,2,255,255,32769,32861,0,0,0
5,93,103,2,255,255,32769,32861,0,0,0
5,19,103,2,255,255,32769,32861,0,0,0
5,55,51,2,255,255,32769,32861,0,0,0
3,9,8,2,255,255,32769,32861,0,105,93
4,100,105,-1,255,255,32768,32748,0,255,255
5,55,51,2,255,255,32769,32968,0,0,0
3,9,7,2,255,255,32769,32861,0,105,93
4,100,105,-1,255,255,32768,32749,0,255,255
5,55,51,2,255,255,32769,32969,0,0,0
3,55,56,2,255,255,32769,32861,0,105,93
4,100,105,-1,255,255,32768,32768,0,255,255
5,56,51,2,255,255,32769,32988,0,0,0
3,55,43,2,255,255,32769,32861,0,105,93
4,100,105,-1,255,255,32768,32765,0,255,255
3,55,31,2,255,255,32769,32861,0,105,93
4,100,105,-1,255,255,32768,32767,0,255,255
5,31,27,2,255,255,32769,32987,0,0,0
3,55,67,2,255,255,32769,32861,0,105,93
4,100,105,-1,255,255,32768,32765,0,255,255
3,55,91,2,255,255,32769,32861,0,105,93
4,100,105,-1,255,255,32768,32767,0,255,255
5,91,84,2,255,255,32769,32987,0,0,0
3,55,103,2,255,255,32769,32861,0,105,93
4,100,103,-1,255,255,32768,32767,0,255,255
5,105,103,-1,255,255,32769,32876,0,0,0
4,100,103,2,255,255,32768,32767,0,255,255
5,105,103,-1,255,255,32769,32876,0,0,0
2,84,74,2,255,255,32768,32767,0,84,74
3,21,31,-1,255,255,32769,61440,0,105,93
2,84,98,2,255,255,32768,32767,0,84,74
3,21,31,-1,255,255,32769,61440,0,105,93
2,12,2,2,255,255,32768,32767,0,84,74
3,21,31,-1,255,255,32769,61440,0,105,93
2,12,26,2,255,255,32768,32767,0,84,74
3,21,31,-1,255,255,32769,61440,0,105,93
2,60,49,2,255,255,32768,32767,0,84,74
3,21,31,-1,255,255,32769,61440,0,105,93
2,36,49,2,255,255,32768,32767,0,84,74
3,21,31,-1,255,255,32769,61440,0,105,93
2,72,50,2,255,255,32768,32767,0,84,74
3,21,31,-1,255,255,32769,61440,0,105,93
2,72,98,2,255,255,32768,32767,0,84,74
3,21,31,-1,255,255,32769,61440,0,105,93
2,24,2,2,255,255,32768,32767,0,84,74
3,21,31,-1,255,255,32769,61440,0,105,93
2,24,50,2,255,255,32768,32767,0,84,74
3,21,31,-1,255,255,32769,61440,0,105,93
2,99,100,2,255,255,32768,32767,0,84,74
3,21,31,-1,255,255,32769,61440,0,105,93
2,75,76,2,255,255,32768,32767,0,84,74
3,21,31,-1,255,255,32769,61440,0,105,93
2,51,52,2,255,255,32768,32767,0,84,74
3,55,52,-1,255,255,32769,61440,0,105,93
4,16,21,2,255,255,32768,32760,0,255,255
5,9,21,-1,255,255,32769,32855,0,0,0
2,27,28,2,255,255,32768,32767,0,84,74
3,21,31,-1,255,255,32769,61440,0,105,93
2,3,4,2,255,255,32768,32767,0,84,74
3,21,31,-1,255,255,32769,61440,0,105,93
0,14,17,-1,86,50,32768,32768,0,86,50
1,91,55,-1,255,255,32769,61440,0,93,79
2,96,97,-1,255,255,32768,4096,0,84,74
3,21,31,-1,255,255,32769,61440,0,105,93
2,17,21,2,255,255,32768,32755,0,84,74
3,9,21,-1,255,255,32769,61440,0,105,93
2,48,49,2,255,255,32768,32755,0,84,74
3,21,31,-1,255,255,32769,61440,0,105,93
2,96,98,2,255,255,32768,32755,0,84,74
3,21,31,-1,255,255,32769,61440,0,105,93
2,0,1,2,255,255,32768,32755,0,84,74
3,21,31,-1,255,255,32769,61440,0,105,93
2,0,2,2,255,255,32768,32755,0,84,74
3,21,31,-1,255,255,32769,61440,0,105,93
2,86,85,2,255,255,32768,32755,0,84,74
3,21,31,-1,255,255,32769,61440,0,105,93
2,86,87,2,255,255,32768,32755,0,84,74
3,21,31,-1,255,255,32769,61440,0,105,93
2,86,88,2,255,255,32768,32755,0,84,74
3,21,31,-1,255,255,32769,61440,0,105,93
2,86,89,2,255,255,32768,32755,0,84,74
3,21,31,-1,255,255,32769,61440,0,105,93
2,86,90,2,255,255,32768,32755,0,84,74
3,21,31,-1,255,255,32769,61440,0,105,93
4,90,54,2,255,255,32768,32744,0,255,255
5,31,54,-32,255,255,32769,61440,0,0,0
2,86,91,2,255,255,32768,32755,0,84,74
3,19,91,-1,255,255,32769,61440,0,105,93
2,86,92,2,255,255,32768,32755,0,84,74
3,21,31,-1,255,255,32769,61440,0,105,93
2,86,74,2,255,255,32768,32755,0,84,74
3,21,31,-1,255,255,32769,61440,0,105,93
4,74,78,2,255,255,32768,32746,0,255,255
2,86,62,2,255,255,32768,32755,0,84,74
3,21,31,-1,255,255,32769,61440,0,105,93
2,86,50,2,255,255,32768,32755,0,84,74
3,21,31,-1,255,255,32769,61440,0,105,93
4,50,54,2,255,255,32768,32756,0,255,255
5,31,54,-32,255,255,32769,61440,0,0,0
2,86,38,2,255,255,32768,32756,0,84,74
3,21,31,-1,255,255,32769,61440,0,105,93
2,86,26,2,255,255,32768,32756,0,84,74
3,21,31,-1,255,255,32769,61440,0,105,93
4,26,30,2,255,255,32768,32746,0,255,255
2,86,14,2,255,255,32768,32756,0,84,74
3,19,14,-1,255,255,32769,61440,0,105,93
2,86,2,2,255,255,32768,32756,0,84,74
3,21,31,-1,255,255,32769,61440,0,105,93
4,2,6,2,255,255,32768,32746,0,255,255
2,86,98,2,255,255,32768,32756,0,84,74
3,21,31,-1,255,255,32769,61440,0,105,93
4,98,102,2,255,255,32768,32746,0,255,255
2,17,16,2,255,255,32768,32756,0,84,74
3,21,31,-1,255,255,32769,61440,0,105,93
2,17,15,2,255,255,32768,32756,0,84,74
3,21,31,-1,255,255,32769,61440,0,105,93
2,17,13,2,255,255,32768,32756,0,84,74
3,21,31,-1,255,255,32769,61440,0,105,93
2,17,18,2,255,255,32768,32756,0,84,74
3,21,31,-1,255,255,32769,61440,0,105,93
4,18,54,2,255,255,32768,32746,0,255,255
5,31,54,-32,255,255,32769,61440,0,0,0
2,17,5,2,255,255,32768,32756,0,84,74
3,6,5,-1,255,255,32769,61440,0,105,93
2,17,29,2,255,255,32768,32756,0,84,74
3,30,29,-1,255,255,32769,61440,0,105,93
2,17,41,2,255,255,32768,32756,0,84,74
3,21,31,-1,255,255,32769,61440,0,105,93
2,17,53,2,255,255,32768,32756,0,84,74
3,55,53,-1,255,255,32769,61440,0,105,93
4,48,49,-29,255,255,32768,4096,0,255,255
4,96,97,-29,255,255,32768,4096,0,255,255
4,96,98,-29,255,255,32768,4096,0,255,255
4,0,1,-29,255,255,32768,4096,0,255,255
4,0,2,-29,255,255,32768,4096,0,255,255
4,86,85,-29,255,255,32768,4096,0,255,255
4,86,87,-29,255,255,32768,4096,0,255,255
4,86,88,-29,255,255,32768,4096,0,255,255
4,86,89,-29,255,255,32768,4096,0,255,255
4,86,90,-29,255,255,32768,4096,0,255,255
4,86,91,-29,255,255,32768,4096,0,255,255
4,86,92,-29,255,255,32768,4096,0,255,255
4,86,74,-29,255,255,32768,4096,0,255,255
4,86,62,-29,255,255,32768,4096,0,255,255
4,86,50,-29,255,255,32768,4096,0,255,255
4,86,38,-29,255,255,32768,32667,0,255,255
4,86,26,-29,255,255,32768,32667,0,255,255
4,86,14,-29,255,255,32768,32667,0,255,255
4,86,2,-29,255,255,32768,32667,0,255,255
4,86,98,-29,255,255,32768,32667,0,255,255
4,84,74,-29,255,255,32768,32667,0,255,255
4,84,98,-29,255,255,32768,32667,0,255,255
4,12,2,-29,255,255,32768,32667,0,255,255
4,12,26,-29,255,255,32768,32667,0,255,255
4,60,49,-29,255,255,32768,32667,0,255,255
4,36,49,-29,255,255,32768,32667,0,255,255
4,72,50,-29,255,255,32768,32667,0,255,255
4,72,98,-29,255,255,32768,32667,0,255,255
4,24,2,-29,255,255,32768,32667,0,255,255
4,24,50,-29,255,255,32768,32667,0,255,255
4,99,100,-29,255,255,32768,32667,0,255,255
4,75,76,-29,255,255,32768,32667,0,255,255
4,51,52,-29,255,255,32768,32667,0,255,255
4,27,28,-29,255,255,32768,32667,0,255,255
4,3,4,-29,255,255,32768,32667,0,255,255
2,17,65,2,255,255,32768,32756,0,84,74
3,21,31,-1,255,255,32769,61440,0,105,93
2,17,77,2,255,255,32768,32756,0,84,74
3,78,77,-1,255,255,32769,61440,0,105,93
2,17,89,2,255,255,32768,32756,0,84,74
3,21,31,-1,255,255,32769,61440,0,105,93
4,86,93,2,255,255,32768,32746,0,255,255
5,105,93,-1,255,255,32769,32840,0,0,0
2,17,101,2,255,255,32768,32756,0,84,74
3,102,101,-1,255,255,32769,61440,0,105,93
2,84,74,2,255,255,32768,32756,0,84,74
3,21,31,-1,255,255,32769,61440,0,105,93
2,84,98,2,255,255,32768,32756,0,84,74
3,21,31,-1,255,255,32769,61440,0,105,93
2,12,2,2,255,255,32768,32756,0,84,74
3,21,31,-1,255,255,32769,61440,0,105,93
2,12,26,2,255,255,32768,32756,0,84,74
3,21,31,-1,255,255,32769,61440,0,105,93
2,60,49,2,255,255,32768,32756,0,84,74
3,21,31,-1,255,255,32769,61440,0,105,93
2,36,49,2,255,255,32768,32756,0,84,74
3,21,31,-1,255,255,32769,61440,0,105,93
2,72,50,2,255,255,32768,32756,0,84,74
3,21,31,-1,255,255,32769,61440,0,105,93
2,72,98,2,255,255,32768,32756,0,84,74
3,21,31,-1,255,255,32769,61440,0,105,93
2,24,2,2,255,255,32768,32756,0,84,74
3,21,31,-1,255,255,32769,61440,0,105,93
2,24,50,2,255,255,32768,32756,0,84,74
3,21,31,-1,255,255,32769,61440,0,105,93
2,99,100,2,255,255,32768,32756,0,84,74
3,21,31,-1,255,255,32769,61440,0,105,93
2,75,76,2,255,255,32768,32756,0,84,74
3,21,31,-1,255,255,32769,61440,0,105,93
2,51,52,2,255,255,32768,32756,0,84,74
3,55,52,-1,255,255,32769,61440,0,105,93
4,17,21,2,255,255,32768,32759,0,255,255
5,9,21,-1,255,255,32769,32855,0,0,0
2,27,28,2,255,255,32768,32759,0,84,74
3,21,31,-1,255,255,32769,61440,0,105,93
2,3,4,2,255,255,32768,32759,0,84,74
3,21,31,-1,255,255,32769,61440,0,105,93
0,14,18,-1,86,50,32768,32768,0,86,50
1,91,55,-1,255,255,32769,61440,0,93,79
2,96,97,-1,255,255,32768,4096,0,84,74
3,21,31,-1,255,255,32769,61440,0,105,93
4,18,54,2,255,255,32768,32755,0,255,255
5,31,54,-32,255,255,32769,61440,0,0,0
2,18,21,2,255,255,32768,32755,0,84,74
3,9,21,-1,255,255,32769,61440,0,105,93
2,18,54,2,255,255,32768,32755,0,84,74
3,21,31,-32,255,255,32769,61440,0,105,93
3,55,103,-31,255,255,32769,61440,0,105,93
4,54,102,2,255,255,32768,4096,0,255,255
5,103,99,2,255,255,32769,32777,0,0,0
3,55,51,-29,255,255,32769,32774,0,105,93
4,54,102,0,255,255,32768,4096,0,255,255
5,105,102,-1,255,255,32769,32770,0,0,0
4,54,6,2,255,255,32768,32655,0,255,255
5,9,6,-1,255,255,32769,32770,0,0,0
4,48,49,2,255,255,32768,32655,0,255,255
4,96,97,2,255,255,32768,32766,0,255,255
5,51,99,2,255,255,32769,32777,0,0,0
5,51,3,2,255,255,32769,32775,0,0,0
3,57,56,-29,255,255,32769,32774,0,105,93
3,105,104,-29,255,255,32769,32774,0,105,93
3,105,103,-29,255,255,32769,32774,0,105,93
3,9,8,-29,255,255,32769,32774,0,105,93
3,9,7,-29,255,255,32769,32774,0,105,93
3,55,56,-29,255,255,32769,32774,0,105,93
3,55,43,-29,255,255,32769,32774,0,105,93
4,96,97,0,255,255,32768,4096,0,255,255
3,55,31,-29,255,255,32769,32774,0,105,93
4,96,97,-1,255,255,32768,4096,0,255,255
5,31,27,2,255,255,32769,32784,0,0,0
3,55,67,-29,255,255,32769,32774,0,105,93
4,96,97,-1,255,255,32768,4096,0,255,255
3,55,79,-29,255,255,32769,32774,0,105,93
4,96,97,-1,255,255,32768,4096,0,255,255
5,79,75,2,255,255,32769,32784,0,0,0
3,55,91,-29,255,255,32769,32774,0,105,93
4,96,97,-1,255,255,32768,4096,0,255,255
5,91,84,2,255,255,32769,32784,0,0,0
6,54,102,2,255,255,32768,32690,0,0,0
6,54,6,2,255,255,32768,32692,0,0,0
4,86,93,2,255,255,32768,32692,0,255,255
5,105,93,-1,255,255,32769,32869,0,0,0
6,54,102,2,255,255,32768,32752,0,0,0
6,54,6,2,255,255,32768,32754,0,0,0
4,54,102,2,255,255,32768,32754,0,255,255
5,105,102,-1,255,255,32769,32777,0,0,0
6,86,93,2,255,255,32768,32662,0,0,0
4,54,6,2,255,255,32768,32756,0,255,255
5,9,6,-1,255,255,32769,32777,0,0,0
6,86,93,2,255,255,32768,32662,0,0,0
4,48,49,2,255,255,32768,32756,0,255,255
5,91,84,0,255,255,32769,32773,0,0,0
6,96,84,-1,255,255,32768,32679,0,0,0
3,19,18,-29,255,255,32769,32773,0,105,93
3,19,17,-29,255,255,32769,32773,0,105,93
3,19,16,-29,255,255,32769,32773,0,105,93
3,19,15,-29,255,255,32769,32773,0,105,93
3,19,14,-29,255,255,32769,32773,0,105,93
3,19,13,-29,255,255,32769,32773,0,105,93
3,19,20,-29,255,255,32769,32773,0,105,93
3,19,7,-29,255,255,32769,32773,0,105,93
3,19,31,-29,255,255,32769,32773,0,105,93
3,19,43,-29,255,255,32769,32773,0,105,93
3,93,79,-29,255,255,32769,32773,0,105,93
3,93,103,-29,255,255,32769,32773,0,105,93
3,21,7,-29,255,255,32769,32773,0,105,93
3,69,56,-29,255,255,32769,32773,0,105,93
4,54,56,-1,255,255,32768,4096,0,255,255
5,57,56,-1,255,255,32769,32798,0,0,0
4,96,97,-1,255,255,32768,32694,0,255,255
5,55,51,2,255,255,32769,32773,0,0,0
3,45,56,-29,255,255,32769,32773,0,105,93
4,54,56,-1,255,255,32768,4096,0,255,255
5,57,56,-1,255,255,32769,32798,0,0,0
4,96,97,-1,255,255,32768,32694,0,255,255
5,55,51,2,255,255,32769,32773,0,0,0
3,81,103,-29,255,255,32769,32773,0,105,93
3,33,7,-29,255,255,32769,32773,0,105,93
3,102,101,-29,255,255,32769,32773,0,105,93
3,78,77,-29,255,255,32769,32773,0,105,93
3,30,29,-29,255,255,32769,32773,0,105,93
3,6,5,-29,255,255,32769,32773,0,105,93
1,91,92,0,255,255,32769,32773,0,93,79
2,96,97,-1,255,255,32768,4096,0,84,74
3,21,31,-1,255,255,32769,61440,0,105,93
4,86,93,2,255,255,32768,32765,0,255,255
5,105,93,-1,255,255,32769,32859,0,0,0
4,18,54,2,255,255,32768,32765,0,255,255
5,31,54,-1,255,255,32769,32774,0,0,0
2,18,54,0,255,255,32768,32765,0,84,74
3,21,31,-1,255,255,32769,61440,0,105,93
4,86,93,2,255,255,32768,32765,0,255,255
5,105,93,-1,255,255,32769,32859,0,0,0
4,54,102,2,255,255,32768,32765,0,255,255
4,54,6,2,255,255,32768,32767,0,255,255
2,86,93,2,255,255,32768,32767,0,84,74
3,105,93,-1,255,255,32769,61440,0,105,93
4,18,21,2,255,255,32768,32743,0,255,255
5,9,21,-1,255,255,32769,32839,0,0,0
4,18,54,2,255,255,32768,32743,0,255,255
2,18,21,2,255,255,32768,32767,0,84,74
3,9,21,-1,255,255,32769,61440,0,105,93
4,86,93,2,255,255,32768,32745,0,255,255
5,105,93,-1,255,255,32769,32839,0,0,0
2,48,49,2,255,255,32768,32767,0,84,74
3,21,31,-1,255,255,32769,61440,0,105,93
4,86,93,2,255,255,32768,32754,0,255,255
5,105,93,-1,255,255,32769,32848,0,0,0
4,18,54,2,255,255,32768,32754,0,255,255
2,96,98,2,255,255,32768,32767,0,84,74
3,21,31,-1,255,255,32769,61440,0,105,93
4,86,93,2,255,255,32768,32764,0,255,255
5,105,93,-1,255,255,32769,32858,0,0,0
4,18,54,2,255,255,32768,32764,0,255,255
5,31,54,-1,255,255,32769,32773,0,0,0
2,0,1,2,255,255,32768,32767,0,84,74
3,21,31,-1,255,255,32769,61440,0,105,93
4,86,93,2,255,255,32768,32765,0,255,255
5,105,93,-1,255,255,32769,32859,0,0,0
4,18,54,2,255,255,32768,32765,0,255,255
5,31,54,-1,255,255,32769,32774,0,0,0
2,0,2,2,255,255,32768,32767,0,84,74
3,21,31,-1,255,255,32769,61440,0,105,93
4,86,93,2,255,255,32768,32764,0,255,255
5,105,93,-1,255,255,32769,32858,0,0,0
4,18,54,2,255,255,32768,32764,0,255,255
5,31,54,-1,255,255,32769,32773,0,0,0
2,86,85,2,255,255,32768,32767,0,84,74
3,21,31,-1,255,255,32769,61440,0,105,93
4,85,93,2,255,255,32768,32756,0,255,255
5,105,93,-1,255,255,32769,32850,0,0,0
4,18,54,2,255,255,32768,32756,0,255,255
2,86,87,2,255,255,32768,32767,0,84,74
3,21,31,-1,255,255,32769,61440,0,105,93
4,87,93,2,255,255,32768,32755,0,255,255
5,105,93,-1,255,255,32769,32850,0,0,0
4,18,54,2,255,255,32768,32755,0,255,255
2,86,88,2,255,255,32768,32767,0,84,74
3,21,31,-1,255,255,32769,61440,0,105,93
4,88,93,2,255,255,32768,32755,0,255,255
5,105,93,-1,255,255,32769,32850,0,0,0
4,18,54,2,255,255,32768,32755,0,255,255
2,86,89,2,255,255,32768,32767,0,84,74
3,21,31,-1,255,255,32769,61440,0,105,93
4,89,93,2,255,255,32768,32754,0,255,255
5,105,93,-1,255,255,32769,32850,0,0,0
4,18,54,2,255,255,32768,32754,0,255,255
2,86,90,2,255,255,32768,32767,0,84,74
3,21,31,-1,255,255,32769,61440,0,105,93
4,90,93,2,255,255,32768,32754,0,255,255
5,105,93,-1,255,255,32769,32850,0,0,0
4,18,54,2,255,255,32768,32754,0,255,255
4,90,54,2,255,255,32768,32763,0,255,255
2,86,91,2,255,255,32768,32767,0,84,74
3,21,31,-1,255,255,32769,61440,0,105,93
4,91,19,2,255,255,32768,32754,0,255,255
3,92,84,2,255,255,32769,32863,0,105,93
4,96,84,-1,255,255,32768,32670,0,255,255
5,19,12,-1,255,255,32769,32787,0,0,0
6,0,12,-1,255,255,32768,32693,0,0,0
3,19,12,2,255,255,32769,32787,0,105,93
4,0,12,-1,255,255,32768,32670,0,255,255
5,92,84,2,255,255,32769,32787,0,0,0
6,96,84,-1,255,255,32768,32693,0,0,0
3,57,56,2,255,255,32769,32787,0,105,93
4,91,93,2,255,255,32768,32766,0,255,255
5,105,93,-1,255,255,32769,32862,0,0,0
4,18,21,2,255,255,32768,32766,0,255,255
5,9,21,-1,255,255,32769,32862,0,0,0
4,18,54,2,255,255,32768,32766,0,255,255
5,92,84,2,255,255,32769,32775,0,0,0
6,96,84,-1,255,255,32768,32681,0,0,0
3,105,104,2,255,255,32769,32775,0,105,93
4,18,54,0,255,255,32768,32755,0,255,255
4,91,93,2,255,255,32768,32764,0,255,255
5,19,12,-1,255,255,32769,32851,0,0,0
6,0,12,-1,255,255,32768,32757,0,0,0
3,105,103,2,255,255,32769,32775,0,105,93
4,91,93,0,255,255,32768,32756,0,255,255
5,19,12,-1,255,255,32769,32852,0,0,0
6,0,12,-1,255,255,32768,32758,0,0,0
3,9,8,2,255,255,32769,32775,0,105,93
4,91,93,-1,255,255,32768,32755,0,255,255
5,105,93,-1,255,255,32769,32851,0,0,0
4,18,21,2,255,255,32768,32755,0,255,255
5,92,84,2,255,255,32769,32851,0,0,0
6,96,84,-1,255,255,32768,32757,0,0,0
3,9,7,2,255,255,32769,32775,0,105,93
4,91,7,-1,255,255,32768,32756,0,255,255
5,21,7,-1,255,255,32769,32985,0,0,0
5,33,7,-1,255,255,32769,32869,0,0,0
5,19,12,-1,255,255,32769,32869,0,0,0
5,33,7,2,255,255,32769,32869,0,0,0
5,21,7,2,255,255,32769,32869,0,0,0
3,92,80,2,255,255,32769,32775,0,105,93
4,18,21,0,255,255,32768,32764,0,255,255
5,9,21,-1,255,255,32769,32860,0,0,0
4,18,54,2,255,255,32768,32764,0,255,255
5,80,75,2,255,255,32769,32773,0,0,0
3,92,68,2,255,255,32769,32770,0,105,93
4,18,54,0,255,255,32768,32764,0,255,255
3,92,56,2,255,255,32769,32770,0,105,93
4,18,54,-1,255,255,32768,32765,0,255,255
5,56,51,-29,255,255,32769,61440,0,0,0
6,54,102,2,255,255,32768,32766,0,0,0
6,54,6,2,255,255,32768,32768,0,0,0
4,18,21,2,255,255,32768,32768,0,255,255
5,9,21,-1,255,255,32769,32861,0,0,0
2,86,74,2,255,255,32768,32768,0,84,74
3,21,31,-1,255,255,32769,61440,0,105,93
4,18,54,-1,255,255,32768,32756,0,255,255
4,74,78,2,255,255,32768,32765,0,255,255
2,86,62,2,255,255,32768,32768,0,84,74
3,21,31,-1,255,255,32769,61440,0,105,93
4,18,54,-1,255,255,32768,32758,0,255,255
2,86,50,2,255,255,32768,32768,0,84,74
3,21,31,-1,255,255,32769,61440,0,105,93
4,18,54,-1,255,255,32768,32766,0,255,255
5,31,54,-1,255,255,32769,32775,0,0,0
6,50,54,-1,255,255,32768,32659,0,0,0
4,50,54,2,255,255,32768,32766,0,255,255
2,86,38,2,255,255,32768,32768,0,84,74
3,21,31,-1,255,255,32769,61440,0,105,93
4,18,54,-1,255,255,32768,32758,0,255,255
2,86,26,2,255,255,32768,32768,0,84,74
3,21,31,-1,255,255,32769,61440,0,105,93
4,18,54,-1,255,255,32768,32756,0,255,255
4,26,30,2,255,255,32768,32765,0,255,255
2,86,14,2,255,255,32768,32768,0,84,74
3,19,14,-1,255,255,32769,61440,0,105,93
4,18,54,-1,255,255,32768,32659,0,255,255
2,86,2,2,255,255,32768,32768,0,84,74
3,21,31,-1,255,255,32769,61440,0,105,93
4,18,54,-1,255,255,32768,32756,0,255,255
4,2,6,2,255,255,32768,32765,0,255,255
2,86,98,2,255,255,32768,32768,0,84,74
3,21,31,-1,255,255,32769,61440,0,105,93
4,18,54,-1,255,255,32768,32756,0,255,255
4,98,102,2,255,255,32768,32765,0,255,255
2,18,17,2,255,255,32768,32768,0,84,74
3,21,31,-1,255,255,32769,61440,0,105,93
4,86,93,2,255,255,32768,32756,0,255,255
5,105,93,-1,255,255,32769,32850,0,0,0
2,18,16,2,255,255,32768,32768,0,84,74
3,21,31,-1,255,255,32769,61440,0,105,93
4,86,93,2,255,255,32768,32757,0,255,255
5,105,93,-1,255,255,32769,32851,0,0,0
2,18,15,2,255,255,32768,32768,0,84,74
3,21,31,-1,255,255,32769,61440,0,105,93
4,86,93,2,255,255,32768,32757,0,255,255
5,105,93,-1,255,255,32769,32851,0,0,0
2,18,13,2,255,255,32768,32768,0,84,74
3,21,31,-1,255,255,32769,61440,0,105,93
4,86,93,2,255,255,32768,32758,0,255,255
5,105,93,-1,255,255,32769,32852,0,0,0
2,84,74,2,255,255,32768,32768,0,84,74
3,21,31,-1,255,255,32769,61440,0,105,93
4,18,54,-1,255,255,32768,32766,0,255,255
5,31,54,-1,255,255,32769,32775,0,0,0
4,86,93,2,255,255,32768,32766,0,255,255
5,105,93,-1,255,255,32769,32860,0,0,0
2,84,98,2,255,255,32768,32768,0,84,74
3,21,31,-1,255,255,32769,61440,0,105,93
4,18,54,-1,255,255,32768,32764,0,255,255
5,31,54,-1,255,255,32769,32773,0,0,0
4,86,93,2,255,255,32768,32764,0,255,255
5,105,93,-1,255,255,32769,32858,0,0,0
2,12,2,2,255,255,32768,32768,0,84,74
3,21,31,-1,255,255,32769,61440,0,105,93
4,18,54,-1,255,255,32768,32764,0,255,255
5,31,54,-1,255,255,32769,32773,0,0,0
4,86,93,2,255,255,32768,32764,0,255,255
5,105,93,-1,255,255,32769,32858,0,0,0
2,12,26,2,255,255,32768,32768,0,84,74
3,21,31,-1,255,255,32769,61440,0,105,93
4,18,54,-1,255,255,32768,32766,0,255,255
5,31,54,-1,255,255,32769,32775,0,0,0
4,86,93,2,255,255,32768,32766,0,255,255
5,105,93,-1,255,255,32769,32860,0,0,0
2,60,49,2,255,255,32768,32768,0,84,74
3,21,31,-1,255,255,32769,61440,0,105,93
4,18,54,-1,255,255,32768,32757,0,255,255
4,86,93,2,255,255,32768,32766,0,255,255
5,105,93,-1,255,255,32769,32851,0,0,0
2,36,49,2,255,255,32768,32768,0,84,74
3,21,31,-1,255,255,32769,61440,0,105,93
4,18,54,-1,255,255,32768,32757,0,255,255
4,86,93,2,255,255,32768,32766,0,255,255
5,105,93,-1,255,255,32769,32851,0,0,0
2,72,50,2,255,255,32768,32768,0,84,74
3,21,31,-1,255,255,32769,61440,0,105,93
4,18,54,-1,255,255,32768,32757,0,255,255
4,86,93,2,255,255,32768,32766,0,255,255
5,105,93,-1,255,255,32769,32851,0,0,0
2,72,98,2,255,255,32768,32768,0,84,74
3,21,31,-1,255,255,32769,61440,0,105,93
4,18,54,-1,255,255,32768,32755,0,255,255
4,86,93,2,255,255,32768,32764,0,255,255
5,105,93,-1,255,255,32769,32849,0,0,0
2,24,2,2,255,255,32768,32768,0,84,74
3,21,31,-1,255,255,32769,61440,0,105,93
4,18,54,-1,255,255,32768,32755,0,255,255
4,86,93,2,255,255,32768,32764,0,255,255
5,105,93,-1,255,255,32769,32849,0,0,0
2,24,50,2,255,255,32768,32768,0,84,74
3,21,31,-1,255,255,32769,61440,0,105,93
4,18,54,-1,255,255,32768,32757,0,255,255
4,86,93,2,255,255,32768,32766,0,255,255
5,105,93,-1,255,255,32769,32851,0,0,0
2,99,100,2,255,255,32768,32768,0,84,74
3,21,31,-1,255,255,32769,61440,0,105,93
4,18,54,-1,255,255,32768,32757,0,255,255
4,86,93,2,255,255,32768,32766,0,255,255
5,105,93,-1,255,255,32769,32851,0,0,0
2,75,76,2,255,255,32768,32768,0,84,74
3,21,31,-1,255,255,32769,61440,0,105,93
4,18,54,-1,255,255,32768,32757,0,255,255
4,86,93,2,255,255,32768,32766,0,255,255
5,105,93,-1,255,255,32769,32851,0,0,0
2,51,52,2,255,255,32768,32768,0,84,74
3,21,31,-1,255,255,32769,61440,0,105,93
4,18,54,-1,255,255,32768,32757,0,255,255
4,86,93,2,255,255,32768,32766,0,255,255
5,105,93,-1,255,255,32769,32851,0,0,0
2,27,28,2,255,255,32768,32768,0,84,74
3,21,31,-1,255,255,32769,61440,0,105,93
4,18,54,-1,255,255,32768,32757,0,255,255
4,86,93,2,255,255,32768,32766,0,255,255
5,105,93,-1,255,255,32769,32851,0,0,0
2,3,4,2,255,255,32768,32768,0,84,74
3,21,31,-1,255,255,32769,61440,0,105,93
4,18,54,-1,255,255,32768,32757,0,255,255
4,86,93,2,255,255,32768,32766,0,255,255
5,105,93,-1,255,255,32769,32851,0,0,0
0,14,21,-1,86,50,32768,32768,0,86,50
1,9,21,-1,255,255,32769,61440,0,93,79
2,96,97,-1,255,255,32768,4096,0,84,74
3,91,84,2,255,255,32769,61440,0,105,93
2,86,93,2,255,255,32768,32660,0,84,74
3,105,93,-1,255,255,32769,61440,0,105,93
2,48,49,2,255,255,32768,32722,0,84,74
3,91,84,0,255,255,32769,61440,0,105,93
4,96,84,-1,255,255,32768,32649,0,255,255
4,96,84,2,255,255,32768,32766,0,255,255
2,96,98,2,255,255,32768,32766,0,84,74
3,91,84,-1,255,255,32769,61440,0,105,93
2,0,1,2,255,255,32768,32766,0,84,74
3,91,84,-1,255,255,32769,61440,0,105,93
4,96,84,-1,255,255,32768,32660,0,255,255
3,57,56,2,255,255,32769,32777,0,105,93
4,86,93,2,255,255,32768,32756,0,255,255
5,105,93,-1,255,255,32769,32850,0,0,0
2,0,2,2,255,255,32768,32766,0,84,74
3,91,84,-1,255,255,32769,61440,0,105,93
4,96,84,-1,255,255,32768,32659,0,255,255
3,57,56,0,255,255,32769,32776,0,105,93
4,86,93,2,255,255,32768,32755,0,255,255
5,105,93,-1,255,255,32769,32849,0,0,0
2,86,85,2,255,255,32768,32766,0,84,74
3,57,56,-1,255,255,32769,61440,0,105,93
4,85,93,2,255,255,32768,32747,0,255,255
5,105,93,-1,255,255,32769,32841,0,0,0
2,86,87,2,255,255,32768,32766,0,84,74
3,57,56,-1,255,255,32769,61440,0,105,93
4,87,93,2,255,255,32768,32746,0,255,255
5,105,93,-1,255,255,32769,32841,0,0,0
2,86,88,2,255,255,32768,32766,0,84,74
3,57,56,-1,255,255,32769,61440,0,105,93
4,88,93,2,255,255,32768,32746,0,255,255
5,105,93,-1,255,255,32769,32841,0,0,0
2,86,89,2,255,255,32768,32766,0,84,74
3,57,56,-1,255,255,32769,61440,0,105,93
4,89,93,2,255,255,32768,32745,0,255,255
5,105,93,-1,255,255,32769,32841,0,0,0
2,86,90,2,255,255,32768,32766,0,84,74
3,57,56,-1,255,255,32769,61440,0,105,93
4,90,93,2,255,255,32768,32745,0,255,255
5,105,93,-1,255,255,32769,32841,0,0,0
4,90,54,2,255,255,32768,32745,0,255,255
2,86,74,2,255,255,32768,32766,0,84,74
3,57,56,-1,255,255,32769,61440,0,105,93
4,74,78,2,255,255,32768,32747,0,255,255
2,86,62,2,255,255,32768,32766,0,84,74
3,57,56,-1,255,255,32769,61440,0,105,93
2,86,50,2,255,255,32768,32766,0,84,74
3,57,56,-1,255,255,32769,61440,0,105,93
4,50,54,2,255,255,32768,32757,0,255,255
2,86,38,2,255,255,32768,32766,0,84,74
3,57,56,-1,255,255,32769,61440,0,105,93
2,86,26,2,255,255,32768,32766,0,84,74
3,57,56,-1,255,255,32769,61440,0,105,93
4,26,30,2,255,255,32768,32747,0,255,255
2,86,14,2,255,255,32768,32766,0,84,74
3,57,56,-1,255,255,32769,61440,0,105,93
4,14,21,2,255,255,32768,32747,0,255,255
3,19,12,2,255,255,32769,32975,0,105,93
4,0,12,-1,255,255,32768,32651,0,255,255
4,0,12,2,255,255,32768,32768,0,255,255
2,86,2,2,255,255,32768,32768,0,84,74
3,57,56,-1,255,255,32769,61440,0,105,93
4,2,6,2,255,255,32768,32747,0,255,255
2,86,98,2,255,255,32768,32768,0,84,74
3,57,56,-1,255,255,32769,61440,0,105,93
4,98,102,2,255,255,32768,32747,0,255,255
2,84,74,2,255,255,32768,32768,0,84,74
3,57,56,-1,255,255,32769,61440,0,105,93
4,86,93,2,255,255,32768,32757,0,255,255
5,105,93,-1,255,255,32769,32851,0,0,0
2,84,98,2,255,255,32768,32768,0,84,74
3,57,56,-1,255,255,32769,61440,0,105,93
4,86,93,2,255,255,32768,32755,0,255,255
5,105,93,-1,255,255,32769,32849,0,0,0
2,12,2,2,255,255,32768,32768,0,84,74
3,57,56,-1,255,255,32769,61440,0,105,93
4,86,93,2,255,255,32768,32755,0,255,255
5,105,93,-1,255,255,32769,32849,0,0,0
2,12,26,2,255,255,32768,32768,0,84,74
3,57,56,-1,255,255,32769,61440,0,105,93
4,86,93,2,255,255,32768,32757,0,255,255
5,105,93,-1,255,255,32769,32851,0,0,0
2,60,49,2,255,255,32768,32768,0,84,74
3,57,56,-1,255,255,32769,61440,0,105,93
4,86,93,2,255,255,32768,32748,0,255,255
5,105,93,-1,255,255,32769,32842,0,0,0
2,36,49,2,255,255,32768,32768,0,84,74
3,57,56,-1,255,255,32769,61440,0,105,93
4,86,93,2,255,255,32768,32748,0,255,255
5,105,93,-1,255,255,32769,32842,0,0,0
2,72,50,2,255,255,32768,32768,0,84,74
3,57,56,-1,255,255,32769,61440,0,105,93
4,86,93,2,255,255,32768,32748,0,255,255
5,105,93,-1,255,255,32769,32842,0,0,0
2,72,98,2,255,255,32768,32768,0,84,74
3,57,56,-1,255,255,32769,61440,0,105,93
4,86,93,2,255,255,32768,32746,0,255,255
5,105,93,-1,255,255,32769,32840,0,0,0
2,24,2,2,255,255,32768,32768,0,84,74
3,57,56,-1,255,255,32769,61440,0,105,93
4,86,93,2,255,255,32768,32746,0,255,255
5,105,93,-1,255,255,32769,32840,0,0,0
2,24,50,2,255,255,32768,32768,0,84,74
3,57,56,-1,255,255,32769,61440,0,105,93
4,86,93,2,255,255,32768,32748,0,255,255
5,105,93,-1,255,255,32769,32842,0,0,0
2,99,100,2,255,255,32768,32768,0,84,74
3,57,56,-1,255,255,32769,61440,0,105,93
4,86,93,2,255,255,32768,32748,0,255,255
5,105,93,-1,255,255,32769,32842,0,0,0
2,75,76,2,255,255,32768,32768,0,84,74
3,57,56,-1,255,255,32769,61440,0,105,93
4,86,93,2,255,255,32768,32748,0,255,255
5,105,93,-1,255,255,32769,32842,0,0,0
2,51,52,2,255,255,32768,32768,0,84,74
3,57,56,-1,255,255,32769,61440,0,105,93
4,86,93,2,255,255,32768,32748,0,255,255
5,105,93,-1,255,255,32769,32842,0,0,0
2,27,28,2,255,255,32768,32768,0,84,74
3,57,56,-1,255,255,32769,61440,0,105,93
4,86,93,2,255,255,32768,32748,0,255,255
5,105,93,-1,255,255,32769,32842,0,0,0
2,3,4,2,255,255,32768,32768,0,84,74
3,57,56,-1,255,255,32769,61440,0,105,93
4,86,93,2,255,255,32768,32748,0,255,255
5,105,93,-1,255,255,32769,32842,0,0,0
0,14,2,-1,86,50,32768,32768,0,86,50
1,91,92,-1,255,255,32769,61440,0,93,79
2,96,97,-1,255,255,32768,4096,0,84,74
3,57,56,-1,255,255,32769,61440,0,105,93
3,92,84,2,255,255,32769,32779,0,105,93
4,2,6,2,255,255,32768,32683,0,255,255
2,86,93,2,255,255,32768,32686,0,84,74
3,105,93,-1,255,255,32769,61440,0,105,93
4,2,6,2,255,255,32768,32745,0,255,255
2,2,6,2,255,255,32768,32748,0,84,74
3,9,6,-1,255,255,32769,61440,0,105,93
4,86,93,2,255,255,32768,32656,0,255,255
2,48,49,2,255,255,32768,32750,0,84,74
3,57,56,-1,255,255,32769,61440,0,105,93
4,86,93,2,255,255,32768,32768,0,255,255
5,105,93,-1,255,255,32769,32862,0,0,0
4,2,6,2,255,255,32768,32768,0,255,255
5,9,6,-1,255,255,32769,32771,0,0,0
2,96,98,2,255,255,32768,32768,0,84,74
3,57,56,-1,255,255,32769,61440,0,105,93
3,92,84,0,255,255,32769,32778,0,105,93
4,2,6,2,255,255,32768,32682,0,255,255
2,0,1,2,255,255,32768,32768,0,84,74
3,92,84,-1,255,255,32769,61440,0,105,93
4,96,84,-1,255,255,32768,32683,0,255,255
3,57,56,0,255,255,32769,32800,0,105,93
3,105,104,2,255,255,32769,32779,0,105,93
4,86,93,2,255,255,32768,32768,0,255,255
3,105,103,2,255,255,32769,32779,0,105,93
3,9,8,2,255,255,32769,32769,0,105,93
4,86,93,0,255,255,32768,32768,0,255,255
5,105,93,-1,255,255,32769,32862,0,0,0
4,2,6,2,255,255,32768,32768,0,255,255
5,8,6,-1,255,255,32769,32771,0,0,0
2,86,85,2,255,255,32768,32768,0,84,74
3,92,84,-1,255,255,32769,61440,0,105,93
4,96,84,-1,255,255,32768,32674,0,255,255
3,9,8,0,255,255,32769,32791,0,105,93
4,85,93,2,255,255,32768,32759,0,255,255
5,105,93,-1,255,255,32769,32853,0,0,0
4,2,6,2,255,255,32768,32759,0,255,255
2,86,87,2,255,255,32768,32768,0,84,74
3,9,8,-1,255,255,32769,61440,0,105,93
4,87,93,2,255,255,32768,32758,0,255,255
5,105,93,-1,255,255,32769,32853,0,0,0
4,2,6,2,255,255,32768,32758,0,255,255
2,86,88,2,255,255,32768,32768,0,84,74
3,9,8,-1,255,255,32769,61440,0,105,93
4,88,93,2,255,255,32768,32758,0,255,255
5,105,93,-1,255,255,32769,32853,0,0,0
4,2,6,2,255,255,32768,32758,0,255,255
2,86,89,2,255,255,32768,32768,0,84,74
3,9,8,-1,255,255,32769,61440,0,105,93
4,89,93,2,255,255,32768,32757,0,255,255
5,105,93,-1,255,255,32769,32853,0,0,0
4,2,6,2,255,255,32768,32757,0,255,255
2,86,90,2,255,255,32768,32768,0,84,74
3,9,8,-1,255,255,32769,61440,0,105,93
4,90,93,2,255,255,32768,32757,0,255,255
5,105,93,-1,255,255,32769,32853,0,0,0
4,90,54,2,255,255,32768,32757,0,255,255
4,2,6,2,255,255,32768,32766,0,255,255
2,86,91,2,255,255,32768,32768,0,84,74
3,9,8,-1,255,255,32769,61440,0,105,93
4,91,93,2,255,255,32768,32757,0,255,255
5,105,93,-1,255,255,32769,32853,0,0,0
4,2,6,2,255,255,32768,32757,0,255,255
2,86,74,2,255,255,32768,32768,0,84,74
3,9,8,-1,255,255,32769,61440,0,105,93
4,74,78,2,255,255,32768,32759,0,255,255
4,2,6,2,255,255,32768,32762,0,255,255
2,86,62,2,255,255,32768,32768,0,84,74
3,9,8,-1,255,255,32769,61440,0,105,93
4,2,6,2,255,255,32768,32761,0,255,255
2,86,50,2,255,255,32768,32768,0,84,74
3,9,8,-1,255,255,32769,61440,0,105,93
3,57,56,2,255,255,32769,32769,0,105,93
3,105,104,2,255,255,32769,32769,0,105,93
3,105,103,2,255,255,32769,32769,0,105,93
3,9,7,2,255,255,32769,32769,0,105,93
3,92,91,2,255,255,32769,32769,0,105,93
3,92,90,2,255,255,32769,32769,0,105,93
3,92,89,2,255,255,32769,32769,0,105,93
3,92,88,2,255,255,32769,32769,0,105,93
3,92,87,2,255,255,32769,32769,0,105,93
3,92,86,2,255,255,32769,32769,0,105,93
3,92,85,2,255,255,32769,32769,0,105,93
3,92,80,2,255,255,32769,32769,0,105,93
3,92,68,2,255,255,32769,32769,0,105,93
3,92,56,2,255,255,32769,32769,0,105,93
3,92,44,2,255,255,32769,32769,0,105,93
3,92,32,2,255,255,32769,32769,0,105,93
3,92,20,2,255,255,32769,32769,0,105,93
3,92,8,2,255,255,32769,32769,0,105,93
3,92,104,2,255,255,32769,32769,0,105,93
3,19,18,2,255,255,32769,32769,0,105,93
3,19,17,2,255,255,32769,32769,0,105,93
3,19,16,2,255,255,32769,32769,0,105,93
3,19,15,2,255,255,32769,32769,0,105,93
3,19,14,2,255,255,32769,32769,0,105,93
3,19,13,2,255,255,32769,32769,0,105,93
3,19,20,2,255,255,32769,32769,0,105,93
3,19,7,2,255,255,32769,32769,0,105,93
3,19,31,2,255,255,32769,32769,0,105,93
3,19,43,2,255,255,32769,32769,0,105,93
3,19,55,2,255,255,32769,32769,0,105,93
4,50,54,2,255,255,32768,32768,0,255,255
5,55,51,-29,255,255,32769,61440,0,0,0
6,54,102,2,255,255,32768,32768,0,0,0
7,105,102,-1,255,255,32769,32770,0,0,0
6,2,6,2,255,255,32768,32768,0,0,0
7,9,6,-1,255,255,32769,32771,0,0,0
8,54,6,-1,255,255,32768,32656,0,255,255
7,51,99,2,255,255,32769,32771,0,0,0
7,51,3,2,255,255,32769,32769,0,0,0
5,57,56,-29,255,255,32769,32769,0,0,0
5,105,104,-29,255,255,32769,32769,0,0,0
5,105,103,-29,255,255,32769,32769,0,0,0
5,9,8,-29,255,255,32769,32769,0,0,0
5,9,7,-29,255,255,32769,32769,0,0,0
5,92,91,-29,255,255,32769,32769,0,0,0
5,92,90,-29,255,255,32769,32769,0,0,0
5,92,89,-29,255,255,32769,32769,0,0,0
5,92,88,-29,255,255,32769,32769,0,0,0
5,92,87,-29,255,255,32769,32769,0,0,0
5,92,86,-29,255,255,32769,32769,0,0,0
5,92,85,-29,255,255,32769,32769,0,0,0
5,92,80,-29,255,255,32769,32769,0,0,0
5,92,68,-29,255,255,32769,32769,0,0,0
5,92,56,-29,255,255,32769,32769,0,0,0
6,54,56,-1,255,255,32768,32766,0,0,0
7,57,56,-1,255,255,32769,32870,0,0,0
6,2,6,0,255,255,32768,32766,0,0,0
7,9,6,-1,255,255,32769,32769,0,0,0
8,54,6,-1,255,255,32768,32654,0,255,255
9,55,48,1,255,255,32769,32879,0,255,255
8,54,6,1,255,255,32768,32654,0,255,255
9,55,48,1,255,255,32769,32879,0,255,255
6,54,56,2,255,255,32768,32766,0,0,0
7,57,56,-1,255,255,32769,32870,0,0,0
6,54,102,2,255,255,32768,32766,0,0,0
6,54,6,2,255,255,32768,32768,0,0,0
4,2,6,2,255,255,32768,32768,0,255,255
5,9,6,-1,255,255,32769,32771,0,0,0
2,86,38,2,255,255,32768,32768,0,84,74
3,9,8,-1,255,255,32769,61440,0,105,93
4,2,6,2,255,255,32768,32761,0,255,255
2,86,26,2,255,255,32768,32768,0,84,74
3,9,8,-1,255,255,32769,61440,0,105,93
4,26,30,2,255,255,32768,32759,0,255,255
4,2,6,2,255,255,32768,32762,0,255,255
2,86,14,2,255,255,32768,32768,0,84,74
3,9,8,-1,255,255,32769,61440,0,105,93
4,14,21,2,255,255,32768,32759,0,255,255
3,19,55,0,255,255,32769,32853,0,105,93
4,2,6,2,255,255,32768,32758,0,255,255
2,86,98,2,255,255,32768,32768,0,84,74
3,19,55,-1,255,255,32769,61440,0,105,93
4,98,102,2,255,255,32768,32758,0,255,255
4,2,6,2,255,255,32768,32761,0,255,255
2,2,1,2,255,255,32768,32768,0,84,74
3,19,55,-1,255,255,32769,61440,0,105,93
4,86,93,2,255,255,32768,32757,0,255,255
5,105,93,-1,255,255,32769,32851,0,0,0
4,1,6,2,255,255,32768,32757,0,255,255
2,2,26,2,255,255,32768,32768,0,84,74
3,19,55,-1,255,255,32769,61440,0,105,93
4,86,93,2,255,255,32768,32758,0,255,255
5,105,93,-1,255,255,32769,32852,0,0,0
6,26,30,-1,255,255,32768,32735,0,0,0
4,26,30,2,255,255,32768,32758,0,255,255
2,2,38,2,255,255,32768,32768,0,84,74
3,19,55,-1,255,255,32769,61440,0,105,93
4,86,93,2,255,255,32768,32760,0,255,255
5,105,93,-1,255,255,32769,32854,0,0,0
2,2,50,2,255,255,32768,32768,0,84,74
3,19,55,-1,255,255,32769,61440,0,105,93
4,86,93,2,255,255,32768,32768,0,255,255
5,105,93,-1,255,255,32769,32862,0,0,0
4,50,54,2,255,255,32768,32768,0,255,255
5,92,84,-29,255,255,32769,61440,0,0,0
5,55,51,-29,255,255,32769,61440,0,0,0
6,86,93,2,255,255,32768,32768,0,0,0
7,105,93,-1,255,255,32769,32862,0,0,0
6,54,102,2,255,255,32768,32768,0,0,0
7,105,102,-1,255,255,32769,32770,0,0,0
6,54,6,2,255,255,32768,32768,0,0,0
7,9,6,-1,255,255,32769,32770,0,0,0
2,2,62,2,255,255,32768,32768,0,84,74
3,19,55,-1,255,255,32769,61440,0,105,93
4,86,93,2,255,255,32768,32760,0,255,255
5,105,93,-1,255,255,32769,32854,0,0,0
2,2,74,2,255,255,32768,32768,0,84,74
3,19,55,-1,255,255,32769,61440,0,105,93
4,86,93,2,255,255,32768,32758,0,255,255
5,105,93,-1,255,255,32769,32852,0,0,0
4,74,78,2,255,255,32768,32758,0,255,255
2,84,74,2,255,255,32768,32768,0,84,74
3,19,55,-1,255,255,32769,61440,0,105,93
4,86,93,2,255,255,32768,32768,0,255,255
5,105,93,-1,255,255,32769,32862,0,0,0
6,2,6,0,255,255,32768,32745,0,0,0
4,2,6,2,255,255,32768,32768,0,255,255
5,9,6,-1,255,255,32769,32771,0,0,0
2,84,98,2,255,255,32768,32768,0,84,74
3,19,55,-1,255,255,32769,61440,0,105,93
4,86,93,2,255,255,32768,32766,0,255,255
5,105,93,-1,255,255,32769,32860,0,0,0
6,2,6,0,255,255,32768,32743,0,0,0
4,2,6,2,255,255,32768,32766,0,255,255
5,9,6,-1,255,255,32769,32769,0,0,0
2,12,26,2,255,255,32768,32768,0,84,74
3,19,55,-1,255,255,32769,61440,0,105,93
4,86,93,2,255,255,32768,32768,0,255,255
5,105,93,-1,255,255,32769,32862,0,0,0
6,2,6,0,255,255,32768,32745,0,0,0
4,2,6,2,255,255,32768,32768,0,255,255
5,9,6,-1,255,255,32769,32771,0,0,0
2,60,49,2,255,255,32768,32768,0,84,74
3,19,55,-1,255,255,32769,61440,0,105,93
4,86,93,2,255,255,32768,32759,0,255,255
5,105,93,-1,255,255,32769,32853,0,0,0
6,2,6,0,255,255,32768,32736,0,0,0
4,2,6,2,255,255,32768,32759,0,255,255
2,36,49,2,255,255,32768,32768,0,84,74
3,19,55,-1,255,255,32769,61440,0,105,93
4,86,93,2,255,255,32768,32759,0,255,255
5,105,93,-1,255,255,32769,32853,0,0,0
6,2,6,0,255,255,32768,32736,0,0,0
4,2,6,2,255,255,32768,32759,0,255,255
2,72,50,2,255,255,32768,32768,0,84,74
3,19,55,-1,255,255,32769,61440,0,105,93
4,86,93,2,255,255,32768,32759,0,255,255
5,105,93,-1,255,255,32769,32853,0,0,0
6,2,6,0,255,255,32768,32736,0,0,0
4,2,6,2,255,255,32768,32759,0,255,255
2,72,98,2,255,255,32768,32768,0,84,74
3,19,55,-1,255,255,32769,61440,0,105,93
4,86,93,2,255,255,32768,32757,0,255,255
5,105,93,-1,255,255,32769,32851,0,0,0
6,2,6,0,255,255,32768,32734,0,0,0
4,2,6,2,255,255,32768,32757,0,255,255
2,24,50,2,255,255,32768,32768,0,84,74
3,19,55,-1,255,255,32769,61440,0,105,93
4,86,93,2,255,255,32768,32759,0,255,255
5,105,93,-1,255,255,32769,32853,0,0,0
6,2,6,0,255,255,32768,32736,0,0,0
4,2,6,2,255,255,32768,32759,0,255,255
2,99,100,2,255,255,32768,32768,0,84,74
3,19,55,-1,255,255,32769,61440,0,105,93
4,86,93,2,255,255,32768,32759,0,255,255
5,105,93,-1,255,255,32769,32853,0,0,0
6,2,6,0,255,255,32768,32736,0,0,0
4,2,6,2,255,255,32768,32759,0,255,255
2,75,76,2,255,255,32768,32768,0,84,74
3,19,55,-1,255,255,32769,61440,0,105,93
4,86,93,2,255,255,32768,32759,0,255,255
5,105,93,-1,255,255,32769,32853,0,0,0
6,2,6,0,255,255,32768,32736,0,0,0
4,2,6,2,255,255,32768,32759,0,255,255
2,51,52,2,255,255,32768,32768,0,84,74
3,19,55,-1,255,255,32769,61440,0,105,93
4,86,93,2,255,255,32768,32759,0,255,255
5,105,93,-1,255,255,32769,32853,0,0,0
6,2,6,0,255,255,32768,32736,0,0,0
4,2,6,2,255,255,32768,32759,0,255,255
2,27,28,2,255,255,32768,32768,0,84,74
3,19,55,-1,255,255,32769,61440,0,105,93
4,86,93,2,255,255,32768,32759,0,255,255
5,105,93,-1,255,255,32769,32853,0,0,0
6,2,6,0,255,255,32768,32736,0,0,0
4,2,6,2,255,255,32768,32759,0,255,255
2,3,4,2,255,255,32768,32768,0,84,74
3,19,55,-1,255,255,32769,61440,0,105,93
4,86,93,2,255,255,32768,32759,0,255,255
5,105,93,-1,255,255,32769,32853,0,0,0
6,2,6,0,255,255,32768,32736,0,0,0
4,2,6,2,255,255,32768,32759,0,255,255
0,14,26,-1,86,50,32768,32768,0,86,50
1,91,92,-1,255,255,32769,61440,0,93,79
2,96,97,-1,255,255,32768,4096,0,84,74
3,19,55,-1,255,255,32769,61440,0,105,93
4,86,93,2,255,255,32768,32767,0,255,255
5,105,93,-1,255,255,32769,32861,0,0,0
6,26,30,-1,255,255,32768,32744,0,0,0
4,26,30,2,255,255,32768,32767,0,255,255
5,92,84,2,255,255,32769,32770,0,0,0
6,30,78,2,255,255,32768,32676,0,0,0
2,86,93,2,255,255,32768,32767,0,84,74
3,105,93,-1,255,255,32769,61440,0,105,93
4,26,30,2,255,255,32768,32745,0,255,255
2,26,30,2,255,255,32768,32767,0,84,74
3,19,55,-1,255,255,32769,61440,0,105,93
4,86,93,2,255,255,32768,32761,0,255,255
5,105,93,-1,255,255,32769,32855,0,0,0
4,30,78,2,255,255,32768,32761,0,255,255
2,48,49,2,255,255,32768,32767,0,84,74
3,19,55,-1,255,255,32769,61440,0,105,93
4,86,93,2,255,255,32768,32756,0,255,255
5,105,93,-1,255,255,32769,32850,0,0,0
6,26,30,-1,255,255,32768,32733,0,0,0
4,26,30,2,255,255,32768,32756,0,255,255
2,96,98,2,255,255,32768,32767,0,84,74
3,19,55,-1,255,255,32769,61440,0,105,93
4,86,93,2,255,255,32768,32766,0,255,255
5,105,93,-1,255,255,32769,32860,0,0,0
6,26,30,-1,255,255,32768,32743,0,0,0
4,26,30,2,255,255,32768,32766,0,255,255
5,92,84,0,255,255,32769,32769,0,0,0
6,30,78,2,255,255,32768,32675,0,0,0
2,0,1,2,255,255,32768,32767,0,84,74
3,19,55,-1,255,255,32769,61440,0,105,93
4,86,93,2,255,255,32768,32767,0,255,255
5,105,93,-1,255,255,32769,32861,0,0,0
6,26,30,-1,255,255,32768,32744,0,0,0
4,26,30,2,255,255,32768,32767,0,255,255
5,92,84,-1,255,255,32769,32770,0,0,0
6,96,84,-1,255,255,32768,32676,0,0,0
5,55,51,2,255,255,32769,32770,0,0,0
3,9,8,0,255,255,32769,32770,0,105,93
4,26,30,0,255,255,32768,32768,0,255,255
5,92,84,-1,255,255,32769,32771,0,0,0
6,96,84,-1,255,255,32768,32677,0,0,0
3,92,84,2,255,255,32769,32770,0,105,93
4,96,84,-1,255,255,32768,32683,0,255,255
3,57,56,2,255,255,32769,32770,0,105,93
3,105,104,2,255,255,32769,32770,0,105,93
4,26,30,-1,255,255,32768,32768,0,255,255
5,92,84,-1,255,255,32769,32771,0,0,0
6,96,84,-1,255,255,32768,32677,0,0,0
3,105,103,2,255,255,32769,32770,0,105,93
3,9,7,2,255,255,32769,32769,0,105,93
3,92,91,2,255,255,32769,32769,0,105,93
3,92,90,2,255,255,32769,32769,0,105,93
3,92,89,2,255,255,32769,32769,0,105,93
3,92,88,2,255,255,32769,32769,0,105,93
3,92,87,2,255,255,32769,32769,0,105,93
3,92,80,2,255,255,32769,32769,0,105,93
3,92,68,2,255,255,32769,32769,0,105,93
3,92,56,2,255,255,32769,32769,0,105,93
3,92,44,2,255,255,32769,32769,0,105,93
3,92,32,2,255,255,32769,32769,0,105,93
3,92,20,2,255,255,32769,32769,0,105,93
3,92,8,2,255,255,32769,32769,0,105,93
3,92,104,2,255,255,32769,32769,0,105,93
3,19,18,2,255,255,32769,32769,0,105,93
3,19,17,2,255,255,32769,32769,0,105,93
3,19,16,2,255,255,32769,32769,0,105,93
3,19,15,2,255,255,32769,32769,0,105,93
3,19,14,2,255,255,32769,32769,0,105,93
3,19,13,2,255,255,32769,32769,0,105,93
3,19,20,2,255,255,32769,32769,0,105,93
3,19,7,2,255,255,32769,32769,0,105,93
3,19,31,2,255,255,32769,32769,0,105,93
3,19,43,2,255,255,32769,32769,0,105,93
3,19,67,2,255,255,32769,32769,0,105,93
3,19,79,2,255,255,32769,32769,0,105,93
3,19,91,2,255,255,32769,32769,0,105,93
3,19,103,2,255,255,32769,32769,0,105,93
3,21,7,2,255,255,32769,32769,0,105,93
3,21,31,2,255,255,32769,32769,0,105,93
4,26,30,-1,255,255,32768,32767,0,255,255
5,92,84,-1,255,255,32769,32770,0,0,0
6,96,84,-1,255,255,32768,32676,0,0,0
3,69,56,2,255,255,32769,32769,0,105,93
3,45,56,2,255,255,32769,32769,0,105,93
3,81,55,2,255,255,32769,32769,0,105,93
3,33,7,2,255,255,32769,32769,0,105,93
3,33,55,2,255,255,32769,32769,0,105,93
3,102,101,2,255,255,32769,32769,0,105,93
3,78,77,2,255,255,32769,32769,0,105,93
3,54,53,2,255,255,32769,32769,0,105,93
3,30,29,2,255,255,32769,32769,0,105,93
3,6,5,2,255,255,32769,32769,0,105,93
1,91,55,0,255,255,32767,32769,0,93,79
2,96,97,-1,255,255,32768,4096,0,84,74
3,9,8,0,255,255,32767,61440,0,105,93
4,26,30,-1,255,255,32768,32758,0,255,255
2,0,1,0,255,255,32768,32761,0,84,74
3,9,8,-1,255,255,32767,61440,0,105,93
4,26,30,-1,255,255,32768,32758,0,255,255
2,26,30,2,255,255,32768,32761,0,84,74
3,9,8,-1,255,255,32767,61440,0,105,93
4,30,78,2,255,255,32768,32752,0,255,255
2,48,49,2,255,255,32768,32761,0,84,74
3,9,8,-1,255,255,32767,61440,0,105,93
4,26,30,-1,255,255,32768,32747,0,255,255
2,96,98,2,255,255,32768,32761,0,84,74
3,9,8,-1,255,255,32767,61440,0,105,93
4,26,30,-1,255,255,32768,32757,0,255,255
2,0,2,2,255,255,32768,32761,0,84,74
3,9,8,-1,255,255,32767,61440,0,105,93
4,26,30,-1,255,255,32768,32757,0,255,255
2,86,85,2,255,255,32768,32761,0,84,74
3,9,8,-1,255,255,32767,61440,0,105,93
4,26,30,-1,255,255,32768,32749,0,255,255
2,86,87,2,255,255,32768,32761,0,84,74
3,9,8,-1,255,255,32767,61440,0,105,93
4,26,30,-1,255,255,32768,32748,0,255,255
2,86,88,2,255,255,32768,32761,0,84,74
3,9,8,-1,255,255,32767,61440,0,105,93
4,26,30,-1,255,255,32768,32748,0,255,255
2,86,89,2,255,255,32768,32761,0,84,74
3,9,8,-1,255,255,32767,61440,0,105,93
4,26,30,-1,255,255,32768,32747,0,255,255
2,86,90,2,255,255,32768,32761,0,84,74
3,9,8,-1,255,255,32767,61440,0,105,93
4,26,30,-1,255,255,32768,32747,0,255,255
4,90,54,2,255,255,32768,32750,0,255,255
5,55,51,-29,255,255,32767,61440,0,0,0
6,26,30,-1,255,255,32768,32759,0,0,0
6,54,102,2,255,255,32768,32762,0,0,0
6,54,6,2,255,255,32768,32762,0,0,0
2,86,91,2,255,255,32768,32762,0,84,74
3,19,91,-1,255,255,32767,61440,0,105,93
4,26,30,-1,255,255,32768,32649,0,255,255
2,86,92,2,255,255,32768,32762,0,84,74
3,9,8,-1,255,255,32767,61440,0,105,93
4,26,30,-1,255,255,32768,32747,0,255,255
2,86,74,2,255,255,32768,32762,0,84,74
3,9,8,-1,255,255,32767,61440,0,105,93
4,26,30,-1,255,255,32768,32749,0,255,255
4,74,78,2,255,255,32768,32752,0,255,255
2,86,62,2,255,255,32768,32762,0,84,74
3,9,8,-1,255,255,32767,61440,0,105,93
4,26,30,-1,255,255,32768,32751,0,255,255
2,86,50,2,255,255,32768,32762,0,84,74
3,9,8,-1,255,255,32767,61440,0,105,93
4,26,30,-1,255,255,32768,32759,0,255,255
4,50,54,2,255,255,32768,32762,0,255,255
5,55,51,-29,255,255,32767,61440,0,0,0
6,26,30,-1,255,255,32768,32759,0,0,0
6,54,102,2,255,255,32768,32762,0,0,0
6,54,6,2,255,255,32768,32762,0,0,0
2,86,38,2,255,255,32768,32762,0,84,74
3,9,8,-1,255,255,32767,61440,0,105,93
4,26,30,-1,255,255,32768,32751,0,255,255
2,86,98,2,255,255,32768,32762,0,84,74
3,9,8,-1,255,255,32767,61440,0,105,93
4,26,30,-1,255,255,32768,32749,0,255,255
4,98,102,2,255,255,32768,32752,0,255,255
2,26,25,2,255,255,32768,32762,0,84,74
3,9,8,-1,255,255,32767,61440,0,105,93
4,25,30,2,255,255,32768,32749,0,255,255
2,26,2,2,255,255,32768,32762,0,84,74
3,9,8,-1,255,255,32767,61440,0,105,93
4,2,6,2,255,255,32768,32749,0,255,255
2,26,38,2,255,255,32768,32762,0,84,74
3,9,8,-1,255,255,32767,61440,0,105,93
2,26,50,2,255,255,32768,32762,0,84,74
3,9,8,-1,255,255,32767,61440,0,105,93
4,50,54,2,255,255,32768,32759,0,255,255
5,55,51,-29,255,255,32767,61440,0,0,0
6,54,102,2,255,255,32768,32759,0,0,0
6,54,6,2,255,255,32768,32761,0,0,0
2,26,62,2,255,255,32768,32762,0,84,74
3,9,8,-1,255,255,32767,61440,0,105,93
2,26,74,2,255,255,32768,32762,0,84,74
3,9,8,-1,255,255,32767,61440,0,105,93
4,74,78,2,255,255,32768,32749,0,255,255
2,84,74,2,255,255,32768,32762,0,84,74
3,9,8,-1,255,255,32767,61440,0,105,93
4,26,30,-1,255,255,32768,32759,0,255,255
2,84,98,2,255,255,32768,32762,0,84,74
3,9,8,-1,255,255,32767,61440,0,105,93
4,26,30,-1,255,255,32768,32757,0,255,255
2,12,2,2,255,255,32768,32762,0,84,74
3,9,8,-1,255,255,32767,61440,0,105,93
4,26,30,-1,255,255,32768,32757,0,255,255
2,60,49,2,255,255,32768,32762,0,84,74
3,9,8,-1,255,255,32767,61440,0,105,93
4,26,30,-1,255,255,32768,32750,0,255,255
2,36,49,2,255,255,32768,32762,0,84,74
3,9,8,-1,255,255,32767,61440,0,105,93
4,26,30,-1,255,255,32768,32750,0,255,255
2,72,50,2,255,255,32768,32762,0,84,74
3,9,8,-1,255,255,32767,61440,0,105,93
4,26,30,-1,255,255,32768,32750,0,255,255
2,72,98,2,255,255,32768,32762,0,84,74
3,9,8,-1,255,255,32767,61440,0,105,93
4,26,30,-1,255,255,32768,32748,0,255,255
2,24,2,2,255,255,32768,32762,0,84,74
3,9,8,-1,255,255,32767,61440,0,105,93
4,26,30,-1,255,255,32768,32748,0,255,255
2,24,50,2,255,255,32768,32762,0,84,74
3,9,8,-1,255,255,32767,61440,0,105,93
4,26,30,-1,255,255,32768,32750,0,255,255
2,99,100,2,255,255,32768,32762,0,84,74
3,9,8,-1,255,255,32767,61440,0,105,93
4,26,30,-1,255,255,32768,32750,0,255,255
2,75,76,2,255,255,32768,32762,0,84,74
3,9,8,-1,255,255,32767,61440,0,105,93
4,26,30,-1,255,255,32768,32750,0,255,255
2,51,52,2,255,255,32768,32762,0,84,74
3,55,52,-1,255,255,32767,61440,0,105,93
4,26,30,-1,255,255,32768,32761,0,255,255
2,27,28,2,255,255,32768,32764,0,84,74
3,9,8,-1,255,255,32767,61440,0,105,93
4,26,30,-1,255,255,32768,32750,0,255,255
2,3,4,2,255,255,32768,32764,0,84,74
3,9,8,-1,255,255,32767,61440,0,105,93
4,26,30,-1,255,255,32768,32750,0,255,255
0,14,38,-1,86,50,32768,32768,0,86,50
1,91,55,-1,255,255,32769,61440,0,93,79
2,96,97,-1,255,255,32768,4096,0,84,74
3,9,8,-1,255,255,32769,61440,0,105,93
2,0,1,0,255,255,32768,32760,0,84,74
3,9,8,-1,255,255,32769,61440,0,105,93
2,48,49,2,255,255,32768,32760,0,84,74
3,9,8,-1,255,255,32769,61440,0,105,93
2,96,98,2,255,255,32768,32760,0,84,74
3,9,8,-1,255,255,32769,61440,0,105,93
2,0,2,2,255,255,32768,32760,0,84,74
3,9,8,-1,255,255,32769,61440,0,105,93
2,86,85,2,255,255,32768,32760,0,84,74
3,9,8,-1,255,255,32769,61440,0,105,93
2,86,87,2,255,255,32768,32760,0,84,74
3,9,8,-1,255,255,32769,61440,0,105,93
2,86,88,2,255,255,32768,32760,0,84,74
3,9,8,-1,255,255,32769,61440,0,105,93
2,86,89,2,255,255,32768,32760,0,84,74
3,9,8,-1,255,255,32769,61440,0,105,93
2,86,90,2,255,255,32768,32760,0,84,74
3,9,8,-1,255,255,32769,61440,0,105,93
4,90,54,2,255,255,32768,32749,0,255,255
5,55,51,-29,255,255,32769,61440,0,0,0
6,54,102,2,255,255,32768,32761,0,0,0
6,54,6,2,255,255,32768,32763,0,0,0
2,86,91,2,255,255,32768,32763,0,84,74
3,19,91,-1,255,255,32769,61440,0,105,93
2,86,92,2,255,255,32768,32763,0,84,74
3,9,8,-1,255,255,32769,61440,0,105,93
2,86,74,2,255,255,32768,32763,0,84,74
3,9,8,-1,255,255,32769,61440,0,105,93
4,74,78,2,255,255,32768,32751,0,255,255
2,86,62,2,255,255,32768,32763,0,84,74
3,9,8,-1,255,255,32769,61440,0,105,93
2,86,50,2,255,255,32768,32763,0,84,74
3,9,8,-1,255,255,32769,61440,0,105,93
4,50,54,2,255,255,32768,32761,0,255,255
5,55,51,-29,255,255,32769,61440,0,0,0
6,54,102,2,255,255,32768,32761,0,0,0
6,54,6,2,255,255,32768,32763,0,0,0
2,86,98,2,255,255,32768,32763,0,84,74
3,9,8,-1,255,255,32769,61440,0,105,93
4,98,102,2,255,255,32768,32751,0,255,255
2,38,37,2,255,255,32768,32763,0,84,74
3,9,8,-1,255,255,32769,61440,0,105,93
2,38,39,2,255,255,32768,32763,0,84,74
3,9,8,-1,255,255,32769,61440,0,105,93
2,38,40,2,255,255,32768,32763,0,84,74
3,9,8,-1,255,255,32769,61440,0,105,93
2,38,41,2,255,255,32768,32763,0,84,74
3,9,8,-1,255,255,32769,61440,0,105,93
2,38,42,2,255,255,32768,32763,0,84,74
3,9,8,-1,255,255,32769,61440,0,105,93
4,42,78,2,255,255,32768,32748,0,255,255
4,42,6,2,255,255,32768,32752,0,255,255
2,38,43,2,255,255,32768,32763,0,84,74
3,9,8,-1,255,255,32769,61440,0,105,93
2,38,44,2,255,255,32768,32763,0,84,74
3,9,8,-1,255,255,32769,61440,0,105,93
2,38,26,2,255,255,32768,32763,0,84,74
3,9,8,-1,255,255,32769,61440,0,105,93
4,26,30,-1,255,255,32768,32749,0,255,255
2,38,2,2,255,255,32768,32763,0,84,74
3,9,8,-1,255,255,32769,61440,0,105,93
4,2,6,2,255,255,32768,32749,0,255,255
2,38,50,2,255,255,32768,32763,0,84,74
3,9,8,-1,255,255,32769,61440,0,105,93
4,50,54,2,255,255,32768,32759,0,255,255
5,55,51,-29,255,255,32769,61440,0,0,0
6,54,102,2,255,255,32768,32759,0,0,0
6,54,6,2,255,255,32768,32761,0,0,0
2,38,62,2,255,255,32768,32763,0,84,74
3,9,8,-1,255,255,32769,61440,0,105,93
2,38,74,2,255,255,32768,32763,0,84,74
3,9,8,-1,255,255,32769,61440,0,105,93
4,74,78,2,255,255,32768,32749,0,255,255
2,84,74,2,255,255,32768,32763,0,84,74
3,9,8,-1,255,255,32769,61440,0,105,93
2,84,98,2,255,255,32768,32763,0,84,74
3,9,8,-1,255,255,32769,61440,0,105,93
2,12,2,2,255,255,32768,32763,0,84,74
3,9,8,-1,255,255,32769,61440,0,105,93
2,12,26,2,255,255,32768,32763,0,84,74
3,9,8,-1,255,255,32769,61440,0,105,93
2,60,49,2,255,255,32768,32763,0,84,74
3,9,8,-1,255,255,32769,61440,0,105,93
2,36,49,2,255,255,32768,32763,0,84,74
3,9,8,-1,255,255,32769,61440,0,105,93
2,72,50,2,255,255,32768,32763,0,84,74
3,9,8,-1,255,255,32769,61440,0,105,93
2,72,98,2,255,255,32768,32763,0,84,74
3,9,8,-1,255,255,32769,61440,0,105,93
2,24,2,2,255,255,32768,32763,0,84,74
3,9,8,-1,255,255,32769,61440,0,105,93
2,24,50,2,255,255,32768,32763,0,84,74
3,9,8,-1,255,255,32769,61440,0,105,93
2,99,100,2,255,255,32768,32763,0,84,74
3,9,8,-1,255,255,32769,61440,0,105,93
2,75,76,2,255,255,32768,32763,0,84,74
3,9,8,-1,255,255,32769,61440,0,105,93
2,51,52,2,255,255,32768,32763,0,84,74
3,55,52,-1,255,255,32769,61440,0,105,93
2,27,28,2,255,255,32768,32763,0,84,74
3,9,8,-1,255,255,32769,61440,0,105,93
2,3,4,2,255,255,32768,32763,0,84,74
3,9,8,-1,255,255,32769,61440,0,105,93
0,14,50,-1,86,50,32768,32768,0,86,50
1,91,55,-1,255,255,32769,61440,0,93,79
2,96,97,-1,255,255,32768,4096,0,84,74
3,9,8,-1,255,255,32769,61440,0,105,93
4,50,54,2,255,255,32768,32768,0,255,255
5,55,51,-29,255,255,32769,61440,0,0,0
6,54,102,2,255,255,32768,32768,0,0,0
7,105,102,-1,255,255,32769,32770,0,0,0
6,54,6,2,255,255,32768,32768,0,0,0
7,8,6,-1,255,255,32769,32770,0,0,0
2,0,1,0,255,255,32768,32768,0,84,74
3,9,8,-1,255,255,32769,61440,0,105,93
4,50,54,2,255,255,32768,32768,0,255,255
5,55,51,-29,255,255,32769,61440,0,0,0
6,54,102,2,255,255,32768,32768,0,0,0
7,105,102,-1,255,255,32769,32770,0,0,0
6,54,6,2,255,255,32768,32768,0,0,0
7,8,6,-1,255,255,32769,32770,0,0,0
2,50,54,2,255,255,32768,32768,0,84,74
3,9,8,-32,255,255,32769,61440,0,105,93
3,55,51,-29,255,255,32769,61440,0,105,93
4,54,102,2,255,255,32768,4096,0,255,255
5,105,102,-1,255,255,32769,32770,0,0,0
4,54,6,2,255,255,32768,32655,0,255,255
5,9,6,-1,255,255,32769,32770,0,0,0
4,48,49,2,255,255,32768,32655,0,255,255
4,96,97,2,255,255,32768,32766,0,255,255
5,51,99,2,255,255,32769,32777,0,0,0
5,51,3,2,255,255,32769,32775,0,0,0
3,57,56,-29,255,255,32769,32775,0,105,93
3,105,104,-29,255,255,32769,32775,0,105,93
3,105,103,-29,255,255,32769,32775,0,105,93
3,9,7,-29,255,255,32769,32775,0,105,93
3,55,56,-29,255,255,32769,32775,0,105,93
3,55,43,-29,255,255,32769,32775,0,105,93
4,96,97,0,255,255,32768,4096,0,255,255
3,55,31,-29,255,255,32769,32775,0,105,93
4,96,97,-1,255,255,32768,4096,0,255,255
5,31,27,2,255,255,32769,32784,0,0,0
3,55,67,-29,255,255,32769,32775,0,105,93
4,96,97,-1,255,255,32768,4096,0,255,255
3,55,79,-29,255,255,32769,32775,0,105,93
4,96,97,-1,255,255,32768,4096,0,255,255
5,79,75,2,255,255,32769,32784,0,0,0
3,55,91,-29,255,255,32769,32775,0,105,93
4,96,97,-1,255,255,32768,4096,0,255,255
5,91,84,2,255,255,32769,32784,0,0,0
6,54,102,2,255,255,32768,32690,0,0,0
6,54,6,2,255,255,32768,32692,0,0,0
4,86,93,2,255,255,32768,32692,0,255,255
5,105,93,-1,255,255,32769,32869,0,0,0
6,54,102,2,255,255,32768,32752,0,0,0
6,54,6,2,255,255,32768,32754,0,0,0
4,54,102,2,255,255,32768,32754,0,255,255
5,105,102,-1,255,255,32769,32777,0,0,0
6,86,93,2,255,255,32768,32662,0,0,0
4,54,6,2,255,255,32768,32756,0,255,255
5,9,6,-1,255,255,32769,32777,0,0,0
6,86,93,2,255,255,32768,32662,0,0,0
4,48,49,2,255,255,32768,32756,0,255,255
5,91,84,0,255,255,32769,32773,0,0,0
6,96,84,-1,255,255,32768,32679,0,0,0
3,55,103,-29,255,255,32769,32773,0,105,93
4,96,97,-1,255,255,32768,4096,0,255,255
5,103,99,2,255,255,32769,32784,0,0,0
3,19,18,-29,255,255,32769,32773,0,105,93
3,19,17,-29,255,255,32769,32773,0,105,93
3,19,16,-29,255,255,32769,32773,0,105,93
3,19,15,-29,255,255,32769,32773,0,105,93
3,19,14,-29,255,255,32769,32773,0,105,93
3,19,13,-29,255,255,32769,32773,0,105,93
3,19,20,-29,255,255,32769,32773,0,105,93
3,19,7,-29,255,255,32769,32773,0,105,93
3,19,31,-29,255,255,32769,32773,0,105,93
3,19,43,-29,255,255,32769,32773,0,105,93
3,93,79,-29,255,255,32769,32773,0,105,93
3,93,103,-29,255,255,32769,32773,0,105,93
3,21,7,-29,255,255,32769,32773,0,105,93
3,21,31,-29,255,255,32769,32773,0,105,93
3,69,56,-29,255,255,32769,32773,0,105,93
4,54,56,-1,255,255,32768,4096,0,255,255
5,57,56,-1,255,255,32769,32798,0,0,0
4,96,97,-1,255,255,32768,32694,0,255,255
5,55,51,2,255,255,32769,32773,0,0,0
3,45,56,-29,255,255,32769,32773,0,105,93
4,54,56,-1,255,255,32768,4096,0,255,255
5,57,56,-1,255,255,32769,32798,0,0,0
4,96,97,-1,255,255,32768,32694,0,255,255
5,55,51,2,255,255,32769,32773,0,0,0
3,81,103,-29,255,255,32769,32773,0,105,93
3,33,7,-29,255,255,32769,32773,0,105,93
3,102,101,-29,255,255,32769,32773,0,105,93
3,78,77,-29,255,255,32769,32773,0,105,93
3,30,29,-29,255,255,32769,32773,0,105,93
3,6,5,-29,255,255,32769,32773,0,105,93
1,91,92,0,255,255,32769,32773,0,93,79
2,96,97,-1,255,255,32768,4096,0,84,74
3,9,8,-1,255,255,32769,61440,0,105,93
3,19,55,0,255,255,32769,32778,0,105,93
3,92,84,2,255,255,32769,32777,0,105,93
4,50,54,2,255,255,32768,32693,0,255,255
2,50,54,0,255,255,32768,32693,0,84,74
3,9,8,-1,255,255,32769,61440,0,105,93
4,86,93,2,255,255,32768,32766,0,255,255
5,105,93,-1,255,255,32769,32860,0,0,0
4,54,102,2,255,255,32768,32766,0,255,255
4,54,6,2,255,255,32768,32768,0,255,255
2,86,93,2,255,255,32768,32768,0,84,74
3,105,93,-1,255,255,32769,61440,0,105,93
4,50,54,2,255,255,32768,32755,0,255,255
2,48,49,2,255,255,32768,32768,0,84,74
3,9,8,-1,255,255,32769,61440,0,105,93
4,86,93,2,255,255,32768,32767,0,255,255
5,105,93,-1,255,255,32769,32861,0,0,0
4,50,54,2,255,255,32768,32767,0,255,255
2,96,98,2,255,255,32768,32768,0,84,74
3,9,8,-1,255,255,32769,61440,0,105,93
3,92,84,0,255,255,32769,32777,0,105,93
4,50,54,2,255,255,32768,32692,0,255,255
2,0,1,2,255,255,32768,32768,0,84,74
3,92,84,-1,255,255,32769,61440,0,105,93
4,96,84,-1,255,255,32768,32693,0,255,255
3,9,8,0,255,255,32769,32810,0,105,93
3,57,56,2,255,255,32769,32778,0,105,93
3,105,104,2,255,255,32769,32778,0,105,93
3,105,103,2,255,255,32769,32778,0,105,93
3,9,7,2,255,255,32769,32778,0,105,93
3,92,91,2,255,255,32769,32778,0,105,93
3,92,90,2,255,255,32769,32778,0,105,93
3,92,89,2,255,255,32769,32778,0,105,93
3,92,88,2,255,255,32769,32778,0,105,93
3,92,87,2,255,255,32769,32778,0,105,93
3,92,80,2,255,255,32769,32778,0,105,93
3,92,68,2,255,255,32769,32778,0,105,93
3,92,56,2,255,255,32769,32778,0,105,93
3,92,44,2,255,255,32769,32778,0,105,93
3,92,32,2,255,255,32769,32778,0,105,93
3,92,20,2,255,255,32769,32778,0,105,93
3,92,8,2,255,255,32769,32778,0,105,93
3,92,104,2,255,255,32769,32778,0,105,93
3,19,18,2,255,255,32769,32778,0,105,93
3,19,17,2,255,255,32769,32778,0,105,93
3,19,16,2,255,255,32769,32778,0,105,93
3,19,15,2,255,255,32769,32778,0,105,93
3,19,14,2,255,255,32769,32778,0,105,93
3,19,13,2,255,255,32769,32778,0,105,93
3,19,20,2,255,255,32769,32778,0,105,93
3,19,7,2,255,255,32769,32778,0,105,93
3,19,31,2,255,255,32769,32778,0,105,93
3,19,43,2,255,255,32769,32778,0,105,93
3,19,55,2,255,255,32769,32778,0,105,93
3,19,67,2,255,255,32769,32777,0,105,93
3,19,79,2,255,255,32769,32777,0,105,93
3,19,91,2,255,255,32769,32777,0,105,93
3,19,103,2,255,255,32769,32777,0,105,93
3,21,7,2,255,255,32769,32777,0,105,93
3,21,31,2,255,255,32769,32777,0,105,93
3,69,56,2,255,255,32769,32777,0,105,93
3,45,56,2,255,255,32769,32777,0,105,93
3,81,55,2,255,255,32769,32777,0,105,93
3,33,7,2,255,255,32769,32777,0,105,93
3,33,55,2,255,255,32769,32777,0,105,93
3,102,101,2,255,255,32769,32777,0,105,93
3,78,77,2,255,255,32769,32777,0,105,93
3,54,53,2,255,255,32769,32777,0,105,93
3,30,29,2,255,255,32769,32777,0,105,93
3,6,5,2,255,255,32769,32777,0,105,93
1,91,84,2,255,255,32767,32773,0,93,79
2,96,84,-1,255,255,32768,4096,0,84,74
3,9,8,0,255,255,32767,61440,0,105,93
3,57,56,2,255,255,32767,32792,0,105,93
3,105,104,2,255,255,32767,32792,0,105,93
3,105,103,2,255,255,32767,32792,0,105,93
3,9,7,2,255,255,32767,32792,0,105,93
3,19,18,2,255,255,32767,32792,0,105,93
3,19,17,2,255,255,32767,32792,0,105,93
3,19,16,2,255,255,32767,32792,0,105,93
3,19,15,2,255,255,32767,32792,0,105,93
3,19,14,2,255,255,32767,32792,0,105,93
3,19,13,2,255,255,32767,32792,0,105,93
3,19,20,2,255,255,32767,32792,0,105,93
3,19,7,2,255,255,32767,32792,0,105,93
3,19,31,2,255,255,32767,32792,0,105,93
3,19,43,2,255,255,32767,32792,0,105,93
3,19,55,2,255,255,32767,32792,0,105,93
3,19,67,2,255,255,32767,32791,0,105,93
3,19,79,2,255,255,32767,32791,0,105,93
3,19,91,2,255,255,32767,32791,0,105,93
3,19,103,2,255,255,32767,32791,0,105,93
3,93,79,2,255,255,32767,32791,0,105,93
3,93,103,2,255,255,32767,32791,0,105,93
3,21,7,2,255,255,32767,32791,0,105,93
3,21,31,2,255,255,32767,32791,0,105,93
3,69,56,2,255,255,32767,32791,0,105,93
3,45,56,2,255,255,32767,32791,0,105,93
3,81,55,2,255,255,32767,32791,0,105,93
3,81,103,2,255,255,32767,32791,0,105,93
3,33,7,2,255,255,32767,32791,0,105,93
3,33,55,2,255,255,32767,32791,0,105,93
3,102,101,2,255,255,32767,32791,0,105,93
3,78,77,2,255,255,32767,32791,0,105,93
3,54,53,2,255,255,32767,32791,0,105,93
3,30,29,2,255,255,32767,32791,0,105,93
3,6,5,2,255,255,32767,32791,0,105,93
1,57,56,2,255,255,32767,32773,0,93,79
2,96,97,-1,255,255,32768,4096,0,84,74
3,9,8,0,255,255,32767,61440,0,105,93
3,91,84,2,255,255,32767,32780,0,105,93
4,50,54,2,255,255,32768,32695,0,255,255
2,0,1,0,255,255,32768,32695,0,84,74
3,91,84,0,255,255,32767,61440,0,105,93
4,96,84,-1,255,255,32768,32695,0,255,255
3,56,55,2,255,255,32767,32812,0,105,93
3,56,44,2,255,255,32767,32790,0,105,93
3,56,68,2,255,255,32767,32789,0,105,93
3,105,104,2,255,255,32767,32789,0,105,93
3,105,103,2,255,255,32767,32780,0,105,93
3,9,8,2,255,255,32767,32780,0,105,93
3,9,7,2,255,255,32767,32780,0,105,93
3,91,90,2,255,255,32767,32780,0,105,93
3,91,89,2,255,255,32767,32780,0,105,93
3,91,88,2,255,255,32767,32780,0,105,93
3,91,87,2,255,255,32767,32780,0,105,93
3,91,92,2,255,255,32767,32780,0,105,93
3,91,79,2,255,255,32767,32780,0,105,93
3,91,67,2,255,255,32767,32780,0,105,93
3,91,55,2,255,255,32767,32780,0,105,93
3,91,43,2,255,255,32767,32779,0,105,93
3,91,31,2,255,255,32767,32779,0,105,93
3,91,103,2,255,255,32767,32779,0,105,93
3,19,18,2,255,255,32767,32779,0,105,93
3,19,17,2,255,255,32767,32779,0,105,93
3,19,16,2,255,255,32767,32779,0,105,93
3,19,15,2,255,255,32767,32779,0,105,93
3,19,14,2,255,255,32767,32779,0,105,93
3,19,13,2,255,255,32767,32779,0,105,93
3,19,20,2,255,255,32767,32779,0,105,93
3,19,7,2,255,255,32767,32779,0,105,93
3,19,31,2,255,255,32767,32779,0,105,93
3,19,43,2,255,255,32767,32779,0,105,93
3,19,55,2,255,255,32767,32779,0,105,93
3,19,67,2,255,255,32767,32779,0,105,93
3,19,79,2,255,255,32767,32779,0,105,93
3,93,79,2,255,255,32767,32779,0,105,93
3,93,103,2,255,255,32767,32779,0,105,93
3,21,7,2,255,255,32767,32779,0,105,93
3,21,31,2,255,255,32767,32779,0,105,93
3,81,55,2,255,255,32767,32779,0,105,93
3,81,103,2,255,255,32767,32779,0,105,93
3,33,7,2,255,255,32767,32779,0,105,93
3,33,55,2,255,255,32767,32779,0,105,93
3,102,101,2,255,255,32767,32779,0,105,93
3,78,77,2,255,255,32767,32779,0,105,93
3,54,53,2,255,255,32767,32779,0,105,93
3,30,29,2,255,255,32767,32779,0,105,93
3,6,5,2,255,255,32767,32779,0,105,93
1,105,104,2,255,255,32767,32773,0,93,79
2,0,1,-1,255,255,32768,4096,0,84,74
3,91,84,0,255,255,32767,61440,0,105,93
4,96,84,-1,255,255,32768,32684,0,255,255
3,57,56,2,255,255,32767,32801,0,105,93
3,104,103,2,255,255,32767,32780,0,105,93
3,104,92,2,255,255,32767,32779,0,105,93
3,104,80,2,255,255,32767,32776,0,105,93
3,104,68,2,255,255,32767,32776,0,105,93
3,104,56,2,255,255,32767,32774,0,105,93
3,104,44,2,255,255,32767,32774,0,105,93
3,104,32,2,255,255,32767,32774,0,105,93
3,104,20,2,255,255,32767,32774,0,105,93
3,104,8,2,255,255,32767,32774,0,105,93
3,9,8,2,255,255,32767,32774,0,105,93
3,9,7,2,255,255,32767,32769,0,105,93
3,91,90,2,255,255,32767,32769,0,105,93
3,91,89,2,255,255,32767,32769,0,105,93
3,91,88,2,255,255,32767,32769,0,105,93
3,91,87,2,255,255,32767,32769,0,105,93
3,91,92,2,255,255,32767,32769,0,105,93
3,91,79,2,255,255,32767,32769,0,105,93
3,91,67,2,255,255,32767,32769,0,105,93
3,91,55,2,255,255,32767,32769,0,105,93
4,50,54,2,255,255,32768,32768,0,255,255
5,55,51,-29,255,255,32767,61440,0,0,0
6,54,102,2,255,255,32768,32768,0,0,0
7,104,102,-1,255,255,32767,32770,0,0,0
6,54,6,2,255,255,32768,32768,0,0,0
7,9,6,-1,255,255,32767,32770,0,0,0
5,57,56,-29,255,255,32767,32768,0,0,0
5,104,103,-29,255,255,32767,32768,0,0,0
5,104,105,-29,255,255,32767,32768,0,0,0
5,104,92,-29,255,255,32767,32768,0,0,0
5,104,80,-29,255,255,32767,32768,0,0,0
5,104,68,-29,255,255,32767,32768,0,0,0
5,104,56,-29,255,255,32767,32768,0,0,0
6,54,56,-1,255,255,32768,32767,0,0,0
7,57,56,-1,255,255,32767,32990,0,0,0
7,69,56,-1,255,255,32767,32886,0,0,0
7,45,56,-1,255,255,32767,32883,0,0,0
7,55,48,-1,255,255,32767,32883,0,0,0
6,54,56,2,255,255,32768,32767,0,0,0
7,57,56,-1,255,255,32767,32990,0,0,0
7,69,56,-1,255,255,32767,32886,0,0,0
7,45,56,-1,255,255,32767,32883,0,0,0
7,55,48,-1,255,255,32767,32883,0,0,0
6,54,102,2,255,255,32768,32767,0,0,0
7,55,48,-1,255,255,32767,32769,0,0,0
6,54,6,2,255,255,32768,32767,0,0,0
7,9,6,-1,255,255,32767,32769,0,0,0
5,104,44,-29,255,255,32767,32767,0,0,0
5,104,32,-29,255,255,32767,32767,0,0,0
5,104,20,-29,255,255,32767,32767,0,0,0
5,104,8,-29,255,255,32767,32767,0,0,0
5,9,8,-29,255,255,32767,32767,0,0,0
5,9,7,-29,255,255,32767,32767,0,0,0
5,55,56,-29,255,255,32767,32767,0,0,0
5,55,43,-29,255,255,32767,32767,0,0,0
5,55,31,-29,255,255,32767,32767,0,0,0
5,55,67,-29,255,255,32767,32767,0,0,0
5,55,79,-29,255,255,32767,32767,0,0,0
5,55,91,-29,255,255,32767,32767,0,0,0
5,55,103,-29,255,255,32767,32767,0,0,0
5,19,18,-29,255,255,32767,32767,0,0,0
5,19,17,-29,255,255,32767,32767,0,0,0
5,19,16,-29,255,255,32767,32767,0,0,0
5,19,15,-29,255,255,32767,32767,0,0,0
5,19,14,-29,255,255,32767,32767,0,0,0
5,19,13,-29,255,255,32767,32767,0,0,0
5,19,20,-29,255,255,32767,32767,0,0,0
5,19,7,-29,255,255,32767,32767,0,0,0
5,19,31,-29,255,255,32767,32767,0,0,0
5,19,43,-29,255,255,32767,32767,0,0,0
5,93,79,-29,255,255,32767,32767,0,0,0
5,93,103,-29,255,255,32767,32767,0,0,0
5,21,7,-29,255,255,32767,32767,0,0,0
5,21,31,-29,255,255,32767,32767,0,0,0
5,69,56,-29,255,255,32767,32767,0,0,0
6,54,56,-1,255,255,32768,32764,0,0,0
7,57,56,-1,255,255,32767,32798,0,0,0
6,54,56,2,255,255,32768,32764,0,0,0
7,57,56,-1,255,255,32767,32798,0,0,0
6,54,102,2,255,255,32768,32764,0,0,0
6,54,6,2,255,255,32768,32766,0,0,0
3,91,43,2,255,255,32767,32768,0,105,93
3,91,31,2,255,255,32767,32768,0,105,93
3,91,103,2,255,255,32767,32768,0,105,93
3,19,18,2,255,255,32767,32768,0,105,93
3,19,17,2,255,255,32767,32768,0,105,93
3,19,16,2,255,255,32767,32768,0,105,93
3,19,15,2,255,255,32767,32768,0,105,93
3,19,14,2,255,255,32767,32768,0,105,93
3,19,13,2,255,255,32767,32768,0,105,93
3,19,20,2,255,255,32767,32768,0,105,93
3,19,7,2,255,255,32767,32768,0,105,93
3,19,31,2,255,255,32767,32768,0,105,93
3,19,43,2,255,255,32767,32768,0,105,93
3,19,55,2,255,255,32767,32768,0,105,93
4,86,93,2,255,255,32768,32768,0,255,255
5,55,51,2,255,255,32767,32862,0,0,0
6,93,69,-29,255,255,32768,4096,0,0,0
6,50,54,-29,255,255,32768,4096,0,0,0
7,51,99,2,255,255,32767,32862,0,0,0
7,51,3,2,255,255,32767,32860,0,0,0
3,19,67,2,255,255,32767,32768,0,105,93
3,19,79,2,255,255,32767,32768,0,105,93
3,93,79,2,255,255,32767,32768,0,105,93
4,50,54,2,255,255,32768,32768,0,255,255
3,93,103,2,255,255,32767,32768,0,105,93
3,21,7,2,255,255,32767,32768,0,105,93
3,21,31,2,255,255,32767,32768,0,105,93
4,86,93,0,255,255,32768,32768,0,255,255
3,69,56,2,255,255,32767,32768,0,105,93
3,45,56,2,255,255,32767,32768,0,105,93
3,81,55,2,255,255,32767,32768,0,105,93
3,81,103,2,255,255,32767,32768,0,105,93
3,33,7,2,255,255,32767,32768,0,105,93
3,33,55,2,255,255,32767,32768,0,105,93
3,102,101,2,255,255,32767,32768,0,105,93
3,78,77,2,255,255,32767,32768,0,105,93
3,54,53,2,255,255,32767,32768,0,105,93
3,30,29,2,255,255,32767,32768,0,105,93
3,6,5,2,255,255,32767,32768,0,105,93
2,96,97,0,255,255,32768,32768,0,84,74
3,91,84,0,255,255,32767,61440,0,105,93
4,50,54,2,255,255,32768,32684,0,255,255
2,86,93,2,255,255,32768,32768,0,84,74
3,57,56,2,255,255,32767,61440,0,105,93
3,104,103,2,255,255,32767,32865,0,105,93
3,104,105,2,255,255,32767,32864,0,105,93
3,104,92,2,255,255,32767,32864,0,105,93
3,104,80,2,255,255,32767,32861,0,105,93
3,104,68,2,255,255,32767,32861,0,105,93
3,104,56,2,255,255,32767,32859,0,105,93
3,104,44,2,255,255,32767,32859,0,105,93
3,104,32,2,255,255,32767,32859,0,105,93
3,104,20,2,255,255,32767,32859,0,105,93
3,104,8,2,255,255,32767,32859,0,105,93
3,9,8,2,255,255,32767,32859,0,105,93
3,9,7,2,255,255,32767,32854,0,105,93
3,91,90,2,255,255,32767,32854,0,105,93
3,91,89,2,255,255,32767,32854,0,105,93
3,91,88,2,255,255,32767,32854,0,105,93
3,91,87,2,255,255,32767,32854,0,105,93
3,91,86,2,255,255,32767,32854,0,105,93
3,91,85,2,255,255,32767,32854,0,105,93
3,91,92,2,255,255,32767,32854,0,105,93
3,91,79,2,255,255,32767,32854,0,105,93
3,91,67,2,255,255,32767,32854,0,105,93
3,91,55,2,255,255,32767,32854,0,105,93
3,91,43,2,255,255,32767,32853,0,105,93
3,91,31,2,255,255,32767,32853,0,105,93
3,91,103,2,255,255,32767,32853,0,105,93
3,19,18,2,255,255,32767,32853,0,105,93
3,19,17,2,255,255,32767,32853,0,105,93
3,19,16,2,255,255,32767,32853,0,105,93
3,19,15,2,255,255,32767,32853,0,105,93
3,19,14,2,255,255,32767,32853,0,105,93
3,19,13,2,255,255,32767,32853,0,105,93
3,19,20,2,255,255,32767,32853,0,105,93
3,19,7,2,255,255,32767,32853,0,105,93
3,19,31,2,255,255,32767,32853,0,105,93
3,19,43,2,255,255,32767,32853,0,105,93
3,19,55,2,255,255,32767,32853,0,105,93
3,19,67,2,255,255,32767,32853,0,105,93
3,19,79,2,255,255,32767,32853,0,105,93
3,21,7,2,255,255,32767,32853,0,105,93
3,21,31,2,255,255,32767,32853,0,105,93
3,69,56,2,255,255,32767,32853,0,105,93
3,45,56,2,255,255,32767,32853,0,105,93
3,81,55,2,255,255,32767,32853,0,105,93
3,81,103,2,255,255,32767,32853,0,105,93
3,33,7,2,255,255,32767,32853,0,105,93
3,33,55,2,255,255,32767,32853,0,105,93
3,102,101,2,255,255,32767,32853,0,105,93
3,78,77,2,255,255,32767,32853,0,105,93
3,54,53,2,255,255,32767,32853,0,105,93
3,30,29,2,255,255,32767,32853,0,105,93
3,6,5,2,255,255,32767,32853,0,105,93
1,105,103,2,255,255,32767,32773,0,93,79
2,0,1,-1,255,255,32768,4096,0,84,74
3,91,84,-1,255,255,32767,61440,0,105,93
4,96,84,-1,255,255,32768,32685,0,255,255
3,57,56,2,255,255,32767,32802,0,105,93
3,103,104,2,255,255,32767,32781,0,105,93
3,9,8,2,255,255,32767,32778,0,105,93
3,9,7,2,255,255,32767,32770,0,105,93
3,91,90,2,255,255,32767,32770,0,105,93
3,91,89,2,255,255,32767,32770,0,105,93
3,91,88,2,255,255,32767,32770,0,105,93
3,91,87,2,255,255,32767,32770,0,105,93
3,91,92,2,255,255,32767,32770,0,105,93
3,91,79,2,255,255,32767,32770,0,105,93
3,91,67,2,255,255,32767,32770,0,105,93
3,91,55,2,255,255,32767,32770,0,105,93
3,91,43,2,255,255,32767,32769,0,105,93
3,91,31,2,255,255,32767,32769,0,105,93
3,19,18,2,255,255,32767,32769,0,105,93
3,19,17,2,255,255,32767,32769,0,105,93
3,19,16,2,255,255,32767,32769,0,105,93
3,19,15,2,255,255,32767,32769,0,105,93
3,19,14,2,255,255,32767,32769,0,105,93
3,19,13,2,255,255,32767,32769,0,105,93
3,19,20,2,255,255,32767,32769,0,105,93
3,19,7,2,255,255,32767,32769,0,105,93
3,19,31,2,255,255,32767,32769,0,105,93
3,19,43,2,255,255,32767,32769,0,105,93
3,19,55,2,255,255,32767,32769,0,105,93
3,19,67,2,255,255,32767,32769,0,105,93
3,19,79,2,255,255,32767,32769,0,105,93
3,93,79,2,255,255,32767,32769,0,105,93
3,21,7,2,255,255,32767,32769,0,105,93
3,21,31,2,255,255,32767,32769,0,105,93
3,69,56,2,255,255,32767,32769,0,105,93
3,45,56,2,255,255,32767,32769,0,105,93
3,81,55,2,255,255,32767,32769,0,105,93
3,33,7,2,255,255,32767,32769,0,105,93
3,33,55,2,255,255,32767,32769,0,105,93
3,102,101,2,255,255,32767,32769,0,105,93
3,78,77,2,255,255,32767,32769,0,105,93
3,54,53,2,255,255,32767,32769,0,105,93
3,30,29,2,255,255,32767,32769,0,105,93
3,6,5,2,255,255,32767,32769,0,105,93
1,9,8,2,255,255,32767,32769,0,93,79
2,0,1,-1,255,255,32768,4096,0,84,74
3,91,84,-1,255,255,32767,61440,0,105,93
4,96,84,-1,255,255,32768,32684,0,255,255
3,57,56,2,255,255,32767,32801,0,105,93
3,105,104,2,255,255,32767,32780,0,105,93
3,105,103,2,255,255,32767,32769,0,105,93
3,8,7,2,255,255,32767,32769,0,105,93
3,8,20,2,255,255,32767,32769,0,105,93
3,8,32,2,255,255,32767,32769,0,105,93
3,8,44,2,255,255,32767,32769,0,105,93
3,8,56,2,255,255,32767,32769,0,105,93
3,8,68,2,255,255,32767,32769,0,105,93
3,8,80,2,255,255,32767,32769,0,105,93
3,8,92,2,255,255,32767,32769,0,105,93
3,8,104,2,255,255,32767,32769,0,105,93
3,91,90,2,255,255,32767,32769,0,105,93
3,91,89,2,255,255,32767,32769,0,105,93
3,91,88,2,255,255,32767,32769,0,105,93
3,91,87,2,255,255,32767,32769,0,105,93
3,91,92,2,255,255,32767,32769,0,105,93
3,91,79,2,255,255,32767,32769,0,105,93
3,91,67,2,255,255,32767,32769,0,105,93
3,91,55,2,255,255,32767,32769,0,105,93
4,50,54,2,255,255,32768,32768,0,255,255
5,55,51,-29,255,255,32767,61440,0,0,0
6,54,102,2,255,255,32768,32768,0,0,0
7,105,102,-1,255,255,32767,32770,0,0,0
6,54,6,2,255,255,32768,32768,0,0,0
7,8,6,-1,255,255,32767,32770,0,0,0
5,57,56,-29,255,255,32767,32768,0,0,0
5,105,104,-29,255,255,32767,32768,0,0,0
5,105,103,-29,255,255,32767,32768,0,0,0
5,8,7,-29,255,255,32767,32768,0,0,0
5,8,9,-29,255,255,32767,32768,0,0,0
5,8,20,-29,255,255,32767,32768,0,0,0
5,8,32,-29,255,255,32767,32768,0,0,0
5,8,44,-29,255,255,32767,32768,0,0,0
5,8,56,-29,255,255,32767,32768,0,0,0
6,54,56,-1,255,255,32768,32767,0,0,0
7,57,56,-1,255,255,32767,32990,0,0,0
7,69,56,-1,255,255,32767,32886,0,0,0
7,45,56,-1,255,255,32767,32883,0,0,0
7,55,48,-1,255,255,32767,32883,0,0,0
6,54,56,2,255,255,32768,32767,0,0,0
7,57,56,-1,255,255,32767,32990,0,0,0
7,69,56,-1,255,255,32767,32886,0,0,0
7,45,56,-1,255,255,32767,32883,0,0,0
7,55,48,-1,255,255,32767,32883,0,0,0
6,54,102,2,255,255,32768,32767,0,0,0
7,105,102,-1,255,255,32767,32769,0,0,0
6,54,6,2,255,255,32768,32767,0,0,0
7,55,48,-1,255,255,32767,32769,0,0,0
5,8,68,-29,255,255,32767,32767,0,0,0
5,8,80,-29,255,255,32767,32767,0,0,0
5,8,92,-29,255,255,32767,32767,0,0,0
5,8,104,-29,255,255,32767,32767,0,0,0
5,55,56,-29,255,255,32767,32767,0,0,0
5,55,43,-29,255,255,32767,32767,0,0,0
5,55,31,-29,255,255,32767,32767,0,0,0
5,55,67,-29,255,255,32767,32767,0,0,0
5,55,79,-29,255,255,32767,32767,0,0,0
5,55,91,-29,255,255,32767,32767,0,0,0
5,55,103,-29,255,255,32767,32767,0,0,0
5,19,18,-29,255,255,32767,32767,0,0,0
5,19,17,-29,255,255,32767,32767,0,0,0
5,19,16,-29,255,255,32767,32767,0,0,0
5,19,15,-29,255,255,32767,32767,0,0,0
5,19,14,-29,255,255,32767,32767,0,0,0
5,19,13,-29,255,255,32767,32767,0,0,0
5,19,20,-29,255,255,32767,32767,0,0,0
5,19,7,-29,255,255,32767,32767,0,0,0
5,19,31,-29,255,255,32767,32767,0,0,0
5,19,43,-29,255,255,32767,32767,0,0,0
5,93,79,-29,255,255,32767,32767,0,0,0
5,93,103,-29,255,255,32767,32767,0,0,0
5,21,7,-29,255,255,32767,32767,0,0,0
5,21,31,-29,255,255,32767,32767,0,0,0
5,69,56,-29,255,255,32767,32767,0,0,0
6,54,56,-1,255,255,32768,32764,0,0,0
7,57,56,-1,255,255,32767,32798,0,0,0
6,54,56,2,255,255,32768,32764,0,0,0
7,57,56,-1,255,255,32767,32798,0,0,0
6,54,102,2,255,255,32768,32764,0,0,0
6,54,6,2,255,255,32768,32766,0,0,0
3,91,43,2,255,255,32767,32768,0,105,93
3,91,31,2,255,255,32767,32768,0,105,93
3,91,103,2,255,255,32767,32768,0,105,93
3,19,18,2,255,255,32767,32768,0,105,93
3,19,17,2,255,255,32767,32768,0,105,93
3,19,16,2,255,255,32767,32768,0,105,93
3,19,15,2,255,255,32767,32768,0,105,93
3,19,14,2,255,255,32767,32768,0,105,93
3,19,13,2,255,255,32767,32768,0,105,93
3,19,20,2,255,255,32767,32768,0,105,93
3,19,7,2,255,255,32767,32768,0,105,93
3,19,31,2,255,255,32767,32768,0,105,93
3,19,43,2,255,255,32767,32768,0,105,93
3,19,55,2,255,255,32767,32768,0,105,93
4,86,93,-1,255,255,32768,32768,0,255,255
5,105,93,-1,255,255,32767,32862,0,0,0
4,50,54,2,255,255,32768,32768,0,255,255
5,91,84,-31,255,255,32767,61440,0,0,0
5,55,51,-29,255,255,32767,61440,0,0,0
6,86,93,2,255,255,32768,32768,0,0,0
7,105,93,-1,255,255,32767,32862,0,0,0
6,54,102,2,255,255,32768,32768,0,0,0
7,105,102,-1,255,255,32767,32770,0,0,0
6,54,6,2,255,255,32768,32768,0,0,0
7,8,6,-1,255,255,32767,32770,0,0,0
5,57,56,-29,255,255,32767,32768,0,0,0
5,105,104,-29,255,255,32767,32768,0,0,0
5,105,103,-29,255,255,32767,32768,0,0,0
5,8,7,-29,255,255,32767,32768,0,0,0
5,8,9,-29,255,255,32767,32768,0,0,0
5,8,20,-29,255,255,32767,32768,0,0,0
5,8,32,-29,255,255,32767,32768,0,0,0
5,8,44,-29,255,255,32767,32768,0,0,0
5,8,56,-29,255,255,32767,32768,0,0,0
6,54,56,-1,255,255,32768,32767,0,0,0
7,57,56,-1,255,255,32767,32990,0,0,0
7,69,56,-1,255,255,32767,32886,0,0,0
7,45,56,-1,255,255,32767,32883,0,0,0
7,55,48,-1,255,255,32767,32883,0,0,0
6,54,56,2,255,255,32768,32767,0,0,0
7,57,56,-1,255,255,32767,32990,0,0,0
7,69,56,-1,255,255,32767,32886,0,0,0
7,45,56,-1,255,255,32767,32883,0,0,0
7,55,48,-1,255,255,32767,32883,0,0,0
6,86,93,2,255,255,32768,32767,0,0,0
7,105,93,-1,255,255,32767,32861,0,0,0
8,54,56,1,255,255,32768,32744,0,255,255
9,57,56,-1,255,255,32767,32967,0,255,255
9,69,56,-1,255,255,32767,32863,0,255,255
9,45,56,-1,255,255,32767,32860,0,255,255
9,55,48,1,255,255,32767,32860,0,255,255
6,54,102,2,255,255,32768,32767,0,0,0
7,105,102,-1,255,255,32767,32769,0,0,0
6,54,6,2,255,255,32768,32767,0,0,0
7,55,48,-1,255,255,32767,32769,0,0,0
5,8,68,-29,255,255,32767,32767,0,0,0
5,8,80,-29,255,255,32767,32767,0,0,0
5,8,92,-29,255,255,32767,32767,0,0,0
5,8,104,-29,255,255,32767,32767,0,0,0
5,91,90,-29,255,255,32767,32767,0,0,0
5,91,89,-29,255,255,32767,32767,0,0,0
5,91,88,-29,255,255,32767,32767,0,0,0
5,91,87,-29,255,255,32767,32767,0,0,0
5,91,92,-29,255,255,32767,32767,0,0,0
5,91,79,-29,255,255,32767,32767,0,0,0
5,91,67,-29,255,255,32767,32767,0,0,0
5,91,103,-29,255,255,32767,32767,0,0,0
5,55,56,-29,255,255,32767,32767,0,0,0
5,55,43,-29,255,255,32767,32767,0,0,0
5,55,31,-29,255,255,32767,32767,0,0,0
5,55,19,-29,255,255,32767,32767,0,0,0
5,55,7,-29,255,255,32767,32767,0,0,0
5,55,67,-29,255,255,32767,32767,0,0,0
5,55,79,-29,255,255,32767,32767,0,0,0
5,93,79,-29,255,255,32767,32767,0,0,0
5,93,103,-29,255,255,32767,32767,0,0,0
5,21,7,-29,255,255,32767,32767,0,0,0
5,21,31,-29,255,255,32767,32767,0,0,0
5,69,56,-29,255,255,32767,32767,0,0,0
6,54,56,-1,255,255,32768,32764,0,0,0
7,57,56,-1,255,255,32767,32798,0,0,0
6,86,93,2,255,255,32768,32764,0,0,0
7,105,93,-32,255,255,32767,61440,0,0,0
6,54,56,2,255,255,32768,32764,0,0,0
7,57,56,-1,255,255,32767,32798,0,0,0
6,54,102,2,255,255,32768,32764,0,0,0
6,54,6,2,255,255,32768,32766,0,0,0
3,19,67,2,255,255,32767,32768,0,105,93
3,19,79,2,255,255,32767,32768,0,105,93
3,93,79,2,255,255,32767,32768,0,105,93
4,50,54,2,255,255,32768,32768,0,255,255
3,93,103,2,255,255,32767,32768,0,105,93
3,21,7,2,255,255,32767,32768,0,105,93
3,21,31,2,255,255,32767,32768,0,105,93
4,86,93,-1,255,255,32768,32768,0,255,255
5,105,93,-1,255,255,32767,32862,0,0,0
4,50,54,2,255,255,32768,32768,0,255,255
3,69,56,2,255,255,32767,32768,0,105,93
3,45,56,2,255,255,32767,32768,0,105,93
3,81,55,2,255,255,32767,32768,0,105,93
3,81,103,2,255,255,32767,32768,0,105,93
3,33,7,2,255,255,32767,32768,0,105,93
3,33,55,2,255,255,32767,32768,0,105,93
3,102,101,2,255,255,32767,32768,0,105,93
3,78,77,2,255,255,32767,32768,0,105,93
3,54,53,2,255,255,32767,32768,0,105,93
3,30,29,2,255,255,32767,32768,0,105,93
3,6,5,2,255,255,32767,32768,0,105,93
2,86,93,0,255,255,32768,32768,0,84,74
3,105,93,-1,255,255,32767,61440,0,105,93
4,50,54,2,255,255,32768,32746,0,255,255
2,50,54,2,255,255,32768,32768,0,84,74
3,91,84,-1,255,255,32767,61440,0,105,93
4,96,84,-1,255,255,32768,32672,0,255,255
3,57,56,2,255,255,32767,32789,0,105,93
4,86,93,-1,255,255,32768,32768,0,255,255
5,105,93,-1,255,255,32767,32862,0,0,0
4,54,102,2,255,255,32768,32768,0,255,255
5,105,102,-1,255,255,32767,32770,0,0,0
4,54,6,2,255,255,32768,32768,0,255,255
5,8,6,-1,255,255,32767,32770,0,0,0
3,105,104,2,255,255,32767,32768,0,105,93
4,86,93,-1,255,255,32768,32757,0,255,255
3,105,103,2,255,255,32767,32768,0,105,93
4,86,93,-1,255,255,32768,32758,0,255,255
3,8,7,2,255,255,32767,32768,0,105,93
4,86,93,-1,255,255,32768,32767,0,255,255
5,105,93,-1,255,255,32767,32861,0,0,0
4,54,102,2,255,255,32768,32767,0,255,255
5,105,102,-1,255,255,32767,32769,0,0,0
4,54,6,2,255,255,32768,32767,0,255,255
5,7,6,-1,255,255,32767,32769,0,0,0
3,8,9,2,255,255,32767,32767,0,105,93
3,8,20,2,255,255,32767,32767,0,105,93
4,86,93,-1,255,255,32768,32764,0,255,255
5,105,93,-1,255,255,32767,32858,0,0,0
4,54,102,2,255,255,32768,32764,0,255,255
4,54,6,2,255,255,32768,32766,0,255,255
2,48,49,2,255,255,32768,32768,0,84,74
3,91,84,-1,255,255,32767,61440,0,105,93
4,96,84,-1,255,255,32768,32673,0,255,255
3,8,20,0,255,255,32767,32790,0,105,93
4,86,93,-1,255,255,32768,32765,0,255,255
5,105,93,-1,255,255,32767,32859,0,0,0
4,50,54,2,255,255,32768,32765,0,255,255
2,96,97,2,255,255,32768,32768,0,84,74
3,8,20,-1,255,255,32767,61440,0,105,93
3,91,84,0,255,255,32767,32776,0,105,93
4,50,54,2,255,255,32768,32684,0,255,255
2,96,98,2,255,255,32768,32768,0,84,74
3,91,84,-1,255,255,32767,61440,0,105,93
4,50,54,2,255,255,32768,32683,0,255,255
2,0,2,2,255,255,32768,32768,0,84,74
3,91,84,-1,255,255,32767,61440,0,105,93
4,96,84,-1,255,255,32768,32683,0,255,255
3,8,20,0,255,255,32767,32800,0,105,93
3,57,56,2,255,255,32767,32775,0,105,93
3,105,104,2,255,255,32767,32775,0,105,93
4,86,93,-1,255,255,32768,32768,0,255,255
3,105,103,2,255,255,32767,32775,0,105,93
3,8,7,2,255,255,32767,32769,0,105,93
3,8,32,2,255,255,32767,32769,0,105,93
3,8,44,2,255,255,32767,32769,0,105,93
3,8,56,2,255,255,32767,32769,0,105,93
3,8,68,2,255,255,32767,32769,0,105,93
3,8,80,2,255,255,32767,32769,0,105,93
3,8,92,2,255,255,32767,32769,0,105,93
3,8,104,2,255,255,32767,32769,0,105,93
3,91,90,2,255,255,32767,32769,0,105,93
3,91,89,2,255,255,32767,32769,0,105,93
3,91,88,2,255,255,32767,32769,0,105,93
3,91,87,2,255,255,32767,32769,0,105,93
3,91,92,2,255,255,32767,32769,0,105,93
3,91,79,2,255,255,32767,32769,0,105,93
3,91,67,2,255,255,32767,32769,0,105,93
3,91,55,2,255,255,32767,32769,0,105,93
4,50,54,2,255,255,32768,32767,0,255,255
5,55,51,-29,255,255,32767,61440,0,0,0
6,54,102,2,255,255,32768,32767,0,0,0
7,105,102,-1,255,255,32767,32769,0,0,0
6,54,6,2,255,255,32768,32767,0,0,0
7,8,6,-1,255,255,32767,32769,0,0,0
5,57,56,-29,255,255,32767,32767,0,0,0
5,105,104,-29,255,255,32767,32767,0,0,0
5,105,103,-29,255,255,32767,32767,0,0,0
5,8,7,-29,255,255,32767,32767,0,0,0
5,8,9,-29,255,255,32767,32767,0,0,0
5,8,20,-29,255,255,32767,32767,0,0,0
5,8,32,-29,255,255,32767,32767,0,0,0
5,8,44,-29,255,255,32767,32767,0,0,0
5,8,56,-29,255,255,32767,32767,0,0,0
6,54,56,-1,255,255,32768,32766,0,0,0
7,57,56,-1,255,255,32767,32989,0,0,0
7,69,56,-1,255,255,32767,32885,0,0,0
7,45,56,-1,255,255,32767,32882,0,0,0
7,55,48,-1,255,255,32767,32882,0,0,0
6,54,56,2,255,255,32768,32766,0,0,0
7,57,56,-1,255,255,32767,32989,0,0,0
7,69,56,-1,255,255,32767,32885,0,0,0
7,45,56,-1,255,255,32767,32882,0,0,0
7,55,48,-1,255,255,32767,32882,0,0,0
6,54,102,2,255,255,32768,32766,0,0,0
7,105,102,-1,255,255,32767,32768,0,0,0
6,54,6,2,255,255,32768,32766,0,0,0
7,55,48,-1,255,255,32767,32768,0,0,0
3,91,43,2,255,255,32767,32767,0,105,93
3,91,31,2,255,255,32767,32767,0,105,93
3,91,103,2,255,255,32767,32767,0,105,93
3,19,18,2,255,255,32767,32767,0,105,93
3,19,17,2,255,255,32767,32767,0,105,93
3,19,16,2,255,255,32767,32767,0,105,93
3,19,15,2,255,255,32767,32767,0,105,93
3,19,14,2,255,255,32767,32767,0,105,93
3,19,13,2,255,255,32767,32767,0,105,93
3,19,20,2,255,255,32767,32767,0,105,93
3,19,7,2,255,255,32767,32767,0,105,93
3,19,31,2,255,255,32767,32767,0,105,93
3,19,43,2,255,255,32767,32767,0,105,93
3,19,55,2,255,255,32767,32767,0,105,93
4,86,93,-1,255,255,32768,32767,0,255,255
5,105,93,-1,255,255,32767,32861,0,0,0
4,50,54,2,255,255,32768,32767,0,255,255
5,91,84,-31,255,255,32767,61440,0,0,0
5,55,51,-29,255,255,32767,61440,0,0,0
6,86,93,2,255,255,32768,32767,0,0,0
7,105,93,-1,255,255,32767,32861,0,0,0
6,54,102,2,255,255,32768,32767,0,0,0
7,105,102,-1,255,255,32767,32769,0,0,0
6,54,6,2,255,255,32768,32767,0,0,0
7,8,6,-1,255,255,32767,32769,0,0,0
5,57,56,-29,255,255,32767,32767,0,0,0
5,105,104,-29,255,255,32767,32767,0,0,0
5,105,103,-29,255,255,32767,32767,0,0,0
5,8,7,-29,255,255,32767,32767,0,0,0
5,8,9,-29,255,255,32767,32767,0,0,0
5,8,20,-29,255,255,32767,32767,0,0,0
5,8,32,-29,255,255,32767,32767,0,0,0
5,8,44,-29,255,255,32767,32767,0,0,0
5,8,56,-29,255,255,32767,32767,0,0,0
6,54,56,-1,255,255,32768,32766,0,0,0
7,57,56,-1,255,255,32767,32989,0,0,0
7,69,56,-1,255,255,32767,32885,0,0,0
7,45,56,-1,255,255,32767,32882,0,0,0
7,55,48,-1,255,255,32767,32882,0,0,0
6,54,56,2,255,255,32768,32766,0,0,0
7,57,56,-1,255,255,32767,32989,0,0,0
7,69,56,-1,255,255,32767,32885,0,0,0
7,45,56,-1,255,255,32767,32882,0,0,0
7,55,48,-1,255,255,32767,32882,0,0,0
6,86,93,2,255,255,32768,32766,0,0,0
7,105,93,-1,255,255,32767,32860,0,0,0
8,54,56,1,255,255,32768,32743,0,255,255
9,57,56,-1,255,255,32767,32966,0,255,255
9,69,56,-1,255,255,32767,32862,0,255,255
9,45,56,-1,255,255,32767,32859,0,255,255
9,55,48,1,255,255,32767,32859,0,255,255
6,54,102,2,255,255,32768,32766,0,0,0
7,105,102,-1,255,255,32767,32768,0,0,0
6,54,6,2,255,255,32768,32766,0,0,0
7,55,48,-1,255,255,32767,32768,0,0,0
3,19,67,2,255,255,32767,32767,0,105,93
3,19,79,2,255,255,32767,32767,0,105,93
3,93,79,2,255,255,32767,32767,0,105,93
4,50,54,2,255,255,32768,32767,0,255,255
3,93,103,2,255,255,32767,32767,0,105,93
3,21,7,2,255,255,32767,32767,0,105,93
3,21,31,2,255,255,32767,32767,0,105,93
4,86,93,-1,255,255,32768,32767,0,255,255
5,105,93,-1,255,255,32767,32861,0,0,0
4,50,54,2,255,255,32768,32767,0,255,255
3,69,56,2,255,255,32767,32767,0,105,93
3,45,56,2,255,255,32767,32767,0,105,93
3,81,55,2,255,255,32767,32767,0,105,93
3,81,103,2,255,255,32767,32767,0,105,93
3,33,7,2,255,255,32767,32767,0,105,93
3,33,55,2,255,255,32767,32767,0,105,93
3,102,101,2,255,255,32767,32767,0,105,93
3,78,77,2,255,255,32767,32767,0,105,93
3,54,53,2,255,255,32767,32767,0,105,93
3,30,29,2,255,255,32767,32767,0,105,93
3,6,5,2,255,255,32767,32767,0,105,93
2,86,85,2,255,255,32768,32768,0,84,74
3,91,84,-1,255,255,32767,61440,0,105,93
4,96,84,-1,255,255,32768,32675,0,255,255
3,8,20,0,255,255,32767,32792,0,105,93
4,85,93,2,255,255,32768,32767,0,255,255
5,105,93,-1,255,255,32767,32861,0,0,0
4,50,54,2,255,255,32768,32767,0,255,255
3,57,56,2,255,255,32767,32767,0,105,93
3,105,104,2,255,255,32767,32767,0,105,93
4,85,93,2,255,255,32768,32760,0,255,255
3,105,103,2,255,255,32767,32767,0,105,93
4,85,93,0,255,255,32768,32761,0,255,255
3,8,7,2,255,255,32767,32767,0,105,93
3,8,32,2,255,255,32767,32767,0,105,93
3,8,44,2,255,255,32767,32767,0,105,93
4,85,93,-1,255,255,32768,32765,0,255,255
5,105,93,-1,255,255,32767,32859,0,0,0
4,50,54,2,255,255,32768,32765,0,255,255
2,86,87,2,255,255,32768,32768,0,84,74
3,91,84,-1,255,255,32767,61440,0,105,93
4,96,84,-1,255,255,32768,32674,0,255,255
3,8,44,0,255,255,32767,32791,0,105,93
4,87,93,2,255,255,32768,32764,0,255,255
5,105,93,-1,255,255,32767,32859,0,0,0
4,50,54,2,255,255,32768,32764,0,255,255
2,86,88,2,255,255,32768,32768,0,84,74
3,8,44,-1,255,255,32767,61440,0,105,93
4,88,93,2,255,255,32768,32764,0,255,255
5,105,93,-1,255,255,32767,32859,0,0,0
4,50,54,2,255,255,32768,32764,0,255,255
2,86,89,2,255,255,32768,32768,0,84,74
3,8,44,-1,255,255,32767,61440,0,105,93
4,89,93,2,255,255,32768,32763,0,255,255
5,105,93,-1,255,255,32767,32859,0,0,0
4,50,54,2,255,255,32768,32763,0,255,255
2,86,90,2,255,255,32768,32768,0,84,74
3,8,44,-1,255,255,32767,61440,0,105,93
4,90,93,2,255,255,32768,32763,0,255,255
5,105,93,-1,255,255,32767,32859,0,0,0
4,50,54,2,255,255,32768,32763,0,255,255
4,90,54,2,255,255,32768,32763,0,255,255
5,44,36,2,255,255,32767,32772,0,0,0
6,48,36,-32,255,255,32768,4096,0,0,0
3,91,84,0,255,255,32767,32772,0,105,93
4,96,84,-1,255,255,32768,32673,0,255,255
3,57,56,2,255,255,32767,32772,0,105,93
3,105,104,2,255,255,32767,32769,0,105,93
4,90,54,0,255,255,32768,32758,0,255,255
4,90,93,2,255,255,32768,32767,0,255,255
3,105,103,2,255,255,32767,32769,0,105,93
4,90,93,0,255,255,32768,32759,0,255,255
3,8,7,2,255,255,32767,32769,0,105,93
4,90,93,-1,255,255,32768,32768,0,255,255
5,105,93,-1,255,255,32767,32864,0,0,0
4,50,54,2,255,255,32768,32768,0,255,255
4,90,54,2,255,255,32768,32768,0,255,255
3,8,20,2,255,255,32767,32769,0,105,93
4,90,93,-1,255,255,32768,32765,0,255,255
5,105,93,-1,255,255,32767,32861,0,0,0
4,90,54,0,255,255,32768,32765,0,255,255
3,8,32,2,255,255,32767,32769,0,105,93
4,90,54,-1,255,255,32768,32767,0,255,255
3,8,56,2,255,255,32767,32769,0,105,93
3,8,68,2,255,255,32767,32769,0,105,93
4,90,54,-1,255,255,32768,32763,0,255,255
5,68,60,2,255,255,32767,32772,0,0,0
6,48,60,-32,255,255,32768,4096,0,0,0
3,8,80,2,255,255,32767,32769,0,105,93
4,90,54,-1,255,255,32768,32767,0,255,255
3,8,92,2,255,255,32767,32769,0,105,93
4,90,92,-1,255,255,32768,32765,0,255,255
3,8,104,2,255,255,32767,32769,0,105,93
4,90,54,-1,255,255,32768,32767,0,255,255
3,91,92,2,255,255,32767,32769,0,105,93
4,90,54,-1,255,255,32768,32767,0,255,255
3,91,79,2,255,255,32767,32769,0,105,93
4,90,54,-1,255,255,32768,32767,0,255,255
5,79,75,2,255,255,32767,32776,0,0,0
3,91,67,2,255,255,32767,32769,0,105,93
4,90,54,-1,255,255,32768,32765,0,255,255
3,91,55,2,255,255,32767,32769,0,105,93
4,90,54,-1,255,255,32768,32757,0,255,255
5,55,51,-29,255,255,32767,61440,0,0,0
6,54,102,-29,255,255,32768,4096,0,0,0
6,54,6,-29,255,255,32768,4096,0,0,0
6,48,49,-29,255,255,32768,4096,0,0,0
6,96,97,-29,255,255,32768,4096,0,0,0
6,96,98,-29,255,255,32768,4096,0,0,0
6,0,1,-29,255,255,32768,4096,0,0,0
6,0,2,-29,255,255,32768,4096,0,0,0
6,54,53,-29,255,255,32768,4096,0,0,0
6,54,52,-29,255,255,32768,4096,0,0,0
6,54,55,-29,255,255,32768,4096,0,0,0
6,54,56,-29,255,255,32768,4096,0,0,0
6,54,42,-29,255,255,32768,4096,0,0,0
6,54,66,-29,255,255,32768,4096,0,0,0
6,50,49,-29,255,255,32768,4096,0,0,0
6,50,38,-29,255,255,32768,4096,0,0,0
6,50,26,-29,255,255,32768,32761,0,0,0
6,50,14,-29,255,255,32768,32761,0,0,0
6,50,2,-29,255,255,32768,32761,0,0,0
6,50,62,-29,255,255,32768,32761,0,0,0
6,50,74,-29,255,255,32768,32761,0,0,0
6,50,86,-29,255,255,32768,32761,0,0,0
6,50,98,-29,255,255,32768,32761,0,0,0
6,84,74,-29,255,255,32768,32761,0,0,0
6,84,98,-29,255,255,32768,32761,0,0,0
6,12,2,-29,255,255,32768,32761,0,0,0
6,12,26,-29,255,255,32768,32761,0,0,0
6,60,49,-29,255,255,32768,32761,0,0,0
7,51,49,-1,255,255,32767,32770,0,0,0
8,48,49,-1,255,255,32768,32736,0,255,255
7,51,49,2,255,255,32767,32770,0,0,0
8,48,49,-1,255,255,32768,32736,0,255,255
7,51,99,2,255,255,32767,32770,0,0,0
8,96,99,-1,255,255,32768,32768,0,255,255
7,51,3,2,255,255,32767,32770,0,0,0
8,0,3,-1,255,255,32768,32768,0,255,255
5,57,56,-29,255,255,32767,32770,0,0,0
5,105,104,-29,255,255,32767,32770,0,0,0
5,105,103,-29,255,255,32767,32770,0,0,0
5,8,7,-29,255,255,32767,32770,0,0,0
5,8,9,-29,255,255,32767,32770,0,0,0
5,8,20,-29,255,255,32767,32770,0,0,0
5,8,32,-29,255,255,32767,32770,0,0,0
5,8,44,-29,255,255,32767,32770,0,0,0
5,8,56,-29,255,255,32767,32770,0,0,0
6,54,56,-1,255,255,32768,32768,0,0,0
7,57,56,-1,255,255,32767,32991,0,0,0
7,69,56,-1,255,255,32767,32887,0,0,0
7,45,56,-1,255,255,32767,32884,0,0,0
5,8,68,-29,255,255,32767,32770,0,0,0
5,8,80,-29,255,255,32767,32770,0,0,0
5,8,92,-29,255,255,32767,32770,0,0,0
5,8,104,-29,255,255,32767,32770,0,0,0
5,55,56,-29,255,255,32767,32770,0,0,0
5,55,43,-29,255,255,32767,32770,0,0,0
5,55,31,-29,255,255,32767,32770,0,0,0
5,55,67,-29,255,255,32767,32770,0,0,0
5,55,79,-29,255,255,32767,32770,0,0,0
5,55,91,-29,255,255,32767,32770,0,0,0
5,55,103,-29,255,255,32767,32770,0,0,0
5,19,18,-29,255,255,32767,32770,0,0,0
5,19,17,-29,255,255,32767,32770,0,0,0
5,19,16,-29,255,255,32767,32770,0,0,0
5,19,15,-29,255,255,32767,32770,0,0,0
5,19,14,-29,255,255,32767,32770,0,0,0
5,19,13,-29,255,255,32767,32770,0,0,0
5,19,20,-29,255,255,32767,32770,0,0,0
5,19,7,-29,255,255,32767,32770,0,0,0
5,19,31,-29,255,255,32767,32770,0,0,0
5,19,43,-29,255,255,32767,32770,0,0,0
5,93,79,-29,255,255,32767,32770,0,0,0
5,93,103,-29,255,255,32767,32770,0,0,0
5,21,7,-29,255,255,32767,32770,0,0,0
5,21,31,-29,255,255,32767,32770,0,0,0
5,69,56,-29,255,255,32767,32770,0,0,0
6,54,56,-1,255,255,32768,32765,0,0,0
7,57,56,-1,255,255,32767,32799,0,0,0
6,54,56,2,255,255,32768,32765,0,0,0
7,57,56,-1,255,255,32767,32799,0,0,0
6,54,102,2,255,255,32768,32765,0,0,0
7,105,102,-1,255,255,32767,32767,0,0,0
6,54,6,2,255,255,32768,32765,0,0,0
7,8,6,-1,255,255,32767,32767,0,0,0
4,50,54,2,255,255,32768,32765,0,255,255
5,55,51,-29,255,255,32767,61440,0,0,0
6,54,6,2,255,255,32768,32757,0,0,0
2,86,74,2,255,255,32768,32768,0,84,74
3,8,44,-1,255,255,32767,61440,0,105,93
4,74,78,2,255,255,32768,32765,0,255,255
5,44,36,2,255,255,32767,32768,0,0,0
6,48,36,-32,255,255,32768,4096,0,0,0
4,50,54,2,255,255,32768,32768,0,255,255
3,91,55,0,255,255,32767,32768,0,105,93
4,74,78,2,255,255,32768,32759,0,255,255
4,50,54,2,255,255,32768,32762,0,255,255
5,55,51,-29,255,255,32767,61440,0,0,0
6,54,102,2,255,255,32768,32759,0,0,0
6,74,78,2,255,255,32768,32761,0,0,0
6,54,6,2,255,255,32768,32762,0,0,0
2,86,62,2,255,255,32768,32768,0,84,74
3,91,55,-1,255,255,32767,61440,0,105,93
4,50,54,2,255,255,32768,32761,0,255,255
5,55,51,-29,255,255,32767,61440,0,0,0
6,54,102,2,255,255,32768,32761,0,0,0
6,54,6,2,255,255,32768,32763,0,0,0
2,86,98,2,255,255,32768,32768,0,84,74
3,91,55,-1,255,255,32767,61440,0,105,93
4,98,102,2,255,255,32768,32759,0,255,255
4,50,54,2,255,255,32768,32762,0,255,255
5,55,51,-29,255,255,32767,61440,0,0,0
6,54,102,2,255,255,32768,32759,0,0,0
6,98,102,2,255,255,32768,32761,0,0,0
6,54,6,2,255,255,32768,32762,0,0,0
2,50,49,2,255,255,32768,32768,0,84,74
3,91,55,-1,255,255,32767,61440,0,105,93
4,49,54,2,255,255,32768,32748,0,255,255
5,55,51,-29,255,255,32767,61440,0,0,0
6,54,102,2,255,255,32768,32759,0,0,0
6,54,6,2,255,255,32768,32761,0,0,0
2,50,38,2,255,255,32768,32768,0,84,74
3,91,55,-1,255,255,32767,61440,0,105,93
2,50,26,2,255,255,32768,32768,0,84,74
3,91,55,-1,255,255,32767,61440,0,105,93
4,26,30,2,255,255,32768,32749,0,255,255
2,50,2,2,255,255,32768,32768,0,84,74
3,91,55,-1,255,255,32767,61440,0,105,93
4,2,6,2,255,255,32768,32749,0,255,255
2,50,62,2,255,255,32768,32768,0,84,74
3,91,55,-1,255,255,32767,61440,0,105,93
2,50,74,2,255,255,32768,32768,0,84,74
3,91,55,-1,255,255,32767,61440,0,105,93
4,74,78,2,255,255,32768,32749,0,255,255
2,84,74,2,255,255,32768,32768,0,84,74
3,91,55,-1,255,255,32767,61440,0,105,93
3,8,44,0,255,255,32767,32769,0,105,93
3,57,56,2,255,255,32767,32769,0,105,93
3,105,104,2,255,255,32767,32769,0,105,93
3,105,103,2,255,255,32767,32769,0,105,93
3,8,7,2,255,255,32767,32769,0,105,93
3,8,20,2,255,255,32767,32769,0,105,93
3,8,32,2,255,255,32767,32769,0,105,93
3,8,56,2,255,255,32767,32769,0,105,93
3,8,68,2,255,255,32767,32769,0,105,93
3,8,80,2,255,255,32767,32769,0,105,93
3,8,92,2,255,255,32767,32769,0,105,93
3,8,104,2,255,255,32767,32769,0,105,93
3,91,90,2,255,255,32767,32769,0,105,93
3,91,89,2,255,255,32767,32769,0,105,93
3,91,88,2,255,255,32767,32769,0,105,93
3,91,87,2,255,255,32767,32769,0,105,93
3,91,92,2,255,255,32767,32769,0,105,93
3,91,79,2,255,255,32767,32769,0,105,93
3,91,67,2,255,255,32767,32769,0,105,93
3,91,43,2,255,255,32767,32769,0,105,93
3,91,31,2,255,255,32767,32769,0,105,93
3,91,103,2,255,255,32767,32769,0,105,93
3,19,18,2,255,255,32767,32769,0,105,93
3,19,17,2,255,255,32767,32769,0,105,93
3,19,16,2,255,255,32767,32769,0,105,93
3,19,15,2,255,255,32767,32769,0,105,93
3,19,14,2,255,255,32767,32769,0,105,93
3,19,13,2,255,255,32767,32769,0,105,93
3,19,20,2,255,255,32767,32769,0,105,93
3,19,7,2,255,255,32767,32769,0,105,93
3,19,31,2,255,255,32767,32769,0,105,93
3,19,43,2,255,255,32767,32769,0,105,93
3,19,55,2,255,255,32767,32769,0,105,93
3,19,67,2,255,255,32767,32769,0,105,93
3,19,79,2,255,255,32767,32769,0,105,93
3,93,79,2,255,255,32767,32769,0,105,93
3,93,103,2,255,255,32767,32769,0,105,93
3,21,7,2,255,255,32767,32769,0,105,93
3,21,31,2,255,255,32767,32769,0,105,93
3,69,56,2,255,255,32767,32769,0,105,93
3,45,56,2,255,255,32767,32769,0,105,93
3,81,55,2,255,255,32767,32769,0,105,93
3,81,103,2,255,255,32767,32769,0,105,93
3,33,7,2,255,255,32767,32769,0,105,93
3,33,55,2,255,255,32767,32769,0,105,93
3,102,101,2,255,255,32767,32769,0,105,93
3,78,77,2,255,255,32767,32769,0,105,93
3,54,53,2,255,255,32767,32769,0,105,93
3,30,29,2,255,255,32767,32769,0,105,93
3,6,5,2,255,255,32767,32769,0,105,93
1,9,7,2,255,255,32767,32769,0,93,79
2,0,1,-1,255,255,32768,4096,0,84,74
3,91,55,-1,255,255,32767,61440,0,105,93
3,91,84,2,255,255,32767,32769,0,105,93
4,96,84,-1,255,255,32768,32685,0,255,255
3,57,56,2,255,255,32767,32769,0,105,93
3,105,104,2,255,255,32767,32769,0,105,93
3,105,103,2,255,255,32767,32769,0,105,93
3,7,8,2,255,255,32767,32769,0,105,93
3,91,90,2,255,255,32767,32769,0,105,93
3,91,89,2,255,255,32767,32769,0,105,93
3,91,88,2,255,255,32767,32769,0,105,93
3,91,87,2,255,255,32767,32769,0,105,93
3,91,92,2,255,255,32767,32769,0,105,93
3,91,79,2,255,255,32767,32769,0,105,93
3,91,67,2,255,255,32767,32769,0,105,93
3,91,43,2,255,255,32767,32769,0,105,93
3,91,31,2,255,255,32767,32769,0,105,93
3,91,103,2,255,255,32767,32769,0,105,93
3,19,18,2,255,255,32767,32769,0,105,93
3,19,17,2,255,255,32767,32769,0,105,93
3,19,16,2,255,255,32767,32769,0,105,93
3,19,15,2,255,255,32767,32769,0,105,93
3,19,14,2,255,255,32767,32769,0,105,93
3,19,13,2,255,255,32767,32769,0,105,93
3,19,20,2,255,255,32767,32769,0,105,93
3,19,31,2,255,255,32767,32769,0,105,93
3,19,43,2,255,255,32767,32769,0,105,93
3,19,55,2,255,255,32767,32769,0,105,93
3,19,67,2,255,255,32767,32769,0,105,93
3,19,79,2,255,255,32767,32769,0,105,93
3,93,79,2,255,255,32767,32769,0,105,93
3,93,103,2,255,255,32767,32769,0,105,93
3,21,31,2,255,255,32767,32769,0,105,93
3,69,56,2,255,255,32767,32769,0,105,93
3,45,56,2,255,255,32767,32769,0,105,93
3,81,55,2,255,255,32767,32769,0,105,93
3,81,103,2,255,255,32767,32769,0,105,93
3,33,55,2,255,255,32767,32769,0,105,93
3,102,101,2,255,255,32767,32769,0,105,93
3,78,77,2,255,255,32767,32769,0,105,93
3,54,53,2,255,255,32767,32769,0,105,93
3,30,29,2,255,255,32767,32769,0,105,93
3,6,5,2,255,255,32767,32769,0,105,93
1,91,90,2,255,255,32767,32769,0,93,79
2,0,1,-1,255,255,32768,4096,0,84,74
3,90,84,2,255,255,32767,61440,0,105,93
4,96,84,-1,255,255,32768,32693,0,255,255
3,57,56,2,255,255,32767,32810,0,105,93
3,105,104,2,255,255,32767,32790,0,105,93
3,105,103,2,255,255,32767,32779,0,105,93
3,9,8,2,255,255,32767,32779,0,105,93
3,9,7,2,255,255,32767,32779,0,105,93
3,90,89,2,255,255,32767,32779,0,105,93
3,90,88,2,255,255,32767,32779,0,105,93
3,90,87,2,255,255,32767,32779,0,105,93
3,90,92,2,255,255,32767,32779,0,105,93
3,19,18,2,255,255,32767,32779,0,105,93
3,19,17,2,255,255,32767,32779,0,105,93
3,19,16,2,255,255,32767,32779,0,105,93
3,19,15,2,255,255,32767,32779,0,105,93
3,19,14,2,255,255,32767,32779,0,105,93
3,19,13,2,255,255,32767,32779,0,105,93
3,19,20,2,255,255,32767,32779,0,105,93
3,19,7,2,255,255,32767,32779,0,105,93
3,19,31,2,255,255,32767,32779,0,105,93
3,19,43,2,255,255,32767,32779,0,105,93
3,19,55,2,255,255,32767,32779,0,105,93
3,19,67,2,255,255,32767,32778,0,105,93
3,19,79,2,255,255,32767,32778,0,105,93
3,19,91,2,255,255,32767,32778,0,105,93
3,19,103,2,255,255,32767,32778,0,105,93
3,93,79,2,255,255,32767,32778,0,105,93
3,93,103,2,255,255,32767,32778,0,105,93
3,21,7,2,255,255,32767,32778,0,105,93
3,21,31,2,255,255,32767,32778,0,105,93
3,69,56,2,255,255,32767,32778,0,105,93
3,45,56,2,255,255,32767,32778,0,105,93
3,81,55,2,255,255,32767,32778,0,105,93
3,81,103,2,255,255,32767,32778,0,105,93
3,33,7,2,255,255,32767,32778,0,105,93
3,33,55,2,255,255,32767,32778,0,105,93
3,102,101,2,255,255,32767,32778,0,105,93
3,78,77,2,255,255,32767,32778,0,105,93
3,54,53,2,255,255,32767,32778,0,105,93
3,30,29,2,255,255,32767,32778,0,105,93
3,6,5,2,255,255,32767,32778,0,105,93
1,91,89,2,255,255,32767,32769,0,93,79
2,0,1,-1,255,255,32768,4096,0,84,74
3,89,84,2,255,255,32767,61440,0,105,93
4,96,84,-1,255,255,32768,32693,0,255,255
3,57,56,2,255,255,32767,32810,0,105,93
3,105,104,2,255,255,32767,32790,0,105,93
3,105,103,2,255,255,32767,32779,0,105,93
3,9,8,2,255,255,32767,32779,0,105,93
3,9,7,2,255,255,32767,32779,0,105,93
3,89,88,2,255,255,32767,32779,0,105,93
3,89,87,2,255,255,32767,32779,0,105,93
3,89,90,2,255,255,32767,32779,0,105,93
3,89,92,2,255,255,32767,32779,0,105,93
3,89,77,2,255,255,32767,32779,0,105,93
3,89,65,2,255,255,32767,32779,0,105,93
3,89,53,2,255,255,32767,32779,0,105,93
3,89,41,2,255,255,32767,32779,0,105,93
3,89,29,2,255,255,32767,32779,0,105,93
3,89,17,2,255,255,32767,32779,0,105,93
3,89,5,2,255,255,32767,32779,0,105,93
3,89,101,2,255,255,32767,32779,0,105,93
3,19,18,2,255,255,32767,32779,0,105,93
3,19,17,2,255,255,32767,32779,0,105,93
3,19,16,2,255,255,32767,32779,0,105,93
3,19,15,2,255,255,32767,32779,0,105,93
3,19,14,2,255,255,32767,32779,0,105,93
3,19,13,2,255,255,32767,32779,0,105,93
3,19,20,2,255,255,32767,32779,0,105,93
3,19,7,2,255,255,32767,32779,0,105,93
3,19,31,2,255,255,32767,32779,0,105,93
3,19,43,2,255,255,32767,32779,0,105,93
3,19,55,2,255,255,32767,32779,0,105,93
3,19,67,2,255,255,32767,32778,0,105,93
3,19,79,2,255,255,32767,32778,0,105,93
3,19,91,2,255,255,32767,32778,0,105,93
3,19,103,2,255,255,32767,32778,0,105,93
3,93,79,2,255,255,32767,32778,0,105,93
3,93,103,2,255,255,32767,32778,0,105,93
3,21,7,2,255,255,32767,32778,0,105,93
3,21,31,2,255,255,32767,32778,0,105,93
3,69,56,2,255,255,32767,32778,0,105,93
3,45,56,2,255,255,32767,32778,0,105,93
3,81,55,2,255,255,32767,32778,0,105,93
3,81,103,2,255,255,32767,32778,0,105,93
3,33,7,2,255,255,32767,32778,0,105,93
3,33,55,2,255,255,32767,32778,0,105,93
3,102,101,2,255,255,32767,32778,0,105,93
3,78,77,2,255,255,32767,32778,0,105,93
3,54,53,2,255,255,32767,32778,0,105,93
3,30,29,2,255,255,32767,32778,0,105,93
3,6,5,2,255,255,32767,32778,0,105,93
1,91,88,2,255,255,32767,32769,0,93,79
2,0,1,-1,255,255,32768,4096,0,84,74
3,88,84,2,255,255,32767,61440,0,105,93
4,96,84,-1,255,255,32768,32693,0,255,255
3,57,56,2,255,255,32767,32810,0,105,93
3,105,104,2,255,255,32767,32791,0,105,93
3,105,103,2,255,255,32767,32780,0,105,93
3,9,8,2,255,255,32767,32780,0,105,93
3,9,7,2,255,255,32767,32780,0,105,93
3,88,87,2,255,255,32767,32780,0,105,93
3,88,89,2,255,255,32767,32780,0,105,93
3,88,90,2,255,255,32767,32780,0,105,93
3,88,92,2,255,255,32767,32780,0,105,93
3,88,76,2,255,255,32767,32780,0,105,93
3,88,64,2,255,255,32767,32780,0,105,93
3,88,52,2,255,255,32767,32780,0,105,93
3,88,40,2,255,255,32767,32780,0,105,93
3,88,28,2,255,255,32767,32780,0,105,93
3,88,16,2,255,255,32767,32780,0,105,93
3,88,4,2,255,255,32767,32780,0,105,93
3,88,100,2,255,255,32767,32780,0,105,93
3,19,18,2,255,255,32767,32780,0,105,93
3,19,17,2,255,255,32767,32780,0,105,93
3,19,16,2,255,255,32767,32780,0,105,93
3,19,15,2,255,255,32767,32780,0,105,93
3,19,14,2,255,255,32767,32780,0,105,93
3,19,13,2,255,255,32767,32780,0,105,93
3,19,20,2,255,255,32767,32780,0,105,93
3,19,7,2,255,255,32767,32780,0,105,93
3,19,31,2,255,255,32767,32780,0,105,93
3,19,43,2,255,255,32767,32780,0,105,93
3,19,55,2,255,255,32767,32780,0,105,93
3,19,67,2,255,255,32767,32779,0,105,93
3,19,79,2,255,255,32767,32779,0,105,93
3,19,91,2,255,255,32767,32779,0,105,93
3,19,103,2,255,255,32767,32779,0,105,93
3,93,79,2,255,255,32767,32779,0,105,93
3,93,103,2,255,255,32767,32779,0,105,93
3,21,7,2,255,255,32767,32779,0,105,93
3,21,31,2,255,255,32767,32779,0,105,93
3,69,56,2,255,255,32767,32779,0,105,93
3,45,56,2,255,255,32767,32779,0,105,93
3,81,55,2,255,255,32767,32779,0,105,93
3,81,103,2,255,255,32767,32779,0,105,93
3,33,7,2,255,255,32767,32779,0,105,93
3,33,55,2,255,255,32767,32779,0,105,93
3,102,101,2,255,255,32767,32779,0,105,93
3,78,77,2,255,255,32767,32779,0,105,93
3,54,53,2,255,255,32767,32779,0,105,93
3,30,29,2,255,255,32767,32779,0,105,93
3,6,5,2,255,255,32767,32779,0,105,93
1,91,87,2,255,255,32767,32769,0,93,79
2,0,1,-1,255,255,32768,4096,0,84,74
3,87,84,2,255,255,32767,61440,0,105,93
4,96,84,-1,255,255,32768,32693,0,255,255
3,87,51,2,255,255,32767,32810,0,105,93
4,50,54,-29,255,255,32768,4096,0,255,255
5,51,99,2,255,255,32767,32777,0,0,0
5,51,3,2,255,255,32767,32775,0,0,0
3,57,56,2,255,255,32767,32775,0,105,93
3,105,104,2,255,255,32767,32775,0,105,93
3,105,103,2,255,255,32767,32775,0,105,93
3,9,8,2,255,255,32767,32775,0,105,93
3,9,7,2,255,255,32767,32775,0,105,93
3,87,88,2,255,255,32767,32775,0,105,93
3,87,89,2,255,255,32767,32775,0,105,93
3,87,90,2,255,255,32767,32775,0,105,93
3,87,92,2,255,255,32767,32775,0,105,93
3,19,18,2,255,255,32767,32775,0,105,93
3,19,17,2,255,255,32767,32775,0,105,93
3,19,16,2,255,255,32767,32775,0,105,93
3,19,15,2,255,255,32767,32775,0,105,93
3,19,14,2,255,255,32767,32775,0,105,93
3,19,13,2,255,255,32767,32775,0,105,93
3,19,20,2,255,255,32767,32775,0,105,93
3,19,7,2,255,255,32767,32775,0,105,93
3,19,31,2,255,255,32767,32775,0,105,93
3,19,43,2,255,255,32767,32775,0,105,93
3,19,55,2,255,255,32767,32775,0,105,93
3,19,67,2,255,255,32767,32775,0,105,93
3,19,79,2,255,255,32767,32775,0,105,93
3,19,91,2,255,255,32767,32775,0,105,93
3,19,103,2,255,255,32767,32775,0,105,93
3,93,79,2,255,255,32767,32775,0,105,93
3,93,103,2,255,255,32767,32775,0,105,93
3,21,7,2,255,255,32767,32775,0,105,93
3,21,31,2,255,255,32767,32775,0,105,93
3,69,56,2,255,255,32767,32775,0,105,93
3,45,56,2,255,255,32767,32775,0,105,93
3,81,55,2,255,255,32767,32775,0,105,93
3,81,103,2,255,255,32767,32775,0,105,93
3,33,7,2,255,255,32767,32775,0,105,93
3,33,55,2,255,255,32767,32775,0,105,93
3,102,101,2,255,255,32767,32775,0,105,93
3,78,77,2,255,255,32767,32775,0,105,93
3,54,53,2,255,255,32767,32775,0,105,93
3,30,29,2,255,255,32767,32775,0,105,93
3,6,5,2,255,255,32767,32775,0,105,93
1,91,79,2,255,255,32767,32769,0,93,79
2,0,1,-1,255,255,32768,4096,0,84,74
3,79,75,2,255,255,32767,61440,0,105,93
3,57,56,2,255,255,32767,32784,0,105,93
3,105,104,2,255,255,32767,32784,0,105,93
3,105,103,2,255,255,32767,32778,0,105,93
3,9,8,2,255,255,32767,32778,0,105,93
3,9,7,2,255,255,32767,32778,0,105,93
3,79,80,2,255,255,32767,32778,0,105,93
3,79,67,2,255,255,32767,32778,0,105,93
3,79,55,2,255,255,32767,32778,0,105,93
3,79,43,2,255,255,32767,32777,0,105,93
3,79,31,2,255,255,32767,32777,0,105,93
3,79,103,2,255,255,32767,32777,0,105,93
3,19,18,2,255,255,32767,32777,0,105,93
3,19,17,2,255,255,32767,32777,0,105,93
3,19,16,2,255,255,32767,32777,0,105,93
3,19,15,2,255,255,32767,32777,0,105,93
3,19,14,2,255,255,32767,32777,0,105,93
3,19,13,2,255,255,32767,32777,0,105,93
3,19,20,2,255,255,32767,32777,0,105,93
3,19,7,2,255,255,32767,32777,0,105,93
3,19,31,2,255,255,32767,32777,0,105,93
3,19,43,2,255,255,32767,32777,0,105,93
3,19,55,2,255,255,32767,32777,0,105,93
3,19,67,2,255,255,32767,32777,0,105,93
3,93,103,2,255,255,32767,32777,0,105,93
3,21,7,2,255,255,32767,32777,0,105,93
3,21,31,2,255,255,32767,32777,0,105,93
3,69,56,2,255,255,32767,32777,0,105,93
3,45,56,2,255,255,32767,32777,0,105,93
3,81,55,2,255,255,32767,32777,0,105,93
3,81,103,2,255,255,32767,32777,0,105,93
3,33,7,2,255,255,32767,32777,0,105,93
3,33,55,2,255,255,32767,32777,0,105,93
3,102,101,2,255,255,32767,32777,0,105,93
3,78,77,2,255,255,32767,32777,0,105,93
3,54,53,2,255,255,32767,32777,0,105,93
3,30,29,2,255,255,32767,32777,0,105,93
3,6,5,2,255,255,32767,32777,0,105,93
1,91,67,2,255,255,32767,32769,0,93,79
2,0,1,-1,255,255,32768,4096,0,84,74
3,57,56,2,255,255,32767,61440,0,105,93
3,105,104,2,255,255,32767,32787,0,105,93
3,105,103,2,255,255,32767,32776,0,105,93
3,9,8,2,255,255,32767,32776,0,105,93
3,9,7,2,255,255,32767,32776,0,105,93
3,67,66,2,255,255,32767,32776,0,105,93
3,67,65,2,255,255,32767,32776,0,105,93
3,67,64,2,255,255,32767,32776,0,105,93
3,67,63,2,255,255,32767,32776,0,105,93
3,67,62,2,255,255,32767,32776,0,105,93
3,67,61,2,255,255,32767,32776,0,105,93
3,67,68,2,255,255,32767,32776,0,105,93
3,67,55,2,255,255,32767,32776,0,105,93
3,67,43,2,255,255,32767,32776,0,105,93
3,67,31,2,255,255,32767,32776,0,105,93
3,67,79,2,255,255,32767,32776,0,105,93
3,67,103,2,255,255,32767,32776,0,105,93
3,19,18,2,255,255,32767,32776,0,105,93
3,19,17,2,255,255,32767,32776,0,105,93
3,19,16,2,255,255,32767,32776,0,105,93
3,19,15,2,255,255,32767,32776,0,105,93
3,19,14,2,255,255,32767,32776,0,105,93
3,19,13,2,255,255,32767,32776,0,105,93
3,19,20,2,255,255,32767,32776,0,105,93
3,19,7,2,255,255,32767,32776,0,105,93
3,19,31,2,255,255,32767,32776,0,105,93
3,19,43,2,255,255,32767,32776,0,105,93
3,19,55,2,255,255,32767,32776,0,105,93
3,93,79,2,255,255,32767,32775,0,105,93
3,93,103,2,255,255,32767,32775,0,105,93
3,21,7,2,255,255,32767,32775,0,105,93
3,21,31,2,255,255,32767,32775,0,105,93
3,69,56,2,255,255,32767,32775,0,105,93
3,45,56,2,255,255,32767,32775,0,105,93
3,81,55,2,255,255,32767,32775,0,105,93
3,81,103,2,255,255,32767,32775,0,105,93
3,33,7,2,255,255,32767,32775,0,105,93
3,33,55,2,255,255,32767,32775,0,105,93
3,102,101,2,255,255,32767,32775,0,105,93
3,78,77,2,255,255,32767,32775,0,105,93
3,54,53,2,255,255,32767,32775,0,105,93
3,30,29,2,255,255,32767,32775,0,105,93
3,6,5,2,255,255,32767,32775,0,105,93
1,91,43,2,255,255,32767,32769,0,93,79
2,0,1,-1,255,255,32768,4096,0,84,74
3,57,56,2,255,255,32767,61440,0,105,93
3,105,104,2,255,255,32767,32787,0,105,93
3,105,103,2,255,255,32767,32776,0,105,93
3,9,8,2,255,255,32767,32776,0,105,93
3,9,7,2,255,255,32767,32776,0,105,93
3,43,42,2,255,255,32767,32776,0,105,93
3,43,41,2,255,255,32767,32776,0,105,93
3,43,40,2,255,255,32767,32776,0,105,93
3,43,39,2,255,255,32767,32776,0,105,93
3,43,38,2,255,255,32767,32776,0,105,93
3,43,37,2,255,255,32767,32776,0,105,93
3,43,44,2,255,255,32767,32776,0,105,93
3,43,31,2,255,255,32767,32776,0,105,93
3,43,55,2,255,255,32767,32776,0,105,93
3,43,67,2,255,255,32767,32776,0,105,93
3,43,79,2,255,255,32767,32776,0,105,93
3,43,103,2,255,255,32767,32776,0,105,93
3,19,18,2,255,255,32767,32776,0,105,93
3,19,17,2,255,255,32767,32776,0,105,93
3,19,16,2,255,255,32767,32776,0,105,93
3,19,15,2,255,255,32767,32776,0,105,93
3,19,14,2,255,255,32767,32776,0,105,93
3,19,13,2,255,255,32767,32776,0,105,93
3,19,20,2,255,255,32767,32776,0,105,93
3,19,7,2,255,255,32767,32776,0,105,93
3,19,31,2,255,255,32767,32776,0,105,93
3,93,79,2,255,255,32767,32776,0,105,93
3,93,103,2,255,255,32767,32775,0,105,93
3,21,7,2,255,255,32767,32775,0,105,93
3,21,31,2,255,255,32767,32775,0,105,93
3,69,56,2,255,255,32767,32775,0,105,93
3,45,56,2,255,255,32767,32775,0,105,93
3,81,55,2,255,255,32767,32775,0,105,93
3,81,103,2,255,255,32767,32775,0,105,93
3,33,7,2,255,255,32767,32775,0,105,93
3,33,55,2,255,255,32767,32775,0,105,93
3,102,101,2,255,255,32767,32775,0,105,93
3,78,77,2,255,255,32767,32775,0,105,93
3,54,53,2,255,255,32767,32775,0,105,93
3,30,29,2,255,255,32767,32775,0,105,93
3,6,5,2,255,255,32767,32775,0,105,93
1,91,31,2,255,255,32767,32769,0,93,79
2,0,1,-1,255,255,32768,4096,0,84,74
3,31,27,2,255,255,32767,61440,0,105,93
3,57,56,2,255,255,32767,32784,0,105,93
3,105,104,2,255,255,32767,32784,0,105,93
3,105,103,2,255,255,32767,32778,0,105,93
3,9,8,2,255,255,32767,32778,0,105,93
3,9,7,2,255,255,32767,32778,0,105,93
3,31,32,2,255,255,32767,32778,0,105,93
3,31,43,2,255,255,32767,32778,0,105,93
3,31,55,2,255,255,32767,32778,0,105,93
3,31,67,2,255,255,32767,32777,0,105,93
3,31,79,2,255,255,32767,32777,0,105,93
3,31,103,2,255,255,32767,32777,0,105,93
3,19,18,2,255,255,32767,32777,0,105,93
3,19,17,2,255,255,32767,32777,0,105,93
3,19,16,2,255,255,32767,32777,0,105,93
3,19,15,2,255,255,32767,32777,0,105,93
3,19,14,2,255,255,32767,32777,0,105,93
3,19,13,2,255,255,32767,32777,0,105,93
3,19,20,2,255,255,32767,32777,0,105,93
3,19,7,2,255,255,32767,32777,0,105,93
3,93,79,2,255,255,32767,32777,0,105,93
3,93,103,2,255,255,32767,32777,0,105,93
3,21,7,2,255,255,32767,32777,0,105,93
3,69,56,2,255,255,32767,32777,0,105,93
3,45,56,2,255,255,32767,32777,0,105,93
3,81,55,2,255,255,32767,32777,0,105,93
3,81,103,2,255,255,32767,32777,0,105,93
3,33,7,2,255,255,32767,32777,0,105,93
3,33,55,2,255,255,32767,32777,0,105,93
3,102,101,2,255,255,32767,32777,0,105,93
3,78,77,2,255,255,32767,32777,0,105,93
3,54,53,2,255,255,32767,32777,0,105,93
3,30,29,2,255,255,32767,32777,0,105,93
3,6,5,2,255,255,32767,32777,0,105,93
1,91,103,2,255,255,32767,32769,0,93,79
2,0,1,-1,255,255,32768,4096,0,84,74
3,103,99,2,255,255,32767,61440,0,105,93
3,57,56,2,255,255,32767,32784,0,105,93
3,105,104,2,255,255,32767,32784,0,105,93
3,9,8,2,255,255,32767,32778,0,105,93
3,9,7,2,255,255,32767,32778,0,105,93
3,103,104,2,255,255,32767,32778,0,105,93
3,103,79,2,255,255,32767,32778,0,105,93
3,103,67,2,255,255,32767,32778,0,105,93
3,103,55,2,255,255,32767,32778,0,105,93
3,103,43,2,255,255,32767,32777,0,105,93
3,103,31,2,255,255,32767,32777,0,105,93
3,19,18,2,255,255,32767,32777,0,105,93
3,19,17,2,255,255,32767,32777,0,105,93
3,19,16,2,255,255,32767,32777,0,105,93
3,19,15,2,255,255,32767,32777,0,105,93
3,19,14,2,255,255,32767,32777,0,105,93
3,19,13,2,255,255,32767,32777,0,105,93
3,19,20,2,255,255,32767,32777,0,105,93
3,19,7,2,255,255,32767,32777,0,105,93
3,19,31,2,255,255,32767,32777,0,105,93
3,19,43,2,255,255,32767,32777,0,105,93
3,19,55,2,255,255,32767,32777,0,105,93
3,19,67,2,255,255,32767,32777,0,105,93
3,19,79,2,255,255,32767,32777,0,105,93
3,19,91,2,255,255,32767,32777,0,105,93
3,93,79,2,255,255,32767,32777,0,105,93
3,21,7,2,255,255,32767,32777,0,105,93
3,21,31,2,255,255,32767,32777,0,105,93
3,69,56,2,255,255,32767,32777,0,105,93
3,45,56,2,255,255,32767,32777,0,105,93
3,81,55,2,255,255,32767,32777,0,105,93
3,33,7,2,255,255,32767,32777,0,105,93
3,33,55,2,255,255,32767,32777,0,105,93
3,102,101,2,255,255,32767,32777,0,105,93
3,78,77,2,255,255,32767,32777,0,105,93
3,54,53,2,255,255,32767,32777,0,105,93
3,30,29,2,255,255,32767,32777,0,105,93
3,6,5,2,255,255,32767,32777,0,105,93
1,19,18,2,255,255,32767,32769,0,93,79
2,0,1,-1,255,255,32768,4096,0,84,74
3,91,55,-1,255,255,32767,61440,0,105,93
3,91,84,2,255,255,32767,32778,0,105,93
4,96,84,-1,255,255,32768,32694,0,255,255
3,57,56,2,255,255,32767,32778,0,105,93
3,105,104,2,255,255,32767,32778,0,105,93
3,105,103,2,255,255,32767,32778,0,105,93
3,9,8,2,255,255,32767,32778,0,105,93
3,9,7,2,255,255,32767,32778,0,105,93
3,91,90,2,255,255,32767,32778,0,105,93
3,91,89,2,255,255,32767,32778,0,105,93
3,91,88,2,255,255,32767,32778,0,105,93
3,91,87,2,255,255,32767,32778,0,105,93
3,91,92,2,255,255,32767,32778,0,105,93
3,91,79,2,255,255,32767,32778,0,105,93
3,91,67,2,255,255,32767,32778,0,105,93
3,91,43,2,255,255,32767,32778,0,105,93
3,91,31,2,255,255,32767,32778,0,105,93
3,91,19,2,255,255,32767,32778,0,105,93
3,91,7,2,255,255,32767,32778,0,105,93
3,91,103,2,255,255,32767,32778,0,105,93
3,18,17,2,255,255,32767,32778,0,105,93
3,18,16,2,255,255,32767,32778,0,105,93
3,18,15,2,255,255,32767,32778,0,105,93
3,18,14,2,255,255,32767,32778,0,105,93
3,18,13,2,255,255,32767,32778,0,105,93
3,18,20,2,255,255,32767,32778,0,105,93
3,93,79,2,255,255,32767,32778,0,105,93
3,93,103,2,255,255,32767,32778,0,105,93
3,21,7,2,255,255,32767,32778,0,105,93
3,21,31,2,255,255,32767,32778,0,105,93
3,69,56,2,255,255,32767,32778,0,105,93
3,45,56,2,255,255,32767,32778,0,105,93
3,81,55,2,255,255,32767,32778,0,105,93
3,81,103,2,255,255,32767,32778,0,105,93
3,33,7,2,255,255,32767,32778,0,105,93
3,33,55,2,255,255,32767,32778,0,105,93
3,102,101,2,255,255,32767,32778,0,105,93
3,78,77,2,255,255,32767,32778,0,105,93
3,54,53,2,255,255,32767,32778,0,105,93
3,30,29,2,255,255,32767,32778,0,105,93
3,6,5,2,255,255,32767,32778,0,105,93
1,19,17,2,255,255,32767,32769,0,93,79
2,0,1,-1,255,255,32768,4096,0,84,74
3,91,55,-1,255,255,32767,61440,0,105,93
3,91,84,2,255,255,32767,32778,0,105,93
4,96,84,-1,255,255,32768,32694,0,255,255
3,57,56,2,255,255,32767,32778,0,105,93
3,105,104,2,255,255,32767,32778,0,105,93
3,105,103,2,255,255,32767,32778,0,105,93
3,9,8,2,255,255,32767,32778,0,105,93
3,9,7,2,255,255,32767,32778,0,105,93
3,91,90,2,255,255,32767,32778,0,105,93
3,91,89,2,255,255,32767,32778,0,105,93
3,91,88,2,255,255,32767,32778,0,105,93
3,91,87,2,255,255,32767,32778,0,105,93
3,91,92,2,255,255,32767,32778,0,105,93
3,91,79,2,255,255,32767,32778,0,105,93
3,91,67,2,255,255,32767,32778,0,105,93
3,91,43,2,255,255,32767,32778,0,105,93
3,91,31,2,255,255,32767,32778,0,105,93
3,91,19,2,255,255,32767,32778,0,105,93
3,91,7,2,255,255,32767,32778,0,105,93
3,91,103,2,255,255,32767,32778,0,105,93
3,17,16,2,255,255,32767,32778,0,105,93
3,17,15,2,255,255,32767,32778,0,105,93
3,17,14,2,255,255,32767,32778,0,105,93
3,17,13,2,255,255,32767,32778,0,105,93
3,17,18,2,255,255,32767,32778,0,105,93
3,17,20,2,255,255,32767,32778,0,105,93
3,17,5,2,255,255,32767,32778,0,105,93
3,17,29,2,255,255,32767,32778,0,105,93
3,17,41,2,255,255,32767,32778,0,105,93
3,17,53,2,255,255,32767,32778,0,105,93
3,17,65,2,255,255,32767,32778,0,105,93
3,17,77,2,255,255,32767,32778,0,105,93
3,17,89,2,255,255,32767,32778,0,105,93
3,17,101,2,255,255,32767,32778,0,105,93
3,93,79,2,255,255,32767,32778,0,105,93
3,93,103,2,255,255,32767,32778,0,105,93
3,21,7,2,255,255,32767,32778,0,105,93
3,21,31,2,255,255,32767,32778,0,105,93
3,69,56,2,255,255,32767,32778,0,105,93
3,45,56,2,255,255,32767,32778,0,105,93
3,81,55,2,255,255,32767,32778,0,105,93
3,81,103,2,255,255,32767,32778,0,105,93
3,33,7,2,255,255,32767,32778,0,105,93
3,33,55,2,255,255,32767,32778,0,105,93
3,102,101,2,255,255,32767,32778,0,105,93
3,78,77,2,255,255,32767,32778,0,105,93
3,54,53,2,255,255,32767,32778,0,105,93
3,30,29,2,255,255,32767,32778,0,105,93
3,6,5,2,255,255,32767,32778,0,105,93
1,19,16,2,255,255,32767,32769,0,93,79
2,0,1,-1,255,255,32768,4096,0,84,74
3,91,55,-1,255,255,32767,61440,0,105,93
3,91,84,2,255,255,32767,32779,0,105,93
4,96,84,-1,255,255,32768,32695,0,255,255
3,57,56,2,255,255,32767,32779,0,105,93
3,105,104,2,255,255,32767,32779,0,105,93
3,105,103,2,255,255,32767,32779,0,105,93
3,9,8,2,255,255,32767,32779,0,105,93
3,9,7,2,255,255,32767,32779,0,105,93
3,91,90,2,255,255,32767,32779,0,105,93
3,91,89,2,255,255,32767,32779,0,105,93
3,91,88,2,255,255,32767,32779,0,105,93
3,91,87,2,255,255,32767,32779,0,105,93
3,91,92,2,255,255,32767,32779,0,105,93
3,91,79,2,255,255,32767,32779,0,105,93
3,91,67,2,255,255,32767,32779,0,105,93
3,91,43,2,255,255,32767,32779,0,105,93
3,91,31,2,255,255,32767,32779,0,105,93
3,91,19,2,255,255,32767,32779,0,105,93
3,91,7,2,255,255,32767,32779,0,105,93
3,91,103,2,255,255,32767,32779,0,105,93
3,16,15,2,255,255,32767,32779,0,105,93
3,16,14,2,255,255,32767,32779,0,105,93
3,16,13,2,255,255,32767,32779,0,105,93
3,16,17,2,255,255,32767,32779,0,105,93
3,16,18,2,255,255,32767,32779,0,105,93
3,16,20,2,255,255,32767,32779,0,105,93
3,16,4,2,255,255,32767,32779,0,105,93
3,16,28,2,255,255,32767,32779,0,105,93
3,16,40,2,255,255,32767,32779,0,105,93
3,16,52,2,255,255,32767,32779,0,105,93
3,16,64,2,255,255,32767,32779,0,105,93
3,16,76,2,255,255,32767,32779,0,105,93
3,16,88,2,255,255,32767,32779,0,105,93
3,16,100,2,255,255,32767,32779,0,105,93
3,93,79,2,255,255,32767,32779,0,105,93
3,93,103,2,255,255,32767,32779,0,105,93
3,21,7,2,255,255,32767,32779,0,105,93
3,21,31,2,255,255,32767,32779,0,105,93
3,69,56,2,255,255,32767,32779,0,105,93
3,45,56,2,255,255,32767,32779,0,105,93
3,81,55,2,255,255,32767,32779,0,105,93
3,81,103,2,255,255,32767,32779,0,105,93
3,33,7,2,255,255,32767,32779,0,105,93
3,33,55,2,255,255,32767,32779,0,105,93
3,102,101,2,255,255,32767,32779,0,105,93
3,78,77,2,255,255,32767,32779,0,105,93
3,54,53,2,255,255,32767,32779,0,105,93
3,30,29,2,255,255,32767,32779,0,105,93
3,6,5,2,255,255,32767,32779,0,105,93
1,19,15,2,255,255,32767,32769,0,93,79
2,0,1,-1,255,255,32768,4096,0,84,74
3,91,55,-1,255,255,32767,61440,0,105,93
3,91,84,2,255,255,32767,32779,0,105,93
4,96,84,-1,255,255,32768,32695,0,255,255
5,15,51,2,255,255,32767,32812,0,0,0
6,50,54,-29,255,255,32768,4096,0,0,0
7,51,99,2,255,255,32767,32800,0,0,0
7,51,3,2,255,255,32767,32798,0,0,0
3,15,51,2,255,255,32767,32779,0,105,93
4,86,93,-29,255,255,32768,4096,0,255,255
4,50,54,-29,255,255,32768,4096,0,255,255
5,91,84,0,255,255,32767,32777,0,0,0
6,96,84,-1,255,255,32768,32683,0,0,0
5,51,99,2,255,255,32767,32777,0,0,0
5,51,3,2,255,255,32767,32775,0,0,0
3,57,56,2,255,255,32767,32775,0,105,93
3,105,104,2,255,255,32767,32775,0,105,93
3,105,103,2,255,255,32767,32775,0,105,93
3,9,8,2,255,255,32767,32775,0,105,93
3,9,7,2,255,255,32767,32775,0,105,93
3,91,90,2,255,255,32767,32775,0,105,93
3,91,89,2,255,255,32767,32775,0,105,93
3,91,88,2,255,255,32767,32775,0,105,93
3,91,87,2,255,255,32767,32775,0,105,93
3,91,92,2,255,255,32767,32775,0,105,93
3,91,79,2,255,255,32767,32775,0,105,93
3,91,67,2,255,255,32767,32775,0,105,93
3,91,43,2,255,255,32767,32775,0,105,93
3,91,31,2,255,255,32767,32775,0,105,93
3,91,19,2,255,255,32767,32775,0,105,93
3,91,7,2,255,255,32767,32775,0,105,93
3,91,103,2,255,255,32767,32775,0,105,93
3,15,14,2,255,255,32767,32775,0,105,93
3,15,13,2,255,255,32767,32775,0,105,93
3,15,16,2,255,255,32767,32775,0,105,93
3,15,17,2,255,255,32767,32775,0,105,93
3,15,18,2,255,255,32767,32775,0,105,93
3,15,20,2,255,255,32767,32775,0,105,93
3,93,79,2,255,255,32767,32775,0,105,93
3,93,103,2,255,255,32767,32775,0,105,93
3,21,7,2,255,255,32767,32775,0,105,93
3,21,31,2,255,255,32767,32775,0,105,93
3,69,56,2,255,255,32767,32775,0,105,93
3,45,56,2,255,255,32767,32775,0,105,93
3,81,55,2,255,255,32767,32775,0,105,93
3,81,103,2,255,255,32767,32775,0,105,93
3,33,7,2,255,255,32767,32775,0,105,93
3,33,55,2,255,255,32767,32775,0,105,93
3,102,101,2,255,255,32767,32775,0,105,93
3,78,77,2,255,255,32767,32775,0,105,93
3,54,53,2,255,255,32767,32775,0,105,93
3,30,29,2,255,255,32767,32775,0,105,93
3,6,5,2,255,255,32767,32775,0,105,93
1,19,14,2,255,255,32767,32769,0,93,79
2,86,14,-1,255,255,32768,4096,0,84,74
3,91,55,-1,255,255,32767,61440,0,105,93
3,57,56,2,255,255,32767,32877,0,105,93
3,105,104,2,255,255,32767,32877,0,105,93
3,105,103,2,255,255,32767,32877,0,105,93
3,9,8,2,255,255,32767,32877,0,105,93
3,9,7,2,255,255,32767,32877,0,105,93
3,91,90,2,255,255,32767,32877,0,105,93
3,91,89,2,255,255,32767,32877,0,105,93
3,91,88,2,255,255,32767,32877,0,105,93
3,91,87,2,255,255,32767,32877,0,105,93
3,91,86,2,255,255,32767,32877,0,105,93
3,91,85,2,255,255,32767,32877,0,105,93
3,91,92,2,255,255,32767,32877,0,105,93
3,91,79,2,255,255,32767,32877,0,105,93
3,91,67,2,255,255,32767,32877,0,105,93
3,91,43,2,255,255,32767,32877,0,105,93
3,91,31,2,255,255,32767,32877,0,105,93
3,91,19,2,255,255,32767,32877,0,105,93
3,91,7,2,255,255,32767,32877,0,105,93
3,91,103,2,255,255,32767,32877,0,105,93
3,93,79,2,255,255,32767,32877,0,105,93
3,93,103,2,255,255,32767,32877,0,105,93
3,21,7,2,255,255,32767,32877,0,105,93
3,21,31,2,255,255,32767,32877,0,105,93
3,69,56,2,255,255,32767,32877,0,105,93
3,45,56,2,255,255,32767,32877,0,105,93
3,81,55,2,255,255,32767,32877,0,105,93
3,81,103,2,255,255,32767,32877,0,105,93
3,33,7,2,255,255,32767,32877,0,105,93
3,33,55,2,255,255,32767,32877,0,105,93
3,102,101,2,255,255,32767,32877,0,105,93
3,78,77,2,255,255,32767,32877,0,105,93
3,54,53,2,255,255,32767,32877,0,105,93
3,30,29,2,255,255,32767,32877,0,105,93
3,6,5,2,255,255,32767,32877,0,105,93
1,19,13,2,255,255,32767,32769,0,93,79
2,0,1,-1,255,255,32768,4096,0,84,74
3,91,55,-1,255,255,32767,61440,0,105,93
3,91,84,2,255,255,32767,32779,0,105,93
4,96,84,-1,255,255,32768,32695,0,255,255
3,57,56,2,255,255,32767,32779,0,105,93
3,105,104,2,255,255,32767,32779,0,105,93
3,105,103,2,255,255,32767,32779,0,105,93
3,9,8,2,255,255,32767,32779,0,105,93
3,9,7,2,255,255,32767,32779,0,105,93
3,91,90,2,255,255,32767,32779,0,105,93
3,91,89,2,255,255,32767,32779,0,105,93
3,91,88,2,255,255,32767,32779,0,105,93
3,91,87,2,255,255,32767,32779,0,105,93
3,91,92,2,255,255,32767,32779,0,105,93
3,91,79,2,255,255,32767,32779,0,105,93
3,91,67,2,255,255,32767,32779,0,105,93
3,91,43,2,255,255,32767,32779,0,105,93
3,91,31,2,255,255,32767,32779,0,105,93
3,91,19,2,255,255,32767,32779,0,105,93
3,91,7,2,255,255,32767,32779,0,105,93
3,91,103,2,255,255,32767,32779,0,105,93
3,13,14,2,255,255,32767,32779,0,105,93
3,13,15,2,255,255,32767,32779,0,105,93
3,13,16,2,255,255,32767,32779,0,105,93
3,13,17,2,255,255,32767,32779,0,105,93
3,13,18,2,255,255,32767,32779,0,105,93
3,13,20,2,255,255,32767,32779,0,105,93
3,13,25,2,255,255,32767,32779,0,105,93
3,13,37,2,255,255,32767,32779,0,105,93
3,13,49,2,255,255,32767,32779,0,105,93
3,13,61,2,255,255,32767,32779,0,105,93
3,13,73,2,255,255,32767,32779,0,105,93
3,13,85,2,255,255,32767,32779,0,105,93
3,13,97,2,255,255,32767,32779,0,105,93
3,93,79,2,255,255,32767,32779,0,105,93
3,93,103,2,255,255,32767,32779,0,105,93
3,21,7,2,255,255,32767,32779,0,105,93
3,21,31,2,255,255,32767,32779,0,105,93
3,69,56,2,255,255,32767,32779,0,105,93
3,45,56,2,255,255,32767,32779,0,105,93
3,81,55,2,255,255,32767,32779,0,105,93
3,81,103,2,255,255,32767,32779,0,105,93
3,33,7,2,255,255,32767,32779,0,105,93
3,33,55,2,255,255,32767,32779,0,105,93
3,102,101,2,255,255,32767,32779,0,105,93
3,78,77,2,255,255,32767,32779,0,105,93
3,54,53,2,255,255,32767,32779,0,105,93
3,30,29,2,255,255,32767,32779,0,105,93
3,6,5,2,255,255,32767,32779,0,105,93
1,19,20,2,255,255,32767,32769,0,93,79
2,0,1,-1,255,255,32768,4096,0,84,74
3,91,55,-1,255,255,32767,61440,0,105,93
3,91,84,2,255,255,32767,32777,0,105,93
4,96,84,-1,255,255,32768,32693,0,255,255
3,57,56,2,255,255,32767,32777,0,105,93
3,105,104,2,255,255,32767,32777,0,105,93
3,105,103,2,255,255,32767,32777,0,105,93
3,9,8,2,255,255,32767,32777,0,105,93
3,9,7,2,255,255,32767,32777,0,105,93
3,91,90,2,255,255,32767,32777,0,105,93
3,91,89,2,255,255,32767,32777,0,105,93
3,91,88,2,255,255,32767,32777,0,105,93
3,91,87,2,255,255,32767,32777,0,105,93
3,91,92,2,255,255,32767,32777,0,105,93
3,91,79,2,255,255,32767,32777,0,105,93
3,91,67,2,255,255,32767,32777,0,105,93
3,91,43,2,255,255,32767,32777,0,105,93
3,91,31,2,255,255,32767,32777,0,105,93
3,91,19,2,255,255,32767,32777,0,105,93
3,91,7,2,255,255,32767,32777,0,105,93
3,91,103,2,255,255,32767,32777,0,105,93
3,20,18,2,255,255,32767,32777,0,105,93
3,20,17,2,255,255,32767,32777,0,105,93
3,20,16,2,255,255,32767,32777,0,105,93
3,20,15,2,255,255,32767,32777,0,105,93
3,20,14,2,255,255,32767,32777,0,105,93
3,20,13,2,255,255,32767,32777,0,105,93
3,20,8,2,255,255,32767,32777,0,105,93
3,20,32,2,255,255,32767,32777,0,105,93
3,20,44,2,255,255,32767,32777,0,105,93
3,20,56,2,255,255,32767,32777,0,105,93
3,20,68,2,255,255,32767,32777,0,105,93
3,20,80,2,255,255,32767,32777,0,105,93
3,20,92,2,255,255,32767,32777,0,105,93
3,20,104,2,255,255,32767,32777,0,105,93
3,93,79,2,255,255,32767,32777,0,105,93
3,93,103,2,255,255,32767,32777,0,105,93
3,69,56,2,255,255,32767,32777,0,105,93
3,45,56,2,255,255,32767,32777,0,105,93
3,81,55,2,255,255,32767,32777,0,105,93
3,81,103,2,255,255,32767,32777,0,105,93
3,33,55,2,255,255,32767,32777,0,105,93
3,102,101,2,255,255,32767,32777,0,105,93
3,78,77,2,255,255,32767,32777,0,105,93
3,54,53,2,255,255,32767,32777,0,105,93
3,30,29,2,255,255,32767,32777,0,105,93
3,6,5,2,255,255,32767,32777,0,105,93
1,19,7,2,255,255,32767,32769,0,93,79
2,0,1,-1,255,255,32768,4096,0,84,74
3,91,55,-1,255,255,32767,61440,0,105,93
3,91,84,2,255,255,32767,32777,0,105,93
4,96,84,-1,255,255,32768,32693,0,255,255
5,7,3,2,255,255,32767,32810,0,0,0
3,7,3,2,255,255,32767,32777,0,105,93
3,57,56,2,255,255,32767,32777,0,105,93
3,105,104,2,255,255,32767,32777,0,105,93
3,105,103,2,255,255,32767,32777,0,105,93
3,9,8,2,255,255,32767,32777,0,105,93
3,91,90,2,255,255,32767,32777,0,105,93
3,91,89,2,255,255,32767,32777,0,105,93
3,91,88,2,255,255,32767,32777,0,105,93
3,91,87,2,255,255,32767,32777,0,105,93
3,91,92,2,255,255,32767,32777,0,105,93
3,91,79,2,255,255,32767,32777,0,105,93
3,91,67,2,255,255,32767,32777,0,105,93
3,91,43,2,255,255,32767,32777,0,105,93
3,91,31,2,255,255,32767,32777,0,105,93
3,91,19,2,255,255,32767,32777,0,105,93
3,91,103,2,255,255,32767,32777,0,105,93
3,7,8,2,255,255,32767,32777,0,105,93
3,7,31,2,255,255,32767,32777,0,105,93
3,7,43,2,255,255,32767,32777,0,105,93
3,7,55,2,255,255,32767,32777,0,105,93
3,7,67,2,255,255,32767,32777,0,105,93
3,7,79,2,255,255,32767,32777,0,105,93
3,93,79,2,255,255,32767,32777,0,105,93
3,93,103,2,255,255,32767,32777,0,105,93
3,21,31,2,255,255,32767,32777,0,105,93
3,69,56,2,255,255,32767,32777,0,105,93
3,45,56,2,255,255,32767,32777,0,105,93
3,81,55,2,255,255,32767,32777,0,105,93
3,81,103,2,255,255,32767,32777,0,105,93
3,33,55,2,255,255,32767,32777,0,105,93
3,102,101,2,255,255,32767,32777,0,105,93
3,78,77,2,255,255,32767,32777,0,105,93
3,54,53,2,255,255,32767,32777,0,105,93
3,30,29,2,255,255,32767,32777,0,105,93
3,6,5,2,255,255,32767,32777,0,105,93
1,19,31,2,255,255,32767,32769,0,93,79
2,0,1,-1,255,255,32768,4096,0,84,74
3,91,55,-1,255,255,32767,61440,0,105,93
3,91,84,2,255,255,32767,32777,0,105,93
4,96,84,-1,255,255,32768,32693,0,255,255
5,31,27,2,255,255,32767,32810,0,0,0
3,31,27,2,255,255,32767,32777,0,105,93
3,57,56,2,255,255,32767,32777,0,105,93
3,105,104,2,255,255,32767,32777,0,105,93
3,105,103,2,255,255,32767,32777,0,105,93
3,9,8,2,255,255,32767,32777,0,105,93
3,9,7,2,255,255,32767,32777,0,105,93
3,91,90,2,255,255,32767,32777,0,105,93
3,91,89,2,255,255,32767,32777,0,105,93
3,91,88,2,255,255,32767,32777,0,105,93
3,91,87,2,255,255,32767,32777,0,105,93
3,91,92,2,255,255,32767,32777,0,105,93
3,91,79,2,255,255,32767,32777,0,105,93
3,91,67,2,255,255,32767,32777,0,105,93
3,91,43,2,255,255,32767,32777,0,105,93
3,91,103,2,255,255,32767,32777,0,105,93
3,31,32,2,255,255,32767,32777,0,105,93
3,31,7,2,255,255,32767,32777,0,105,93
3,31,43,2,255,255,32767,32777,0,105,93
3,31,55,2,255,255,32767,32777,0,105,93
3,31,67,2,255,255,32767,32777,0,105,93
3,31,79,2,255,255,32767,32777,0,105,93
3,93,79,2,255,255,32767,32777,0,105,93
3,93,103,2,255,255,32767,32777,0,105,93
3,21,7,2,255,255,32767,32777,0,105,93
3,69,56,2,255,255,32767,32777,0,105,93
3,45,56,2,255,255,32767,32777,0,105,93
3,81,55,2,255,255,32767,32777,0,105,93
3,81,103,2,255,255,32767,32777,0,105,93
3,33,7,2,255,255,32767,32777,0,105,93
3,33,55,2,255,255,32767,32777,0,105,93
3,102,101,2,255,255,32767,32777,0,105,93
3,78,77,2,255,255,32767,32777,0,105,93
3,54,53,2,255,255,32767,32777,0,105,93
3,30,29,2,255,255,32767,32777,0,105,93
3,6,5,2,255,255,32767,32777,0,105,93
1,19,43,2,255,255,32767,32769,0,93,79
2,0,1,-1,255,255,32768,4096,0,84,74
3,91,55,-1,255,255,32767,61440,0,105,93
3,91,84,2,255,255,32767,32775,0,105,93
4,96,84,-1,255,255,32768,32691,0,255,255
3,57,56,2,255,255,32767,32775,0,105,93
3,105,104,2,255,255,32767,32775,0,105,93
3,105,103,2,255,255,32767,32775,0,105,93
3,9,8,2,255,255,32767,32775,0,105,93
3,9,7,2,255,255,32767,32775,0,105,93
3,91,90,2,255,255,32767,32775,0,105,93
3,91,89,2,255,255,32767,32775,0,105,93
3,91,88,2,255,255,32767,32775,0,105,93
3,91,87,2,255,255,32767,32775,0,105,93
3,91,92,2,255,255,32767,32775,0,105,93
3,91,79,2,255,255,32767,32775,0,105,93
3,91,67,2,255,255,32767,32775,0,105,93
3,91,103,2,255,255,32767,32775,0,105,93
3,43,42,2,255,255,32767,32775,0,105,93
3,43,41,2,255,255,32767,32775,0,105,93
3,43,40,2,255,255,32767,32775,0,105,93
3,43,39,2,255,255,32767,32775,0,105,93
3,43,38,2,255,255,32767,32775,0,105,93
3,43,37,2,255,255,32767,32775,0,105,93
3,43,44,2,255,255,32767,32775,0,105,93
3,43,31,2,255,255,32767,32775,0,105,93
3,43,7,2,255,255,32767,32775,0,105,93
3,43,55,2,255,255,32767,32775,0,105,93
3,43,67,2,255,255,32767,32775,0,105,93
3,43,79,2,255,255,32767,32775,0,105,93
3,93,79,2,255,255,32767,32775,0,105,93
3,93,103,2,255,255,32767,32775,0,105,93
3,21,7,2,255,255,32767,32775,0,105,93
3,21,31,2,255,255,32767,32775,0,105,93
3,69,56,2,255,255,32767,32775,0,105,93
3,45,56,2,255,255,32767,32775,0,105,93
3,81,55,2,255,255,32767,32775,0,105,93
3,81,103,2,255,255,32767,32775,0,105,93
3,33,7,2,255,255,32767,32775,0,105,93
3,33,55,2,255,255,32767,32775,0,105,93
3,102,101,2,255,255,32767,32775,0,105,93
3,78,77,2,255,255,32767,32775,0,105,93
3,54,53,2,255,255,32767,32775,0,105,93
3,30,29,2,255,255,32767,32775,0,105,93
3,6,5,2,255,255,32767,32775,0,105,93
1,19,55,2,255,255,32767,32769,0,93,79
2,0,1,-1,255,255,32768,4096,0,84,74
3,91,84,2,255,255,32767,61440,0,105,93
4,96,84,-1,255,255,32768,32683,0,255,255
5,55,51,2,255,255,32767,32800,0,0,0
6,50,54,-29,255,255,32768,4096,0,0,0
7,51,99,2,255,255,32767,32800,0,0,0
7,51,3,2,255,255,32767,32798,0,0,0
3,55,51,2,255,255,32767,32798,0,105,93
4,86,93,-29,255,255,32768,4096,0,255,255
4,50,54,-29,255,255,32768,4096,0,255,255
5,91,84,0,255,255,32767,32777,0,0,0
6,96,84,-1,255,255,32768,32683,0,0,0
5,51,99,2,255,255,32767,32777,0,0,0
5,51,3,2,255,255,32767,32775,0,0,0
3,57,56,2,255,255,32767,32775,0,105,93
3,105,104,2,255,255,32767,32775,0,105,93
4,86,93,2,255,255,32768,32768,0,255,255
5,55,51,2,255,255,32767,32862,0,0,0
6,93,69,-29,255,255,32768,4096,0,0,0
6,50,54,-29,255,255,32768,4096,0,0,0
7,51,99,2,255,255,32767,32862,0,0,0
7,51,3,2,255,255,32767,32860,0,0,0
3,105,103,2,255,255,32767,32775,0,105,93
3,9,8,2,255,255,32767,32769,0,105,93
4,86,93,0,255,255,32768,32768,0,255,255
5,105,93,-1,255,255,32767,32862,0,0,0
4,50,54,2,255,255,32768,32768,0,255,255
5,91,84,-31,255,255,32767,61440,0,0,0
5,55,51,-29,255,255,32767,61440,0,0,0
6,86,93,2,255,255,32768,32768,0,0,0
7,105,93,-1,255,255,32767,32862,0,0,0
6,54,102,2,255,255,32768,32768,0,0,0
7,105,102,-1,255,255,32767,32770,0,0,0
6,54,6,2,255,255,32768,32768,0,0,0
7,8,6,-1,255,255,32767,32770,0,0,0
5,57,56,-29,255,255,32767,32768,0,0,0
5,105,104,-29,255,255,32767,32768,0,0,0
5,105,103,-29,255,255,32767,32768,0,0,0
5,8,7,-29,255,255,32767,32768,0,0,0
5,8,9,-29,255,255,32767,32768,0,0,0
5,8,20,-29,255,255,32767,32768,0,0,0
5,8,32,-29,255,255,32767,32768,0,0,0
5,8,44,-29,255,255,32767,32768,0,0,0
5,8,56,-29,255,255,32767,32768,0,0,0
6,54,56,-1,255,255,32768,32767,0,0,0
7,57,56,-1,255,255,32767,32990,0,0,0
7,69,56,-1,255,255,32767,32886,0,0,0
7,45,56,-1,255,255,32767,32883,0,0,0
7,55,48,-1,255,255,32767,32883,0,0,0
6,54,56,2,255,255,32768,32767,0,0,0
7,57,56,-1,255,255,32767,32990,0,0,0
7,69,56,-1,255,255,32767,32886,0,0,0
7,45,56,-1,255,255,32767,32883,0,0,0
7,55,48,-1,255,255,32767,32883,0,0,0
6,86,93,2,255,255,32768,32767,0,0,0
7,105,93,-1,255,255,32767,32861,0,0,0
8,54,56,1,255,255,32768,32744,0,255,255
9,57,56,-1,255,255,32767,32967,0,255,255
9,69,56,-1,255,255,32767,32863,0,255,255
9,45,56,-1,255,255,32767,32860,0,255,255
9,55,48,1,255,255,32767,32860,0,255,255
6,54,102,2,255,255,32768,32767,0,0,0
7,105,102,-1,255,255,32767,32769,0,0,0
6,54,6,2,255,255,32768,32767,0,0,0
7,55,48,-1,255,255,32767,32769,0,0,0
5,8,68,-29,255,255,32767,32767,0,0,0
5,8,80,-29,255,255,32767,32767,0,0,0
5,8,92,-29,255,255,32767,32767,0,0,0
5,8,104,-29,255,255,32767,32767,0,0,0
5,91,90,-29,255,255,32767,32767,0,0,0
5,91,89,-29,255,255,32767,32767,0,0,0
5,91,88,-29,255,255,32767,32767,0,0,0
5,91,87,-29,255,255,32767,32767,0,0,0
5,91,92,-29,255,255,32767,32767,0,0,0
5,91,79,-29,255,255,32767,32767,0,0,0
5,91,67,-29,255,255,32767,32767,0,0,0
5,91,103,-29,255,255,32767,32767,0,0,0
5,55,56,-29,255,255,32767,32767,0,0,0
5,55,43,-29,255,255,32767,32767,0,0,0
5,55,31,-29,255,255,32767,32767,0,0,0
5,55,19,-29,255,255,32767,32767,0,0,0
5,55,7,-29,255,255,32767,32767,0,0,0
5,55,67,-29,255,255,32767,32767,0,0,0
5,55,79,-29,255,255,32767,32767,0,0,0
5,93,79,-29,255,255,32767,32767,0,0,0
5,93,103,-29,255,255,32767,32767,0,0,0
5,21,7,-29,255,255,32767,32767,0,0,0
5,21,31,-29,255,255,32767,32767,0,0,0
5,69,56,-29,255,255,32767,32767,0,0,0
6,54,56,-1,255,255,32768,32764,0,0,0
7,57,56,-1,255,255,32767,32798,0,0,0
6,86,93,2,255,255,32768,32764,0,0,0
7,105,93,-32,255,255,32767,61440,0,0,0
6,54,56,2,255,255,32768,32764,0,0,0
7,57,56,-1,255,255,32767,32798,0,0,0
6,54,102,2,255,255,32768,32764,0,0,0
6,54,6,2,255,255,32768,32766,0,0,0
3,9,7,2,255,255,32767,32768,0,105,93
3,91,90,2,255,255,32767,32768,0,105,93
3,91,89,2,255,255,32767,32768,0,105,93
3,91,88,2,255,255,32767,32768,0,105,93
3,91,87,2,255,255,32767,32768,0,105,93
3,91,92,2,255,255,32767,32768,0,105,93
3,91,79,2,255,255,32767,32768,0,105,93
3,91,67,2,255,255,32767,32768,0,105,93
3,91,103,2,255,255,32767,32768,0,105,93
3,55,56,2,255,255,32767,32768,0,105,93
3,55,43,2,255,255,32767,32768,0,105,93
3,55,31,2,255,255,32767,32768,0,105,93
3,55,7,2,255,255,32767,32768,0,105,93
3,55,67,2,255,255,32767,32768,0,105,93
3,55,79,2,255,255,32767,32768,0,105,93
3,93,79,2,255,255,32767,32768,0,105,93
4,50,54,2,255,255,32768,32767,0,255,255
5,79,54,-32,255,255,32767,61440,0,0,0
3,93,103,2,255,255,32767,32767,0,105,93
3,21,7,2,255,255,32767,32767,0,105,93
3,21,31,2,255,255,32767,32767,0,105,93
4,86,93,0,255,255,32768,32767,0,255,255
5,105,93,-1,255,255,32767,32861,0,0,0
4,50,54,2,255,255,32768,32767,0,255,255
5,31,54,-32,255,255,32767,61440,0,0,0
6,86,93,2,255,255,32768,32648,0,0,0
3,69,56,2,255,255,32767,32767,0,105,93
3,45,56,2,255,255,32767,32767,0,105,93
3,81,103,2,255,255,32767,32767,0,105,93
3,33,7,2,255,255,32767,32767,0,105,93
3,102,101,2,255,255,32767,32767,0,105,93
3,78,77,2,255,255,32767,32767,0,105,93
3,54,53,2,255,255,32767,32767,0,105,93
3,30,29,2,255,255,32767,32767,0,105,93
3,6,5,2,255,255,32767,32767,0,105,93
2,84,74,0,255,255,32768,32767,0,84,74
3,55,51,2,255,255,32767,61440,0,105,93
4,74,51,-32,255,255,32768,4096,0,255,255
3,57,56,2,255,255,32767,32897,0,105,93
3,105,104,2,255,255,32767,32780,0,105,93
3,105,103,2,255,255,32767,32769,0,105,93
3,9,8,2,255,255,32767,32769,0,105,93
3,9,7,2,255,255,32767,32769,0,105,93
3,91,90,2,255,255,32767,32769,0,105,93
3,91,89,2,255,255,32767,32769,0,105,93
3,91,88,2,255,255,32767,32769,0,105,93
3,91,87,2,255,255,32767,32769,0,105,93
3,91,92,2,255,255,32767,32769,0,105,93
3,91,79,2,255,255,32767,32769,0,105,93
3,91,67,2,255,255,32767,32769,0,105,93
3,91,103,2,255,255,32767,32769,0,105,93
3,55,56,2,255,255,32767,32769,0,105,93
3,55,43,2,255,255,32767,32769,0,105,93
3,55,31,2,255,255,32767,32769,0,105,93
3,55,7,2,255,255,32767,32769,0,105,93
3,55,67,2,255,255,32767,32769,0,105,93
3,55,79,2,255,255,32767,32769,0,105,93
3,93,79,2,255,255,32767,32769,0,105,93
4,50,54,2,255,255,32768,32768,0,255,255
5,79,54,-32,255,255,32767,61440,0,0,0
3,93,103,2,255,255,32767,32768,0,105,93
3,21,7,2,255,255,32767,32768,0,105,93
3,21,31,2,255,255,32767,32768,0,105,93
4,86,93,0,255,255,32768,32768,0,255,255
5,105,93,-1,255,255,32767,32862,0,0,0
4,50,54,2,255,255,32768,32768,0,255,255
5,31,54,-32,255,255,32767,61440,0,0,0
6,86,93,2,255,255,32768,32649,0,0,0
3,69,56,2,255,255,32767,32768,0,105,93
3,45,56,2,255,255,32767,32768,0,105,93
3,81,103,2,255,255,32767,32768,0,105,93
3,33,7,2,255,255,32767,32768,0,105,93
3,102,101,2,255,255,32767,32768,0,105,93
3,78,77,2,255,255,32767,32768,0,105,93
3,54,53,2,255,255,32767,32768,0,105,93
3,30,29,2,255,255,32767,32768,0,105,93
3,6,5,2,255,255,32767,32768,0,105,93
2,86,93,2,255,255,32768,32768,0,84,74
3,105,93,-1,255,255,32767,61440,0,105,93
4,50,54,2,255,255,32768,32745,0,255,255
5,55,51,-29,255,255,32767,61440,0,0,0
6,54,102,2,255,255,32768,32745,0,0,0
6,54,6,2,255,255,32768,32747,0,0,0
2,50,54,2,255,255,32768,32768,0,84,74
3,91,84,-29,255,255,32767,61440,0,105,93
3,55,51,-29,255,255,32767,61440,0,105,93
4,86,93,0,255,255,32768,4096,0,255,255
5,105,93,-1,255,255,32767,32862,0,0,0
6,54,102,2,255,255,32768,32745,0,0,0
6,54,6,2,255,255,32768,32747,0,0,0
4,54,102,2,255,255,32768,32747,0,255,255
5,105,102,-1,255,255,32767,32770,0,0,0
6,86,93,2,255,255,32768,32655,0,0,0
4,54,6,2,255,255,32768,32749,0,255,255
5,9,6,-1,255,255,32767,32770,0,0,0
6,86,93,2,255,255,32768,32655,0,0,0
4,48,49,2,255,255,32768,32749,0,255,255
4,96,97,2,255,255,32768,32766,0,255,255
5,91,84,0,255,255,32767,32777,0,0,0
6,54,102,2,255,255,32768,32683,0,0,0
6,54,6,2,255,255,32768,32685,0,0,0
4,96,98,2,255,255,32768,32766,0,255,255
5,91,84,-1,255,255,32767,32776,0,0,0
6,54,102,2,255,255,32768,32682,0,0,0
6,54,6,2,255,255,32768,32684,0,0,0
4,0,1,2,255,255,32768,32766,0,255,255
5,91,84,-1,255,255,32767,32777,0,0,0
6,96,84,-1,255,255,32768,32683,0,0,0
5,51,99,2,255,255,32767,32777,0,0,0
5,51,3,2,255,255,32767,32775,0,0,0
3,57,56,-29,255,255,32767,32775,0,105,93
3,105,104,-29,255,255,32767,32775,0,105,93
3,105,103,-29,255,255,32767,32775,0,105,93
3,9,8,-29,255,255,32767,32775,0,105,93
3,9,7,-29,255,255,32767,32775,0,105,93
3,91,90,-29,255,255,32767,32775,0,105,93
3,91,89,-29,255,255,32767,32775,0,105,93
3,91,88,-29,255,255,32767,32775,0,105,93
3,91,87,-29,255,255,32767,32775,0,105,93
3,91,92,-29,255,255,32767,32775,0,105,93
3,91,79,-29,255,255,32767,32775,0,105,93
3,91,67,-29,255,255,32767,32775,0,105,93
3,91,103,-29,255,255,32767,32775,0,105,93
3,55,56,-29,255,255,32767,32775,0,105,93
3,55,43,-29,255,255,32767,32775,0,105,93
4,0,1,0,255,255,32768,4096,0,255,255
5,91,84,-1,255,255,32767,32782,0,0,0
6,96,84,-1,255,255,32768,32688,0,0,0
3,55,31,-29,255,255,32767,32775,0,105,93
4,0,1,-1,255,255,32768,4096,0,255,255
5,91,84,-1,255,255,32767,32784,0,0,0
6,96,84,-1,255,255,32768,32690,0,0,0
5,31,27,2,255,255,32767,32784,0,0,0
3,55,19,-29,255,255,32767,32775,0,105,93
4,0,1,-1,255,255,32768,4096,0,255,255
5,91,84,-1,255,255,32767,32784,0,0,0
6,96,84,-1,255,255,32768,32690,0,0,0
3,55,7,-29,255,255,32767,32775,0,105,93
4,0,1,-1,255,255,32768,4096,0,255,255
5,91,84,-1,255,255,32767,32784,0,0,0
6,96,84,-1,255,255,32768,32690,0,0,0
5,7,3,2,255,255,32767,32784,0,0,0
3,55,67,-29,255,255,32767,32775,0,105,93
4,0,1,-1,255,255,32768,4096,0,255,255
5,91,84,-1,255,255,32767,32782,0,0,0
6,96,84,-1,255,255,32768,32688,0,0,0
3,55,79,-29,255,255,32767,32775,0,105,93
4,0,1,-1,255,255,32768,4096,0,255,255
5,91,84,-1,255,255,32767,32784,0,0,0
6,96,84,-1,255,255,32768,32690,0,0,0
5,79,75,2,255,255,32767,32784,0,0,0
3,93,79,-29,255,255,32767,32775,0,105,93
3,93,103,-29,255,255,32767,32775,0,105,93
3,21,7,-29,255,255,32767,32775,0,105,93
3,21,31,-29,255,255,32767,32775,0,105,93
3,69,56,-29,255,255,32767,32775,0,105,93
4,54,56,-1,255,255,32768,4096,0,255,255
5,57,56,-1,255,255,32767,32798,0,0,0
6,86,93,2,255,255,32768,32694,0,0,0
7,105,93,-1,255,255,32767,32788,0,0,0
4,0,1,-1,255,255,32768,32694,0,255,255
5,91,84,-1,255,255,32767,32773,0,0,0
6,96,84,-1,255,255,32768,32679,0,0,0
5,55,51,2,255,255,32767,32773,0,0,0
3,45,56,-29,255,255,32767,32773,0,105,93
4,54,56,-1,255,255,32768,4096,0,255,255
5,57,56,-1,255,255,32767,32798,0,0,0
6,86,93,2,255,255,32768,32694,0,0,0
7,105,93,-1,255,255,32767,32788,0,0,0
4,0,1,-1,255,255,32768,32694,0,255,255
5,91,84,-1,255,255,32767,32773,0,0,0
6,96,84,-1,255,255,32768,32679,0,0,0
5,55,51,2,255,255,32767,32773,0,0,0
3,81,103,-29,255,255,32767,32773,0,105,93
3,33,7,-29,255,255,32767,32773,0,105,93
3,102,101,-29,255,255,32767,32773,0,105,93
3,78,77,-29,255,255,32767,32773,0,105,93
3,30,29,-29,255,255,32767,32773,0,105,93
3,6,5,-29,255,255,32767,32773,0,105,93
1,19,67,2,255,255,32767,32769,0,93,79
2,0,1,-1,255,255,32768,4096,0,84,74
3,91,84,2,255,255,32767,61440,0,105,93
4,96,84,-1,255,255,32768,32691,0,255,255
3,57,56,2,255,255,32767,32808,0,105,93
3,105,104,2,255,255,32767,32787,0,105,93
3,105,103,2,255,255,32767,32776,0,105,93
3,9,8,2,255,255,32767,32776,0,105,93
3,9,7,2,255,255,32767,32776,0,105,93
3,91,90,2,255,255,32767,32776,0,105,93
3,91,89,2,255,255,32767,32776,0,105,93
3,91,88,2,255,255,32767,32776,0,105,93
3,91,87,2,255,255,32767,32776,0,105,93
3,91,92,2,255,255,32767,32776,0,105,93
3,91,79,2,255,255,32767,32776,0,105,93
3,91,103,2,255,255,32767,32776,0,105,93
3,67,66,2,255,255,32767,32776,0,105,93
3,67,65,2,255,255,32767,32776,0,105,93
3,67,64,2,255,255,32767,32776,0,105,93
3,67,63,2,255,255,32767,32776,0,105,93
3,67,62,2,255,255,32767,32776,0,105,93
3,67,61,2,255,255,32767,32776,0,105,93
3,67,68,2,255,255,32767,32776,0,105,93
3,67,55,2,255,255,32767,32776,0,105,93
3,67,43,2,255,255,32767,32776,0,105,93
3,67,31,2,255,255,32767,32776,0,105,93
3,67,7,2,255,255,32767,32776,0,105,93
3,67,79,2,255,255,32767,32776,0,105,93
3,93,79,2,255,255,32767,32776,0,105,93
3,93,103,2,255,255,32767,32775,0,105,93
3,21,7,2,255,255,32767,32775,0,105,93
3,21,31,2,255,255,32767,32775,0,105,93
3,69,56,2,255,255,32767,32775,0,105,93
3,45,56,2,255,255,32767,32775,0,105,93
3,81,55,2,255,255,32767,32775,0,105,93
3,81,103,2,255,255,32767,32775,0,105,93
3,33,7,2,255,255,32767,32775,0,105,93
3,33,55,2,255,255,32767,32775,0,105,93
3,102,101,2,255,255,32767,32775,0,105,93
3,78,77,2,255,255,32767,32775,0,105,93
3,54,53,2,255,255,32767,32775,0,105,93
3,30,29,2,255,255,32767,32775,0,105,93
3,6,5,2,255,255,32767,32775,0,105,93
1,19,79,2,255,255,32767,32769,0,93,79
2,0,1,-1,255,255,32768,4096,0,84,74
3,91,84,2,255,255,32767,61440,0,105,93
4,96,84,-1,255,255,32768,32693,0,255,255
5,79,75,2,255,255,32767,32810,0,0,0
3,79,75,2,255,255,32767,32807,0,105,93
3,57,56,2,255,255,32767,32784,0,105,93
3,105,104,2,255,255,32767,32784,0,105,93
3,105,103,2,255,255,32767,32778,0,105,93
3,9,8,2,255,255,32767,32778,0,105,93
3,9,7,2,255,255,32767,32778,0,105,93
3,91,90,2,255,255,32767,32778,0,105,93
3,91,89,2,255,255,32767,32778,0,105,93
3,91,88,2,255,255,32767,32778,0,105,93
3,91,87,2,255,255,32767,32778,0,105,93
3,91,92,2,255,255,32767,32778,0,105,93
3,91,103,2,255,255,32767,32778,0,105,93
3,79,80,2,255,255,32767,32778,0,105,93
3,79,67,2,255,255,32767,32778,0,105,93
3,79,55,2,255,255,32767,32778,0,105,93
3,79,43,2,255,255,32767,32777,0,105,93
3,79,31,2,255,255,32767,32777,0,105,93
3,79,7,2,255,255,32767,32777,0,105,93
3,93,103,2,255,255,32767,32777,0,105,93
3,21,7,2,255,255,32767,32777,0,105,93
3,21,31,2,255,255,32767,32777,0,105,93
3,69,56,2,255,255,32767,32777,0,105,93
3,45,56,2,255,255,32767,32777,0,105,93
3,81,55,2,255,255,32767,32777,0,105,93
3,81,103,2,255,255,32767,32777,0,105,93
3,33,7,2,255,255,32767,32777,0,105,93
3,33,55,2,255,255,32767,32777,0,105,93
3,102,101,2,255,255,32767,32777,0,105,93
3,78,77,2,255,255,32767,32777,0,105,93
3,54,53,2,255,255,32767,32777,0,105,93
3,30,29,2,255,255,32767,32777,0,105,93
3,6,5,2,255,255,32767,32777,0,105,93
1,93,79,2,255,255,32767,32769,0,93,79
2,0,1,-1,255,255,32768,4096,0,84,74
3,91,84,2,255,255,32767,61440,0,105,93
4,96,84,-1,255,255,32768,32683,0,255,255
3,57,56,2,255,255,32767,32800,0,105,93
3,105,104,2,255,255,32767,32779,0,105,93
4,50,54,2,255,255,32768,32768,0,255,255
3,105,103,2,255,255,32767,32768,0,105,93
3,105,93,2,255,255,32767,32768,0,105,93
4,86,93,-1,255,255,32768,32767,0,255,255
5,79,93,-1,255,255,32767,32995,0,0,0
5,79,93,2,255,255,32767,32898,0,0,0
3,9,8,2,255,255,32767,32768,0,105,93
4,50,54,2,255,255,32768,32768,0,255,255
3,9,7,2,255,255,32767,32768,0,105,93
3,91,90,2,255,255,32767,32768,0,105,93
3,91,89,2,255,255,32767,32768,0,105,93
3,91,88,2,255,255,32767,32768,0,105,93
3,91,87,2,255,255,32767,32768,0,105,93
3,91,92,2,255,255,32767,32768,0,105,93
3,91,93,2,255,255,32767,32768,0,105,93
3,91,103,2,255,255,32767,32768,0,105,93
3,19,18,2,255,255,32767,32768,0,105,93
3,19,17,2,255,255,32767,32768,0,105,93
3,19,16,2,255,255,32767,32768,0,105,93
3,19,15,2,255,255,32767,32768,0,105,93
3,19,14,2,255,255,32767,32768,0,105,93
3,19,13,2,255,255,32767,32768,0,105,93
3,19,20,2,255,255,32767,32768,0,105,93
3,19,7,2,255,255,32767,32768,0,105,93
3,19,31,2,255,255,32767,32768,0,105,93
3,19,43,2,255,255,32767,32768,0,105,93
3,19,55,2,255,255,32767,32768,0,105,93
4,50,54,2,255,255,32768,32767,0,255,255
5,79,54,-32,255,255,32767,61440,0,0,0
3,19,67,2,255,255,32767,32767,0,105,93
3,79,56,2,255,255,32767,32767,0,105,93
3,21,7,2,255,255,32767,32767,0,105,93
3,21,31,2,255,255,32767,32767,0,105,93
4,50,54,2,255,255,32768,32767,0,255,255
3,69,56,2,255,255,32767,32767,0,105,93
3,45,56,2,255,255,32767,32767,0,105,93
3,81,55,2,255,255,32767,32767,0,105,93
3,81,103,2,255,255,32767,32767,0,105,93
3,33,7,2,255,255,32767,32767,0,105,93
3,33,55,2,255,255,32767,32767,0,105,93
3,102,101,2,255,255,32767,32767,0,105,93
3,78,77,2,255,255,32767,32767,0,105,93
3,54,53,2,255,255,32767,32767,0,105,93
3,30,29,2,255,255,32767,32767,0,105,93
3,6,5,2,255,255,32767,32767,0,105,93
2,50,54,0,255,255,32768,32767,0,84,74
3,79,54,-1,255,255,32767,61440,0,105,93
2,48,49,2,255,255,32768,32767,0,84,74
3,91,84,2,255,255,32767,61440,0,105,93
4,96,84,-1,255,255,32768,32672,0,255,255
3,57,56,2,255,255,32767,32789,0,105,93
4,50,54,2,255,255,32768,32768,0,255,255
3,105,104,2,255,255,32767,32768,0,105,93
4,50,54,2,255,255,32768,32757,0,255,255
2,96,97,2,255,255,32768,32767,0,84,74
3,105,104,0,255,255,32767,61440,0,105,93
4,50,54,2,255,255,32768,32768,0,255,255
3,91,84,2,255,255,32767,32768,0,105,93
4,50,54,2,255,255,32768,32683,0,255,255
2,96,98,2,255,255,32768,32767,0,84,74
3,91,84,0,255,255,32767,61440,0,105,93
4,50,54,2,255,255,32768,32682,0,255,255
2,0,2,2,255,255,32768,32767,0,84,74
3,91,84,-1,255,255,32767,61440,0,105,93
4,96,84,-1,255,255,32768,32682,0,255,255
3,57,56,2,255,255,32767,32799,0,105,93
3,105,104,2,255,255,32767,32778,0,105,93
4,50,54,2,255,255,32768,32767,0,255,255
3,105,103,2,255,255,32767,32767,0,105,93
4,50,54,2,255,255,32768,32768,0,255,255
3,105,93,2,255,255,32767,32767,0,105,93
4,86,93,-1,255,255,32768,32766,0,255,255
5,79,93,-1,255,255,32767,32994,0,0,0
5,79,93,2,255,255,32767,32897,0,0,0
3,9,8,2,255,255,32767,32767,0,105,93
4,50,54,2,255,255,32768,32767,0,255,255
3,9,7,2,255,255,32767,32767,0,105,93
4,50,54,2,255,255,32768,32768,0,255,255
3,91,90,2,255,255,32767,32767,0,105,93
3,91,89,2,255,255,32767,32767,0,105,93
3,91,88,2,255,255,32767,32767,0,105,93
3,91,87,2,255,255,32767,32767,0,105,93
3,91,92,2,255,255,32767,32767,0,105,93
3,91,93,2,255,255,32767,32767,0,105,93
3,91,103,2,255,255,32767,32767,0,105,93
3,19,18,2,255,255,32767,32767,0,105,93
3,19,17,2,255,255,32767,32767,0,105,93
3,19,16,2,255,255,32767,32767,0,105,93
3,19,15,2,255,255,32767,32767,0,105,93
3,19,14,2,255,255,32767,32767,0,105,93
3,19,13,2,255,255,32767,32767,0,105,93
3,19,20,2,255,255,32767,32767,0,105,93
3,19,7,2,255,255,32767,32767,0,105,93
3,19,31,2,255,255,32767,32767,0,105,93
3,19,43,2,255,255,32767,32767,0,105,93
3,19,55,2,255,255,32767,32767,0,105,93
4,50,54,2,255,255,32768,32766,0,255,255
5,79,54,-32,255,255,32767,61440,0,0,0
2,86,85,2,255,255,32768,32767,0,84,74
3,91,84,-1,255,255,32767,61440,0,105,93
4,96,84,-1,255,255,32768,32674,0,255,255
3,19,55,0,255,255,32767,32791,0,105,93
4,50,54,2,255,255,32768,32758,0,255,255
5,79,54,-32,255,255,32767,61440,0,0,0
2,86,87,2,255,255,32768,32767,0,84,74
3,19,55,-1,255,255,32767,61440,0,105,93
4,50,54,2,255,255,32768,32757,0,255,255
5,79,54,-32,255,255,32767,61440,0,0,0
2,86,88,2,255,255,32768,32767,0,84,74
3,19,55,-1,255,255,32767,61440,0,105,93
4,50,54,2,255,255,32768,32757,0,255,255
5,79,54,-32,255,255,32767,61440,0,0,0
2,86,89,2,255,255,32768,32767,0,84,74
3,19,55,-1,255,255,32767,61440,0,105,93
4,50,54,2,255,255,32768,32756,0,255,255
5,79,54,-32,255,255,32767,61440,0,0,0
2,86,90,2,255,255,32768,32767,0,84,74
3,19,55,-1,255,255,32767,61440,0,105,93
4,90,54,0,255,255,32768,32756,0,255,255
5,79,54,-32,255,255,32767,61440,0,0,0
6,50,54,-1,255,255,32768,32649,0,0,0
7,55,51,-29,255,255,32767,61440,0,0,0
8,54,102,1,255,255,32768,32755,0,255,255
8,54,6,1,255,255,32768,32757,0,255,255
6,50,54,2,255,255,32768,32757,0,0,0
7,55,51,-29,255,255,32767,61440,0,0,0
8,54,102,1,255,255,32768,32755,0,255,255
8,54,6,1,255,255,32768,32757,0,255,255
4,50,54,2,255,255,32768,32757,0,255,255
5,79,54,-32,255,255,32767,61440,0,0,0
6,90,54,-1,255,255,32768,32637,0,0,0
7,55,51,-29,255,255,32767,61440,0,0,0
8,54,102,1,255,255,32768,32755,0,255,255
8,54,6,1,255,255,32768,32757,0,255,255
6,90,54,2,255,255,32768,32757,0,0,0
7,55,51,-29,255,255,32767,61440,0,0,0
8,54,102,1,255,255,32768,32755,0,255,255
8,54,6,1,255,255,32768,32757,0,255,255
2,86,74,2,255,255,32768,32767,0,84,74
3,19,55,-1,255,255,32767,61440,0,105,93
4,74,78,2,255,255,32768,32758,0,255,255
4,50,54,2,255,255,32768,32761,0,255,255
5,79,54,-32,255,255,32767,61440,0,0,0
6,74,78,2,255,255,32768,32639,0,0,0
2,86,62,2,255,255,32768,32767,0,84,74
3,19,55,-1,255,255,32767,61440,0,105,93
4,50,54,2,255,255,32768,32760,0,255,255
5,79,54,-32,255,255,32767,61440,0,0,0
2,86,98,2,255,255,32768,32767,0,84,74
3,19,55,-1,255,255,32767,61440,0,105,93
4,98,102,2,255,255,32768,32758,0,255,255
4,50,54,2,255,255,32768,32761,0,255,255
5,79,54,-32,255,255,32767,61440,0,0,0
6,98,102,2,255,255,32768,32639,0,0,0
2,50,49,2,255,255,32768,32767,0,84,74
3,19,55,-1,255,255,32767,61440,0,105,93
4,49,54,2,255,255,32768,32747,0,255,255
5,79,54,-32,255,255,32767,61440,0,0,0
2,50,38,2,255,255,32768,32767,0,84,74
3,19,55,-1,255,255,32767,61440,0,105,93
2,50,26,2,255,255,32768,32767,0,84,74
3,19,55,-1,255,255,32767,61440,0,105,93
4,26,30,2,255,255,32768,32748,0,255,255
2,50,2,2,255,255,32768,32767,0,84,74
3,19,55,-1,255,255,32767,61440,0,105,93
4,2,6,2,255,255,32768,32748,0,255,255
2,50,62,2,255,255,32768,32767,0,84,74
3,19,55,-1,255,255,32767,61440,0,105,93
2,50,74,2,255,255,32768,32767,0,84,74
3,19,55,-1,255,255,32767,61440,0,105,93
4,74,78,2,255,255,32768,32748,0,255,255
2,84,74,2,255,255,32768,32767,0,84,74
3,19,55,-1,255,255,32767,61440,0,105,93
4,50,54,2,255,255,32768,32768,0,255,255
5,79,54,-32,255,255,32767,61440,0,0,0
3,57,56,2,255,255,32767,32768,0,105,93
3,105,104,2,255,255,32767,32768,0,105,93
3,105,103,2,255,255,32767,32768,0,105,93
3,105,93,2,255,255,32767,32768,0,105,93
4,86,93,-1,255,255,32768,32768,0,255,255
5,79,93,-1,255,255,32767,32996,0,0,0
5,79,93,2,255,255,32767,32899,0,0,0
3,9,8,2,255,255,32767,32768,0,105,93
3,9,7,2,255,255,32767,32768,0,105,93
3,91,90,2,255,255,32767,32768,0,105,93
3,91,89,2,255,255,32767,32768,0,105,93
3,91,88,2,255,255,32767,32768,0,105,93
3,91,87,2,255,255,32767,32768,0,105,93
3,91,92,2,255,255,32767,32768,0,105,93
3,91,93,2,255,255,32767,32768,0,105,93
3,91,103,2,255,255,32767,32768,0,105,93
3,19,18,2,255,255,32767,32768,0,105,93
3,19,17,2,255,255,32767,32768,0,105,93
3,19,16,2,255,255,32767,32768,0,105,93
3,19,15,2,255,255,32767,32768,0,105,93
3,19,14,2,255,255,32767,32768,0,105,93
3,19,13,2,255,255,32767,32768,0,105,93
3,19,20,2,255,255,32767,32768,0,105,93
3,19,7,2,255,255,32767,32768,0,105,93
3,19,31,2,255,255,32767,32768,0,105,93
3,19,43,2,255,255,32767,32768,0,105,93
3,19,67,2,255,255,32767,32768,0,105,93
3,79,56,2,255,255,32767,32768,0,105,93
3,21,7,2,255,255,32767,32768,0,105,93
3,21,31,2,255,255,32767,32768,0,105,93
4,50,54,2,255,255,32768,32768,0,255,255
3,69,56,2,255,255,32767,32768,0,105,93
3,45,56,2,255,255,32767,32768,0,105,93
3,81,55,2,255,255,32767,32768,0,105,93
3,81,103,2,255,255,32767,32768,0,105,93
3,33,7,2,255,255,32767,32768,0,105,93
3,33,55,2,255,255,32767,32768,0,105,93
3,102,101,2,255,255,32767,32768,0,105,93
3,78,77,2,255,255,32767,32768,0,105,93
3,54,53,2,255,255,32767,32768,0,105,93
3,30,29,2,255,255,32767,32768,0,105,93
3,6,5,2,255,255,32767,32768,0,105,93
2,84,98,2,255,255,32768,32768,0,84,74
3,19,55,-1,255,255,32767,61440,0,105,93
4,50,54,2,255,255,32768,32766,0,255,255
5,79,54,-32,255,255,32767,61440,0,0,0
2,12,2,2,255,255,32768,32768,0,84,74
3,19,55,-1,255,255,32767,61440,0,105,93
4,50,54,2,255,255,32768,32766,0,255,255
5,79,54,-32,255,255,32767,61440,0,0,0
2,12,26,2,255,255,32768,32768,0,84,74
3,19,55,-1,255,255,32767,61440,0,105,93
4,50,54,2,255,255,32768,32768,0,255,255
5,79,54,-32,255,255,32767,61440,0,0,0
3,91,84,0,255,255,32767,32768,0,105,93
4,96,84,-1,255,255,32768,32684,0,255,255
3,57,56,2,255,255,32767,32768,0,105,93
3,105,104,2,255,255,32767,32768,0,105,93
3,105,103,2,255,255,32767,32768,0,105,93
3,105,93,2,255,255,32767,32768,0,105,93
4,86,93,-1,255,255,32768,32768,0,255,255
5,79,93,-1,255,255,32767,32996,0,0,0
5,79,93,2,255,255,32767,32899,0,0,0
3,9,8,2,255,255,32767,32768,0,105,93
3,9,7,2,255,255,32767,32768,0,105,93
3,91,90,2,255,255,32767,32768,0,105,93
3,91,89,2,255,255,32767,32768,0,105,93
3,91,88,2,255,255,32767,32768,0,105,93
3,91,87,2,255,255,32767,32768,0,105,93
3,91,92,2,255,255,32767,32768,0,105,93
3,91,93,2,255,255,32767,32768,0,105,93
3,91,103,2,255,255,32767,32768,0,105,93
3,19,18,2,255,255,32767,32768,0,105,93
3,19,17,2,255,255,32767,32768,0,105,93
3,19,16,2,255,255,32767,32768,0,105,93
3,19,15,2,255,255,32767,32768,0,105,93
3,19,14,2,255,255,32767,32768,0,105,93
3,19,13,2,255,255,32767,32768,0,105,93
3,19,12,2,255,255,32767,32768,0,105,93
3,19,20,2,255,255,32767,32768,0,105,93
3,19,7,2,255,255,32767,32768,0,105,93
3,19,31,2,255,255,32767,32768,0,105,93
3,19,43,2,255,255,32767,32768,0,105,93
3,19,67,2,255,255,32767,32768,0,105,93
3,79,56,2,255,255,32767,32768,0,105,93
3,21,7,2,255,255,32767,32768,0,105,93
3,21,31,2,255,255,32767,32768,0,105,93
4,50,54,2,255,255,32768,32768,0,255,255
3,69,56,2,255,255,32767,32768,0,105,93
3,45,56,2,255,255,32767,32768,0,105,93
3,81,55,2,255,255,32767,32768,0,105,93
3,81,103,2,255,255,32767,32768,0,105,93
3,33,7,2,255,255,32767,32768,0,105,93
3,33,55,2,255,255,32767,32768,0,105,93
3,102,101,2,255,255,32767,32768,0,105,93
3,78,77,2,255,255,32767,32768,0,105,93
3,54,53,2,255,255,32767,32768,0,105,93
3,30,29,2,255,255,32767,32768,0,105,93
3,6,5,2,255,255,32767,32768,0,105,93
2,60,49,2,255,255,32768,32768,0,84,74
3,19,55,-1,255,255,32767,61440,0,105,93
4,50,54,2,255,255,32768,32759,0,255,255
5,79,54,-32,255,255,32767,61440,0,0,0
2,36,49,2,255,255,32768,32768,0,84,74
3,19,55,-1,255,255,32767,61440,0,105,93
4,50,54,2,255,255,32768,32759,0,255,255
5,79,54,-32,255,255,32767,61440,0,0,0
2,72,98,2,255,255,32768,32768,0,84,74
3,19,55,-1,255,255,32767,61440,0,105,93
4,50,54,2,255,255,32768,32757,0,255,255
5,79,54,-32,255,255,32767,61440,0,0,0
2,24,2,2,255,255,32768,32768,0,84,74
3,19,55,-1,255,255,32767,61440,0,105,93
4,50,54,2,255,255,32768,32757,0,255,255
5,79,54,-32,255,255,32767,61440,0,0,0
2,99,100,2,255,255,32768,32768,0,84,74
3,19,55,-1,255,255,32767,61440,0,105,93
4,50,54,2,255,255,32768,32759,0,255,255
5,79,54,-32,255,255,32767,61440,0,0,0
2,75,76,2,255,255,32768,32768,0,84,74
3,19,55,-1,255,255,32767,61440,0,105,93
4,50,54,2,255,255,32768,32759,0,255,255
5,79,54,-32,255,255,32767,61440,0,0,0
2,51,52,2,255,255,32768,32768,0,84,74
3,19,55,-1,255,255,32767,61440,0,105,93
4,50,54,2,255,255,32768,32759,0,255,255
5,79,54,-32,255,255,32767,61440,0,0,0
2,27,28,2,255,255,32768,32768,0,84,74
3,19,55,-1,255,255,32767,61440,0,105,93
4,50,54,2,255,255,32768,32759,0,255,255
5,79,54,-32,255,255,32767,61440,0,0,0
2,3,4,2,255,255,32768,32768,0,84,74
3,19,55,-1,255,255,32767,61440,0,105,93
4,50,54,2,255,255,32768,32759,0,255,255
5,79,54,-32,255,255,32767,61440,0,0,0
1,93,103,2,255,255,32767,32768,0,93,79
2,0,1,-1,255,255,32768,4096,0,84,74
3,19,55,-1,255,255,32767,61440,0,105,93
3,91,84,0,255,255,32767,32769,0,105,93
4,96,84,-1,255,255,32768,32685,0,255,255
3,57,56,2,255,255,32767,32769,0,105,93
3,105,104,2,255,255,32767,32769,0,105,93
3,105,93,2,255,255,32767,32769,0,105,93
3,9,8,2,255,255,32767,32769,0,105,93
3,9,7,2,255,255,32767,32769,0,105,93
3,91,90,2,255,255,32767,32769,0,105,93
3,91,89,2,255,255,32767,32769,0,105,93
3,91,88,2,255,255,32767,32769,0,105,93
3,91,87,2,255,255,32767,32769,0,105,93
3,91,92,2,255,255,32767,32769,0,105,93
3,91,93,2,255,255,32767,32769,0,105,93
3,91,79,2,255,255,32767,32769,0,105,93
3,91,67,2,255,255,32767,32769,0,105,93
3,91,55,2,255,255,32767,32769,0,105,93
3,91,43,2,255,255,32767,32769,0,105,93
3,91,31,2,255,255,32767,32769,0,105,93
3,19,18,2,255,255,32767,32769,0,105,93
3,19,17,2,255,255,32767,32769,0,105,93
3,19,16,2,255,255,32767,32769,0,105,93
3,19,15,2,255,255,32767,32769,0,105,93
3,19,14,2,255,255,32767,32769,0,105,93
3,19,13,2,255,255,32767,32769,0,105,93
3,19,20,2,255,255,32767,32769,0,105,93
3,19,7,2,255,255,32767,32769,0,105,93
3,19,31,2,255,255,32767,32769,0,105,93
3,19,43,2,255,255,32767,32769,0,105,93
3,19,67,2,255,255,32767,32769,0,105,93
3,19,79,2,255,255,32767,32769,0,105,93
3,21,7,2,255,255,32767,32769,0,105,93
3,21,31,2,255,255,32767,32769,0,105,93
3,69,56,2,255,255,32767,32769,0,105,93
3,45,56,2,255,255,32767,32769,0,105,93
3,81,55,2,255,255,32767,32769,0,105,93
3,33,7,2,255,255,32767,32769,0,105,93
3,33,55,2,255,255,32767,32769,0,105,93
3,102,101,2,255,255,32767,32769,0,105,93
3,78,77,2,255,255,32767,32769,0,105,93
3,54,53,2,255,255,32767,32769,0,105,93
3,30,29,2,255,255,32767,32769,0,105,93
3,6,5,2,255,255,32767,32769,0,105,93
1,21,7,2,255,255,32767,32768,0,93,79
2,0,1,-1,255,255,32768,4096,0,84,74
3,19,55,-1,255,255,32767,61440,0,105,93
3,91,84,0,255,255,32767,32769,0,105,93
4,96,84,-1,255,255,32768,32685,0,255,255
3,57,56,2,255,255,32767,32769,0,105,93
3,105,104,2,255,255,32767,32769,0,105,93
3,105,103,2,255,255,32767,32769,0,105,93
3,9,8,2,255,255,32767,32769,0,105,93
3,9,21,2,255,255,32767,32769,0,105,93
3,91,90,2,255,255,32767,32769,0,105,93
3,91,89,2,255,255,32767,32769,0,105,93
3,91,88,2,255,255,32767,32769,0,105,93
3,91,87,2,255,255,32767,32769,0,105,93
3,91,92,2,255,255,32767,32769,0,105,93
3,91,79,2,255,255,32767,32769,0,105,93
3,91,67,2,255,255,32767,32769,0,105,93
3,91,55,2,255,255,32767,32769,0,105,93
3,91,43,2,255,255,32767,32769,0,105,93
3,91,31,2,255,255,32767,32769,0,105,93
3,91,103,2,255,255,32767,32769,0,105,93
3,19,18,2,255,255,32767,32769,0,105,93
3,19,17,2,255,255,32767,32769,0,105,93
3,19,16,2,255,255,32767,32769,0,105,93
3,19,15,2,255,255,32767,32769,0,105,93
3,19,14,2,255,255,32767,32769,0,105,93
3,19,13,2,255,255,32767,32769,0,105,93
3,19,20,2,255,255,32767,32769,0,105,93
3,19,21,2,255,255,32767,32769,0,105,93
3,19,31,2,255,255,32767,32769,0,105,93
3,19,43,2,255,255,32767,32769,0,105,93
3,19,67,2,255,255,32767,32769,0,105,93
3,19,79,2,255,255,32767,32769,0,105,93
3,93,79,2,255,255,32767,32769,0,105,93
3,93,103,2,255,255,32767,32769,0,105,93
3,69,56,2,255,255,32767,32769,0,105,93
3,45,56,2,255,255,32767,32769,0,105,93
3,81,55,2,255,255,32767,32769,0,105,93
3,81,103,2,255,255,32767,32769,0,105,93
3,33,55,2,255,255,32767,32769,0,105,93
3,102,101,2,255,255,32767,32769,0,105,93
3,78,77,2,255,255,32767,32769,0,105,93
3,54,53,2,255,255,32767,32769,0,105,93
3,30,29,2,255,255,32767,32769,0,105,93
3,6,5,2,255,255,32767,32769,0,105,93
1,21,31,2,255,255,32767,32768,0,93,79
2,0,1,-1,255,255,32768,4096,0,84,74
3,91,84,0,255,255,32767,61440,0,105,93
4,96,84,-1,255,255,32768,32683,0,255,255
3,57,56,2,255,255,32767,32800,0,105,93
3,105,104,2,255,255,32767,32779,0,105,93
4,86,93,2,255,255,32768,32768,0,255,255
3,105,103,2,255,255,32767,32779,0,105,93
3,9,8,2,255,255,32767,32769,0,105,93
4,86,93,0,255,255,32768,32768,0,255,255
5,105,93,-1,255,255,32767,32862,0,0,0
4,50,54,2,255,255,32768,32768,0,255,255
3,9,7,2,255,255,32767,32768,0,105,93
3,9,21,2,255,255,32767,32768,0,105,93
4,86,93,0,255,255,32768,32767,0,255,255
5,105,93,-1,255,255,32767,32861,0,0,0
4,50,54,2,255,255,32768,32767,0,255,255
3,91,90,2,255,255,32767,32767,0,105,93
3,91,89,2,255,255,32767,32767,0,105,93
3,91,88,2,255,255,32767,32767,0,105,93
3,91,87,2,255,255,32767,32767,0,105,93
3,91,92,2,255,255,32767,32767,0,105,93
3,91,79,2,255,255,32767,32767,0,105,93
3,91,67,2,255,255,32767,32767,0,105,93
3,91,55,2,255,255,32767,32767,0,105,93
4,50,54,2,255,255,32768,32767,0,255,255
5,31,54,-32,255,255,32767,61440,0,0,0
3,91,43,2,255,255,32767,32767,0,105,93
3,91,103,2,255,255,32767,32767,0,105,93
3,19,18,2,255,255,32767,32767,0,105,93
3,19,17,2,255,255,32767,32767,0,105,93
3,19,16,2,255,255,32767,32767,0,105,93
3,19,15,2,255,255,32767,32767,0,105,93
3,19,14,2,255,255,32767,32767,0,105,93
3,19,13,2,255,255,32767,32767,0,105,93
3,19,20,2,255,255,32767,32767,0,105,93
3,19,21,2,255,255,32767,32767,0,105,93
3,19,7,2,255,255,32767,32767,0,105,93
3,93,79,2,255,255,32767,32767,0,105,93
4,50,54,2,255,255,32768,32767,0,255,255
3,93,103,2,255,255,32767,32767,0,105,93
3,31,56,2,255,255,32767,32767,0,105,93
3,69,56,2,255,255,32767,32767,0,105,93
3,45,56,2,255,255,32767,32767,0,105,93
3,81,55,2,255,255,32767,32767,0,105,93
3,81,103,2,255,255,32767,32767,0,105,93
3,33,7,2,255,255,32767,32767,0,105,93
3,33,55,2,255,255,32767,32767,0,105,93
3,102,101,2,255,255,32767,32767,0,105,93
3,78,77,2,255,255,32767,32767,0,105,93
3,54,53,2,255,255,32767,32767,0,105,93
3,30,29,2,255,255,32767,32767,0,105,93
3,6,5,2,255,255,32767,32767,0,105,93
2,50,54,0,255,255,32768,32767,0,84,74
3,31,54,-1,255,255,32767,61440,0,105,93
4,86,93,0,255,255,32768,32649,0,255,255
2,86,93,2,255,255,32768,32767,0,84,74
3,105,93,-1,255,255,32767,61440,0,105,93
4,50,54,2,255,255,32768,32745,0,255,255
2,48,49,2,255,255,32768,32767,0,84,74
3,91,84,0,255,255,32767,61440,0,105,93
4,96,84,-1,255,255,32768,32672,0,255,255
3,57,56,2,255,255,32767,32789,0,105,93
4,86,93,0,255,255,32768,32768,0,255,255
5,105,93,-1,255,255,32767,32862,0,0,0
4,50,54,2,255,255,32768,32768,0,255,255
3,105,104,2,255,255,32767,32768,0,105,93
4,86,93,0,255,255,32768,32757,0,255,255
3,105,103,2,255,255,32767,32768,0,105,93
4,86,93,-1,255,255,32768,32758,0,255,255
3,9,8,2,255,255,32767,32768,0,105,93
4,86,93,-1,255,255,32768,32757,0,255,255
5,105,93,-1,255,255,32767,32851,0,0,0
4,50,54,2,255,255,32768,32757,0,255,255
2,96,97,2,255,255,32768,32767,0,84,74
3,9,8,0,255,255,32767,61440,0,105,93
4,86,93,-1,255,255,32768,32768,0,255,255
5,105,93,-1,255,255,32767,32862,0,0,0
4,50,54,2,255,255,32768,32768,0,255,255
3,91,84,2,255,255,32767,32768,0,105,93
4,50,54,2,255,255,32768,32683,0,255,255
2,96,98,2,255,255,32768,32767,0,84,74
3,91,84,0,255,255,32767,61440,0,105,93
4,50,54,2,255,255,32768,32682,0,255,255
2,0,2,2,255,255,32768,32767,0,84,74
3,91,84,-1,255,255,32767,61440,0,105,93
4,96,84,-1,255,255,32768,32682,0,255,255
3,57,56,2,255,255,32767,32799,0,105,93
3,105,104,2,255,255,32767,32778,0,105,93
4,86,93,-1,255,255,32768,32767,0,255,255
3,105,103,2,255,255,32767,32778,0,105,93
4,86,93,-1,255,255,32768,32768,0,255,255
3,9,8,2,255,255,32767,32778,0,105,93
4,86,93,-1,255,255,32768,32767,0,255,255
5,105,93,-1,255,255,32767,32861,0,0,0
4,50,54,2,255,255,32768,32767,0,255,255
3,9,7,2,255,255,32767,32767,0,105,93
4,86,93,-1,255,255,32768,32768,0,255,255
5,105,93,-1,255,255,32767,32862,0,0,0
4,50,54,2,255,255,32768,32768,0,255,255
3,9,21,2,255,255,32767,32767,0,105,93
4,86,93,-1,255,255,32768,32766,0,255,255
5,105,93,-1,255,255,32767,32860,0,0,0
4,50,54,2,255,255,32768,32766,0,255,255
2,86,85,2,255,255,32768,32767,0,84,74
3,91,84,-1,255,255,32767,61440,0,105,93
4,96,84,-1,255,255,32768,32674,0,255,255
3,9,21,0,255,255,32767,32791,0,105,93
4,85,93,2,255,255,32768,32758,0,255,255
5,105,93,-1,255,255,32767,32852,0,0,0
4,50,54,2,255,255,32768,32758,0,255,255
2,86,87,2,255,255,32768,32767,0,84,74
3,9,21,-1,255,255,32767,61440,0,105,93
4,87,93,2,255,255,32768,32757,0,255,255
5,105,93,-1,255,255,32767,32852,0,0,0
4,50,54,2,255,255,32768,32757,0,255,255
2,86,88,2,255,255,32768,32767,0,84,74
3,9,21,-1,255,255,32767,61440,0,105,93
4,88,93,2,255,255,32768,32757,0,255,255
5,105,93,-1,255,255,32767,32852,0,0,0
4,50,54,2,255,255,32768,32757,0,255,255
2,86,89,2,255,255,32768,32767,0,84,74
3,9,21,-1,255,255,32767,61440,0,105,93
4,89,93,2,255,255,32768,32756,0,255,255
5,105,93,-1,255,255,32767,32852,0,0,0
4,50,54,2,255,255,32768,32756,0,255,255
2,86,90,2,255,255,32768,32767,0,84,74
3,9,21,-1,255,255,32767,61440,0,105,93
4,90,93,2,255,255,32768,32756,0,255,255
5,105,93,-1,255,255,32767,32852,0,0,0
4,50,54,2,255,255,32768,32756,0,255,255
4,90,54,2,255,255,32768,32756,0,255,255
2,86,74,2,255,255,32768,32767,0,84,74
3,9,21,-1,255,255,32767,61440,0,105,93
4,74,78,2,255,255,32768,32758,0,255,255
4,50,54,2,255,255,32768,32761,0,255,255
2,86,62,2,255,255,32768,32767,0,84,74
3,9,21,-1,255,255,32767,61440,0,105,93
4,50,54,2,255,255,32768,32760,0,255,255
2,86,98,2,255,255,32768,32767,0,84,74
3,9,21,-1,255,255,32767,61440,0,105,93
4,98,102,2,255,255,32768,32758,0,255,255
4,50,54,2,255,255,32768,32761,0,255,255
2,50,49,2,255,255,32768,32767,0,84,74
3,9,21,-1,255,255,32767,61440,0,105,93
4,86,93,-1,255,255,32768,32747,0,255,255
5,105,93,-1,255,255,32767,32841,0,0,0
4,49,54,2,255,255,32768,32747,0,255,255
2,50,38,2,255,255,32768,32767,0,84,74
3,9,21,-1,255,255,32767,61440,0,105,93
4,86,93,-1,255,255,32768,32750,0,255,255
5,105,93,-1,255,255,32767,32844,0,0,0
2,50,26,2,255,255,32768,32767,0,84,74
3,9,21,-1,255,255,32767,61440,0,105,93
4,86,93,-1,255,255,32768,32748,0,255,255
5,105,93,-1,255,255,32767,32842,0,0,0
6,26,30,-1,255,255,32768,32725,0,0,0
4,26,30,2,255,255,32768,32748,0,255,255
2,50,2,2,255,255,32768,32767,0,84,74
3,9,21,-1,255,255,32767,61440,0,105,93
4,86,93,-1,255,255,32768,32748,0,255,255
5,105,93,-1,255,255,32767,32842,0,0,0
6,2,6,0,255,255,32768,32725,0,0,0
4,2,6,2,255,255,32768,32748,0,255,255
2,50,62,2,255,255,32768,32767,0,84,74
3,9,21,-1,255,255,32767,61440,0,105,93
4,86,93,-1,255,255,32768,32750,0,255,255
5,105,93,-1,255,255,32767,32844,0,0,0
2,50,74,2,255,255,32768,32767,0,84,74
3,9,21,-1,255,255,32767,61440,0,105,93
4,86,93,-1,255,255,32768,32748,0,255,255
5,105,93,-1,255,255,32767,32842,0,0,0
4,74,78,2,255,255,32768,32748,0,255,255
2,84,74,2,255,255,32768,32767,0,84,74
3,9,21,-1,255,255,32767,61440,0,105,93
4,86,93,-1,255,255,32768,32768,0,255,255
5,105,93,-1,255,255,32767,32862,0,0,0
4,50,54,2,255,255,32768,32768,0,255,255
3,57,56,2,255,255,32767,32768,0,105,93
3,105,104,2,255,255,32767,32768,0,105,93
3,105,103,2,255,255,32767,32768,0,105,93
3,9,8,2,255,255,32767,32768,0,105,93
3,9,7,2,255,255,32767,32768,0,105,93
3,91,90,2,255,255,32767,32768,0,105,93
3,91,89,2,255,255,32767,32768,0,105,93
3,91,88,2,255,255,32767,32768,0,105,93
3,91,87,2,255,255,32767,32768,0,105,93
3,91,92,2,255,255,32767,32768,0,105,93
3,91,79,2,255,255,32767,32768,0,105,93
3,91,67,2,255,255,32767,32768,0,105,93
3,91,55,2,255,255,32767,32768,0,105,93
4,50,54,2,255,255,32768,32768,0,255,255
5,31,54,-32,255,255,32767,61440,0,0,0
3,91,43,2,255,255,32767,32768,0,105,93
3,91,103,2,255,255,32767,32768,0,105,93
3,19,18,2,255,255,32767,32768,0,105,93
3,19,17,2,255,255,32767,32768,0,105,93
3,19,16,2,255,255,32767,32768,0,105,93
3,19,15,2,255,255,32767,32768,0,105,93
3,19,14,2,255,255,32767,32768,0,105,93
3,19,13,2,255,255,32767,32768,0,105,93
3,19,20,2,255,255,32767,32768,0,105,93
3,19,21,2,255,255,32767,32768,0,105,93
3,19,7,2,255,255,32767,32768,0,105,93
3,93,79,2,255,255,32767,32768,0,105,93
4,50,54,2,255,255,32768,32768,0,255,255
3,93,103,2,255,255,32767,32768,0,105,93
3,31,56,2,255,255,32767,32768,0,105,93
3,69,56,2,255,255,32767,32768,0,105,93
3,45,56,2,255,255,32767,32768,0,105,93
3,81,55,2,255,255,32767,32768,0,105,93
3,81,103,2,255,255,32767,32768,0,105,93
3,33,7,2,255,255,32767,32768,0,105,93
3,33,55,2,255,255,32767,32768,0,105,93
3,102,101,2,255,255,32767,32768,0,105,93
3,78,77,2,255,255,32767,32768,0,105,93
3,54,53,2,255,255,32767,32768,0,105,93
3,30,29,2,255,255,32767,32768,0,105,93
3,6,5,2,255,255,32767,32768,0,105,93
2,84,98,2,255,255,32768,32768,0,84,74
3,9,21,-1,255,255,32767,61440,0,105,93
4,86,93,-1,255,255,32768,32766,0,255,255
5,105,93,-1,255,255,32767,32860,0,0,0
4,50,54,2,255,255,32768,32766,0,255,255
2,12,2,2,255,255,32768,32768,0,84,74
3,9,21,-1,255,255,32767,61440,0,105,93
4,86,93,-1,255,255,32768,32766,0,255,255
5,105,93,-1,255,255,32767,32860,0,0,0
4,50,54,2,255,255,32768,32766,0,255,255
2,12,26,2,255,255,32768,32768,0,84,74
3,9,21,-1,255,255,32767,61440,0,105,93
4,86,93,-1,255,255,32768,32768,0,255,255
5,105,93,-1,255,255,32767,32862,0,0,0
4,50,54,2,255,255,32768,32768,0,255,255
3,91,84,0,255,255,32767,32768,0,105,93
4,96,84,-1,255,255,32768,32684,0,255,255
3,57,56,2,255,255,32767,32768,0,105,93
3,105,104,2,255,255,32767,32768,0,105,93
3,105,103,2,255,255,32767,32768,0,105,93
3,9,8,2,255,255,32767,32768,0,105,93
3,9,7,2,255,255,32767,32768,0,105,93
3,91,90,2,255,255,32767,32768,0,105,93
3,91,89,2,255,255,32767,32768,0,105,93
3,91,88,2,255,255,32767,32768,0,105,93
3,91,87,2,255,255,32767,32768,0,105,93
3,91,92,2,255,255,32767,32768,0,105,93
3,91,79,2,255,255,32767,32768,0,105,93
3,91,67,2,255,255,32767,32768,0,105,93
3,91,55,2,255,255,32767,32768,0,105,93
4,50,54,2,255,255,32768,32768,0,255,255
5,31,54,-32,255,255,32767,61440,0,0,0
3,91,43,2,255,255,32767,32768,0,105,93
3,91,103,2,255,255,32767,32768,0,105,93
3,19,18,2,255,255,32767,32768,0,105,93
3,19,17,2,255,255,32767,32768,0,105,93
3,19,16,2,255,255,32767,32768,0,105,93
3,19,15,2,255,255,32767,32768,0,105,93
3,19,14,2,255,255,32767,32768,0,105,93
3,19,13,2,255,255,32767,32768,0,105,93
3,19,12,2,255,255,32767,32768,0,105,93
3,19,20,2,255,255,32767,32768,0,105,93
3,19,21,2,255,255,32767,32768,0,105,93
3,19,7,2,255,255,32767,32768,0,105,93
3,93,79,2,255,255,32767,32768,0,105,93
4,50,54,2,255,255,32768,32768,0,255,255
3,93,103,2,255,255,32767,32768,0,105,93
3,31,56,2,255,255,32767,32768,0,105,93
3,69,56,2,255,255,32767,32768,0,105,93
3,45,56,2,255,255,32767,32768,0,105,93
3,81,55,2,255,255,32767,32768,0,105,93
3,81,103,2,255,255,32767,32768,0,105,93
3,33,7,2,255,255,32767,32768,0,105,93
3,33,55,2,255,255,32767,32768,0,105,93
3,102,101,2,255,255,32767,32768,0,105,93
3,78,77,2,255,255,32767,32768,0,105,93
3,54,53,2,255,255,32767,32768,0,105,93
3,30,29,2,255,255,32767,32768,0,105,93
3,6,5,2,255,255,32767,32768,0,105,93
2,60,49,2,255,255,32768,32768,0,84,74
3,9,21,-1,255,255,32767,61440,0,105,93
4,86,93,-1,255,255,32768,32759,0,255,255
5,105,93,-1,255,255,32767,32853,0,0,0
4,50,54,2,255,255,32768,32759,0,255,255
2,36,49,2,255,255,32768,32768,0,84,74
3,9,21,-1,255,255,32767,61440,0,105,93
4,86,93,-1,255,255,32768,32759,0,255,255
5,105,93,-1,255,255,32767,32853,0,0,0
4,50,54,2,255,255,32768,32759,0,255,255
2,72,98,2,255,255,32768,32768,0,84,74
3,9,21,-1,255,255,32767,61440,0,105,93
4,86,93,-1,255,255,32768,32757,0,255,255
5,105,93,-1,255,255,32767,32851,0,0,0
4,50,54,2,255,255,32768,32757,0,255,255
2,24,2,2,255,255,32768,32768,0,84,74
3,9,21,-1,255,255,32767,61440,0,105,93
4,86,93,-1,255,255,32768,32757,0,255,255
5,105,93,-1,255,255,32767,32851,0,0,0
4,50,54,2,255,255,32768,32757,0,255,255
2,99,100,2,255,255,32768,32768,0,84,74
3,9,21,-1,255,255,32767,61440,0,105,93
4,86,93,-1,255,255,32768,32759,0,255,255
5,105,93,-1,255,255,32767,32853,0,0,0
4,50,54,2,255,255,32768,32759,0,255,255
2,75,76,2,255,255,32768,32768,0,84,74
3,9,21,-1,255,255,32767,61440,0,105,93
4,86,93,-1,255,255,32768,32759,0,255,255
5,105,93,-1,255,255,32767,32853,0,0,0
4,50,54,2,255,255,32768,32759,0,255,255
2,51,52,2,255,255,32768,32768,0,84,74
3,9,21,-1,255,255,32767,61440,0,105,93
4,86,93,-1,255,255,32768,32759,0,255,255
5,105,93,-1,255,255,32767,32853,0,0,0
4,50,54,2,255,255,32768,32759,0,255,255
2,27,28,2,255,255,32768,32768,0,84,74
3,9,21,-1,255,255,32767,61440,0,105,93
4,86,93,-1,255,255,32768,32759,0,255,255
5,105,93,-1,255,255,32767,32853,0,0,0
4,50,54,2,255,255,32768,32759,0,255,255
2,3,4,2,255,255,32768,32768,0,84,74
3,9,21,-1,255,255,32767,61440,0,105,93
4,86,93,-1,255,255,32768,32759,0,255,255
5,105,93,-1,255,255,32767,32853,0,0,0
4,50,54,2,255,255,32768,32759,0,255,255
1,69,56,2,255,255,32767,32768,0,93,79
2,0,1,-1,255,255,32768,4096,0,84,74
3,91,84,0,255,255,32767,61440,0,105,93
4,96,84,-1,255,255,32768,32692,0,255,255
3,57,69,2,255,255,32767,32809,0,105,93
3,105,104,2,255,255,32767,32787,0,105,93
3,105,103,2,255,255,32767,32777,0,105,93
3,9,8,2,255,255,32767,32777,0,105,93
3,9,7,2,255,255,32767,32777,0,105,93
3,91,90,2,255,255,32767,32777,0,105,93
3,91,89,2,255,255,32767,32777,0,105,93
3,91,88,2,255,255,32767,32777,0,105,93
3,91,87,2,255,255,32767,32777,0,105,93
3,91,92,2,255,255,32767,32777,0,105,93
3,91,79,2,255,255,32767,32777,0,105,93
3,91,67,2,255,255,32767,32777,0,105,93
3,91,55,2,255,255,32767,32777,0,105,93
3,91,43,2,255,255,32767,32776,0,105,93
3,91,31,2,255,255,32767,32776,0,105,93
3,91,103,2,255,255,32767,32776,0,105,93
3,19,18,2,255,255,32767,32776,0,105,93
3,19,17,2,255,255,32767,32776,0,105,93
3,19,16,2,255,255,32767,32776,0,105,93
3,19,15,2,255,255,32767,32776,0,105,93
3,19,14,2,255,255,32767,32776,0,105,93
3,19,13,2,255,255,32767,32776,0,105,93
3,19,20,2,255,255,32767,32776,0,105,93
3,19,7,2,255,255,32767,32776,0,105,93
3,19,31,2,255,255,32767,32776,0,105,93
3,19,43,2,255,255,32767,32776,0,105,93
3,19,55,2,255,255,32767,32776,0,105,93
3,19,67,2,255,255,32767,32776,0,105,93
3,19,79,2,255,255,32767,32776,0,105,93
3,93,79,2,255,255,32767,32776,0,105,93
3,93,103,2,255,255,32767,32776,0,105,93
3,21,7,2,255,255,32767,32776,0,105,93
3,21,31,2,255,255,32767,32776,0,105,93
3,56,43,2,255,255,32767,32776,0,105,93
3,56,67,2,255,255,32767,32776,0,105,93
3,81,55,2,255,255,32767,32776,0,105,93
3,81,103,2,255,255,32767,32776,0,105,93
3,33,7,2,255,255,32767,32776,0,105,93
3,33,55,2,255,255,32767,32776,0,105,93
3,102,101,2,255,255,32767,32776,0,105,93
3,78,77,2,255,255,32767,32776,0,105,93
3,54,53,2,255,255,32767,32776,0,105,93
3,30,29,2,255,255,32767,32776,0,105,93
3,6,5,2,255,255,32767,32776,0,105,93
1,45,56,2,255,255,32767,32768,0,93,79
2,0,1,-1,255,255,32768,4096,0,84,74
3,91,84,0,255,255,32767,61440,0,105,93
4,96,84,-1,255,255,32768,32692,0,255,255
3,57,45,2,255,255,32767,32809,0,105,93
3,105,104,2,255,255,32767,32787,0,105,93
3,105,103,2,255,255,32767,32777,0,105,93
3,9,8,2,255,255,32767,32777,0,105,93
3,9,7,2,255,255,32767,32777,0,105,93
3,91,90,2,255,255,32767,32777,0,105,93
3,91,89,2,255,255,32767,32777,0,105,93
3,91,88,2,255,255,32767,32777,0,105,93
3,91,87,2,255,255,32767,32777,0,105,93
3,91,92,2,255,255,32767,32777,0,105,93
3,91,79,2,255,255,32767,32777,0,105,93
3,91,67,2,255,255,32767,32777,0,105,93
3,91,55,2,255,255,32767,32777,0,105,93
3,91,43,2,255,255,32767,32776,0,105,93
3,91,31,2,255,255,32767,32776,0,105,93
3,91,103,2,255,255,32767,32776,0,105,93
3,19,18,2,255,255,32767,32776,0,105,93
3,19,17,2,255,255,32767,32776,0,105,93
3,19,16,2,255,255,32767,32776,0,105,93
3,19,15,2,255,255,32767,32776,0,105,93
3,19,14,2,255,255,32767,32776,0,105,93
3,19,13,2,255,255,32767,32776,0,105,93
3,19,20,2,255,255,32767,32776,0,105,93
3,19,7,2,255,255,32767,32776,0,105,93
3,19,31,2,255,255,32767,32776,0,105,93
3,19,43,2,255,255,32767,32776,0,105,93
3,19,55,2,255,255,32767,32776,0,105,93
3,19,67,2,255,255,32767,32776,0,105,93
3,19,79,2,255,255,32767,32776,0,105,93
3,93,79,2,255,255,32767,32776,0,105,93
3,93,103,2,255,255,32767,32776,0,105,93
3,21,7,2,255,255,32767,32776,0,105,93
3,21,31,2,255,255,32767,32776,0,105,93
3,56,43,2,255,255,32767,32776,0,105,93
3,56,67,2,255,255,32767,32776,0,105,93
3,81,55,2,255,255,32767,32776,0,105,93
3,81,103,2,255,255,32767,32776,0,105,93
3,33,7,2,255,255,32767,32776,0,105,93
3,33,55,2,255,255,32767,32776,0,105,93
3,102,101,2,255,255,32767,32776,0,105,93
3,78,77,2,255,255,32767,32776,0,105,93
3,54,53,2,255,255,32767,32776,0,105,93
3,30,29,2,255,255,32767,32776,0,105,93
3,6,5,2,255,255,32767,32776,0,105,93
1,81,55,2,255,255,32767,32768,0,93,79
2,0,1,-1,255,255,32768,4096,0,84,74
3,91,84,0,255,255,32767,61440,0,105,93
4,96,84,-1,255,255,32768,32692,0,255,255
3,57,56,2,255,255,32767,32809,0,105,93
3,105,104,2,255,255,32767,32788,0,105,93
3,105,103,2,255,255,32767,32777,0,105,93
3,9,8,2,255,255,32767,32777,0,105,93
3,9,7,2,255,255,32767,32777,0,105,93
3,91,90,2,255,255,32767,32777,0,105,93
3,91,89,2,255,255,32767,32777,0,105,93
3,91,88,2,255,255,32767,32777,0,105,93
3,91,87,2,255,255,32767,32777,0,105,93
3,91,92,2,255,255,32767,32777,0,105,93
3,91,79,2,255,255,32767,32777,0,105,93
3,91,67,2,255,255,32767,32777,0,105,93
3,91,103,2,255,255,32767,32777,0,105,93
3,19,18,2,255,255,32767,32777,0,105,93
3,19,17,2,255,255,32767,32777,0,105,93
3,19,16,2,255,255,32767,32777,0,105,93
3,19,15,2,255,255,32767,32777,0,105,93
3,19,14,2,255,255,32767,32777,0,105,93
3,19,13,2,255,255,32767,32777,0,105,93
3,19,20,2,255,255,32767,32777,0,105,93
3,19,7,2,255,255,32767,32777,0,105,93
3,19,31,2,255,255,32767,32777,0,105,93
3,19,43,2,255,255,32767,32777,0,105,93
3,93,79,2,255,255,32767,32777,0,105,93
3,93,103,2,255,255,32767,32776,0,105,93
3,93,68,2,255,255,32767,32776,0,105,93
3,21,7,2,255,255,32767,32776,0,105,93
3,21,31,2,255,255,32767,32776,0,105,93
3,69,56,2,255,255,32767,32776,0,105,93
3,45,56,2,255,255,32767,32776,0,105,93
3,55,29,2,255,255,32767,32776,0,105,93
3,55,77,2,255,255,32767,32776,0,105,93
3,33,7,2,255,255,32767,32776,0,105,93
3,102,101,2,255,255,32767,32776,0,105,93
3,78,77,2,255,255,32767,32776,0,105,93
3,54,53,2,255,255,32767,32776,0,105,93
3,30,29,2,255,255,32767,32776,0,105,93
3,6,5,2,255,255,32767,32776,0,105,93
1,81,103,2,255,255,32767,32768,0,93,79
2,0,1,-1,255,255,32768,4096,0,84,74
3,91,84,0,255,255,32767,61440,0,105,93
4,96,84,-1,255,255,32768,32694,0,255,255
3,57,56,2,255,255,32767,32811,0,105,93
3,105,104,2,255,255,32767,32790,0,105,93
3,9,8,2,255,255,32767,32779,0,105,93
3,9,7,2,255,255,32767,32779,0,105,93
3,91,90,2,255,255,32767,32779,0,105,93
3,91,89,2,255,255,32767,32779,0,105,93
3,91,88,2,255,255,32767,32779,0,105,93
3,91,87,2,255,255,32767,32779,0,105,93
3,91,92,2,255,255,32767,32779,0,105,93
3,91,79,2,255,255,32767,32779,0,105,93
3,91,67,2,255,255,32767,32779,0,105,93
3,91,55,2,255,255,32767,32779,0,105,93
3,91,43,2,255,255,32767,32778,0,105,93
3,91,31,2,255,255,32767,32778,0,105,93
3,19,18,2,255,255,32767,32778,0,105,93
3,19,17,2,255,255,32767,32778,0,105,93
3,19,16,2,255,255,32767,32778,0,105,93
3,19,15,2,255,255,32767,32778,0,105,93
3,19,14,2,255,255,32767,32778,0,105,93
3,19,13,2,255,255,32767,32778,0,105,93
3,19,20,2,255,255,32767,32778,0,105,93
3,19,7,2,255,255,32767,32778,0,105,93
3,19,31,2,255,255,32767,32778,0,105,93
3,19,43,2,255,255,32767,32778,0,105,93
3,19,55,2,255,255,32767,32778,0,105,93
3,19,67,2,255,255,32767,32778,0,105,93
3,19,79,2,255,255,32767,32778,0,105,93
3,93,79,2,255,255,32767,32778,0,105,93
3,93,68,2,255,255,32767,32778,0,105,93
3,21,7,2,255,255,32767,32778,0,105,93
3,21,31,2,255,255,32767,32778,0,105,93
3,69,56,2,255,255,32767,32778,0,105,93
3,45,56,2,255,255,32767,32778,0,105,93
3,103,77,2,255,255,32767,32778,0,105,93
3,33,7,2,255,255,32767,32778,0,105,93
3,33,55,2,255,255,32767,32778,0,105,93
3,102,101,2,255,255,32767,32778,0,105,93
3,78,77,2,255,255,32767,32778,0,105,93
3,54,53,2,255,255,32767,32778,0,105,93
3,30,29,2,255,255,32767,32778,0,105,93
3,6,5,2,255,255,32767,32778,0,105,93
1,33,7,2,255,255,32767,32768,0,93,79
2,0,1,-1,255,255,32768,4096,0,84,74
3,91,84,0,255,255,32767,61440,0,105,93
4,96,84,-1,255,255,32768,32694,0,255,255
3,57,56,2,255,255,32767,32811,0,105,93
3,105,104,2,255,255,32767,32790,0,105,93
3,105,103,2,255,255,32767,32779,0,105,93
3,9,8,2,255,255,32767,32779,0,105,93
3,91,90,2,255,255,32767,32779,0,105,93
3,91,89,2,255,255,32767,32779,0,105,93
3,91,88,2,255,255,32767,32779,0,105,93
3,91,87,2,255,255,32767,32779,0,105,93
3,91,92,2,255,255,32767,32779,0,105,93
3,91,79,2,255,255,32767,32779,0,105,93
3,91,67,2,255,255,32767,32779,0,105,93
3,91,55,2,255,255,32767,32779,0,105,93
3,91,43,2,255,255,32767,32778,0,105,93
3,91,31,2,255,255,32767,32778,0,105,93
3,91,103,2,255,255,32767,32778,0,105,93
3,19,18,2,255,255,32767,32778,0,105,93
3,19,17,2,255,255,32767,32778,0,105,93
3,19,16,2,255,255,32767,32778,0,105,93
3,19,15,2,255,255,32767,32778,0,105,93
3,19,14,2,255,255,32767,32778,0,105,93
3,19,13,2,255,255,32767,32778,0,105,93
3,19,20,2,255,255,32767,32778,0,105,93
3,19,31,2,255,255,32767,32778,0,105,93
3,19,43,2,255,255,32767,32778,0,105,93
3,19,55,2,255,255,32767,32778,0,105,93
3,19,67,2,255,255,32767,32778,0,105,93
3,19,79,2,255,255,32767,32778,0,105,93
3,93,79,2,255,255,32767,32778,0,105,93
3,93,103,2,255,255,32767,32778,0,105,93
3,21,31,2,255,255,32767,32778,0,105,93
3,21,44,2,255,255,32767,32778,0,105,93
3,69,56,2,255,255,32767,32778,0,105,93
3,45,56,2,255,255,32767,32778,0,105,93
3,81,55,2,255,255,32767,32778,0,105,93
3,81,103,2,255,255,32767,32778,0,105,93
3,7,29,2,255,255,32767,32778,0,105,93
3,102,101,2,255,255,32767,32778,0,105,93
3,78,77,2,255,255,32767,32778,0,105,93
3,54,53,2,255,255,32767,32778,0,105,93
3,30,29,2,255,255,32767,32778,0,105,93
3,6,5,2,255,255,32767,32778,0,105,93
1,33,55,2,255,255,32767,32768,0,93,79
2,0,1,-1,255,255,32768,4096,0,84,74
3,91,84,0,255,255,32767,61440,0,105,93
4,96,84,-1,255,255,32768,32692,0,255,255
3,57,56,2,255,255,32767,32809,0,105,93
3,105,104,2,255,255,32767,32788,0,105,93
3,105,103,2,255,255,32767,32777,0,105,93
3,9,8,2,255,255,32767,32777,0,105,93
3,9,7,2,255,255,32767,32777,0,105,93
3,91,90,2,255,255,32767,32777,0,105,93
3,91,89,2,255,255,32767,32777,0,105,93
3,91,88,2,255,255,32767,32777,0,105,93
3,91,87,2,255,255,32767,32777,0,105,93
3,91,92,2,255,255,32767,32777,0,105,93
3,91,79,2,255,255,32767,32777,0,105,93
3,91,67,2,255,255,32767,32777,0,105,93
3,91,103,2,255,255,32767,32777,0,105,93
3,19,18,2,255,255,32767,32777,0,105,93
3,19,17,2,255,255,32767,32777,0,105,93
3,19,16,2,255,255,32767,32777,0,105,93
3,19,15,2,255,255,32767,32777,0,105,93
3,19,14,2,255,255,32767,32777,0,105,93
3,19,13,2,255,255,32767,32777,0,105,93
3,19,20,2,255,255,32767,32777,0,105,93
3,19,7,2,255,255,32767,32777,0,105,93
3,19,31,2,255,255,32767,32777,0,105,93
3,19,43,2,255,255,32767,32777,0,105,93
3,93,79,2,255,255,32767,32777,0,105,93
3,93,103,2,255,255,32767,32776,0,105,93
3,21,7,2,255,255,32767,32776,0,105,93
3,21,31,2,255,255,32767,32776,0,105,93
3,21,44,2,255,255,32767,32776,0,105,93
3,69,56,2,255,255,32767,32776,0,105,93
3,45,56,2,255,255,32767,32776,0,105,93
3,81,103,2,255,255,32767,32776,0,105,93
3,55,29,2,255,255,32767,32776,0,105,93
3,55,77,2,255,255,32767,32776,0,105,93
3,102,101,2,255,255,32767,32776,0,105,93
3,78,77,2,255,255,32767,32776,0,105,93
3,54,53,2,255,255,32767,32776,0,105,93
3,30,29,2,255,255,32767,32776,0,105,93
3,6,5,2,255,255,32767,32776,0,105,93
1,102,101,2,255,255,32767,32768,0,93,79
2,0,1,-1,255,255,32768,4096,0,84,74
3,91,84,0,255,255,32767,61440,0,105,93
4,96,84,-1,255,255,32768,32692,0,255,255
3,57,56,2,255,255,32767,32809,0,105,93
3,105,104,2,255,255,32767,32788,0,105,93
3,105,103,2,255,255,32767,32777,0,105,93
3,105,102,2,255,255,32767,32777,0,105,93
3,9,8,2,255,255,32767,32777,0,105,93
3,9,7,2,255,255,32767,32777,0,105,93
3,91,90,2,255,255,32767,32777,0,105,93
3,91,89,2,255,255,32767,32777,0,105,93
3,91,88,2,255,255,32767,32777,0,105,93
3,91,87,2,255,255,32767,32777,0,105,93
3,91,92,2,255,255,32767,32777,0,105,93
3,91,79,2,255,255,32767,32777,0,105,93
3,91,67,2,255,255,32767,32777,0,105,93
3,91,55,2,255,255,32767,32777,0,105,93
3,91,43,2,255,255,32767,32776,0,105,93
3,91,31,2,255,255,32767,32776,0,105,93
3,91,103,2,255,255,32767,32776,0,105,93
3,19,18,2,255,255,32767,32776,0,105,93
3,19,17,2,255,255,32767,32776,0,105,93
3,19,16,2,255,255,32767,32776,0,105,93
3,19,15,2,255,255,32767,32776,0,105,93
3,19,14,2,255,255,32767,32776,0,105,93
3,19,13,2,255,255,32767,32776,0,105,93
3,19,20,2,255,255,32767,32776,0,105,93
3,19,7,2,255,255,32767,32776,0,105,93
3,19,31,2,255,255,32767,32776,0,105,93
3,19,43,2,255,255,32767,32776,0,105,93
3,19,55,2,255,255,32767,32776,0,105,93
3,19,67,2,255,255,32767,32776,0,105,93
3,19,79,2,255,255,32767,32776,0,105,93
3,93,79,2,255,255,32767,32776,0,105,93
3,93,103,2,255,255,32767,32776,0,105,93
3,21,7,2,255,255,32767,32776,0,105,93
3,21,31,2,255,255,32767,32776,0,105,93
3,69,56,2,255,255,32767,32776,0,105,93
3,45,56,2,255,255,32767,32776,0,105,93
3,81,55,2,255,255,32767,32776,0,105,93
3,81,103,2,255,255,32767,32776,0,105,93
3,33,7,2,255,255,32767,32776,0,105,93
3,33,55,2,255,255,32767,32776,0,105,93
3,101,100,2,255,255,32767,32776,0,105,93
3,78,77,2,255,255,32767,32771,0,105,93
3,54,53,2,255,255,32767,32771,0,105,93
3,30,29,2,255,255,32767,32771,0,105,93
3,6,5,2,255,255,32767,32771,0,105,93
1,78,77,2,255,255,32767,32768,0,93,79
2,0,1,-1,255,255,32768,4096,0,84,74
3,91,84,0,255,255,32767,61440,0,105,93
4,96,84,-1,255,255,32768,32692,0,255,255
3,57,56,2,255,255,32767,32809,0,105,93
3,105,104,2,255,255,32767,32788,0,105,93
3,105,103,2,255,255,32767,32777,0,105,93
3,9,8,2,255,255,32767,32777,0,105,93
3,9,7,2,255,255,32767,32777,0,105,93
3,91,90,2,255,255,32767,32777,0,105,93
3,91,89,2,255,255,32767,32777,0,105,93
3,91,88,2,255,255,32767,32777,0,105,93
3,91,87,2,255,255,32767,32777,0,105,93
3,91,92,2,255,255,32767,32777,0,105,93
3,91,79,2,255,255,32767,32777,0,105,93
3,91,67,2,255,255,32767,32777,0,105,93
3,91,55,2,255,255,32767,32777,0,105,93
3,91,43,2,255,255,32767,32776,0,105,93
3,91,31,2,255,255,32767,32776,0,105,93
3,91,103,2,255,255,32767,32776,0,105,93
3,19,18,2,255,255,32767,32776,0,105,93
3,19,17,2,255,255,32767,32776,0,105,93
3,19,16,2,255,255,32767,32776,0,105,93
3,19,15,2,255,255,32767,32776,0,105,93
3,19,14,2,255,255,32767,32776,0,105,93
3,19,13,2,255,255,32767,32776,0,105,93
3,19,20,2,255,255,32767,32776,0,105,93
3,19,7,2,255,255,32767,32776,0,105,93
3,19,31,2,255,255,32767,32776,0,105,93
3,19,43,2,255,255,32767,32776,0,105,93
3,19,55,2,255,255,32767,32776,0,105,93
3,19,67,2,255,255,32767,32776,0,105,93
3,19,79,2,255,255,32767,32776,0,105,93
3,93,79,2,255,255,32767,32776,0,105,93
3,93,103,2,255,255,32767,32776,0,105,93
3,21,7,2,255,255,32767,32776,0,105,93
3,21,31,2,255,255,32767,32776,0,105,93
3,69,56,2,255,255,32767,32776,0,105,93
3,45,56,2,255,255,32767,32776,0,105,93
3,81,55,2,255,255,32767,32776,0,105,93
3,81,103,2,255,255,32767,32776,0,105,93
3,33,7,2,255,255,32767,32776,0,105,93
3,33,55,2,255,255,32767,32776,0,105,93
3,102,101,2,255,255,32767,32776,0,105,93
3,77,76,2,255,255,32767,32776,0,105,93
4,75,76,-1,255,255,32768,32768,0,255,255
5,91,84,-1,255,255,32767,32793,0,0,0
6,96,84,-1,255,255,32768,32699,0,0,0
3,54,53,2,255,255,32767,32776,0,105,93
3,30,29,2,255,255,32767,32776,0,105,93
3,6,5,2,255,255,32767,32776,0,105,93
1,54,53,2,255,255,32767,32768,0,93,79
2,50,53,-1,255,255,32768,4096,0,84,74
3,91,84,0,255,255,32767,61440,0,105,93
4,96,84,-1,255,255,32768,32681,0,255,255
3,57,56,2,255,255,32767,32798,0,105,93
3,105,104,2,255,255,32767,32777,0,105,93
4,86,93,-1,255,255,32768,32766,0,255,255
3,105,103,2,255,255,32767,32777,0,105,93
4,86,93,-1,255,255,32768,32767,0,255,255
3,9,8,2,255,255,32767,32777,0,105,93
4,86,93,-1,255,255,32768,32766,0,255,255
5,105,93,-1,255,255,32767,32860,0,0,0
2,0,1,-1,255,255,32768,32766,0,84,74
3,9,8,0,255,255,32767,61440,0,105,93
3,91,84,2,255,255,32767,32777,0,105,93
4,96,84,-1,255,255,32768,32692,0,255,255
3,57,56,2,255,255,32767,32777,0,105,93
3,105,104,2,255,255,32767,32777,0,105,93
3,105,103,2,255,255,32767,32777,0,105,93
3,9,7,2,255,255,32767,32777,0,105,93
3,91,90,2,255,255,32767,32777,0,105,93
3,91,89,2,255,255,32767,32777,0,105,93
3,91,88,2,255,255,32767,32777,0,105,93
3,91,87,2,255,255,32767,32777,0,105,93
3,91,92,2,255,255,32767,32777,0,105,93
3,91,79,2,255,255,32767,32777,0,105,93
3,91,67,2,255,255,32767,32777,0,105,93
3,91,55,2,255,255,32767,32777,0,105,93
3,91,43,2,255,255,32767,32776,0,105,93
3,91,31,2,255,255,32767,32776,0,105,93
3,91,103,2,255,255,32767,32776,0,105,93
3,19,18,2,255,255,32767,32776,0,105,93
3,19,17,2,255,255,32767,32776,0,105,93
3,19,16,2,255,255,32767,32776,0,105,93
3,19,15,2,255,255,32767,32776,0,105,93
3,19,14,2,255,255,32767,32776,0,105,93
3,19,13,2,255,255,32767,32776,0,105,93
3,19,20,2,255,255,32767,32776,0,105,93
3,19,7,2,255,255,32767,32776,0,105,93
3,19,31,2,255,255,32767,32776,0,105,93
3,19,43,2,255,255,32767,32776,0,105,93
3,19,55,2,255,255,32767,32776,0,105,93
3,19,67,2,255,255,32767,32776,0,105,93
3,19,79,2,255,255,32767,32776,0,105,93
3,93,79,2,255,255,32767,32776,0,105,93
3,93,103,2,255,255,32767,32776,0,105,93
3,21,7,2,255,255,32767,32776,0,105,93
3,21,31,2,255,255,32767,32776,0,105,93
3,69,56,2,255,255,32767,32776,0,105,93
3,45,56,2,255,255,32767,32776,0,105,93
3,81,55,2,255,255,32767,32776,0,105,93
3,81,103,2,255,255,32767,32776,0,105,93
3,33,7,2,255,255,32767,32776,0,105,93
3,33,55,2,255,255,32767,32776,0,105,93
3,102,101,2,255,255,32767,32776,0,105,93
3,78,77,2,255,255,32767,32776,0,105,93
3,53,52,2,255,255,32767,32776,0,105,93
4,50,52,-1,255,255,32768,32768,0,255,255
5,91,84,-1,255,255,32767,32785,0,0,0
6,96,84,-1,255,255,32768,32691,0,0,0
3,30,29,2,255,255,32767,32776,0,105,93
3,6,5,2,255,255,32767,32776,0,105,93
1,30,29,2,255,255,32767,32768,0,93,79
2,0,1,-1,255,255,32768,4096,0,84,74
3,9,8,0,255,255,32767,61440,0,105,93
3,91,84,2,255,255,32767,32777,0,105,93
4,96,84,-1,255,255,32768,32692,0,255,255
3,57,56,2,255,255,32767,32777,0,105,93
3,105,104,2,255,255,32767,32777,0,105,93
3,105,103,2,255,255,32767,32777,0,105,93
3,9,7,2,255,255,32767,32777,0,105,93
3,91,90,2,255,255,32767,32777,0,105,93
3,91,89,2,255,255,32767,32777,0,105,93
3,91,88,2,255,255,32767,32777,0,105,93
3,91,87,2,255,255,32767,32777,0,105,93
3,91,92,2,255,255,32767,32777,0,105,93
3,91,79,2,255,255,32767,32777,0,105,93
3,91,67,2,255,255,32767,32777,0,105,93
3,91,55,2,255,255,32767,32777,0,105,93
3,91,43,2,255,255,32767,32776,0,105,93
3,91,31,2,255,255,32767,32776,0,105,93
3,91,103,2,255,255,32767,32776,0,105,93
3,19,18,2,255,255,32767,32776,0,105,93
3,19,17,2,255,255,32767,32776,0,105,93
3,19,16,2,255,255,32767,32776,0,105,93
3,19,15,2,255,255,32767,32776,0,105,93
3,19,14,2,255,255,32767,32776,0,105,93
3,19,13,2,255,255,32767,32776,0,105,93
3,19,20,2,255,255,32767,32776,0,105,93
3,19,7,2,255,255,32767,32776,0,105,93
3,19,31,2,255,255,32767,32776,0,105,93
3,19,43,2,255,255,32767,32776,0,105,93
3,19,55,2,255,255,32767,32776,0,105,93
3,19,67,2,255,255,32767,32776,0,105,93
3,19,79,2,255,255,32767,32776,0,105,93
3,93,79,2,255,255,32767,32776,0,105,93
3,93,103,2,255,255,32767,32776,0,105,93
3,21,7,2,255,255,32767,32776,0,105,93
3,21,31,2,255,255,32767,32776,0,105,93
3,69,56,2,255,255,32767,32776,0,105,93
3,45,56,2,255,255,32767,32776,0,105,93
3,81,55,2,255,255,32767,32776,0,105,93
3,81,103,2,255,255,32767,32776,0,105,93
3,33,7,2,255,255,32767,32776,0,105,93
3,33,55,2,255,255,32767,32776,0,105,93
3,102,101,2,255,255,32767,32776,0,105,93
3,78,77,2,255,255,32767,32776,0,105,93
3,54,53,2,255,255,32767,32776,0,105,93
3,29,28,2,255,255,32767,32776,0,105,93
4,27,28,-1,255,255,32768,32768,0,255,255
5,91,84,-1,255,255,32767,32793,0,0,0
6,96,84,-1,255,255,32768,32699,0,0,0
3,6,5,2,255,255,32767,32776,0,105,93
1,6,5,2,255,255,32767,32768,0,93,79
2,0,1,-1,255,255,32768,4096,0,84,74
3,9,8,0,255,255,32767,61440,0,105,93
3,91,84,2,255,255,32767,32777,0,105,93
4,96,84,-1,255,255,32768,32692,0,255,255
3,57,56,2,255,255,32767,32777,0,105,93
3,105,104,2,255,255,32767,32777,0,105,93
3,105,103,2,255,255,32767,32777,0,105,93
3,9,7,2,255,255,32767,32777,0,105,93
3,9,6,2,255,255,32767,32777,0,105,93
3,91,90,2,255,255,32767,32777,0,105,93
3,91,89,2,255,255,32767,32777,0,105,93
3,91,88,2,255,255,32767,32777,0,105,93
3,91,87,2,255,255,32767,32777,0,105,93
3,91,92,2,255,255,32767,32777,0,105,93
3,91,79,2,255,255,32767,32777,0,105,93
3,91,67,2,255,255,32767,32777,0,105,93
3,91,55,2,255,255,32767,32777,0,105,93
3,91,43,2,255,255,32767,32776,0,105,93
3,91,31,2,255,255,32767,32776,0,105,93
3,91,103,2,255,255,32767,32776,0,105,93
3,19,18,2,255,255,32767,32776,0,105,93
3,19,17,2,255,255,32767,32776,0,105,93
3,19,16,2,255,255,32767,32776,0,105,93
3,19,15,2,255,255,32767,32776,0,105,93
3,19,14,2,255,255,32767,32776,0,105,93
3,19,13,2,255,255,32767,32776,0,105,93
3,19,20,2,255,255,32767,32776,0,105,93
3,19,7,2,255,255,32767,32776,0,105,93
3,19,31,2,255,255,32767,32776,0,105,93
3,19,43,2,255,255,32767,32776,0,105,93
3,19,55,2,255,255,32767,32776,0,105,93
3,19,67,2,255,255,32767,32776,0,105,93
3,19,79,2,255,255,32767,32776,0,105,93
3,93,79,2,255,255,32767,32776,0,105,93
3,93,103,2,255,255,32767,32776,0,105,93
3,21,7,2,255,255,32767,32776,0,105,93
3,21,31,2,255,255,32767,32776,0,105,93
3,69,56,2,255,255,32767,32776,0,105,93
3,45,56,2,255,255,32767,32776,0,105,93
3,81,55,2,255,255,32767,32776,0,105,93
3,81,103,2,255,255,32767,32776,0,105,93
3,33,7,2,255,255,32767,32776,0,105,93
3,33,55,2,255,255,32767,32776,0,105,93
3,102,101,2,255,255,32767,32776,0,105,93
3,78,77,2,255,255,32767,32776,0,105,93
3,54,53,2,255,255,32767,32776,0,105,93
3,30,29,2,255,255,32767,32776,0,105,93
3,5,4,2,255,255,32767,32776,0,105,93
0,14,62,-1,86,50,32768,32768,0,86,50
1,91,55,-1,255,255,32769,61440,0,93,79
2,0,1,-1,255,255,32768,4096,0,84,74
3,9,8,0,255,255,32769,61440,0,105,93
2,48,49,2,255,255,32768,32760,0,84,74
3,9,8,-1,255,255,32769,61440,0,105,93
2,96,97,2,255,255,32768,32760,0,84,74
3,9,8,-1,255,255,32769,61440,0,105,93
2,96,98,2,255,255,32768,32760,0,84,74
3,9,8,-1,255,255,32769,61440,0,105,93
2,0,2,2,255,255,32768,32760,0,84,74
3,9,8,-1,255,255,32769,61440,0,105,93
2,86,85,2,255,255,32768,32760,0,84,74
3,9,8,-1,255,255,32769,61440,0,105,93
2,86,87,2,255,255,32768,32760,0,84,74
3,9,8,-1,255,255,32769,61440,0,105,93
2,86,88,2,255,255,32768,32760,0,84,74
3,9,8,-1,255,255,32769,61440,0,105,93
2,86,89,2,255,255,32768,32760,0,84,74
3,9,8,-1,255,255,32769,61440,0,105,93
2,86,90,2,255,255,32768,32760,0,84,74
3,9,8,-1,255,255,32769,61440,0,105,93
4,90,54,2,255,255,32768,32749,0,255,255
5,55,51,-29,255,255,32769,61440,0,0,0
6,54,102,2,255,255,32768,32761,0,0,0
6,54,6,2,255,255,32768,32763,0,0,0
2,86,91,2,255,255,32768,32763,0,84,74
3,19,91,-1,255,255,32769,61440,0,105,93
2,86,92,2,255,255,32768,32763,0,84,74
3,9,8,-1,255,255,32769,61440,0,105,93
2,86,74,2,255,255,32768,32763,0,84,74
3,9,8,-1,255,255,32769,61440,0,105,93
4,74,78,2,255,255,32768,32751,0,255,255
2,86,98,2,255,255,32768,32763,0,84,74
3,9,8,-1,255,255,32769,61440,0,105,93
4,98,102,2,255,255,32768,32751,0,255,255
2,62,61,2,255,255,32768,32763,0,84,74
3,9,8,-1,255,255,32769,61440,0,105,93
2,62,63,2,255,255,32768,32763,0,84,74
3,9,8,-1,255,255,32769,61440,0,105,93
2,62,64,2,255,255,32768,32763,0,84,74
3,9,8,-1,255,255,32769,61440,0,105,93
2,62,65,2,255,255,32768,32763,0,84,74
3,9,8,-1,255,255,32769,61440,0,105,93
2,62,66,2,255,255,32768,32763,0,84,74
3,9,8,-1,255,255,32769,61440,0,105,93
4,66,102,2,255,255,32768,32748,0,255,255
4,66,30,2,255,255,32768,32752,0,255,255
2,62,67,2,255,255,32768,32763,0,84,74
3,19,67,-1,255,255,32769,61440,0,105,93
2,62,68,2,255,255,32768,32763,0,84,74
3,9,8,-1,255,255,32769,61440,0,105,93
2,62,50,2,255,255,32768,32763,0,84,74
3,9,8,-1,255,255,32769,61440,0,105,93
4,50,54,2,255,255,32768,32759,0,255,255
5,55,51,-29,255,255,32769,61440,0,0,0
6,54,102,2,255,255,32768,32759,0,0,0
6,54,6,2,255,255,32768,32761,0,0,0
2,62,38,2,255,255,32768,32763,0,84,74
3,9,8,-1,255,255,32769,61440,0,105,93
2,62,26,2,255,255,32768,32763,0,84,74
3,9,8,-1,255,255,32769,61440,0,105,93
4,26,30,2,255,255,32768,32749,0,255,255
2,62,2,2,255,255,32768,32763,0,84,74
3,9,8,-1,255,255,32769,61440,0,105,93
4,2,6,2,255,255,32768,32749,0,255,255
2,62,74,2,255,255,32768,32763,0,84,74
3,9,8,-1,255,255,32769,61440,0,105,93
4,74,78,2,255,255,32768,32749,0,255,255
2,84,74,2,255,255,32768,32763,0,84,74
3,9,8,-1,255,255,32769,61440,0,105,93
2,84,98,2,255,255,32768,32763,0,84,74
3,9,8,-1,255,255,32769,61440,0,105,93
2,12,2,2,255,255,32768,32763,0,84,74
3,9,8,-1,255,255,32769,61440,0,105,93
2,12,26,2,255,255,32768,32763,0,84,74
3,9,8,-1,255,255,32769,61440,0,105,93
2,60,49,2,255,255,32768,32763,0,84,74
3,9,8,-1,255,255,32769,61440,0,105,93
2,36,49,2,255,255,32768,32763,0,84,74
3,9,8,-1,255,255,32769,61440,0,105,93
2,72,50,2,255,255,32768,32763,0,84,74
3,9,8,-1,255,255,32769,61440,0,105,93
2,72,98,2,255,255,32768,32763,0,84,74
3,9,8,-1,255,255,32769,61440,0,105,93
2,24,2,2,255,255,32768,32763,0,84,74
3,9,8,-1,255,255,32769,61440,0,105,93
2,24,50,2,255,255,32768,32763,0,84,74
3,9,8,-1,255,255,32769,61440,0,105,93
2,99,100,2,255,255,32768,32763,0,84,74
3,9,8,-1,255,255,32769,61440,0,105,93
2,75,76,2,255,255,32768,32763,0,84,74
3,9,8,-1,255,255,32769,61440,0,105,93
2,51,52,2,255,255,32768,32763,0,84,74
3,55,52,-1,255,255,32769,61440,0,105,93
2,27,28,2,255,255,32768,32763,0,84,74
3,9,8,-1,255,255,32769,61440,0,105,93
2,3,4,2,255,255,32768,32763,0,84,74
3,9,8,-1,255,255,32769,61440,0,105,93
0,14,74,-1,86,50,32768,32768,0,86,50
1,91,55,-1,255,255,32769,61440,0,93,79
2,0,1,-1,255,255,32768,4096,0,84,74
3,9,8,-1,255,255,32769,61440,0,105,93
4,74,78,2,255,255,32768,32758,0,255,255
2,74,78,2,255,255,32768,32761,0,84,74
3,9,8,-1,255,255,32769,61440,0,105,93
4,78,30,2,255,255,32768,32752,0,255,255
2,48,49,2,255,255,32768,32761,0,84,74
3,9,8,-1,255,255,32769,61440,0,105,93
4,74,78,2,255,255,32768,32747,0,255,255
2,96,97,2,255,255,32768,32761,0,84,74
3,9,8,-1,255,255,32769,61440,0,105,93
4,74,78,2,255,255,32768,32758,0,255,255
2,96,98,2,255,255,32768,32761,0,84,74
3,9,8,-1,255,255,32769,61440,0,105,93
4,74,78,2,255,255,32768,32757,0,255,255
2,0,2,2,255,255,32768,32761,0,84,74
3,9,8,-1,255,255,32769,61440,0,105,93
4,74,78,2,255,255,32768,32757,0,255,255
2,86,85,2,255,255,32768,32761,0,84,74
3,9,8,-1,255,255,32769,61440,0,105,93
4,74,78,2,255,255,32768,32749,0,255,255
2,86,87,2,255,255,32768,32761,0,84,74
3,9,8,-1,255,255,32769,61440,0,105,93
4,74,78,2,255,255,32768,32748,0,255,255
2,86,88,2,255,255,32768,32761,0,84,74
3,9,8,-1,255,255,32769,61440,0,105,93
4,74,78,2,255,255,32768,32748,0,255,255
2,86,89,2,255,255,32768,32761,0,84,74
3,9,8,-1,255,255,32769,61440,0,105,93
4,74,78,2,255,255,32768,32747,0,255,255
2,86,90,2,255,255,32768,32761,0,84,74
3,9,8,-1,255,255,32769,61440,0,105,93
4,74,78,2,255,255,32768,32747,0,255,255
4,90,54,2,255,255,32768,32750,0,255,255
5,55,51,-29,255,255,32769,61440,0,0,0
6,54,102,2,255,255,32768,32759,0,0,0
6,74,78,2,255,255,32768,32761,0,0,0
6,54,6,2,255,255,32768,32762,0,0,0
2,86,91,2,255,255,32768,32762,0,84,74
3,19,91,-1,255,255,32769,61440,0,105,93
4,74,78,2,255,255,32768,32649,0,255,255
2,86,92,2,255,255,32768,32762,0,84,74
3,9,8,-1,255,255,32769,61440,0,105,93
4,74,78,2,255,255,32768,32747,0,255,255
2,86,98,2,255,255,32768,32762,0,84,74
3,9,8,-1,255,255,32769,61440,0,105,93
4,98,102,2,255,255,32768,32749,0,255,255
4,74,78,2,255,255,32768,32752,0,255,255
2,74,73,2,255,255,32768,32762,0,84,74
3,9,8,-1,255,255,32769,61440,0,105,93
4,73,78,2,255,255,32768,32749,0,255,255
2,74,62,2,255,255,32768,32762,0,84,74
3,9,8,-1,255,255,32769,61440,0,105,93
2,74,50,2,255,255,32768,32762,0,84,74
3,9,8,-1,255,255,32769,61440,0,105,93
4,50,54,2,255,255,32768,32759,0,255,255
5,55,51,-29,255,255,32769,61440,0,0,0
6,54,102,2,255,255,32768,32759,0,0,0
6,54,6,2,255,255,32768,32761,0,0,0
2,74,38,2,255,255,32768,32762,0,84,74
3,9,8,-1,255,255,32769,61440,0,105,93
2,74,26,2,255,255,32768,32762,0,84,74
3,9,8,-1,255,255,32769,61440,0,105,93
4,26,30,2,255,255,32768,32749,0,255,255
2,74,2,2,255,255,32768,32762,0,84,74
3,9,8,-1,255,255,32769,61440,0,105,93
4,2,6,2,255,255,32768,32749,0,255,255
2,84,98,2,255,255,32768,32762,0,84,74
3,9,8,-1,255,255,32769,61440,0,105,93
4,74,78,2,255,255,32768,32757,0,255,255
2,12,2,2,255,255,32768,32762,0,84,74
3,9,8,-1,255,255,32769,61440,0,105,93
4,74,78,2,255,255,32768,32757,0,255,255
2,12,26,2,255,255,32768,32762,0,84,74
3,9,8,-1,255,255,32769,61440,0,105,93
4,74,78,2,255,255,32768,32759,0,255,255
2,60,49,2,255,255,32768,32762,0,84,74
3,9,8,-1,255,255,32769,61440,0,105,93
4,74,78,2,255,255,32768,32750,0,255,255
2,36,49,2,255,255,32768,32762,0,84,74
3,9,8,-1,255,255,32769,61440,0,105,93
4,74,78,2,255,255,32768,32750,0,255,255
2,72,50,2,255,255,32768,32762,0,84,74
3,9,8,-1,255,255,32769,61440,0,105,93
4,74,78,2,255,255,32768,32750,0,255,255
2,72,98,2,255,255,32768,32762,0,84,74
3,9,8,-1,255,255,32769,61440,0,105,93
4,74,78,2,255,255,32768,32748,0,255,255
2,24,2,2,255,255,32768,32762,0,84,74
3,9,8,-1,255,255,32769,61440,0,105,93
4,74,78,2,255,255,32768,32748,0,255,255
2,24,50,2,255,255,32768,32762,0,84,74
3,9,8,-1,255,255,32769,61440,0,105,93
4,74,78,2,255,255,32768,32750,0,255,255
2,99,100,2,255,255,32768,32762,0,84,74
3,9,8,-1,255,255,32769,61440,0,105,93
4,74,78,2,255,255,32768,32750,0,255,255
2,75,76,2,255,255,32768,32762,0,84,74
3,9,8,-1,255,255,32769,61440,0,105,93
4,74,78,2,255,255,32768,32750,0,255,255
2,51,52,2,255,255,32768,32762,0,84,74
3,55,52,-1,255,255,32769,61440,0,105,93
4,74,78,2,255,255,32768,32761,0,255,255
2,27,28,2,255,255,32768,32764,0,84,74
3,9,8,-1,255,255,32769,61440,0,105,93
4,74,78,2,255,255,32768,32750,0,255,255
2,3,4,2,255,255,32768,32764,0,84,74
3,9,8,-1,255,255,32769,61440,0,105,93
4,74,78,2,255,255,32768,32750,0,255,255
0,84,74,-1,86,50,32768,32768,0,86,50
1,91,55,-1,255,255,32769,61440,0,93,79
2,0,1,-1,255,255,32768,4096,0,84,74
3,9,8,-1,255,255,32769,61440,0,105,93
4,14,21,2,255,255,32768,32768,0,255,255
5,55,51,2,255,255,32769,32862,0,0,0
3,19,12,2,255,255,32769,32862,0,105,93
2,14,21,2,255,255,32768,32683,0,84,74
3,9,21,-1,255,255,32769,61440,0,105,93
2,48,49,2,255,255,32768,32745,0,84,74
3,9,8,-1,255,255,32769,61440,0,105,93
4,14,21,0,255,255,32768,32757,0,255,255
5,55,51,2,255,255,32769,32851,0,0,0
3,19,12,0,255,255,32769,32851,0,105,93
4,0,12,-1,255,255,32768,32672,0,255,255
5,55,51,2,255,255,32769,32789,0,0,0
3,55,51,2,255,255,32769,32789,0,105,93
3,57,56,2,255,255,32769,32769,0,105,93
4,14,21,-1,255,255,32768,32768,0,255,255
5,9,21,-1,255,255,32769,32862,0,0,0
2,96,97,2,255,255,32768,32768,0,84,74
3,9,8,-1,255,255,32769,61440,0,105,93
4,14,21,-1,255,255,32768,32768,0,255,255
5,55,51,2,255,255,32769,32862,0,0,0
3,57,56,0,255,255,32769,32862,0,105,93
3,19,12,2,255,255,32769,32779,0,105,93
4,0,12,-1,255,255,32768,32683,0,255,255
5,55,51,2,255,255,32769,32800,0,0,0
3,55,51,2,255,255,32769,32779,0,105,93
3,105,104,2,255,255,32769,32779,0,105,93
4,14,21,-1,255,255,32768,32768,0,255,255
5,9,21,-1,255,255,32769,32862,0,0,0
2,96,98,2,255,255,32768,32768,0,84,74
3,9,8,-1,255,255,32769,61440,0,105,93
4,14,21,-1,255,255,32768,32767,0,255,255
5,55,51,2,255,255,32769,32861,0,0,0
3,105,104,0,255,255,32769,32861,0,105,93
4,14,21,-1,255,255,32768,32767,0,255,255
5,9,21,-1,255,255,32769,32861,0,0,0
2,96,84,2,255,255,32768,32768,0,84,74
3,105,104,-1,255,255,32769,61440,0,105,93
3,9,8,0,255,255,32769,32769,0,105,93
3,19,12,2,255,255,32769,32769,0,105,93
4,0,12,-1,255,255,32768,32684,0,255,255
5,55,51,2,255,255,32769,32801,0,0,0
3,55,51,2,255,255,32769,32769,0,105,93
3,57,56,2,255,255,32769,32769,0,105,93
3,105,103,2,255,255,32769,32769,0,105,93
3,9,7,2,255,255,32769,32769,0,105,93
3,55,56,2,255,255,32769,32769,0,105,93
3,55,43,2,255,255,32769,32769,0,105,93
3,55,31,2,255,255,32769,32769,0,105,93
3,55,67,2,255,255,32769,32769,0,105,93
3,55,79,2,255,255,32769,32769,0,105,93
3,55,91,2,255,255,32769,32769,0,105,93
3,55,103,2,255,255,32769,32769,0,105,93
3,19,18,2,255,255,32769,32769,0,105,93
3,19,17,2,255,255,32769,32769,0,105,93
3,19,16,2,255,255,32769,32769,0,105,93
3,19,15,2,255,255,32769,32769,0,105,93
3,19,20,2,255,255,32769,32769,0,105,93
3,19,7,2,255,255,32769,32769,0,105,93
3,19,31,2,255,255,32769,32769,0,105,93
3,19,43,2,255,255,32769,32769,0,105,93
3,93,79,2,255,255,32769,32769,0,105,93
4,14,21,-1,255,255,32768,32768,0,255,255
5,9,21,-1,255,255,32769,32862,0,0,0
2,0,2,2,255,255,32768,32768,0,84,74
3,105,104,-1,255,255,32769,61440,0,105,93
4,14,21,-1,255,255,32768,32767,0,255,255
5,9,21,-1,255,255,32769,32861,0,0,0
2,86,85,2,255,255,32768,32768,0,84,74
3,105,104,-1,255,255,32769,61440,0,105,93
4,14,21,-1,255,255,32768,32759,0,255,255
5,9,21,-1,255,255,32769,32853,0,0,0
2,86,84,2,255,255,32768,32768,0,84,74
3,105,104,-1,255,255,32769,61440,0,105,93
4,14,21,-1,255,255,32768,32758,0,255,255
5,9,21,-1,255,255,32769,32852,0,0,0
2,86,87,2,255,255,32768,32768,0,84,74
3,105,104,-1,255,255,32769,61440,0,105,93
4,14,21,-1,255,255,32768,32758,0,255,255
5,9,21,-1,255,255,32769,32852,0,0,0
2,86,88,2,255,255,32768,32768,0,84,74
3,105,104,-1,255,255,32769,61440,0,105,93
4,14,21,-1,255,255,32768,32758,0,255,255
5,9,21,-1,255,255,32769,32852,0,0,0
2,86,89,2,255,255,32768,32768,0,84,74
3,105,104,-1,255,255,32769,61440,0,105,93
4,14,21,-1,255,255,32768,32757,0,255,255
5,9,21,-1,255,255,32769,32851,0,0,0
2,86,90,2,255,255,32768,32768,0,84,74
3,105,104,-1,255,255,32769,61440,0,105,93
4,14,21,-1,255,255,32768,32757,0,255,255
5,9,21,-1,255,255,32769,32851,0,0,0
4,90,54,2,255,255,32768,32757,0,255,255
5,19,12,-29,255,255,32769,61440,0,0,0
5,55,51,-29,255,255,32769,61440,0,0,0
5,57,56,-29,255,255,32769,32769,0,0,0
5,104,103,-29,255,255,32769,32769,0,0,0
5,104,105,-29,255,255,32769,32769,0,0,0
5,104,92,-29,255,255,32769,32769,0,0,0
5,104,80,-29,255,255,32769,32769,0,0,0
5,104,68,-29,255,255,32769,32769,0,0,0
5,104,56,-29,255,255,32769,32769,0,0,0
6,54,56,-1,255,255,32768,32768,0,0,0
7,57,56,-1,255,255,32769,32991,0,0,0
7,69,56,-1,255,255,32769,32887,0,0,0
7,45,56,-1,255,255,32769,32884,0,0,0
7,55,48,-1,255,255,32769,32884,0,0,0
6,54,56,2,255,255,32768,32768,0,0,0
7,57,56,-1,255,255,32769,32991,0,0,0
7,69,56,-1,255,255,32769,32887,0,0,0
7,45,56,-1,255,255,32769,32884,0,0,0
7,55,48,-1,255,255,32769,32884,0,0,0
6,14,21,2,255,255,32768,32768,0,0,0
7,9,21,-1,255,255,32769,32862,0,0,0
8,54,56,1,255,255,32768,32745,0,255,255
9,57,56,-1,255,255,32769,32968,0,255,255
9,69,56,-1,255,255,32769,32864,0,255,255
9,45,56,-1,255,255,32769,32861,0,255,255
9,55,48,1,255,255,32769,32861,0,255,255
6,54,102,2,255,255,32768,32768,0,0,0
7,55,48,-1,255,255,32769,32770,0,0,0
6,54,6,2,255,255,32768,32768,0,0,0
7,9,6,-1,255,255,32769,32770,0,0,0
2,86,91,2,255,255,32768,32768,0,84,74
3,19,91,-1,255,255,32769,61440,0,105,93
2,86,92,2,255,255,32768,32768,0,84,74
3,105,104,-1,255,255,32769,61440,0,105,93
4,14,21,-1,255,255,32768,32757,0,255,255
5,9,21,-1,255,255,32769,32851,0,0,0
2,86,98,2,255,255,32768,32768,0,84,74
3,105,104,-1,255,255,32769,61440,0,105,93
4,14,21,-1,255,255,32768,32759,0,255,255
5,9,21,-1,255,255,32769,32853,0,0,0
4,98,102,2,255,255,32768,32759,0,255,255
2,14,13,2,255,255,32768,32768,0,84,74
3,105,104,-1,255,255,32769,61440,0,105,93
4,13,21,2,255,255,32768,32759,0,255,255
5,9,21,-1,255,255,32769,32853,0,0,0
2,14,15,2,255,255,32768,32768,0,84,74
3,105,104,-1,255,255,32769,61440,0,105,93
4,15,21,2,255,255,32768,32758,0,255,255
5,9,21,-1,255,255,32769,32853,0,0,0
2,14,16,2,255,255,32768,32768,0,84,74
3,105,104,-1,255,255,32769,61440,0,105,93
4,16,21,2,255,255,32768,32758,0,255,255
5,9,21,-1,255,255,32769,32853,0,0,0
2,14,17,2,255,255,32768,32768,0,84,74
3,105,104,-1,255,255,32769,61440,0,105,93
4,17,21,2,255,255,32768,32757,0,255,255
5,9,21,-1,255,255,32769,32853,0,0,0
2,14,18,2,255,255,32768,32768,0,84,74
3,105,104,-1,255,255,32769,61440,0,105,93
4,18,21,2,255,255,32768,32757,0,255,255
5,9,21,-1,255,255,32769,32853,0,0,0
4,18,54,2,255,255,32768,32757,0,255,255
5,55,51,-29,255,255,32769,61440,0,0,0
5,57,56,-29,255,255,32769,32769,0,0,0
5,104,103,-29,255,255,32769,32769,0,0,0
5,104,105,-29,255,255,32769,32769,0,0,0
5,104,92,-29,255,255,32769,32769,0,0,0
5,104,80,-29,255,255,32769,32769,0,0,0
5,104,68,-29,255,255,32769,32769,0,0,0
5,104,56,-29,255,255,32769,32769,0,0,0
6,54,56,-1,255,255,32768,32768,0,0,0
7,57,56,-1,255,255,32769,32991,0,0,0
7,69,56,-1,255,255,32769,32887,0,0,0
7,45,56,-1,255,255,32769,32884,0,0,0
7,55,48,-1,255,255,32769,32884,0,0,0
6,54,56,2,255,255,32768,32768,0,0,0
7,57,56,-1,255,255,32769,32991,0,0,0
7,69,56,-1,255,255,32769,32887,0,0,0
7,45,56,-1,255,255,32769,32884,0,0,0
7,55,48,-1,255,255,32769,32884,0,0,0
6,54,102,2,255,255,32768,32768,0,0,0
7,55,48,-1,255,255,32769,32770,0,0,0
6,54,6,2,255,255,32768,32768,0,0,0
7,9,6,-1,255,255,32769,32770,0,0,0
2,14,2,2,255,255,32768,32768,0,84,74
3,105,104,-1,255,255,32769,61440,0,105,93
4,2,6,2,255,255,32768,32759,0,255,255
2,14,26,2,255,255,32768,32768,0,84,74
3,105,104,-1,255,255,32769,61440,0,105,93
4,26,30,2,255,255,32768,32759,0,255,255
2,14,38,2,255,255,32768,32768,0,84,74
3,105,104,-1,255,255,32769,61440,0,105,93
2,14,50,2,255,255,32768,32768,0,84,74
3,105,104,-1,255,255,32769,61440,0,105,93
3,93,79,0,255,255,32769,32769,0,105,93
4,50,54,2,255,255,32768,32768,0,255,255
5,79,54,-32,255,255,32769,61440,0,0,0
2,14,62,2,255,255,32768,32768,0,84,74
3,93,79,-1,255,255,32769,61440,0,105,93
2,74,49,2,255,255,32768,32768,0,84,74
3,93,79,-1,255,255,32769,61440,0,105,93
4,14,21,-1,255,255,32768,32730,0,255,255
5,9,21,-1,255,255,32769,32824,0,0,0
2,12,2,2,255,255,32768,32768,0,84,74
3,93,79,-1,255,255,32769,61440,0,105,93
4,14,21,-1,255,255,32768,32766,0,255,255
5,9,21,-1,255,255,32769,32860,0,0,0
2,12,26,2,255,255,32768,32768,0,84,74
3,93,79,-1,255,255,32769,61440,0,105,93
4,14,21,-1,255,255,32768,32768,0,255,255
5,9,21,-1,255,255,32769,32862,0,0,0
2,60,49,2,255,255,32768,32768,0,84,74
3,93,79,-1,255,255,32769,61440,0,105,93
4,14,21,-1,255,255,32768,32759,0,255,255
5,9,21,-1,255,255,32769,32853,0,0,0
2,36,49,2,255,255,32768,32768,0,84,74
3,93,79,-1,255,255,32769,61440,0,105,93
4,14,21,-1,255,255,32768,32759,0,255,255
5,9,21,-1,255,255,32769,32853,0,0,0
2,72,50,2,255,255,32768,32768,0,84,74
3,93,79,-1,255,255,32769,61440,0,105,93
4,14,21,-1,255,255,32768,32759,0,255,255
5,9,21,-1,255,255,32769,32853,0,0,0
2,72,98,2,255,255,32768,32768,0,84,74
3,93,79,-1,255,255,32769,61440,0,105,93
4,14,21,-1,255,255,32768,32757,0,255,255
5,9,21,-1,255,255,32769,32851,0,0,0
2,24,2,2,255,255,32768,32768,0,84,74
3,93,79,-1,255,255,32769,61440,0,105,93
4,14,21,-1,255,255,32768,32757,0,255,255
5,9,21,-1,255,255,32769,32851,0,0,0
2,24,50,2,255,255,32768,32768,0,84,74
3,93,79,-1,255,255,32769,61440,0,105,93
4,14,21,-1,255,255,32768,32759,0,255,255
5,9,21,-1,255,255,32769,32853,0,0,0
2,99,100,2,255,255,32768,32768,0,84,74
3,93,79,-1,255,255,32769,61440,0,105,93
4,14,21,-1,255,255,32768,32759,0,255,255
5,9,21,-1,255,255,32769,32853,0,0,0
2,75,76,2,255,255,32768,32768,0,84,74
3,93,79,-1,255,255,32769,61440,0,105,93
4,14,21,-1,255,255,32768,32759,0,255,255
5,9,21,-1,255,255,32769,32853,0,0,0
2,51,52,2,255,255,32768,32768,0,84,74
3,55,52,-1,255,255,32769,61440,0,105,93
3,93,79,-1,255,255,32769,32771,0,105,93
4,14,21,-1,255,255,32768,32759,0,255,255
5,9,21,-1,255,255,32769,32853,0,0,0
2,27,28,2,255,255,32768,32768,0,84,74
3,93,79,-1,255,255,32769,61440,0,105,93
4,14,21,-1,255,255,32768,32759,0,255,255
5,9,21,-1,255,255,32769,32853,0,0,0
2,3,4,2,255,255,32768,32768,0,84,74
3,93,79,-1,255,255,32769,61440,0,105,93
4,14,21,-1,255,255,32768,32759,0,255,255
5,9,21,-1,255,255,32769,32853,0,0,0
0,84,98,-1,86,50,32768,32768,0,86,50
1,91,55,-1,255,255,32769,61440,0,93,79
2,0,1,-1,255,255,32768,4096,0,84,74
3,93,79,-1,255,255,32769,61440,0,105,93
4,14,21,-1,255,255,32768,32765,0,255,255
5,9,21,-1,255,255,32769,32859,0,0,0
2,14,21,2,255,255,32768,32765,0,84,74
3,9,21,-1,255,255,32769,61440,0,105,93
2,48,49,2,255,255,32768,32765,0,84,74
3,93,79,-1,255,255,32769,61440,0,105,93
4,14,21,-1,255,255,32768,32754,0,255,255
5,9,21,-1,255,255,32769,32848,0,0,0
2,96,97,2,255,255,32768,32765,0,84,74
3,93,79,-1,255,255,32769,61440,0,105,93
4,14,21,-1,255,255,32768,32765,0,255,255
5,9,21,-1,255,255,32769,32859,0,0,0
2,96,84,2,255,255,32768,32765,0,84,74
3,93,79,-1,255,255,32769,61440,0,105,93
4,14,21,-1,255,255,32768,32766,0,255,255
5,9,21,-1,255,255,32769,32860,0,0,0
2,0,2,2,255,255,32768,32766,0,84,74
3,93,79,-1,255,255,32769,61440,0,105,93
4,14,21,-1,255,255,32768,32764,0,255,255
5,9,21,-1,255,255,32769,32858,0,0,0
2,86,85,2,255,255,32768,32766,0,84,74
3,93,79,-1,255,255,32769,61440,0,105,93
4,14,21,-1,255,255,32768,32756,0,255,255
5,9,21,-1,255,255,32769,32850,0,0,0
2,86,84,2,255,255,32768,32766,0,84,74
3,93,79,-1,255,255,32769,61440,0,105,93
4,14,21,-1,255,255,32768,32755,0,255,255
5,9,21,-1,255,255,32769,32849,0,0,0
2,86,87,2,255,255,32768,32766,0,84,74
3,93,79,-1,255,255,32769,61440,0,105,93
4,14,21,-1,255,255,32768,32755,0,255,255
5,9,21,-1,255,255,32769,32849,0,0,0
2,86,88,2,255,255,32768,32766,0,84,74
3,93,79,-1,255,255,32769,61440,0,105,93
4,14,21,-1,255,255,32768,32755,0,255,255
5,9,21,-1,255,255,32769,32849,0,0,0
2,86,89,2,255,255,32768,32766,0,84,74
3,93,79,-1,255,255,32769,61440,0,105,93
4,14,21,-1,255,255,32768,32754,0,255,255
5,9,21,-1,255,255,32769,32848,0,0,0
2,86,90,2,255,255,32768,32766,0,84,74
3,93,79,-1,255,255,32769,61440,0,105,93
4,14,21,-1,255,255,32768,32754,0,255,255
5,9,21,-1,255,255,32769,32848,0,0,0
4,90,54,2,255,255,32768,32754,0,255,255
5,79,54,-32,255,255,32769,61440,0,0,0
6,14,21,2,255,255,32768,32647,0,0,0
2,86,91,2,255,255,32768,32766,0,84,74
3,19,91,-1,255,255,32769,61440,0,105,93
2,86,92,2,255,255,32768,32766,0,84,74
3,105,104,0,255,255,32769,61440,0,105,93
4,14,21,-1,255,255,32768,32755,0,255,255
5,9,21,-1,255,255,32769,32849,0,0,0
2,86,74,2,255,255,32768,32766,0,84,74
3,105,104,-1,255,255,32769,61440,0,105,93
4,14,21,-1,255,255,32768,32757,0,255,255
5,9,21,-1,255,255,32769,32851,0,0,0
4,74,78,2,255,255,32768,32757,0,255,255
2,86,62,2,255,255,32768,32766,0,84,74
3,105,104,-1,255,255,32769,61440,0,105,93
4,14,21,-1,255,255,32768,32759,0,255,255
5,9,21,-1,255,255,32769,32853,0,0,0
2,86,50,2,255,255,32768,32766,0,84,74
3,105,104,-1,255,255,32769,61440,0,105,93
4,14,21,-1,255,255,32768,32767,0,255,255
5,9,21,-1,255,255,32769,32861,0,0,0
4,50,54,2,255,255,32768,32767,0,255,255
5,19,12,-29,255,255,32769,61440,0,0,0
5,55,51,-29,255,255,32769,61440,0,0,0
6,14,21,2,255,255,32768,32767,0,0,0
7,9,21,-1,255,255,32769,32861,0,0,0
6,54,102,2,255,255,32768,32767,0,0,0
7,104,102,-1,255,255,32769,32769,0,0,0
6,54,6,2,255,255,32768,32767,0,0,0
7,9,6,-1,255,255,32769,32769,0,0,0
2,86,38,2,255,255,32768,32767,0,84,74
3,105,104,-1,255,255,32769,61440,0,105,93
4,14,21,-1,255,255,32768,32759,0,255,255
5,9,21,-1,255,255,32769,32853,0,0,0
2,86,26,2,255,255,32768,32767,0,84,74
3,105,104,-1,255,255,32769,61440,0,105,93
4,14,21,-1,255,255,32768,32757,0,255,255
5,9,21,-1,255,255,32769,32851,0,0,0
6,26,30,-1,255,255,32768,32734,0,0,0
4,26,30,2,255,255,32768,32757,0,255,255
2,14,13,2,255,255,32768,32767,0,84,74
3,105,104,-1,255,255,32769,61440,0,105,93
4,13,21,2,255,255,32768,32757,0,255,255
5,9,21,-1,255,255,32769,32851,0,0,0
2,14,15,2,255,255,32768,32767,0,84,74
3,105,104,-1,255,255,32769,61440,0,105,93
4,15,21,2,255,255,32768,32756,0,255,255
5,9,21,-1,255,255,32769,32851,0,0,0
2,14,16,2,255,255,32768,32767,0,84,74
3,105,104,-1,255,255,32769,61440,0,105,93
4,16,21,2,255,255,32768,32756,0,255,255
5,9,21,-1,255,255,32769,32851,0,0,0
2,14,17,2,255,255,32768,32767,0,84,74
3,105,104,-1,255,255,32769,61440,0,105,93
4,17,21,2,255,255,32768,32755,0,255,255
5,9,21,-1,255,255,32769,32851,0,0,0
2,14,18,2,255,255,32768,32767,0,84,74
3,105,104,-1,255,255,32769,61440,0,105,93
4,18,21,2,255,255,32768,32755,0,255,255
5,9,21,-1,255,255,32769,32851,0,0,0
4,18,54,2,255,255,32768,32755,0,255,255
5,55,51,-29,255,255,32769,61440,0,0,0
6,54,102,2,255,255,32768,32767,0,0,0
7,104,102,-1,255,255,32769,32769,0,0,0
6,54,6,2,255,255,32768,32767,0,0,0
7,9,6,-1,255,255,32769,32769,0,0,0
2,14,2,2,255,255,32768,32767,0,84,74
3,105,104,-1,255,255,32769,61440,0,105,93
4,2,6,2,255,255,32768,32757,0,255,255
2,14,26,2,255,255,32768,32767,0,84,74
3,105,104,-1,255,255,32769,61440,0,105,93
4,26,30,2,255,255,32768,32757,0,255,255
2,14,38,2,255,255,32768,32767,0,84,74
3,105,104,-1,255,255,32769,61440,0,105,93
2,14,50,2,255,255,32768,32767,0,84,74
3,105,104,-1,255,255,32769,61440,0,105,93
4,50,54,2,255,255,32768,32767,0,255,255
5,55,51,-29,255,255,32769,61440,0,0,0
6,54,102,2,255,255,32768,32767,0,0,0
7,104,102,-1,255,255,32769,32769,0,0,0
6,54,6,2,255,255,32768,32767,0,0,0
7,9,6,-1,255,255,32769,32769,0,0,0
2,14,62,2,255,255,32768,32767,0,84,74
3,105,104,-1,255,255,32769,61440,0,105,93
2,14,74,2,255,255,32768,32767,0,84,74
3,105,104,-1,255,255,32769,61440,0,105,93
4,74,78,2,255,255,32768,32757,0,255,255
2,12,2,2,255,255,32768,32767,0,84,74
3,105,104,-1,255,255,32769,61440,0,105,93
4,14,21,-1,255,255,32768,32765,0,255,255
5,9,21,-1,255,255,32769,32859,0,0,0
2,12,26,2,255,255,32768,32767,0,84,74
3,105,104,-1,255,255,32769,61440,0,105,93
4,14,21,-1,255,255,32768,32767,0,255,255
5,9,21,-1,255,255,32769,32861,0,0,0
2,60,49,2,255,255,32768,32767,0,84,74
3,105,104,-1,255,255,32769,61440,0,105,93
4,14,21,-1,255,255,32768,32758,0,255,255
5,9,21,-1,255,255,32769,32852,0,0,0
2,36,49,2,255,255,32768,32767,0,84,74
3,105,104,-1,255,255,32769,61440,0,105,93
4,14,21,-1,255,255,32768,32758,0,255,255
5,9,21,-1,255,255,32769,32852,0,0,0
2,72,50,2,255,255,32768,32767,0,84,74
3,105,104,-1,255,255,32769,61440,0,105,93
4,14,21,-1,255,255,32768,32758,0,255,255
5,9,21,-1,255,255,32769,32852,0,0,0
2,24,2,2,255,255,32768,32767,0,84,74
3,105,104,-1,255,255,32769,61440,0,105,93
4,14,21,-1,255,255,32768,32756,0,255,255
5,9,21,-1,255,255,32769,32850,0,0,0
2,24,50,2,255,255,32768,32767,0,84,74
3,105,104,-1,255,255,32769,61440,0,105,93
4,14,21,-1,255,255,32768,32758,0,255,255
5,9,21,-1,255,255,32769,32852,0,0,0
2,99,100,2,255,255,32768,32767,0,84,74
3,105,104,-1,255,255,32769,61440,0,105,93
4,14,21,-1,255,255,32768,32758,0,255,255
5,9,21,-1,255,255,32769,32852,0,0,0
2,75,76,2,255,255,32768,32767,0,84,74
3,105,104,-1,255,255,32769,61440,0,105,93
4,14,21,-1,255,255,32768,32758,0,255,255
5,9,21,-1,255,255,32769,32852,0,0,0
2,51,52,2,255,255,32768,32767,0,84,74
3,55,52,-1,255,255,32769,61440,0,105,93
3,105,104,-1,255,255,32769,32769,0,105,93
4,14,21,-1,255,255,32768,32758,0,255,255
5,9,21,-1,255,255,32769,32852,0,0,0
2,27,28,2,255,255,32768,32767,0,84,74
3,105,104,-1,255,255,32769,61440,0,105,93
4,14,21,-1,255,255,32768,32758,0,255,255
5,9,21,-1,255,255,32769,32852,0,0,0
2,3,4,2,255,255,32768,32767,0,84,74
3,105,104,-1,255,255,32769,61440,0,105,93
4,14,21,-1,255,255,32768,32758,0,255,255
5,9,21,-1,255,255,32769,32852,0,0,0
0,12,2,-1,86,50,32768,32768,0,86,50
1,91,55,-1,255,255,32769,61440,0,93,79
2,0,1,-1,255,255,32768,4096,0,84,74
3,105,104,-1,255,255,32769,61440,0,105,93
4,14,21,-1,255,255,32768,32766,0,255,255
5,9,21,-1,255,255,32769,32860,0,0,0
2,14,21,2,255,255,32768,32766,0,84,74
3,9,21,-1,255,255,32769,61440,0,105,93
2,48,49,2,255,255,32768,32766,0,84,74
3,105,104,-1,255,255,32769,61440,0,105,93
4,14,21,-1,255,255,32768,32755,0,255,255
5,9,21,-1,255,255,32769,32849,0,0,0
2,96,97,2,255,255,32768,32766,0,84,74
3,105,104,-1,255,255,32769,61440,0,105,93
4,14,21,-1,255,255,32768,32766,0,255,255
5,9,21,-1,255,255,32769,32860,0,0,0
2,96,98,2,255,255,32768,32766,0,84,74
3,105,104,-1,255,255,32769,61440,0,105,93
4,14,21,-1,255,255,32768,32765,0,255,255
5,9,21,-1,255,255,32769,32859,0,0,0
2,0,12,2,255,255,32768,32766,0,84,74
3,19,12,-1,255,255,32769,61440,0,105,93
4,2,12,-1,255,255,32768,32548,0,255,255
4,2,12,2,255,255,32768,32647,0,255,255
2,86,85,2,255,255,32768,32766,0,84,74
3,105,104,-1,255,255,32769,61440,0,105,93
4,14,21,-1,255,255,32768,32757,0,255,255
5,9,21,-1,255,255,32769,32851,0,0,0
2,86,87,2,255,255,32768,32766,0,84,74
3,105,104,-1,255,255,32769,61440,0,105,93
4,14,21,-1,255,255,32768,32756,0,255,255
5,9,21,-1,255,255,32769,32850,0,0,0
2,86,88,2,255,255,32768,32766,0,84,74
3,105,104,-1,255,255,32769,61440,0,105,93
4,14,21,-1,255,255,32768,32756,0,255,255
5,9,21,-1,255,255,32769,32850,0,0,0
2,86,89,2,255,255,32768,32766,0,84,74
3,105,104,-1,255,255,32769,61440,0,105,93
4,14,21,-1,255,255,32768,32755,0,255,255
5,9,21,-1,255,255,32769,32849,0,0,0
2,86,90,2,255,255,32768,32766,0,84,74
3,105,104,-1,255,255,32769,61440,0,105,93
4,14,21,-1,255,255,32768,32755,0,255,255
5,9,21,-1,255,255,32769,32849,0,0,0
4,90,54,2,255,255,32768,32755,0,255,255
5,55,51,-29,255,255,32769,61440,0,0,0
6,14,21,2,255,255,32768,32767,0,0,0
7,9,21,-1,255,255,32769,32861,0,0,0
6,54,102,2,255,255,32768,32767,0,0,0
7,104,102,-1,255,255,32769,32769,0,0,0
6,54,6,2,255,255,32768,32767,0,0,0
7,9,6,-1,255,255,32769,32769,0,0,0
2,86,91,2,255,255,32768,32767,0,84,74
3,19,91,-1,255,255,32769,61440,0,105,93
2,86,92,2,255,255,32768,32767,0,84,74
3,105,104,-1,255,255,32769,61440,0,105,93
4,14,21,-1,255,255,32768,32755,0,255,255
5,9,21,-1,255,255,32769,32849,0,0,0
2,86,74,2,255,255,32768,32767,0,84,74
3,105,104,-1,255,255,32769,61440,0,105,93
4,14,21,-1,255,255,32768,32757,0,255,255
5,9,21,-1,255,255,32769,32851,0,0,0
4,74,78,2,255,255,32768,32757,0,255,255
2,86,62,2,255,255,32768,32767,0,84,74
3,105,104,-1,255,255,32769,61440,0,105,93
4,14,21,-1,255,255,32768,32759,0,255,255
5,9,21,-1,255,255,32769,32853,0,0,0
2,86,50,2,255,255,32768,32767,0,84,74
3,105,104,-1,255,255,32769,61440,0,105,93
4,14,21,-1,255,255,32768,32767,0,255,255
5,9,21,-1,255,255,32769,32861,0,0,0
4,50,54,2,255,255,32768,32767,0,255,255
5,55,51,-29,255,255,32769,61440,0,0,0
6,14,21,2,255,255,32768,32767,0,0,0
7,9,21,-1,255,255,32769,32861,0,0,0
6,54,102,2,255,255,32768,32767,0,0,0
7,104,102,-1,255,255,32769,32769,0,0,0
6,54,6,2,255,255,32768,32767,0,0,0
7,9,6,-1,255,255,32769,32769,0,0,0
2,86,38,2,255,255,32768,32767,0,84,74
3,105,104,-1,255,255,32769,61440,0,105,93
4,14,21,-1,255,255,32768,32759,0,255,255
5,9,21,-1,255,255,32769,32853,0,0,0
2,86,26,2,255,255,32768,32767,0,84,74
3,105,104,-1,255,255,32769,61440,0,105,93
4,14,21,-1,255,255,32768,32757,0,255,255
5,9,21,-1,255,255,32769,32851,0,0,0
6,26,30,-1,255,255,32768,32734,0,0,0
4,26,30,2,255,255,32768,32757,0,255,255
2,86,98,2,255,255,32768,32767,0,84,74
3,105,104,-1,255,255,32769,61440,0,105,93
4,14,21,-1,255,255,32768,32757,0,255,255
5,9,21,-1,255,255,32769,32851,0,0,0
4,98,102,2,255,255,32768,32757,0,255,255
2,14,13,2,255,255,32768,32767,0,84,74
3,105,104,-1,255,255,32769,61440,0,105,93
4,13,21,2,255,255,32768,32757,0,255,255
5,9,21,-1,255,255,32769,32851,0,0,0
2,14,12,2,255,255,32768,32767,0,84,74
3,105,104,-1,255,255,32769,61440,0,105,93
4,12,21,2,255,255,32768,32756,0,255,255
5,9,21,-1,255,255,32769,32851,0,0,0
2,14,15,2,255,255,32768,32767,0,84,74
3,105,104,-1,255,255,32769,61440,0,105,93
4,15,21,2,255,255,32768,32756,0,255,255
5,9,21,-1,255,255,32769,32851,0,0,0
2,14,16,2,255,255,32768,32767,0,84,74
3,105,104,-1,255,255,32769,61440,0,105,93
4,16,21,2,255,255,32768,32756,0,255,255
5,9,21,-1,255,255,32769,32851,0,0,0
2,14,17,2,255,255,32768,32767,0,84,74
3,105,104,-1,255,255,32769,61440,0,105,93
4,17,21,2,255,255,32768,32755,0,255,255
5,9,21,-1,255,255,32769,32851,0,0,0
2,14,18,2,255,255,32768,32767,0,84,74
3,105,104,-1,255,255,32769,61440,0,105,93
4,18,21,2,255,255,32768,32755,0,255,255
5,9,21,-1,255,255,32769,32851,0,0,0
4,18,54,2,255,255,32768,32755,0,255,255
5,55,51,-29,255,255,32769,61440,0,0,0
6,54,102,2,255,255,32768,32767,0,0,0
7,104,102,-1,255,255,32769,32769,0,0,0
6,54,6,2,255,255,32768,32767,0,0,0
7,9,6,-1,255,255,32769,32769,0,0,0
2,14,26,2,255,255,32768,32767,0,84,74
3,105,104,-1,255,255,32769,61440,0,105,93
4,26,30,2,255,255,32768,32757,0,255,255
2,14,38,2,255,255,32768,32767,0,84,74
3,105,104,-1,255,255,32769,61440,0,105,93
2,14,50,2,255,255,32768,32767,0,84,74
3,105,104,-1,255,255,32769,61440,0,105,93
4,50,54,2,255,255,32768,32767,0,255,255
5,55,51,-29,255,255,32769,61440,0,0,0
6,54,102,2,255,255,32768,32767,0,0,0
7,104,102,-1,255,255,32769,32769,0,0,0
6,54,6,2,255,255,32768,32767,0,0,0
7,9,6,-1,255,255,32769,32769,0,0,0
2,14,62,2,255,255,32768,32767,0,84,74
3,105,104,-1,255,255,32769,61440,0,105,93
2,14,74,2,255,255,32768,32767,0,84,74
3,105,104,-1,255,255,32769,61440,0,105,93
4,74,78,2,255,255,32768,32757,0,255,255
2,84,74,2,255,255,32768,32767,0,84,74
3,105,104,-1,255,255,32769,61440,0,105,93
4,14,21,-1,255,255,32768,32767,0,255,255
5,9,21,-1,255,255,32769,32861,0,0,0
2,84,98,2,255,255,32768,32767,0,84,74
3,105,104,-1,255,255,32769,61440,0,105,93
4,14,21,-1,255,255,32768,32765,0,255,255
5,9,21,-1,255,255,32769,32859,0,0,0
2,60,49,2,255,255,32768,32767,0,84,74
3,105,104,-1,255,255,32769,61440,0,105,93
4,14,21,-1,255,255,32768,32758,0,255,255
5,9,21,-1,255,255,32769,32852,0,0,0
2,36,49,2,255,255,32768,32767,0,84,74
3,105,104,-1,255,255,32769,61440,0,105,93
4,14,21,-1,255,255,32768,32758,0,255,255
5,9,21,-1,255,255,32769,32852,0,0,0
2,72,50,2,255,255,32768,32767,0,84,74
3,105,104,-1,255,255,32769,61440,0,105,93
4,14,21,-1,255,255,32768,32758,0,255,255
5,9,21,-1,255,255,32769,32852,0,0,0
2,72,98,2,255,255,32768,32767,0,84,74
3,105,104,-1,255,255,32769,61440,0,105,93
4,14,21,-1,255,255,32768,32756,0,255,255
5,9,21,-1,255,255,32769,32850,0,0,0
2,24,50,2,255,255,32768,32767,0,84,74
3,105,104,-1,255,255,32769,61440,0,105,93
4,14,21,-1,255,255,32768,32758,0,255,255
5,9,21,-1,255,255,32769,32852,0,0,0
2,99,100,2,255,255,32768,32767,0,84,74
3,105,104,-1,255,255,32769,61440,0,105,93
4,14,21,-1,255,255,32768,32758,0,255,255
5,9,21,-1,255,255,32769,32852,0,0,0
2,75,76,2,255,255,32768,32767,0,84,74
3,105,104,-1,255,255,32769,61440,0,105,93
4,14,21,-1,255,255,32768,32758,0,255,255
5,9,21,-1,255,255,32769,32852,0,0,0
2,51,52,2,255,255,32768,32767,0,84,74
3,55,52,-1,255,255,32769,61440,0,105,93
3,105,104,-1,255,255,32769,32769,0,105,93
4,14,21,-1,255,255,32768,32758,0,255,255
5,9,21,-1,255,255,32769,32852,0,0,0
2,27,28,2,255,255,32768,32767,0,84,74
3,105,104,-1,255,255,32769,61440,0,105,93
4,14,21,-1,255,255,32768,32758,0,255,255
5,9,21,-1,255,255,32769,32852,0,0,0
2,3,4,2,255,255,32768,32767,0,84,74
3,105,104,-1,255,255,32769,61440,0,105,93
4,14,21,-1,255,255,32768,32758,0,255,255
5,9,21,-1,255,255,32769,32852,0,0,0
0,12,26,-1,86,50,32768,32768,0,86,50
1,91,55,-1,255,255,32769,61440,0,93,79
2,0,1,-1,255,255,32768,4096,0,84,74
3,105,104,-1,255,255,32769,61440,0,105,93
4,14,21,-1,255,255,32768,32768,0,255,255
5,9,21,-1,255,255,32769,32862,0,0,0
2,14,21,2,255,255,32768,32768,0,84,74
3,9,21,-1,255,255,32769,61440,0,105,93
2,48,49,2,255,255,32768,32768,0,84,74
3,105,104,-1,255,255,32769,61440,0,105,93
4,14,21,-1,255,255,32768,32757,0,255,255
5,9,21,-1,255,255,32769,32851,0,0,0
2,96,97,2,255,255,32768,32768,0,84,74
3,105,104,-1,255,255,32769,61440,0,105,93
4,14,21,-1,255,255,32768,32768,0,255,255
5,9,21,-1,255,255,32769,32862,0,0,0
2,96,98,2,255,255,32768,32768,0,84,74
3,105,104,-1,255,255,32769,61440,0,105,93
4,14,21,-1,255,255,32768,32767,0,255,255
5,9,21,-1,255,255,32769,32861,0,0,0
2,0,2,2,255,255,32768,32768,0,84,74
3,105,104,-1,255,255,32769,61440,0,105,93
4,14,21,-1,255,255,32768,32767,0,255,255
5,9,21,-1,255,255,32769,32861,0,0,0
2,0,12,2,255,255,32768,32768,0,84,74
3,19,12,-1,255,255,32769,61440,0,105,93
4,26,12,-1,255,255,32768,32550,0,255,255
4,26,12,2,255,255,32768,32647,0,255,255
2,86,85,2,255,255,32768,32768,0,84,74
3,105,104,-1,255,255,32769,61440,0,105,93
4,14,21,-1,255,255,32768,32759,0,255,255
5,9,21,-1,255,255,32769,32853,0,0,0
2,86,87,2,255,255,32768,32768,0,84,74
3,105,104,-1,255,255,32769,61440,0,105,93
4,14,21,-1,255,255,32768,32758,0,255,255
5,9,21,-1,255,255,32769,32852,0,0,0
2,86,88,2,255,255,32768,32768,0,84,74
3,105,104,-1,255,255,32769,61440,0,105,93
4,14,21,-1,255,255,32768,32758,0,255,255
5,9,21,-1,255,255,32769,32852,0,0,0
2,86,89,2,255,255,32768,32768,0,84,74
3,105,104,-1,255,255,32769,61440,0,105,93
4,14,21,-1,255,255,32768,32757,0,255,255
5,9,21,-1,255,255,32769,32851,0,0,0
2,86,90,2,255,255,32768,32768,0,84,74
3,105,104,-1,255,255,32769,61440,0,105,93
4,14,21,-1,255,255,32768,32757,0,255,255
5,9,21,-1,255,255,32769,32851,0,0,0
4,90,54,2,255,255,32768,32757,0,255,255
5,55,51,-29,255,255,32769,61440,0,0,0
5,57,56,-29,255,255,32769,32769,0,0,0
5,104,103,-29,255,255,32769,32769,0,0,0
5,104,105,-29,255,255,32769,32769,0,0,0
5,104,92,-29,255,255,32769,32769,0,0,0
5,104,80,-29,255,255,32769,32769,0,0,0
5,104,68,-29,255,255,32769,32769,0,0,0
5,104,56,-29,255,255,32769,32769,0,0,0
6,54,56,-1,255,255,32768,32768,0,0,0
7,57,56,-1,255,255,32769,32991,0,0,0
7,69,56,-1,255,255,32769,32887,0,0,0
7,45,56,-1,255,255,32769,32884,0,0,0
7,55,48,-1,255,255,32769,32884,0,0,0
6,54,56,2,255,255,32768,32768,0,0,0
7,57,56,-1,255,255,32769,32991,0,0,0
7,69,56,-1,255,255,32769,32887,0,0,0
7,45,56,-1,255,255,32769,32884,0,0,0
7,55,48,-1,255,255,32769,32884,0,0,0
6,14,21,2,255,255,32768,32768,0,0,0
7,9,21,-1,255,255,32769,32862,0,0,0
8,54,56,1,255,255,32768,32745,0,255,255
9,57,56,-1,255,255,32769,32968,0,255,255
9,69,56,-1,255,255,32769,32864,0,255,255
9,45,56,-1,255,255,32769,32861,0,255,255
9,55,48,1,255,255,32769,32861,0,255,255
6,54,102,2,255,255,32768,32768,0,0,0
7,55,48,-1,255,255,32769,32770,0,0,0
6,54,6,2,255,255,32768,32768,0,0,0
7,9,6,-1,255,255,32769,32770,0,0,0
2,86,91,2,255,255,32768,32768,0,84,74
3,19,91,-1,255,255,32769,61440,0,105,93
2,86,92,2,255,255,32768,32768,0,84,74
3,105,104,-1,255,255,32769,61440,0,105,93
4,14,21,-1,255,255,32768,32757,0,255,255
5,9,21,-1,255,255,32769,32851,0,0,0
2,86,74,2,255,255,32768,32768,0,84,74
3,105,104,-1,255,255,32769,61440,0,105,93
4,14,21,-1,255,255,32768,32759,0,255,255
5,9,21,-1,255,255,32769,32853,0,0,0
4,74,78,2,255,255,32768,32759,0,255,255
2,86,62,2,255,255,32768,32768,0,84,74
3,105,104,-1,255,255,32769,61440,0,105,93
4,14,21,-1,255,255,32768,32761,0,255,255
5,9,21,-1,255,255,32769,32855,0,0,0
2,86,50,2,255,255,32768,32768,0,84,74
3,105,104,-1,255,255,32769,61440,0,105,93
3,93,79,0,255,255,32769,32769,0,105,93
4,14,21,-1,255,255,32768,32768,0,255,255
5,9,21,-1,255,255,32769,32862,0,0,0
4,50,54,2,255,255,32768,32768,0,255,255
5,79,54,-32,255,255,32769,61440,0,0,0
6,14,21,2,255,255,32768,32649,0,0,0
2,86,38,2,255,255,32768,32768,0,84,74
3,93,79,-1,255,255,32769,61440,0,105,93
4,14,21,-1,255,255,32768,32760,0,255,255
5,9,21,-1,255,255,32769,32854,0,0,0
2,86,98,2,255,255,32768,32768,0,84,74
3,93,79,-1,255,255,32769,61440,0,105,93
4,14,21,-1,255,255,32768,32758,0,255,255
5,9,21,-1,255,255,32769,32852,0,0,0
4,98,102,2,255,255,32768,32758,0,255,255
2,14,13,2,255,255,32768,32768,0,84,74
3,93,79,-1,255,255,32769,61440,0,105,93
4,13,21,2,255,255,32768,32758,0,255,255
5,9,21,-1,255,255,32769,32852,0,0,0
2,14,12,2,255,255,32768,32768,0,84,74
3,93,79,-1,255,255,32769,61440,0,105,93
4,12,21,2,255,255,32768,32757,0,255,255
5,9,21,-1,255,255,32769,32852,0,0,0
2,14,15,2,255,255,32768,32768,0,84,74
3,93,79,-1,255,255,32769,61440,0,105,93
4,15,21,2,255,255,32768,32757,0,255,255
5,9,21,-1,255,255,32769,32852,0,0,0
2,14,16,2,255,255,32768,32768,0,84,74
3,93,79,-1,255,255,32769,61440,0,105,93
4,16,21,2,255,255,32768,32757,0,255,255
5,9,21,-1,255,255,32769,32852,0,0,0
2,14,17,2,255,255,32768,32768,0,84,74
3,93,79,-1,255,255,32769,61440,0,105,93
4,17,21,2,255,255,32768,32756,0,255,255
5,9,21,-1,255,255,32769,32852,0,0,0
2,14,18,2,255,255,32768,32768,0,84,74
3,93,79,-1,255,255,32769,61440,0,105,93
4,18,21,2,255,255,32768,32756,0,255,255
5,9,21,-1,255,255,32769,32852,0,0,0
4,18,54,2,255,255,32768,32756,0,255,255
5,79,54,-32,255,255,32769,61440,0,0,0
2,14,2,2,255,255,32768,32768,0,84,74
3,93,79,-1,255,255,32769,61440,0,105,93
4,2,6,2,255,255,32768,32758,0,255,255
2,84,74,2,255,255,32768,32768,0,84,74
3,93,79,-1,255,255,32769,61440,0,105,93
4,14,21,-1,255,255,32768,32768,0,255,255
5,9,21,-1,255,255,32769,32862,0,0,0
2,84,98,2,255,255,32768,32768,0,84,74
3,93,79,-1,255,255,32769,61440,0,105,93
4,14,21,-1,255,255,32768,32766,0,255,255
5,9,21,-1,255,255,32769,32860,0,0,0
2,26,49,2,255,255,32768,32768,0,84,74
3,93,79,-1,255,255,32769,61440,0,105,93
4,14,21,-1,255,255,32768,32730,0,255,255
5,9,21,-1,255,255,32769,32824,0,0,0
2,60,49,2,255,255,32768,32768,0,84,74
3,93,79,-1,255,255,32769,61440,0,105,93
4,14,21,-1,255,255,32768,32759,0,255,255
5,9,21,-1,255,255,32769,32853,0,0,0
2,36,49,2,255,255,32768,32768,0,84,74
3,93,79,-1,255,255,32769,61440,0,105,93
4,14,21,-1,255,255,32768,32759,0,255,255
5,9,21,-1,255,255,32769,32853,0,0,0
2,72,50,2,255,255,32768,32768,0,84,74
3,93,79,-1,255,255,32769,61440,0,105,93
4,14,21,-1,255,255,32768,32759,0,255,255
5,9,21,-1,255,255,32769,32853,0,0,0
2,72,98,2,255,255,32768,32768,0,84,74
3,93,79,-1,255,255,32769,61440,0,105,93
4,14,21,-1,255,255,32768,32757,0,255,255
5,9,21,-1,255,255,32769,32851,0,0,0
2,24,2,2,255,255,32768,32768,0,84,74
3,93,79,-1,255,255,32769,61440,0,105,93
4,14,21,-1,255,255,32768,32757,0,255,255
5,9,21,-1,255,255,32769,32851,0,0,0
2,24,50,2,255,255,32768,32768,0,84,74
3,93,79,-1,255,255,32769,61440,0,105,93
4,14,21,-1,255,255,32768,32759,0,255,255
5,9,21,-1,255,255,32769,32853,0,0,0
2,99,100,2,255,255,32768,32768,0,84,74
3,93,79,-1,255,255,32769,61440,0,105,93
4,14,21,-1,255,255,32768,32759,0,255,255
5,9,21,-1,255,255,32769,32853,0,0,0
2,75,76,2,255,255,32768,32768,0,84,74
3,93,79,-1,255,255,32769,61440,0,105,93
4,14,21,-1,255,255,32768,32759,0,255,255
5,9,21,-1,255,255,32769,32853,0,0,0
2,51,52,2,255,255,32768,32768,0,84,74
3,55,52,-1,255,255,32769,61440,0,105,93
3,93,79,-1,255,255,32769,32771,0,105,93
4,14,21,-1,255,255,32768,32759,0,255,255
5,9,21,-1,255,255,32769,32853,0,0,0
2,27,28,2,255,255,32768,32768,0,84,74
3,93,79,-1,255,255,32769,61440,0,105,93
4,14,21,-1,255,255,32768,32759,0,255,255
5,9,21,-1,255,255,32769,32853,0,0,0
2,3,4,2,255,255,32768,32768,0,84,74
3,93,79,-1,255,255,32769,61440,0,105,93
4,14,21,-1,255,255,32768,32759,0,255,255
5,9,21,-1,255,255,32769,32853,0,0,0
0,60,49,-1,86,50,32768,32768,0,86,50
1,91,55,-1,255,255,32769,61440,0,93,79
2,0,1,-1,255,255,32768,4096,0,84,74
3,93,79,-1,255,255,32769,61440,0,105,93
4,14,21,-1,255,255,32768,32758,0,255,255
5,9,21,-1,255,255,32769,32852,0,0,0
2,14,21,2,255,255,32768,32758,0,84,74
3,9,21,-1,255,255,32769,61440,0,105,93
2,48,60,2,255,255,32768,32758,0,84,74
3,93,79,-1,255,255,32769,61440,0,105,93
4,14,21,-1,255,255,32768,32748,0,255,255
5,9,21,-1,255,255,32769,32842,0,0,0
2,96,97,2,255,255,32768,32758,0,84,74
3,93,79,-1,255,255,32769,61440,0,105,93
4,14,21,-1,255,255,32768,32758,0,255,255
5,9,21,-1,255,255,32769,32852,0,0,0
2,96,98,2,255,255,32768,32758,0,84,74
3,93,79,-1,255,255,32769,61440,0,105,93
4,14,21,-1,255,255,32768,32757,0,255,255
5,9,21,-1,255,255,32769,32851,0,0,0
2,0,2,2,255,255,32768,32758,0,84,74
3,93,79,-1,255,255,32769,61440,0,105,93
4,14,21,-1,255,255,32768,32757,0,255,255
5,9,21,-1,255,255,32769,32851,0,0,0
2,86,85,2,255,255,32768,32758,0,84,74
3,93,79,-1,255,255,32769,61440,0,105,93
4,14,21,-1,255,255,32768,32749,0,255,255
5,9,21,-1,255,255,32769,32843,0,0,0
2,86,87,2,255,255,32768,32758,0,84,74
3,93,79,-1,255,255,32769,61440,0,105,93
4,14,21,-1,255,255,32768,32748,0,255,255
5,9,21,-1,255,255,32769,32842,0,0,0
2,86,88,2,255,255,32768,32758,0,84,74
3,93,79,-1,255,255,32769,61440,0,105,93
4,14,21,-1,255,255,32768,32748,0,255,255
5,9,21,-1,255,255,32769,32842,0,0,0
2,86,89,2,255,255,32768,32758,0,84,74
3,93,79,-1,255,255,32769,61440,0,105,93
4,14,21,-1,255,255,32768,32747,0,255,255
5,9,21,-1,255,255,32769,32841,0,0,0
2,86,90,2,255,255,32768,32758,0,84,74
3,93,79,-1,255,255,32769,61440,0,105,93
4,14,21,-1,255,255,32768,32747,0,255,255
5,9,21,-1,255,255,32769,32841,0,0,0
4,90,54,2,255,255,32768,32747,0,255,255
5,79,54,-32,255,255,32769,61440,0,0,0
6,14,21,2,255,255,32768,32640,0,0,0
2,86,91,2,255,255,32768,32758,0,84,74
3,19,91,-1,255,255,32769,61440,0,105,93
2,86,92,2,255,255,32768,32758,0,84,74
3,105,104,0,255,255,32769,61440,0,105,93
4,14,21,-1,255,255,32768,32748,0,255,255
5,9,21,-1,255,255,32769,32842,0,0,0
2,86,74,2,255,255,32768,32758,0,84,74
3,105,104,-1,255,255,32769,61440,0,105,93
4,14,21,-1,255,255,32768,32750,0,255,255
5,9,21,-1,255,255,32769,32844,0,0,0
4,74,78,2,255,255,32768,32750,0,255,255
2,86,62,2,255,255,32768,32758,0,84,74
3,105,104,-1,255,255,32769,61440,0,105,93
4,14,21,-1,255,255,32768,32752,0,255,255
5,9,21,-1,255,255,32769,32846,0,0,0
2,86,50,2,255,255,32768,32758,0,84,74
3,105,104,-1,255,255,32769,61440,0,105,93
4,14,21,-1,255,255,32768,32760,0,255,255
5,9,21,-1,255,255,32769,32854,0,0,0
4,50,54,2,255,255,32768,32760,0,255,255
5,19,12,-29,255,255,32769,61440,0,0,0
5,55,51,-29,255,255,32769,61440,0,0,0
6,14,21,-29,255,255,32768,4096,0,0,0
6,54,102,-29,255,255,32768,4096,0,0,0
6,54,6,-29,255,255,32768,4096,0,0,0
6,48,60,-29,255,255,32768,4096,0,0,0
6,96,97,-29,255,255,32768,32759,0,0,0
6,96,98,-29,255,255,32768,32759,0,0,0
6,0,1,-29,255,255,32768,32759,0,0,0
6,0,2,-29,255,255,32768,32759,0,0,0
6,54,53,-29,255,255,32768,32759,0,0,0
6,54,52,-29,255,255,32768,32759,0,0,0
6,54,55,-29,255,255,32768,32759,0,0,0
6,54,56,-29,255,255,32768,32759,0,0,0
6,54,42,-29,255,255,32768,32759,0,0,0
6,54,66,-29,255,255,32768,32759,0,0,0
6,14,13,-29,255,255,32768,32759,0,0,0
6,14,15,-29,255,255,32768,32759,0,0,0
6,14,16,-29,255,255,32768,32759,0,0,0
6,14,17,-29,255,255,32768,32759,0,0,0
6,14,18,-29,255,255,32768,32759,0,0,0
6,14,2,-29,255,255,32768,32759,0,0,0
6,14,26,-29,255,255,32768,32759,0,0,0
6,14,38,-29,255,255,32768,32759,0,0,0
6,14,50,-29,255,255,32768,32759,0,0,0
7,51,49,2,255,255,32769,32770,0,0,0
8,48,49,-1,255,255,32768,32736,0,255,255
7,51,99,2,255,255,32769,32770,0,0,0
8,96,99,-1,255,255,32768,32768,0,255,255
7,51,3,2,255,255,32769,32770,0,0,0
8,0,3,-1,255,255,32768,32768,0,255,255
5,57,56,-29,255,255,32769,32770,0,0,0
5,104,103,-29,255,255,32769,32770,0,0,0
5,104,105,-29,255,255,32769,32770,0,0,0
5,104,92,-29,255,255,32769,32770,0,0,0
5,104,80,-29,255,255,32769,32770,0,0,0
5,104,68,-29,255,255,32769,32770,0,0,0
5,104,56,-29,255,255,32769,32770,0,0,0
6,54,56,-1,255,255,32768,32759,0,0,0
7,57,56,-1,255,255,32769,32982,0,0,0
7,69,56,-1,255,255,32769,32878,0,0,0
7,45,56,-1,255,255,32769,32875,0,0,0
5,104,44,-29,255,255,32769,32770,0,0,0
5,104,32,-29,255,255,32769,32770,0,0,0
5,104,20,-29,255,255,32769,32770,0,0,0
5,104,8,-29,255,255,32769,32770,0,0,0
5,9,8,-29,255,255,32769,32770,0,0,0
5,9,7,-29,255,255,32769,32770,0,0,0
5,55,56,-29,255,255,32769,32770,0,0,0
5,55,43,-29,255,255,32769,32770,0,0,0
6,14,21,2,255,255,32768,32765,0,0,0
7,9,21,-1,255,255,32769,32859,0,0,0
6,54,102,2,255,255,32768,32765,0,0,0
6,54,6,2,255,255,32768,32767,0,0,0
2,86,38,2,255,255,32768,32767,0,84,74
3,105,104,-1,255,255,32769,61440,0,105,93
4,14,21,-1,255,255,32768,32752,0,255,255
5,9,21,-1,255,255,32769,32846,0,0,0
2,86,26,2,255,255,32768,32767,0,84,74
3,105,104,-1,255,255,32769,61440,0,105,93
4,14,21,-1,255,255,32768,32750,0,255,255
5,9,21,-1,255,255,32769,32844,0,0,0
6,26,30,-1,255,255,32768,32727,0,0,0
4,26,30,2,255,255,32768,32750,0,255,255
2,86,98,2,255,255,32768,32767,0,84,74
3,105,104,-1,255,255,32769,61440,0,105,93
4,14,21,-1,255,255,32768,32750,0,255,255
5,9,21,-1,255,255,32769,32844,0,0,0
4,98,102,2,255,255,32768,32750,0,255,255
2,14,13,2,255,255,32768,32767,0,84,74
3,105,104,-1,255,255,32769,61440,0,105,93
4,13,21,2,255,255,32768,32750,0,255,255
5,9,21,-1,255,255,32769,32844,0,0,0
2,14,15,2,255,255,32768,32767,0,84,74
3,105,104,-1,255,255,32769,61440,0,105,93
4,15,21,2,255,255,32768,32749,0,255,255
5,9,21,-1,255,255,32769,32844,0,0,0
2,14,16,2,255,255,32768,32767,0,84,74
3,105,104,-1,255,255,32769,61440,0,105,93
4,16,21,2,255,255,32768,32749,0,255,255
5,9,21,-1,255,255,32769,32844,0,0,0
2,14,17,2,255,255,32768,32767,0,84,74
3,105,104,-1,255,255,32769,61440,0,105,93
4,17,21,2,255,255,32768,32748,0,255,255
5,9,21,-1,255,255,32769,32844,0,0,0
2,14,18,2,255,255,32768,32767,0,84,74
3,105,104,-1,255,255,32769,61440,0,105,93
4,18,21,2,255,255,32768,32748,0,255,255
5,9,21,-1,255,255,32769,32844,0,0,0
4,18,54,2,255,255,32768,32748,0,255,255
5,55,51,-29,255,255,32769,61440,0,0,0
6,54,102,-29,255,255,32768,4096,0,0,0
6,54,6,-29,255,255,32768,4096,0,0,0
6,48,60,-29,255,255,32768,4096,0,0,0
6,96,97,-29,255,255,32768,32759,0,0,0
6,96,98,-29,255,255,32768,32759,0,0,0
6,0,1,-29,255,255,32768,32759,0,0,0
6,0,2,-29,255,255,32768,32759,0,0,0
6,86,85,-29,255,255,32768,32759,0,0,0
6,86,87,-29,255,255,32768,32759,0,0,0
6,86,88,-29,255,255,32768,32759,0,0,0
6,86,89,-29,255,255,32768,32759,0,0,0
6,86,90,-29,255,255,32768,32759,0,0,0
6,86,91,-29,255,255,32768,32759,0,0,0
6,86,92,-29,255,255,32768,32759,0,0,0
6,86,74,-29,255,255,32768,32759,0,0,0
6,86,62,-29,255,255,32768,32759,0,0,0
6,86,50,-29,255,255,32768,32759,0,0,0
7,51,49,2,255,255,32769,32770,0,0,0
8,48,49,-1,255,255,32768,32736,0,255,255
7,51,99,2,255,255,32769,32770,0,0,0
8,96,99,-1,255,255,32768,32768,0,255,255
7,51,3,2,255,255,32769,32770,0,0,0
8,0,3,-1,255,255,32768,32768,0,255,255
5,57,56,-29,255,255,32769,32770,0,0,0
5,104,103,-29,255,255,32769,32770,0,0,0
5,104,105,-29,255,255,32769,32770,0,0,0
5,104,92,-29,255,255,32769,32770,0,0,0
5,104,80,-29,255,255,32769,32770,0,0,0
5,104,68,-29,255,255,32769,32770,0,0,0
5,104,56,-29,255,255,32769,32770,0,0,0
6,54,56,-1,255,255,32768,32759,0,0,0
7,57,56,-1,255,255,32769,32982,0,0,0
7,69,56,-1,255,255,32769,32878,0,0,0
7,45,56,-1,255,255,32769,32875,0,0,0
5,104,44,-29,255,255,32769,32770,0,0,0
5,104,32,-29,255,255,32769,32770,0,0,0
5,104,20,-29,255,255,32769,32770,0,0,0
5,104,8,-29,255,255,32769,32770,0,0,0
5,9,8,-29,255,255,32769,32770,0,0,0
5,9,7,-29,255,255,32769,32770,0,0,0
5,55,56,-29,255,255,32769,32770,0,0,0
5,55,43,-29,255,255,32769,32770,0,0,0
6,54,102,2,255,255,32768,32765,0,0,0
6,54,6,2,255,255,32768,32767,0,0,0
2,14,2,2,255,255,32768,32767,0,84,74
3,105,104,-1,255,255,32769,61440,0,105,93
4,2,6,2,255,255,32768,32750,0,255,255
2,14,26,2,255,255,32768,32767,0,84,74
3,105,104,-1,255,255,32769,61440,0,105,93
4,26,30,2,255,255,32768,32750,0,255,255
2,14,38,2,255,255,32768,32767,0,84,74
3,105,104,-1,255,255,32769,61440,0,105,93
2,14,50,2,255,255,32768,32767,0,84,74
3,105,104,-1,255,255,32769,61440,0,105,93
4,50,54,2,255,255,32768,32760,0,255,255
5,55,51,-29,255,255,32769,61440,0,0,0
6,54,102,-29,255,255,32768,4096,0,0,0
6,54,6,-29,255,255,32768,4096,0,0,0
6,48,60,-29,255,255,32768,4096,0,0,0
6,96,97,-29,255,255,32768,32759,0,0,0
6,96,98,-29,255,255,32768,32759,0,0,0
6,0,1,-29,255,255,32768,32759,0,0,0
6,0,2,-29,255,255,32768,32759,0,0,0
6,86,85,-29,255,255,32768,32759,0,0,0
6,86,87,-29,255,255,32768,32759,0,0,0
6,86,88,-29,255,255,32768,32759,0,0,0
6,86,89,-29,255,255,32768,32759,0,0,0
6,86,90,-29,255,255,32768,32759,0,0,0
6,86,91,-29,255,255,32768,32759,0,0,0
6,86,92,-29,255,255,32768,32759,0,0,0
6,86,74,-29,255,255,32768,32759,0,0,0
6,86,62,-29,255,255,32768,32759,0,0,0
6,86,50,-29,255,255,32768,32759,0,0,0
7,51,49,2,255,255,32769,32770,0,0,0
8,48,49,-1,255,255,32768,32736,0,255,255
7,51,99,2,255,255,32769,32770,0,0,0
8,96,99,-1,255,255,32768,32768,0,255,255
7,51,3,2,255,255,32769,32770,0,0,0
8,0,3,-1,255,255,32768,32768,0,255,255
5,57,56,-29,255,255,32769,32770,0,0,0
5,104,103,-29,255,255,32769,32770,0,0,0
5,104,105,-29,255,255,32769,32770,0,0,0
5,104,92,-29,255,255,32769,32770,0,0,0
5,104,80,-29,255,255,32769,32770,0,0,0
5,104,68,-29,255,255,32769,32770,0,0,0
5,104,56,-29,255,255,32769,32770,0,0,0
6,54,56,-1,255,255,32768,32759,0,0,0
7,57,56,-1,255,255,32769,32982,0,0,0
7,69,56,-1,255,255,32769,32878,0,0,0
7,45,56,-1,255,255,32769,32875,0,0,0
5,104,44,-29,255,255,32769,32770,0,0,0
5,104,32,-29,255,255,32769,32770,0,0,0
5,104,20,-29,255,255,32769,32770,0,0,0
5,104,8,-29,255,255,32769,32770,0,0,0
5,9,8,-29,255,255,32769,32770,0,0,0
5,9,7,-29,255,255,32769,32770,0,0,0
5,55,56,-29,255,255,32769,32770,0,0,0
5,55,43,-29,255,255,32769,32770,0,0,0
6,54,102,2,255,255,32768,32765,0,0,0
6,54,6,2,255,255,32768,32767,0,0,0
2,14,62,2,255,255,32768,32767,0,84,74
3,105,104,-1,255,255,32769,61440,0,105,93
2,14,74,2,255,255,32768,32767,0,84,74
3,105,104,-1,255,255,32769,61440,0,105,93
4,74,78,2,255,255,32768,32750,0,255,255
2,84,74,2,255,255,32768,32767,0,84,74
3,105,104,-1,255,255,32769,61440,0,105,93
4,14,21,-1,255,255,32768,32760,0,255,255
5,9,21,-1,255,255,32769,32854,0,0,0
2,84,98,2,255,255,32768,32767,0,84,74
3,105,104,-1,255,255,32769,61440,0,105,93
4,14,21,-1,255,255,32768,32758,0,255,255
5,9,21,-1,255,255,32769,32852,0,0,0
2,12,2,2,255,255,32768,32767,0,84,74
3,105,104,-1,255,255,32769,61440,0,105,93
4,14,21,-1,255,255,32768,32758,0,255,255
5,9,21,-1,255,255,32769,32852,0,0,0
2,12,26,2,255,255,32768,32767,0,84,74
3,105,104,-1,255,255,32769,61440,0,105,93
4,14,21,-1,255,255,32768,32760,0,255,255
5,9,21,-1,255,255,32769,32854,0,0,0
2,49,38,2,255,255,32768,32767,0,84,74
3,105,104,-1,255,255,32769,61440,0,105,93
4,14,21,-1,255,255,32768,32749,0,255,255
5,9,21,-1,255,255,32769,32843,0,0,0
2,49,62,2,255,255,32768,32767,0,84,74
3,105,104,-1,255,255,32769,61440,0,105,93
4,14,21,-1,255,255,32768,32749,0,255,255
5,9,21,-1,255,255,32769,32843,0,0,0
2,72,50,2,255,255,32768,32767,0,84,74
3,105,104,-1,255,255,32769,61440,0,105,93
4,14,21,-1,255,255,32768,32751,0,255,255
5,9,21,-1,255,255,32769,32845,0,0,0
2,72,98,2,255,255,32768,32767,0,84,74
3,105,104,-1,255,255,32769,61440,0,105,93
4,14,21,-1,255,255,32768,32749,0,255,255
5,9,21,-1,255,255,32769,32843,0,0,0
2,24,2,2,255,255,32768,32767,0,84,74
3,105,104,-1,255,255,32769,61440,0,105,93
4,14,21,-1,255,255,32768,32749,0,255,255
5,9,21,-1,255,255,32769,32843,0,0,0
2,24,50,2,255,255,32768,32767,0,84,74
3,105,104,-1,255,255,32769,61440,0,105,93
4,14,21,-1,255,255,32768,32751,0,255,255
5,9,21,-1,255,255,32769,32845,0,0,0
2,99,100,2,255,255,32768,32767,0,84,74
3,105,104,-1,255,255,32769,61440,0,105,93
4,14,21,-1,255,255,32768,32751,0,255,255
5,9,21,-1,255,255,32769,32845,0,0,0
2,75,76,2,255,255,32768,32767,0,84,74
3,105,104,-1,255,255,32769,61440,0,105,93
4,14,21,-1,255,255,32768,32751,0,255,255
5,9,21,-1,255,255,32769,32845,0,0,0
2,51,52,2,255,255,32768,32767,0,84,74
3,55,52,-1,255,255,32769,61440,0,105,93
4,14,21,-32,255,255,32768,4096,0,255,255
4,48,60,-29,255,255,32768,4096,0,255,255
4,96,97,-29,255,255,32768,32761,0,255,255
4,96,98,-29,255,255,32768,32761,0,255,255
4,0,1,-29,255,255,32768,32761,0,255,255
4,0,2,-29,255,255,32768,32761,0,255,255
4,86,85,-29,255,255,32768,32761,0,255,255
4,86,87,-29,255,255,32768,32761,0,255,255
4,86,88,-29,255,255,32768,32761,0,255,255
4,86,89,-29,255,255,32768,32761,0,255,255
4,86,90,-29,255,255,32768,32761,0,255,255
4,86,91,-29,255,255,32768,32761,0,255,255
4,86,92,-29,255,255,32768,32761,0,255,255
4,86,74,-29,255,255,32768,32761,0,255,255
4,86,62,-29,255,255,32768,32761,0,255,255
4,86,50,-29,255,255,32768,32761,0,255,255
5,19,12,2,255,255,32769,32772,0,0,0
6,0,12,-1,255,255,32768,32678,0,0,0
5,52,49,2,255,255,32769,32772,0,0,0
6,48,49,-1,255,255,32768,32738,0,0,0
3,105,104,-1,255,255,32769,32772,0,105,93
4,14,21,-1,255,255,32768,32751,0,255,255
5,9,21,-1,255,255,32769,32845,0,0,0
2,27,28,2,255,255,32768,32767,0,84,74
3,105,104,-1,255,255,32769,61440,0,105,93
4,14,21,-1,255,255,32768,32751,0,255,255
5,9,21,-1,255,255,32769,32845,0,0,0
2,3,4,2,255,255,32768,32767,0,84,74
3,105,104,-1,255,255,32769,61440,0,105,93
4,14,21,-1,255,255,32768,32751,0,255,255
5,9,21,-1,255,255,32769,32845,0,0,0
0,36,49,-1,86,50,32768,32768,0,86,50
1,91,55,-1,255,255,32769,61440,0,93,79
2,0,1,-1,255,255,32768,4096,0,84,74
3,105,104,-1,255,255,32769,61440,0,105,93
4,14,21,-1,255,255,32768,32759,0,255,255
5,9,21,-1,255,255,32769,32853,0,0,0
2,14,21,2,255,255,32768,32759,0,84,74
3,9,21,-1,255,255,32769,61440,0,105,93
2,48,36,2,255,255,32768,32759,0,84,74
3,105,104,-1,255,255,32769,61440,0,105,93
4,14,21,-1,255,255,32768,32749,0,255,255
5,9,21,-1,255,255,32769,32843,0,0,0
2,96,97,2,255,255,32768,32759,0,84,74
3,105,104,-1,255,255,32769,61440,0,105,93
4,14,21,-1,255,255,32768,32759,0,255,255
5,9,21,-1,255,255,32769,32853,0,0,0
2,96,98,2,255,255,32768,32759,0,84,74
3,105,104,-1,255,255,32769,61440,0,105,93
4,14,21,-1,255,255,32768,32758,0,255,255
5,9,21,-1,255,255,32769,32852,0,0,0
2,0,2,2,255,255,32768,32759,0,84,74
3,105,104,-1,255,255,32769,61440,0,105,93
4,14,21,-1,255,255,32768,32758,0,255,255
5,9,21,-1,255,255,32769,32852,0,0,0
2,86,85,2,255,255,32768,32759,0,84,74
3,105,104,-1,255,255,32769,61440,0,105,93
4,14,21,-1,255,255,32768,32750,0,255,255
5,9,21,-1,255,255,32769,32844,0,0,0
2,86,87,2,255,255,32768,32759,0,84,74
3,105,104,-1,255,255,32769,61440,0,105,93
4,14,21,-1,255,255,32768,32749,0,255,255
5,9,21,-1,255,255,32769,32843,0,0,0
2,86,88,2,255,255,32768,32759,0,84,74
3,105,104,-1,255,255,32769,61440,0,105,93
4,14,21,-1,255,255,32768,32749,0,255,255
5,9,21,-1,255,255,32769,32843,0,0,0
2,86,89,2,255,255,32768,32759,0,84,74
3,105,104,-1,255,255,32769,61440,0,105,93
4,14,21,-1,255,255,32768,32748,0,255,255
5,9,21,-1,255,255,32769,32842,0,0,0
2,86,90,2,255,255,32768,32759,0,84,74
3,105,104,-1,255,255,32769,61440,0,105,93
4,14,21,-1,255,255,32768,32748,0,255,255
5,9,21,-1,255,255,32769,32842,0,0,0
4,90,54,2,255,255,32768,32748,0,255,255
5,19,12,-29,255,255,32769,61440,0,0,0
5,55,51,-29,255,255,32769,61440,0,0,0
6,14,21,-29,255,255,32768,4096,0,0,0
6,54,102,-29,255,255,32768,4096,0,0,0
6,54,6,-29,255,255,32768,4096,0,0,0
6,48,36,-29,255,255,32768,4096,0,0,0
6,96,97,-29,255,255,32768,32759,0,0,0
6,96,98,-29,255,255,32768,32759,0,0,0
6,0,1,-29,255,255,32768,32759,0,0,0
6,0,2,-29,255,255,32768,32759,0,0,0
6,54,53,-29,255,255,32768,32759,0,0,0
6,54,52,-29,255,255,32768,32759,0,0,0
6,54,55,-29,255,255,32768,32759,0,0,0
6,54,56,-29,255,255,32768,32759,0,0,0
6,54,42,-29,255,255,32768,32759,0,0,0
6,54,66,-29,255,255,32768,32759,0,0,0
6,14,13,-29,255,255,32768,32759,0,0,0
6,14,15,-29,255,255,32768,32759,0,0,0
6,14,16,-29,255,255,32768,32759,0,0,0
6,14,17,-29,255,255,32768,32759,0,0,0
6,14,18,-29,255,255,32768,32759,0,0,0
6,14,2,-29,255,255,32768,32759,0,0,0
6,14,26,-29,255,255,32768,32759,0,0,0
6,14,38,-29,255,255,32768,32759,0,0,0
6,14,50,-29,255,255,32768,32759,0,0,0
7,51,49,2,255,255,32769,32770,0,0,0
8,48,49,-1,255,255,32768,32736,0,255,255
7,51,99,2,255,255,32769,32770,0,0,0
8,96,99,-1,255,255,32768,32768,0,255,255
7,51,3,2,255,255,32769,32770,0,0,0
8,0,3,-1,255,255,32768,32768,0,255,255
5,57,56,-29,255,255,32769,32770,0,0,0
5,104,103,-29,255,255,32769,32770,0,0,0
5,104,105,-29,255,255,32769,32770,0,0,0
5,104,92,-29,255,255,32769,32770,0,0,0
5,104,80,-29,255,255,32769,32770,0,0,0
5,104,68,-29,255,255,32769,32770,0,0,0
5,104,56,-29,255,255,32769,32770,0,0,0
6,54,56,-1,255,255,32768,32759,0,0,0
7,57,56,-1,255,255,32769,32982,0,0,0
7,69,56,-1,255,255,32769,32878,0,0,0
7,45,56,-1,255,255,32769,32875,0,0,0
5,104,44,-29,255,255,32769,32770,0,0,0
5,104,32,-29,255,255,32769,32770,0,0,0
5,104,20,-29,255,255,32769,32770,0,0,0
5,104,8,-29,255,255,32769,32770,0,0,0
5,9,8,-29,255,255,32769,32770,0,0,0
5,9,7,-29,255,255,32769,32770,0,0,0
5,55,56,-29,255,255,32769,32770,0,0,0
5,55,43,-29,255,255,32769,32770,0,0,0
6,14,21,2,255,255,32768,32765,0,0,0
7,9,21,-1,255,255,32769,32859,0,0,0
6,54,102,2,255,255,32768,32765,0,0,0
6,54,6,2,255,255,32768,32767,0,0,0
2,86,91,2,255,255,32768,32767,0,84,74
3,19,91,-1,255,255,32769,61440,0,105,93
2,86,92,2,255,255,32768,32767,0,84,74
3,105,104,-1,255,255,32769,61440,0,105,93
4,14,21,-1,255,255,32768,32748,0,255,255
5,9,21,-1,255,255,32769,32842,0,0,0
2,86,74,2,255,255,32768,32767,0,84,74
3,105,104,-1,255,255,32769,61440,0,105,93
4,14,21,-1,255,255,32768,32750,0,255,255
5,9,21,-1,255,255,32769,32844,0,0,0
4,74,78,2,255,255,32768,32750,0,255,255
2,86,62,2,255,255,32768,32767,0,84,74
3,105,104,-1,255,255,32769,61440,0,105,93
4,14,21,-1,255,255,32768,32752,0,255,255
5,9,21,-1,255,255,32769,32846,0,0,0
2,86,50,2,255,255,32768,32767,0,84,74
3,105,104,-1,255,255,32769,61440,0,105,93
4,14,21,-1,255,255,32768,32760,0,255,255
5,9,21,-1,255,255,32769,32854,0,0,0
4,50,54,2,255,255,32768,32760,0,255,255
5,19,12,-29,255,255,32769,61440,0,0,0
5,55,51,-29,255,255,32769,61440,0,0,0
6,14,21,-29,255,255,32768,4096,0,0,0
6,54,102,-29,255,255,32768,4096,0,0,0
6,54,6,-29,255,255,32768,4096,0,0,0
6,48,36,-29,255,255,32768,4096,0,0,0
6,96,97,-29,255,255,32768,32759,0,0,0
6,96,98,-29,255,255,32768,32759,0,0,0
6,0,1,-29,255,255,32768,32759,0,0,0
6,0,2,-29,255,255,32768,32759,0,0,0
6,54,53,-29,255,255,32768,32759,0,0,0
6,54,52,-29,255,255,32768,32759,0,0,0
6,54,55,-29,255,255,32768,32759,0,0,0
6,54,56,-29,255,255,32768,32759,0,0,0
6,54,42,-29,255,255,32768,32759,0,0,0
6,54,66,-29,255,255,32768,32759,0,0,0
6,14,13,-29,255,255,32768,32759,0,0,0
6,14,15,-29,255,255,32768,32759,0,0,0
6,14,16,-29,255,255,32768,32759,0,0,0
6,14,17,-29,255,255,32768,32759,0,0,0
6,14,18,-29,255,255,32768,32759,0,0,0
6,14,2,-29,255,255,32768,32759,0,0,0
6,14,26,-29,255,255,32768,32759,0,0,0
6,14,38,-29,255,255,32768,32759,0,0,0
6,14,50,-29,255,255,32768,32759,0,0,0
7,51,49,2,255,255,32769,32770,0,0,0
8,48,49,-1,255,255,32768,32736,0,255,255
7,51,99,2,255,255,32769,32770,0,0,0
8,96,99,-1,255,255,32768,32768,0,255,255
7,51,3,2,255,255,32769,32770,0,0,0
8,0,3,-1,255,255,32768,32768,0,255,255
5,57,56,-29,255,255,32769,32770,0,0,0
5,104,103,-29,255,255,32769,32770,0,0,0
5,104,105,-29,255,255,32769,32770,0,0,0
5,104,92,-29,255,255,32769,32770,0,0,0
5,104,80,-29,255,255,32769,32770,0,0,0
5,104,68,-29,255,255,32769,32770,0,0,0
5,104,56,-29,255,255,32769,32770,0,0,0
6,54,56,-1,255,255,32768,32759,0,0,0
7,57,56,-1,255,255,32769,32982,0,0,0
7,69,56,-1,255,255,32769,32878,0,0,0
7,45,56,-1,255,255,32769,32875,0,0,0
5,104,44,-29,255,255,32769,32770,0,0,0
5,104,32,-29,255,255,32769,32770,0,0,0
5,104,20,-29,255,255,32769,32770,0,0,0
5,104,8,-29,255,255,32769,32770,0,0,0
5,9,8,-29,255,255,32769,32770,0,0,0
5,9,7,-29,255,255,32769,32770,0,0,0
5,55,56,-29,255,255,32769,32770,0,0,0
5,55,43,-29,255,255,32769,32770,0,0,0
6,14,21,2,255,255,32768,32765,0,0,0
7,9,21,-1,255,255,32769,32859,0,0,0
6,54,102,2,255,255,32768,32765,0,0,0
6,54,6,2,255,255,32768,32767,0,0,0
2,86,38,2,255,255,32768,32767,0,84,74
3,105,104,-1,255,255,32769,61440,0,105,93
4,14,21,-1,255,255,32768,32752,0,255,255
5,9,21,-1,255,255,32769,32846,0,0,0
2,86,26,2,255,255,32768,32767,0,84,74
3,105,104,-1,255,255,32769,61440,0,105,93
4,14,21,-1,255,255,32768,32750,0,255,255
5,9,21,-1,255,255,32769,32844,0,0,0
6,26,30,-1,255,255,32768,32727,0,0,0
4,26,30,2,255,255,32768,32750,0,255,255
2,86,98,2,255,255,32768,32767,0,84,74
3,105,104,-1,255,255,32769,61440,0,105,93
4,14,21,-1,255,255,32768,32750,0,255,255
5,9,21,-1,255,255,32769,32844,0,0,0
4,98,102,2,255,255,32768,32750,0,255,255
2,14,13,2,255,255,32768,32767,0,84,74
3,105,104,-1,255,255,32769,61440,0,105,93
4,13,21,2,255,255,32768,32750,0,255,255
5,9,21,-1,255,255,32769,32844,0,0,0
2,14,15,2,255,255,32768,32767,0,84,74
3,105,104,-1,255,255,32769,61440,0,105,93
4,15,21,2,255,255,32768,32749,0,255,255
5,9,21,-1,255,255,32769,32844,0,0,0
2,14,16,2,255,255,32768,32767,0,84,74
3,105,104,-1,255,255,32769,61440,0,105,93
4,16,21,2,255,255,32768,32749,0,255,255
5,9,21,-1,255,255,32769,32844,0,0,0
2,14,17,2,255,255,32768,32767,0,84,74
3,105,104,-1,255,255,32769,61440,0,105,93
4,17,21,2,255,255,32768,32748,0,255,255
5,9,21,-1,255,255,32769,32844,0,0,0
2,14,18,2,255,255,32768,32767,0,84,74
3,105,104,-1,255,255,32769,61440,0,105,93
4,18,21,2,255,255,32768,32748,0,255,255
5,9,21,-1,255,255,32769,32844,0,0,0
4,18,54,2,255,255,32768,32748,0,255,255
5,55,51,-29,255,255,32769,61440,0,0,0
6,54,102,-29,255,255,32768,4096,0,0,0
6,54,6,-29,255,255,32768,4096,0,0,0
6,48,36,-29,255,255,32768,4096,0,0,0
6,96,97,-29,255,255,32768,32759,0,0,0
6,96,98,-29,255,255,32768,32759,0,0,0
6,0,1,-29,255,255,32768,32759,0,0,0
6,0,2,-29,255,255,32768,32759,0,0,0
6,86,85,-29,255,255,32768,32759,0,0,0
6,86,87,-29,255,255,32768,32759,0,0,0
6,86,88,-29,255,255,32768,32759,0,0,0
6,86,89,-29,255,255,32768,32759,0,0,0
6,86,90,-29,255,255,32768,32759,0,0,0
6,86,91,-29,255,255,32768,32759,0,0,0
6,86,92,-29,255,255,32768,32759,0,0,0
6,86,74,-29,255,255,32768,32759,0,0,0
6,86,62,-29,255,255,32768,32759,0,0,0
6,86,50,-29,255,255,32768,32759,0,0,0
7,51,49,2,255,255,32769,32770,0,0,0
8,48,49,-1,255,255,32768,32736,0,255,255
7,51,99,2,255,255,32769,32770,0,0,0
8,96,99,-1,255,255,32768,32768,0,255,255
7,51,3,2,255,255,32769,32770,0,0,0
8,0,3,-1,255,255,32768,32768,0,255,255
5,57,56,-29,255,255,32769,32770,0,0,0
5,104,103,-29,255,255,32769,32770,0,0,0
5,104,105,-29,255,255,32769,32770,0,0,0
5,104,92,-29,255,255,32769,32770,0,0,0
5,104,80,-29,255,255,32769,32770,0,0,0
5,104,68,-29,255,255,32769,32770,0,0,0
5,104,56,-29,255,255,32769,32770,0,0,0
6,54,56,-1,255,255,32768,32759,0,0,0
7,57,56,-1,255,255,32769,32982,0,0,0
7,69,56,-1,255,255,32769,32878,0,0,0
7,45,56,-1,255,255,32769,32875,0,0,0
5,104,44,-29,255,255,32769,32770,0,0,0
5,104,32,-29,255,255,32769,32770,0,0,0
5,104,20,-29,255,255,32769,32770,0,0,0
5,104,8,-29,255,255,32769,32770,0,0,0
5,9,8,-29,255,255,32769,32770,0,0,0
5,9,7,-29,255,255,32769,32770,0,0,0
5,55,56,-29,255,255,32769,32770,0,0,0
5,55,43,-29,255,255,32769,32770,0,0,0
6,54,102,2,255,255,32768,32765,0,0,0
6,54,6,2,255,255,32768,32767,0,0,0
2,14,2,2,255,255,32768,32767,0,84,74
3,105,104,-1,255,255,32769,61440,0,105,93
4,2,6,2,255,255,32768,32750,0,255,255
2,14,26,2,255,255,32768,32767,0,84,74
3,105,104,-1,255,255,32769,61440,0,105,93
4,26,30,2,255,255,32768,32750,0,255,255
2,14,38,2,255,255,32768,32767,0,84,74
3,105,104,-1,255,255,32769,61440,0,105,93
2,14,50,2,255,255,32768,32767,0,84,74
3,105,104,-1,255,255,32769,61440,0,105,93
4,50,54,2,255,255,32768,32760,0,255,255
5,55,51,-29,255,255,32769,61440,0,0,0
6,54,102,-29,255,255,32768,4096,0,0,0
6,54,6,-29,255,255,32768,4096,0,0,0
6,48,36,-29,255,255,32768,4096,0,0,0
6,96,97,-29,255,255,32768,32759,0,0,0
6,96,98,-29,255,255,32768,32759,0,0,0
6,0,1,-29,255,255,32768,32759,0,0,0
6,0,2,-29,255,255,32768,32759,0,0,0
6,86,85,-29,255,255,32768,32759,0,0,0
6,86,87,-29,255,255,32768,32759,0,0,0
6,86,88,-29,255,255,32768,32759,0,0,0
6,86,89,-29,255,255,32768,32759,0,0,0
6,86,90,-29,255,255,32768,32759,0,0,0
6,86,91,-29,255,255,32768,32759,0,0,0
6,86,92,-29,255,255,32768,32759,0,0,0
6,86,74,-29,255,255,32768,32759,0,0,0
6,86,62,-29,255,255,32768,32759,0,0,0
6,86,50,-29,255,255,32768,32759,0,0,0
7,51,49,2,255,255,32769,32770,0,0,0
8,48,49,-1,255,255,32768,32736,0,255,255
7,51,99,2,255,255,32769,32770,0,0,0
8,96,99,-1,255,255,32768,32768,0,255,255
7,51,3,2,255,255,32769,32770,0,0,0
8,0,3,-1,255,255,32768,32768,0,255,255
5,57,56,-29,255,255,32769,32770,0,0,0
5,104,103,-29,255,255,32769,32770,0,0,0
5,104,105,-29,255,255,32769,32770,0,0,0
5,104,92,-29,255,255,32769,32770,0,0,0
5,104,80,-29,255,255,32769,32770,0,0,0
5,104,68,-29,255,255,32769,32770,0,0,0
5,104,56,-29,255,255,32769,32770,0,0,0
6,54,56,-1,255,255,32768,32759,0,0,0
7,57,56,-1,255,255,32769,32982,0,0,0
7,69,56,-1,255,255,32769,32878,0,0,0
7,45,56,-1,255,255,32769,32875,0,0,0
5,104,44,-29,255,255,32769,32770,0,0,0
5,104,32,-29,255,255,32769,32770,0,0,0
5,104,20,-29,255,255,32769,32770,0,0,0
5,104,8,-29,255,255,32769,32770,0,0,0
5,9,8,-29,255,255,32769,32770,0,0,0
5,9,7,-29,255,255,32769,32770,0,0,0
5,55,56,-29,255,255,32769,32770,0,0,0
5,55,43,-29,255,255,32769,32770,0,0,0
6,54,102,2,255,255,32768,32765,0,0,0
6,54,6,2,255,255,32768,32767,0,0,0
2,14,62,2,255,255,32768,32767,0,84,74
3,105,104,-1,255,255,32769,61440,0,105,93
2,14,74,2,255,255,32768,32767,0,84,74
3,105,104,-1,255,255,32769,61440,0,105,93
4,74,78,2,255,255,32768,32750,0,255,255
2,84,74,2,255,255,32768,32767,0,84,74
3,105,104,-1,255,255,32769,61440,0,105,93
4,14,21,-1,255,255,32768,32760,0,255,255
5,9,21,-1,255,255,32769,32854,0,0,0
2,84,98,2,255,255,32768,32767,0,84,74
3,105,104,-1,255,255,32769,61440,0,105,93
4,14,21,-1,255,255,32768,32758,0,255,255
5,9,21,-1,255,255,32769,32852,0,0,0
2,12,2,2,255,255,32768,32767,0,84,74
3,105,104,-1,255,255,32769,61440,0,105,93
4,14,21,-1,255,255,32768,32758,0,255,255
5,9,21,-1,255,255,32769,32852,0,0,0
2,12,26,2,255,255,32768,32767,0,84,74
3,105,104,-1,255,255,32769,61440,0,105,93
4,14,21,-1,255,255,32768,32760,0,255,255
5,9,21,-1,255,255,32769,32854,0,0,0
2,49,38,2,255,255,32768,32767,0,84,74
3,105,104,-1,255,255,32769,61440,0,105,93
4,14,21,-1,255,255,32768,32749,0,255,255
5,9,21,-1,255,255,32769,32843,0,0,0
2,49,62,2,255,255,32768,32767,0,84,74
3,105,104,-1,255,255,32769,61440,0,105,93
4,14,21,-1,255,255,32768,32749,0,255,255
5,9,21,-1,255,255,32769,32843,0,0,0
2,72,50,2,255,255,32768,32767,0,84,74
3,105,104,-1,255,255,32769,61440,0,105,93
4,14,21,-1,255,255,32768,32751,0,255,255
5,9,21,-1,255,255,32769,32845,0,0,0
2,72,98,2,255,255,32768,32767,0,84,74
3,105,104,-1,255,255,32769,61440,0,105,93
4,14,21,-1,255,255,32768,32749,0,255,255
5,9,21,-1,255,255,32769,32843,0,0,0
2,24,2,2,255,255,32768,32767,0,84,74
3,105,104,-1,255,255,32769,61440,0,105,93
4,14,21,-1,255,255,32768,32749,0,255,255
5,9,21,-1,255,255,32769,32843,0,0,0
2,24,50,2,255,255,32768,32767,0,84,74
3,105,104,-1,255,255,32769,61440,0,105,93
4,14,21,-1,255,255,32768,32751,0,255,255
5,9,21,-1,255,255,32769,32845,0,0,0
2,99,100,2,255,255,32768,32767,0,84,74
3,105,104,-1,255,255,32769,61440,0,105,93
4,14,21,-1,255,255,32768,32751,0,255,255
5,9,21,-1,255,255,32769,32845,0,0,0
2,75,76,2,255,255,32768,32767,0,84,74
3,105,104,-1,255,255,32769,61440,0,105,93
4,14,21,-1,255,255,32768,32751,0,255,255
5,9,21,-1,255,255,32769,32845,0,0,0
2,51,52,2,255,255,32768,32767,0,84,74
3,55,52,-1,255,255,32769,61440,0,105,93
4,14,21,-32,255,255,32768,4096,0,255,255
4,48,36,-29,255,255,32768,4096,0,255,255
4,96,97,-29,255,255,32768,32761,0,255,255
4,96,98,-29,255,255,32768,32761,0,255,255
4,0,1,-29,255,255,32768,32761,0,255,255
4,0,2,-29,255,255,32768,32761,0,255,255
4,86,85,-29,255,255,32768,32761,0,255,255
4,86,87,-29,255,255,32768,32761,0,255,255
4,86,88,-29,255,255,32768,32761,0,255,255
4,86,89,-29,255,255,32768,32761,0,255,255
4,86,90,-29,255,255,32768,32761,0,255,255
4,86,91,-29,255,255,32768,32761,0,255,255
4,86,92,-29,255,255,32768,32761,0,255,255
4,86,74,-29,255,255,32768,32761,0,255,255
4,86,62,-29,255,255,32768,32761,0,255,255
4,86,50,-29,255,255,32768,32761,0,255,255
5,19,12,2,255,255,32769,32772,0,0,0
6,0,12,-32,255,255,32768,4096,0,0,0
7,52,49,2,255,255,32769,32795,0,0,0
8,48,49,-1,255,255,32768,32761,0,255,255
5,52,49,2,255,255,32769,32772,0,0,0
6,48,49,-1,255,255,32768,32738,0,0,0
3,105,104,-1,255,255,32769,32772,0,105,93
4,14,21,-1,255,255,32768,32751,0,255,255
5,9,21,-1,255,255,32769,32845,0,0,0
2,27,28,2,255,255,32768,32767,0,84,74
3,105,104,-1,255,255,32769,61440,0,105,93
4,14,21,-1,255,255,32768,32751,0,255,255
5,9,21,-1,255,255,32769,32845,0,0,0
2,3,4,2,255,255,32768,32767,0,84,74
3,105,104,-1,255,255,32769,61440,0,105,93
4,14,21,-1,255,255,32768,32751,0,255,255
5,9,21,-1,255,255,32769,32845,0,0,0
0,72,50,-1,86,50,32768,32768,0,86,50
1,91,55,-1,255,255,32769,61440,0,93,79
2,0,1,-1,255,255,32768,4096,0,84,74
3,105,104,-1,255,255,32769,61440,0,105,93
4,14,21,-1,255,255,32768,32759,0,255,255
5,9,21,-1,255,255,32769,32853,0,0,0
2,14,21,2,255,255,32768,32759,0,84,74
3,9,21,-1,255,255,32769,61440,0,105,93
2,48,49,2,255,255,32768,32759,0,84,74
3,105,104,-1,255,255,32769,61440,0,105,93
4,14,21,-1,255,255,32768,32748,0,255,255
5,9,21,-1,255,255,32769,32842,0,0,0
2,96,97,2,255,255,32768,32759,0,84,74
3,105,104,-1,255,255,32769,61440,0,105,93
4,14,21,-1,255,255,32768,32759,0,255,255
5,9,21,-1,255,255,32769,32853,0,0,0
2,96,98,2,255,255,32768,32759,0,84,74
3,105,104,-1,255,255,32769,61440,0,105,93
4,14,21,-1,255,255,32768,32758,0,255,255
5,9,21,-1,255,255,32769,32852,0,0,0
2,0,2,2,255,255,32768,32759,0,84,74
3,105,104,-1,255,255,32769,61440,0,105,93
4,14,21,-1,255,255,32768,32758,0,255,255
5,9,21,-1,255,255,32769,32852,0,0,0
2,86,85,2,255,255,32768,32759,0,84,74
3,105,104,-1,255,255,32769,61440,0,105,93
4,14,21,-1,255,255,32768,32750,0,255,255
5,9,21,-1,255,255,32769,32844,0,0,0
2,86,87,2,255,255,32768,32759,0,84,74
3,105,104,-1,255,255,32769,61440,0,105,93
4,14,21,-1,255,255,32768,32749,0,255,255
5,9,21,-1,255,255,32769,32843,0,0,0
2,86,88,2,255,255,32768,32759,0,84,74
3,105,104,-1,255,255,32769,61440,0,105,93
4,14,21,-1,255,255,32768,32749,0,255,255
5,9,21,-1,255,255,32769,32843,0,0,0
2,86,89,2,255,255,32768,32759,0,84,74
3,105,104,-1,255,255,32769,61440,0,105,93
4,14,21,-1,255,255,32768,32748,0,255,255
5,9,21,-1,255,255,32769,32842,0,0,0
2,86,90,2,255,255,32768,32759,0,84,74
3,105,104,-1,255,255,32769,61440,0,105,93
4,14,21,-1,255,255,32768,32748,0,255,255
5,9,21,-1,255,255,32769,32842,0,0,0
4,90,54,2,255,255,32768,32748,0,255,255
5,19,12,-29,255,255,32769,61440,0,0,0
5,55,51,-29,255,255,32769,61440,0,0,0
6,14,21,-29,255,255,32768,4096,0,0,0
6,54,102,-29,255,255,32768,4096,0,0,0
6,54,6,-29,255,255,32768,4096,0,0,0
6,48,49,-29,255,255,32768,4096,0,0,0
6,96,97,-29,255,255,32768,4096,0,0,0
6,96,98,-29,255,255,32768,4096,0,0,0
6,0,1,-29,255,255,32768,4096,0,0,0
6,0,2,-29,255,255,32768,4096,0,0,0
6,54,53,-29,255,255,32768,4096,0,0,0
6,54,52,-29,255,255,32768,4096,0,0,0
6,54,55,-29,255,255,32768,4096,0,0,0
6,54,56,-29,255,255,32768,4096,0,0,0
6,54,42,-29,255,255,32768,4096,0,0,0
6,54,66,-29,255,255,32768,4096,0,0,0
6,14,13,-29,255,255,32768,4096,0,0,0
6,14,15,-29,255,255,32768,4096,0,0,0
6,14,16,-29,255,255,32768,4096,0,0,0
6,14,17,-29,255,255,32768,4096,0,0,0
6,14,18,-29,255,255,32768,4096,0,0,0
6,14,2,-29,255,255,32768,4096,0,0,0
6,14,26,-29,255,255,32768,4096,0,0,0
6,14,38,-29,255,255,32768,4096,0,0,0
6,84,74,-29,255,255,32768,4096,0,0,0
6,84,98,-29,255,255,32768,4096,0,0,0
6,84,61,-29,255,255,32768,4096,0,0,0
6,12,2,-29,255,255,32768,4096,0,0,0
6,12,26,-29,255,255,32768,4096,0,0,0
6,60,49,-29,255,255,32768,4096,0,0,0
6,36,49,-29,255,255,32768,32761,0,0,0
6,50,72,-29,255,255,32768,32761,0,0,0
6,50,28,-29,255,255,32768,32761,0,0,0
6,50,76,-29,255,255,32768,32761,0,0,0
6,24,2,-29,255,255,32768,32761,0,0,0
6,99,100,-29,255,255,32768,32761,0,0,0
6,75,76,-29,255,255,32768,32761,0,0,0
6,27,28,-29,255,255,32768,32761,0,0,0
6,3,4,-29,255,255,32768,32761,0,0,0
2,86,91,2,255,255,32768,32761,0,84,74
3,19,91,-1,255,255,32769,61440,0,105,93
2,86,92,2,255,255,32768,32761,0,84,74
3,105,104,-1,255,255,32769,61440,0,105,93
4,14,21,-1,255,255,32768,32748,0,255,255
5,9,21,-1,255,255,32769,32842,0,0,0
2,86,74,2,255,255,32768,32761,0,84,74
3,105,104,-1,255,255,32769,61440,0,105,93
4,14,21,-1,255,255,32768,32750,0,255,255
5,9,21,-1,255,255,32769,32844,0,0,0
4,74,78,2,255,255,32768,32750,0,255,255
2,86,62,2,255,255,32768,32761,0,84,74
3,105,104,-1,255,255,32769,61440,0,105,93
4,14,21,-1,255,255,32768,32752,0,255,255
5,9,21,-1,255,255,32769,32846,0,0,0
2,86,98,2,255,255,32768,32761,0,84,74
3,105,104,-1,255,255,32769,61440,0,105,93
4,14,21,-1,255,255,32768,32750,0,255,255
5,9,21,-1,255,255,32769,32844,0,0,0
4,98,102,2,255,255,32768,32750,0,255,255
2,14,13,2,255,255,32768,32761,0,84,74
3,105,104,-1,255,255,32769,61440,0,105,93
4,13,21,2,255,255,32768,32750,0,255,255
5,9,21,-1,255,255,32769,32844,0,0,0
2,14,15,2,255,255,32768,32761,0,84,74
3,105,104,-1,255,255,32769,61440,0,105,93
4,15,21,2,255,255,32768,32749,0,255,255
5,9,21,-1,255,255,32769,32844,0,0,0
2,14,16,2,255,255,32768,32761,0,84,74
3,105,104,-1,255,255,32769,61440,0,105,93
4,16,21,2,255,255,32768,32749,0,255,255
5,9,21,-1,255,255,32769,32844,0,0,0
2,14,17,2,255,255,32768,32761,0,84,74
3,105,104,-1,255,255,32769,61440,0,105,93
4,17,21,2,255,255,32768,32748,0,255,255
5,9,21,-1,255,255,32769,32844,0,0,0
2,14,18,2,255,255,32768,32761,0,84,74
3,105,104,-1,255,255,32769,61440,0,105,93
4,18,21,2,255,255,32768,32748,0,255,255
5,9,21,-1,255,255,32769,32844,0,0,0
4,18,54,2,255,255,32768,32748,0,255,255
5,55,51,-29,255,255,32769,61440,0,0,0
6,54,102,-29,255,255,32768,4096,0,0,0
6,54,6,-29,255,255,32768,4096,0,0,0
6,48,49,-29,255,255,32768,4096,0,0,0
6,96,97,-29,255,255,32768,4096,0,0,0
6,96,98,-29,255,255,32768,4096,0,0,0
6,0,1,-29,255,255,32768,4096,0,0,0
6,0,2,-29,255,255,32768,4096,0,0,0
6,86,85,-29,255,255,32768,4096,0,0,0
6,86,87,-29,255,255,32768,4096,0,0,0
6,86,88,-29,255,255,32768,4096,0,0,0
6,86,89,-29,255,255,32768,4096,0,0,0
6,86,90,-29,255,255,32768,4096,0,0,0
6,86,91,-29,255,255,32768,4096,0,0,0
6,86,92,-29,255,255,32768,4096,0,0,0
6,86,74,-29,255,255,32768,4096,0,0,0
6,86,62,-29,255,255,32768,4096,0,0,0
6,86,98,-29,255,255,32768,4096,0,0,0
6,54,53,-29,255,255,32768,4096,0,0,0
6,54,52,-29,255,255,32768,4096,0,0,0
6,54,55,-29,255,255,32768,4096,0,0,0
6,54,56,-29,255,255,32768,4096,0,0,0
6,54,42,-29,255,255,32768,4096,0,0,0
6,54,66,-29,255,255,32768,4096,0,0,0
6,84,74,-29,255,255,32768,4096,0,0,0
6,84,98,-29,255,255,32768,4096,0,0,0
6,84,61,-29,255,255,32768,4096,0,0,0
6,12,2,-29,255,255,32768,4096,0,0,0
6,12,26,-29,255,255,32768,4096,0,0,0
6,60,49,-29,255,255,32768,4096,0,0,0
6,36,49,-29,255,255,32768,32761,0,0,0
6,50,72,-29,255,255,32768,32761,0,0,0
6,50,28,-29,255,255,32768,32761,0,0,0
6,50,76,-29,255,255,32768,32761,0,0,0
6,24,2,-29,255,255,32768,32761,0,0,0
6,99,100,-29,255,255,32768,32761,0,0,0
6,75,76,-29,255,255,32768,32761,0,0,0
6,27,28,-29,255,255,32768,32761,0,0,0
6,3,4,-29,255,255,32768,32761,0,0,0
2,14,2,2,255,255,32768,32761,0,84,74
3,105,104,-1,255,255,32769,61440,0,105,93
4,2,6,2,255,255,32768,32750,0,255,255
2,14,26,2,255,255,32768,32761,0,84,74
3,105,104,-1,255,255,32769,61440,0,105,93
4,26,30,2,255,255,32768,32750,0,255,255
2,14,38,2,255,255,32768,32761,0,84,74
3,105,104,-1,255,255,32769,61440,0,105,93
2,84,74,2,255,255,32768,32761,0,84,74
3,105,104,-1,255,255,32769,61440,0,105,93
4,14,21,-1,255,255,32768,32760,0,255,255
5,9,21,-1,255,255,32769,32854,0,0,0
2,84,98,2,255,255,32768,32761,0,84,74
3,105,104,-1,255,255,32769,61440,0,105,93
4,14,21,-1,255,255,32768,32758,0,255,255
5,9,21,-1,255,255,32769,32852,0,0,0
2,84,61,2,255,255,32768,32761,0,84,74
3,105,104,-1,255,255,32769,61440,0,105,93
4,14,21,-1,255,255,32768,32759,0,255,255
5,9,21,-1,255,255,32769,32853,0,0,0
2,12,2,2,255,255,32768,32761,0,84,74
3,105,104,-1,255,255,32769,61440,0,105,93
4,14,21,-1,255,255,32768,32758,0,255,255
5,9,21,-1,255,255,32769,32852,0,0,0
2,12,26,2,255,255,32768,32761,0,84,74
3,105,104,-1,255,255,32769,61440,0,105,93
4,14,21,-1,255,255,32768,32760,0,255,255
5,9,21,-1,255,255,32769,32854,0,0,0
2,60,49,2,255,255,32768,32761,0,84,74
3,105,104,-1,255,255,32769,61440,0,105,93
4,14,21,-1,255,255,32768,32751,0,255,255
5,9,21,-1,255,255,32769,32845,0,0,0
2,36,49,2,255,255,32768,32761,0,84,74
3,105,104,-1,255,255,32769,61440,0,105,93
4,14,21,-1,255,255,32768,32751,0,255,255
5,9,21,-1,255,255,32769,32845,0,0,0
2,50,28,2,255,255,32768,32761,0,84,74
3,105,104,-1,255,255,32769,61440,0,105,93
4,14,21,-1,255,255,32768,32749,0,255,255
5,9,21,-1,255,255,32769,32843,0,0,0
2,50,76,2,255,255,32768,32761,0,84,74
3,105,104,-1,255,255,32769,61440,0,105,93
4,14,21,-1,255,255,32768,32749,0,255,255
5,9,21,-1,255,255,32769,32843,0,0,0
2,24,2,2,255,255,32768,32761,0,84,74
3,105,104,-1,255,255,32769,61440,0,105,93
4,14,21,-1,255,255,32768,32749,0,255,255
5,9,21,-1,255,255,32769,32843,0,0,0
2,99,100,2,255,255,32768,32761,0,84,74
3,105,104,-1,255,255,32769,61440,0,105,93
4,14,21,-1,255,255,32768,32751,0,255,255
5,9,21,-1,255,255,32769,32845,0,0,0
2,75,76,2,255,255,32768,32761,0,84,74
3,105,104,-1,255,255,32769,61440,0,105,93
4,14,21,-1,255,255,32768,32751,0,255,255
5,9,21,-1,255,255,32769,32845,0,0,0
2,51,52,2,255,255,32768,32761,0,84,74
3,55,52,-1,255,255,32769,61440,0,105,93
4,14,21,-32,255,255,32768,4096,0,255,255
4,48,49,-29,255,255,32768,4096,0,255,255
4,96,97,-29,255,255,32768,4096,0,255,255
4,96,98,-29,255,255,32768,4096,0,255,255
4,0,1,-29,255,255,32768,4096,0,255,255
4,0,2,-29,255,255,32768,4096,0,255,255
4,86,85,-29,255,255,32768,4096,0,255,255
4,86,87,-29,255,255,32768,4096,0,255,255
4,86,88,-29,255,255,32768,4096,0,255,255
4,86,89,-29,255,255,32768,4096,0,255,255
4,86,90,-29,255,255,32768,4096,0,255,255
4,86,91,-29,255,255,32768,4096,0,255,255
4,86,92,-29,255,255,32768,4096,0,255,255
4,86,74,-29,255,255,32768,4096,0,255,255
4,86,62,-29,255,255,32768,4096,0,255,255
4,86,98,-29,255,255,32768,4096,0,255,255
4,14,13,-29,255,255,32768,4096,0,255,255
4,14,15,-29,255,255,32768,4096,0,255,255
4,14,16,-29,255,255,32768,4096,0,255,255
4,14,17,-29,255,255,32768,4096,0,255,255
4,14,18,-29,255,255,32768,4096,0,255,255
4,14,2,-29,255,255,32768,4096,0,255,255
4,14,26,-29,255,255,32768,4096,0,255,255
4,14,38,-29,255,255,32768,4096,0,255,255
4,84,74,-29,255,255,32768,4096,0,255,255
4,84,98,-29,255,255,32768,4096,0,255,255
4,84,61,-29,255,255,32768,4096,0,255,255
4,12,2,-29,255,255,32768,4096,0,255,255
4,12,26,-29,255,255,32768,4096,0,255,255
4,60,49,-29,255,255,32768,4096,0,255,255
4,36,49,-29,255,255,32768,32763,0,255,255
4,50,72,-29,255,255,32768,32763,0,255,255
4,50,28,-29,255,255,32768,32763,0,255,255
4,50,76,-29,255,255,32768,32763,0,255,255
4,24,2,-29,255,255,32768,32763,0,255,255
4,99,100,-29,255,255,32768,32763,0,255,255
4,75,76,-29,255,255,32768,32763,0,255,255
4,27,28,-29,255,255,32768,32763,0,255,255
4,3,4,-29,255,255,32768,32763,0,255,255
2,27,28,2,255,255,32768,32763,0,84,74
3,105,104,-1,255,255,32769,61440,0,105,93
4,14,21,-1,255,255,32768,32751,0,255,255
5,9,21,-1,255,255,32769,32845,0,0,0
2,3,4,2,255,255,32768,32763,0,84,74
3,105,104,-1,255,255,32769,61440,0,105,93
4,14,21,-1,255,255,32768,32751,0,255,255
5,9,21,-1,255,255,32769,32845,0,0,0
0,72,98,-1,86,50,32768,32768,0,86,50
1,91,55,-1,255,255,32769,61440,0,93,79
2,0,1,-1,255,255,32768,4096,0,84,74
3,105,104,-1,255,255,32769,61440,0,105,93
4,14,21,-1,255,255,32768,32757,0,255,255
5,9,21,-1,255,255,32769,32851,0,0,0
2,14,21,2,255,255,32768,32757,0,84,74
3,9,21,-1,255,255,32769,61440,0,105,93
2,48,49,2,255,255,32768,32757,0,84,74
3,105,104,-1,255,255,32769,61440,0,105,93
4,14,21,-1,255,255,32768,32746,0,255,255
5,9,21,-1,255,255,32769,32840,0,0,0
2,96,97,2,255,255,32768,32757,0,84,74
3,105,104,-1,255,255,32769,61440,0,105,93
4,14,21,-1,255,255,32768,32757,0,255,255
5,9,21,-1,255,255,32769,32851,0,0,0
2,0,2,2,255,255,32768,32757,0,84,74
3,105,104,-1,255,255,32769,61440,0,105,93
4,14,21,-1,255,255,32768,32756,0,255,255
5,9,21,-1,255,255,32769,32850,0,0,0
2,86,85,2,255,255,32768,32757,0,84,74
3,105,104,-1,255,255,32769,61440,0,105,93
4,14,21,-1,255,255,32768,32748,0,255,255
5,9,21,-1,255,255,32769,32842,0,0,0
2,86,87,2,255,255,32768,32757,0,84,74
3,105,104,-1,255,255,32769,61440,0,105,93
4,14,21,-1,255,255,32768,32747,0,255,255
5,9,21,-1,255,255,32769,32841,0,0,0
2,86,88,2,255,255,32768,32757,0,84,74
3,105,104,-1,255,255,32769,61440,0,105,93
4,14,21,-1,255,255,32768,32747,0,255,255
5,9,21,-1,255,255,32769,32841,0,0,0
2,86,89,2,255,255,32768,32757,0,84,74
3,105,104,-1,255,255,32769,61440,0,105,93
4,14,21,-1,255,255,32768,32746,0,255,255
5,9,21,-1,255,255,32769,32840,0,0,0
2,86,90,2,255,255,32768,32757,0,84,74
3,105,104,-1,255,255,32769,61440,0,105,93
4,14,21,-1,255,255,32768,32746,0,255,255
5,9,21,-1,255,255,32769,32840,0,0,0
4,90,54,2,255,255,32768,32746,0,255,255
5,19,12,-29,255,255,32769,61440,0,0,0
5,55,51,-29,255,255,32769,61440,0,0,0
6,14,21,2,255,255,32768,32758,0,0,0
7,9,21,-1,255,255,32769,32852,0,0,0
6,54,102,2,255,255,32768,32758,0,0,0
6,54,6,2,255,255,32768,32760,0,0,0
2,86,91,2,255,255,32768,32760,0,84,74
3,19,91,-1,255,255,32769,61440,0,105,93
2,86,92,2,255,255,32768,32760,0,84,74
3,105,104,-1,255,255,32769,61440,0,105,93
4,14,21,-1,255,255,32768,32746,0,255,255
5,9,21,-1,255,255,32769,32840,0,0,0
2,86,74,2,255,255,32768,32760,0,84,74
3,105,104,-1,255,255,32769,61440,0,105,93
4,14,21,-1,255,255,32768,32748,0,255,255
5,9,21,-1,255,255,32769,32842,0,0,0
4,74,78,2,255,255,32768,32748,0,255,255
2,86,62,2,255,255,32768,32760,0,84,74
3,105,104,-1,255,255,32769,61440,0,105,93
4,14,21,-1,255,255,32768,32750,0,255,255
5,9,21,-1,255,255,32769,32844,0,0,0
2,86,50,2,255,255,32768,32760,0,84,74
3,105,104,-1,255,255,32769,61440,0,105,93
4,14,21,-1,255,255,32768,32758,0,255,255
5,9,21,-1,255,255,32769,32852,0,0,0
4,50,54,2,255,255,32768,32758,0,255,255
5,19,12,-29,255,255,32769,61440,0,0,0
5,55,51,-29,255,255,32769,61440,0,0,0
6,14,21,2,255,255,32768,32758,0,0,0
7,9,21,-1,255,255,32769,32852,0,0,0
6,54,102,2,255,255,32768,32758,0,0,0
6,54,6,2,255,255,32768,32760,0,0,0
2,86,38,2,255,255,32768,32760,0,84,74
3,105,104,-1,255,255,32769,61440,0,105,93
4,14,21,-1,255,255,32768,32750,0,255,255
5,9,21,-1,255,255,32769,32844,0,0,0
2,86,26,2,255,255,32768,32760,0,84,74
3,105,104,-1,255,255,32769,61440,0,105,93
4,14,21,-1,255,255,32768,32748,0,255,255
5,9,21,-1,255,255,32769,32842,0,0,0
6,26,30,-1,255,255,32768,32725,0,0,0
4,26,30,2,255,255,32768,32748,0,255,255
2,14,13,2,255,255,32768,32760,0,84,74
3,105,104,-1,255,255,32769,61440,0,105,93
4,13,21,2,255,255,32768,32748,0,255,255
5,9,21,-1,255,255,32769,32842,0,0,0
2,14,15,2,255,255,32768,32760,0,84,74
3,105,104,-1,255,255,32769,61440,0,105,93
4,15,21,2,255,255,32768,32747,0,255,255
5,9,21,-1,255,255,32769,32842,0,0,0
2,14,16,2,255,255,32768,32760,0,84,74
3,105,104,-1,255,255,32769,61440,0,105,93
4,16,21,2,255,255,32768,32747,0,255,255
5,9,21,-1,255,255,32769,32842,0,0,0
2,14,17,2,255,255,32768,32760,0,84,74
3,105,104,-1,255,255,32769,61440,0,105,93
4,17,21,2,255,255,32768,32746,0,255,255
5,9,21,-1,255,255,32769,32842,0,0,0
2,14,18,2,255,255,32768,32760,0,84,74
3,105,104,-1,255,255,32769,61440,0,105,93
4,18,21,2,255,255,32768,32746,0,255,255
5,9,21,-1,255,255,32769,32842,0,0,0
4,18,54,2,255,255,32768,32746,0,255,255
5,55,51,-29,255,255,32769,61440,0,0,0
6,54,102,2,255,255,32768,32758,0,0,0
6,54,6,2,255,255,32768,32760,0,0,0
2,14,2,2,255,255,32768,32760,0,84,74
3,105,104,-1,255,255,32769,61440,0,105,93
4,2,6,2,255,255,32768,32748,0,255,255
2,14,26,2,255,255,32768,32760,0,84,74
3,105,104,-1,255,255,32769,61440,0,105,93
4,26,30,2,255,255,32768,32748,0,255,255
2,14,38,2,255,255,32768,32760,0,84,74
3,105,104,-1,255,255,32769,61440,0,105,93
2,14,50,2,255,255,32768,32760,0,84,74
3,105,104,-1,255,255,32769,61440,0,105,93
4,50,54,2,255,255,32768,32758,0,255,255
5,55,51,-29,255,255,32769,61440,0,0,0
6,54,102,2,255,255,32768,32758,0,0,0
6,54,6,2,255,255,32768,32760,0,0,0
2,14,62,2,255,255,32768,32760,0,84,74
3,105,104,-1,255,255,32769,61440,0,105,93
2,14,74,2,255,255,32768,32760,0,84,74
3,105,104,-1,255,255,32769,61440,0,105,93
4,74,78,2,255,255,32768,32748,0,255,255
2,84,74,2,255,255,32768,32760,0,84,74
3,105,104,-1,255,255,32769,61440,0,105,93
4,14,21,-1,255,255,32768,32758,0,255,255
5,9,21,-1,255,255,32769,32852,0,0,0
2,84,61,2,255,255,32768,32760,0,84,74
3,105,104,-1,255,255,32769,61440,0,105,93
4,14,21,-1,255,255,32768,32757,0,255,255
5,9,21,-1,255,255,32769,32851,0,0,0
2,12,2,2,255,255,32768,32760,0,84,74
3,105,104,-1,255,255,32769,61440,0,105,93
4,14,21,-1,255,255,32768,32756,0,255,255
5,9,21,-1,255,255,32769,32850,0,0,0
2,12,26,2,255,255,32768,32760,0,84,74
3,105,104,-1,255,255,32769,61440,0,105,93
4,14,21,-1,255,255,32768,32758,0,255,255
5,9,21,-1,255,255,32769,32852,0,0,0
2,60,49,2,255,255,32768,32760,0,84,74
3,105,104,-1,255,255,32769,61440,0,105,93
4,14,21,-1,255,255,32768,32749,0,255,255
5,9,21,-1,255,255,32769,32843,0,0,0
2,36,49,2,255,255,32768,32760,0,84,74
3,105,104,-1,255,255,32769,61440,0,105,93
4,14,21,-1,255,255,32768,32749,0,255,255
5,9,21,-1,255,255,32769,32843,0,0,0
2,98,76,2,255,255,32768,32760,0,84,74
3,105,104,-1,255,255,32769,61440,0,105,93
4,14,21,-1,255,255,32768,32749,0,255,255
5,9,21,-1,255,255,32769,32843,0,0,0
2,24,2,2,255,255,32768,32760,0,84,74
3,105,104,-1,255,255,32769,61440,0,105,93
4,14,21,-1,255,255,32768,32747,0,255,255
5,9,21,-1,255,255,32769,32841,0,0,0
2,24,50,2,255,255,32768,32760,0,84,74
3,105,104,-1,255,255,32769,61440,0,105,93
4,14,21,-1,255,255,32768,32749,0,255,255
5,9,21,-1,255,255,32769,32843,0,0,0
2,99,100,2,255,255,32768,32760,0,84,74
3,105,104,-1,255,255,32769,61440,0,105,93
4,14,21,-1,255,255,32768,32749,0,255,255
5,9,21,-1,255,255,32769,32843,0,0,0
2,75,76,2,255,255,32768,32760,0,84,74
3,105,104,-1,255,255,32769,61440,0,105,93
4,14,21,-1,255,255,32768,32749,0,255,255
5,9,21,-1,255,255,32769,32843,0,0,0
2,51,52,2,255,255,32768,32760,0,84,74
3,55,52,-1,255,255,32769,61440,0,105,93
4,14,21,-1,255,255,32768,32760,0,255,255
5,9,21,-1,255,255,32769,32854,0,0,0
2,27,28,2,255,255,32768,32760,0,84,74
3,105,104,-1,255,255,32769,61440,0,105,93
4,14,21,-1,255,255,32768,32749,0,255,255
5,9,21,-1,255,255,32769,32843,0,0,0
2,3,4,2,255,255,32768,32760,0,84,74
3,105,104,-1,255,255,32769,61440,0,105,93
4,14,21,-1,255,255,32768,32749,0,255,255
5,9,21,-1,255,255,32769,32843,0,0,0
0,24,2,-1,86,50,32768,32768,0,86,50
1,91,55,-1,255,255,32769,61440,0,93,79
2,0,1,-1,255,255,32768,4096,0,84,74
3,105,104,-1,255,255,32769,61440,0,105,93
4,14,21,-1,255,255,32768,32757,0,255,255
5,9,21,-1,255,255,32769,32851,0,0,0
2,14,21,2,255,255,32768,32757,0,84,74
3,9,21,-1,255,255,32769,61440,0,105,93
2,48,49,2,255,255,32768,32757,0,84,74
3,105,104,-1,255,255,32769,61440,0,105,93
4,14,21,-1,255,255,32768,32746,0,255,255
5,9,21,-1,255,255,32769,32840,0,0,0
2,96,97,2,255,255,32768,32757,0,84,74
3,105,104,-1,255,255,32769,61440,0,105,93
4,14,21,-1,255,255,32768,32757,0,255,255
5,9,21,-1,255,255,32769,32851,0,0,0
2,96,98,2,255,255,32768,32757,0,84,74
3,105,104,-1,255,255,32769,61440,0,105,93
4,14,21,-1,255,255,32768,32756,0,255,255
5,9,21,-1,255,255,32769,32850,0,0,0
2,86,85,2,255,255,32768,32757,0,84,74
3,105,104,-1,255,255,32769,61440,0,105,93
4,14,21,-1,255,255,32768,32748,0,255,255
5,9,21,-1,255,255,32769,32842,0,0,0
2,86,87,2,255,255,32768,32757,0,84,74
3,105,104,-1,255,255,32769,61440,0,105,93
4,14,21,-1,255,255,32768,32747,0,255,255
5,9,21,-1,255,255,32769,32841,0,0,0
2,86,88,2,255,255,32768,32757,0,84,74
3,105,104,-1,255,255,32769,61440,0,105,93
4,14,21,-1,255,255,32768,32747,0,255,255
5,9,21,-1,255,255,32769,32841,0,0,0
2,86,89,2,255,255,32768,32757,0,84,74
3,105,104,-1,255,255,32769,61440,0,105,93
4,14,21,-1,255,255,32768,32746,0,255,255
5,9,21,-1,255,255,32769,32840,0,0,0
2,86,90,2,255,255,32768,32757,0,84,74
3,105,104,-1,255,255,32769,61440,0,105,93
4,14,21,-1,255,255,32768,32746,0,255,255
5,9,21,-1,255,255,32769,32840,0,0,0
4,90,54,2,255,255,32768,32746,0,255,255
5,19,12,-29,255,255,32769,61440,0,0,0
5,55,51,-29,255,255,32769,61440,0,0,0
6,14,21,2,255,255,32768,32758,0,0,0
7,9,21,-1,255,255,32769,32852,0,0,0
6,54,102,2,255,255,32768,32758,0,0,0
6,54,6,2,255,255,32768,32760,0,0,0
2,86,91,2,255,255,32768,32760,0,84,74
3,19,91,-1,255,255,32769,61440,0,105,93
2,86,92,2,255,255,32768,32760,0,84,74
3,105,104,-1,255,255,32769,61440,0,105,93
4,14,21,-1,255,255,32768,32746,0,255,255
5,9,21,-1,255,255,32769,32840,0,0,0
2,86,74,2,255,255,32768,32760,0,84,74
3,105,104,-1,255,255,32769,61440,0,105,93
4,14,21,-1,255,255,32768,32748,0,255,255
5,9,21,-1,255,255,32769,32842,0,0,0
4,74,78,2,255,255,32768,32748,0,255,255
2,86,62,2,255,255,32768,32760,0,84,74
3,105,104,-1,255,255,32769,61440,0,105,93
4,14,21,-1,255,255,32768,32750,0,255,255
5,9,21,-1,255,255,32769,32844,0,0,0
2,86,50,2,255,255,32768,32760,0,84,74
3,105,104,-1,255,255,32769,61440,0,105,93
4,14,21,-1,255,255,32768,32758,0,255,255
5,9,21,-1,255,255,32769,32852,0,0,0
4,50,54,2,255,255,32768,32758,0,255,255
5,19,12,-29,255,255,32769,61440,0,0,0
5,55,51,-29,255,255,32769,61440,0,0,0
6,14,21,2,255,255,32768,32758,0,0,0
7,9,21,-1,255,255,32769,32852,0,0,0
6,54,102,2,255,255,32768,32758,0,0,0
6,54,6,2,255,255,32768,32760,0,0,0
2,86,38,2,255,255,32768,32760,0,84,74
3,105,104,-1,255,255,32769,61440,0,105,93
4,14,21,-1,255,255,32768,32750,0,255,255
5,9,21,-1,255,255,32769,32844,0,0,0
2,86,26,2,255,255,32768,32760,0,84,74
3,105,104,-1,255,255,32769,61440,0,105,93
4,14,21,-1,255,255,32768,32748,0,255,255
5,9,21,-1,255,255,32769,32842,0,0,0
6,26,30,-1,255,255,32768,32725,0,0,0
4,26,30,2,255,255,32768,32748,0,255,255
2,86,98,2,255,255,32768,32760,0,84,74
3,105,104,-1,255,255,32769,61440,0,105,93
4,14,21,-1,255,255,32768,32748,0,255,255
5,9,21,-1,255,255,32769,32842,0,0,0
4,98,102,2,255,255,32768,32748,0,255,255
2,14,13,2,255,255,32768,32760,0,84,74
3,105,104,-1,255,255,32769,61440,0,105,93
4,13,21,2,255,255,32768,32748,0,255,255
5,9,21,-1,255,255,32769,32842,0,0,0
2,14,15,2,255,255,32768,32760,0,84,74
3,105,104,-1,255,255,32769,61440,0,105,93
4,15,21,2,255,255,32768,32747,0,255,255
5,9,21,-1,255,255,32769,32842,0,0,0
2,14,16,2,255,255,32768,32760,0,84,74
3,105,104,-1,255,255,32769,61440,0,105,93
4,16,21,2,255,255,32768,32747,0,255,255
5,9,21,-1,255,255,32769,32842,0,0,0
2,14,17,2,255,255,32768,32760,0,84,74
3,105,104,-1,255,255,32769,61440,0,105,93
4,17,21,2,255,255,32768,32746,0,255,255
5,9,21,-1,255,255,32769,32842,0,0,0
2,14,18,2,255,255,32768,32760,0,84,74
3,105,104,-1,255,255,32769,61440,0,105,93
4,18,21,2,255,255,32768,32746,0,255,255
5,9,21,-1,255,255,32769,32842,0,0,0
4,18,54,2,255,255,32768,32746,0,255,255
5,55,51,-29,255,255,32769,61440,0,0,0
6,54,102,2,255,255,32768,32758,0,0,0
6,54,6,2,255,255,32768,32760,0,0,0
2,14,26,2,255,255,32768,32760,0,84,74
3,105,104,-1,255,255,32769,61440,0,105,93
4,26,30,2,255,255,32768,32748,0,255,255
2,14,38,2,255,255,32768,32760,0,84,74
3,105,104,-1,255,255,32769,61440,0,105,93
2,14,50,2,255,255,32768,32760,0,84,74
3,105,104,-1,255,255,32769,61440,0,105,93
4,50,54,2,255,255,32768,32758,0,255,255
5,55,51,-29,255,255,32769,61440,0,0,0
6,54,102,2,255,255,32768,32758,0,0,0
6,54,6,2,255,255,32768,32760,0,0,0
2,14,62,2,255,255,32768,32760,0,84,74
3,105,104,-1,255,255,32769,61440,0,105,93
2,14,74,2,255,255,32768,32760,0,84,74
3,105,104,-1,255,255,32769,61440,0,105,93
4,74,78,2,255,255,32768,32748,0,255,255
2,84,74,2,255,255,32768,32760,0,84,74
3,105,104,-1,255,255,32769,61440,0,105,93
4,14,21,-1,255,255,32768,32758,0,255,255
5,9,21,-1,255,255,32769,32852,0,0,0
2,84,98,2,255,255,32768,32760,0,84,74
3,105,104,-1,255,255,32769,61440,0,105,93
4,14,21,-1,255,255,32768,32756,0,255,255
5,9,21,-1,255,255,32769,32850,0,0,0
2,12,26,2,255,255,32768,32760,0,84,74
3,105,104,-1,255,255,32769,61440,0,105,93
4,14,21,-1,255,255,32768,32758,0,255,255
5,9,21,-1,255,255,32769,32852,0,0,0
2,12,37,2,255,255,32768,32760,0,84,74
3,105,104,-1,255,255,32769,61440,0,105,93
4,14,21,-1,255,255,32768,32757,0,255,255
5,9,21,-1,255,255,32769,32851,0,0,0
2,60,49,2,255,255,32768,32760,0,84,74
3,105,104,-1,255,255,32769,61440,0,105,93
4,14,21,-1,255,255,32768,32749,0,255,255
5,9,21,-1,255,255,32769,32843,0,0,0
2,36,49,2,255,255,32768,32760,0,84,74
3,105,104,-1,255,255,32769,61440,0,105,93
4,14,21,-1,255,255,32768,32749,0,255,255
5,9,21,-1,255,255,32769,32843,0,0,0
2,72,50,2,255,255,32768,32760,0,84,74
3,105,104,-1,255,255,32769,61440,0,105,93
4,14,21,-1,255,255,32768,32749,0,255,255
5,9,21,-1,255,255,32769,32843,0,0,0
2,72,98,2,255,255,32768,32760,0,84,74
3,105,104,-1,255,255,32769,61440,0,105,93
4,14,21,-1,255,255,32768,32747,0,255,255
5,9,21,-1,255,255,32769,32841,0,0,0
2,2,28,2,255,255,32768,32760,0,84,74
3,105,104,-1,255,255,32769,61440,0,105,93
4,14,21,-1,255,255,32768,32749,0,255,255
5,9,21,-1,255,255,32769,32843,0,0,0
2,99,100,2,255,255,32768,32760,0,84,74
3,105,104,-1,255,255,32769,61440,0,105,93
4,14,21,-1,255,255,32768,32749,0,255,255
5,9,21,-1,255,255,32769,32843,0,0,0
2,75,76,2,255,255,32768,32760,0,84,74
3,105,104,-1,255,255,32769,61440,0,105,93
4,14,21,-1,255,255,32768,32749,0,255,255
5,9,21,-1,255,255,32769,32843,0,0,0
2,51,52,2,255,255,32768,32760,0,84,74
3,55,52,-1,255,255,32769,61440,0,105,93
4,14,21,-1,255,255,32768,32760,0,255,255
5,9,21,-1,255,255,32769,32854,0,0,0
2,27,28,2,255,255,32768,32760,0,84,74
3,105,104,-1,255,255,32769,61440,0,105,93
4,14,21,-1,255,255,32768,32749,0,255,255
5,9,21,-1,255,255,32769,32843,0,0,0
2,3,4,2,255,255,32768,32760,0,84,74
3,105,104,-1,255,255,32769,61440,0,105,93
4,14,21,-1,255,255,32768,32749,0,255,255
5,9,21,-1,255,255,32769,32843,0,0,0
0,24,50,-1,86,50,32768,32768,0,86,50
1,91,55,-1,255,255,32769,61440,0,93,79
2,0,1,-1,255,255,32768,4096,0,84,74
3,105,104,-1,255,255,32769,61440,0,105,93
4,14,21,-1,255,255,32768,32759,0,255,255
5,9,21,-1,255,255,32769,32853,0,0,0
2,14,21,2,255,255,32768,32759,0,84,74
3,9,21,-1,255,255,32769,61440,0,105,93
2,48,49,2,255,255,32768,32759,0,84,74
3,105,104,-1,255,255,32769,61440,0,105,93
4,14,21,-1,255,255,32768,32748,0,255,255
5,9,21,-1,255,255,32769,32842,0,0,0
2,96,97,2,255,255,32768,32759,0,84,74
3,105,104,-1,255,255,32769,61440,0,105,93
4,14,21,-1,255,255,32768,32759,0,255,255
5,9,21,-1,255,255,32769,32853,0,0,0
2,96,98,2,255,255,32768,32759,0,84,74
3,105,104,-1,255,255,32769,61440,0,105,93
4,14,21,-1,255,255,32768,32758,0,255,255
5,9,21,-1,255,255,32769,32852,0,0,0
2,0,2,2,255,255,32768,32759,0,84,74
3,105,104,-1,255,255,32769,61440,0,105,93
4,14,21,-1,255,255,32768,32758,0,255,255
5,9,21,-1,255,255,32769,32852,0,0,0
2,86,85,2,255,255,32768,32759,0,84,74
3,105,104,-1,255,255,32769,61440,0,105,93
4,14,21,-1,255,255,32768,32750,0,255,255
5,9,21,-1,255,255,32769,32844,0,0,0
2,86,87,2,255,255,32768,32759,0,84,74
3,105,104,-1,255,255,32769,61440,0,105,93
4,14,21,-1,255,255,32768,32749,0,255,255
5,9,21,-1,255,255,32769,32843,0,0,0
2,86,88,2,255,255,32768,32759,0,84,74
3,105,104,-1,255,255,32769,61440,0,105,93
4,14,21,-1,255,255,32768,32749,0,255,255
5,9,21,-1,255,255,32769,32843,0,0,0
2,86,89,2,255,255,32768,32759,0,84,74
3,105,104,-1,255,255,32769,61440,0,105,93
4,14,21,-1,255,255,32768,32748,0,255,255
5,9,21,-1,255,255,32769,32842,0,0,0
2,86,90,2,255,255,32768,32759,0,84,74
3,105,104,-1,255,255,32769,61440,0,105,93
4,14,21,-1,255,255,32768,32748,0,255,255
5,9,21,-1,255,255,32769,32842,0,0,0
4,90,54,2,255,255,32768,32748,0,255,255
5,19,12,-29,255,255,32769,61440,0,0,0
5,55,51,-29,255,255,32769,61440,0,0,0
6,14,21,-29,255,255,32768,4096,0,0,0
6,54,102,-29,255,255,32768,4096,0,0,0
6,54,6,-29,255,255,32768,4096,0,0,0
6,48,49,-29,255,255,32768,4096,0,0,0
6,96,97,-29,255,255,32768,4096,0,0,0
6,96,98,-29,255,255,32768,4096,0,0,0
6,0,1,-29,255,255,32768,4096,0,0,0
6,0,2,-29,255,255,32768,4096,0,0,0
6,54,53,-29,255,255,32768,4096,0,0,0
6,54,52,-29,255,255,32768,4096,0,0,0
6,54,55,-29,255,255,32768,4096,0,0,0
6,54,56,-29,255,255,32768,4096,0,0,0
6,54,42,-29,255,255,32768,4096,0,0,0
6,54,66,-29,255,255,32768,4096,0,0,0
6,14,13,-29,255,255,32768,4096,0,0,0
6,14,15,-29,255,255,32768,4096,0,0,0
6,14,16,-29,255,255,32768,4096,0,0,0
6,14,17,-29,255,255,32768,4096,0,0,0
6,14,18,-29,255,255,32768,4096,0,0,0
6,14,2,-29,255,255,32768,4096,0,0,0
6,14,26,-29,255,255,32768,4096,0,0,0
6,14,38,-29,255,255,32768,4096,0,0,0
6,84,74,-29,255,255,32768,4096,0,0,0
6,84,98,-29,255,255,32768,4096,0,0,0
6,12,2,-29,255,255,32768,4096,0,0,0
6,12,26,-29,255,255,32768,4096,0,0,0
6,12,37,-29,255,255,32768,4096,0,0,0
6,60,49,-29,255,255,32768,4096,0,0,0
6,36,49,-29,255,255,32768,32761,0,0,0
6,72,98,-29,255,255,32768,32761,0,0,0
6,50,24,-29,255,255,32768,32761,0,0,0
6,50,28,-29,255,255,32768,32761,0,0,0
6,50,76,-29,255,255,32768,32761,0,0,0
6,99,100,-29,255,255,32768,32761,0,0,0
6,75,76,-29,255,255,32768,32761,0,0,0
6,27,28,-29,255,255,32768,32761,0,0,0
6,3,4,-29,255,255,32768,32761,0,0,0
2,86,91,2,255,255,32768,32761,0,84,74
3,19,91,-1,255,255,32769,61440,0,105,93
2,86,92,2,255,255,32768,32761,0,84,74
3,105,104,-1,255,255,32769,61440,0,105,93
4,14,21,-1,255,255,32768,32748,0,255,255
5,9,21,-1,255,255,32769,32842,0,0,0
2,86,74,2,255,255,32768,32761,0,84,74
3,105,104,-1,255,255,32769,61440,0,105,93
4,14,21,-1,255,255,32768,32750,0,255,255
5,9,21,-1,255,255,32769,32844,0,0,0
4,74,78,2,255,255,32768,32750,0,255,255
2,86,62,2,255,255,32768,32761,0,84,74
3,105,104,-1,255,255,32769,61440,0,105,93
4,14,21,-1,255,255,32768,32752,0,255,255
5,9,21,-1,255,255,32769,32846,0,0,0
2,86,98,2,255,255,32768,32761,0,84,74
3,105,104,-1,255,255,32769,61440,0,105,93
4,14,21,-1,255,255,32768,32750,0,255,255
5,9,21,-1,255,255,32769,32844,0,0,0
4,98,102,2,255,255,32768,32750,0,255,255
2,14,13,2,255,255,32768,32761,0,84,74
3,105,104,-1,255,255,32769,61440,0,105,93
4,13,21,2,255,255,32768,32750,0,255,255
5,9,21,-1,255,255,32769,32844,0,0,0
2,14,15,2,255,255,32768,32761,0,84,74
3,105,104,-1,255,255,32769,61440,0,105,93
4,15,21,2,255,255,32768,32749,0,255,255
5,9,21,-1,255,255,32769,32844,0,0,0
2,14,16,2,255,255,32768,32761,0,84,74
3,105,104,-1,255,255,32769,61440,0,105,93
4,16,21,2,255,255,32768,32749,0,255,255
5,9,21,-1,255,255,32769,32844,0,0,0
2,14,17,2,255,255,32768,32761,0,84,74
3,105,104,-1,255,255,32769,61440,0,105,93
4,17,21,2,255,255,32768,32748,0,255,255
5,9,21,-1,255,255,32769,32844,0,0,0
2,14,18,2,255,255,32768,32761,0,84,74
3,105,104,-1,255,255,32769,61440,0,105,93
4,18,21,2,255,255,32768,32748,0,255,255
5,9,21,-1,255,255,32769,32844,0,0,0
4,18,54,2,255,255,32768,32748,0,255,255
5,55,51,-29,255,255,32769,61440,0,0,0
6,54,102,-29,255,255,32768,4096,0,0,0
6,54,6,-29,255,255,32768,4096,0,0,0
6,48,49,-29,255,255,32768,4096,0,0,0
6,96,97,-29,255,255,32768,4096,0,0,0
6,96,98,-29,255,255,32768,4096,0,0,0
6,0,1,-29,255,255,32768,4096,0,0,0
6,0,2,-29,255,255,32768,4096,0,0,0
6,86,85,-29,255,255,32768,4096,0,0,0
6,86,87,-29,255,255,32768,4096,0,0,0
6,86,88,-29,255,255,32768,4096,0,0,0
6,86,89,-29,255,255,32768,4096,0,0,0
6,86,90,-29,255,255,32768,4096,0,0,0
6,86,91,-29,255,255,32768,4096,0,0,0
6,86,92,-29,255,255,32768,4096,0,0,0
6,86,74,-29,255,255,32768,4096,0,0,0
6,86,62,-29,255,255,32768,4096,0,0,0
6,86,98,-29,255,255,32768,4096,0,0,0
6,54,53,-29,255,255,32768,4096,0,0,0
6,54,52,-29,255,255,32768,4096,0,0,0
6,54,55,-29,255,255,32768,4096,0,0,0
6,54,56,-29,255,255,32768,4096,0,0,0
6,54,42,-29,255,255,32768,4096,0,0,0
6,54,66,-29,255,255,32768,4096,0,0,0
6,84,74,-29,255,255,32768,4096,0,0,0
6,84,98,-29,255,255,32768,4096,0,0,0
6,12,2,-29,255,255,32768,4096,0,0,0
6,12,26,-29,255,255,32768,4096,0,0,0
6,12,37,-29,255,255,32768,4096,0,0,0
6,60,49,-29,255,255,32768,4096,0,0,0
6,36,49,-29,255,255,32768,32761,0,0,0
6,72,98,-29,255,255,32768,32761,0,0,0
6,50,24,-29,255,255,32768,32761,0,0,0
6,50,28,-29,255,255,32768,32761,0,0,0
6,50,76,-29,255,255,32768,32761,0,0,0
6,99,100,-29,255,255,32768,32761,0,0,0
6,75,76,-29,255,255,32768,32761,0,0,0
6,27,28,-29,255,255,32768,32761,0,0,0
6,3,4,-29,255,255,32768,32761,0,0,0
2,14,2,2,255,255,32768,32761,0,84,74
3,105,104,-1,255,255,32769,61440,0,105,93
4,2,6,2,255,255,32768,32750,0,255,255
2,14,26,2,255,255,32768,32761,0,84,74
3,105,104,-1,255,255,32769,61440,0,105,93
4,26,30,2,255,255,32768,32750,0,255,255
2,14,38,2,255,255,32768,32761,0,84,74
3,105,104,-1,255,255,32769,61440,0,105,93
2,84,74,2,255,255,32768,32761,0,84,74
3,105,104,-1,255,255,32769,61440,0,105,93
4,14,21,-1,255,255,32768,32760,0,255,255
5,9,21,-1,255,255,32769,32854,0,0,0
2,84,98,2,255,255,32768,32761,0,84,74
3,105,104,-1,255,255,32769,61440,0,105,93
4,14,21,-1,255,255,32768,32758,0,255,255
5,9,21,-1,255,255,32769,32852,0,0,0
2,12,2,2,255,255,32768,32761,0,84,74
3,105,104,-1,255,255,32769,61440,0,105,93
4,14,21,-1,255,255,32768,32758,0,255,255
5,9,21,-1,255,255,32769,32852,0,0,0
2,12,26,2,255,255,32768,32761,0,84,74
3,105,104,-1,255,255,32769,61440,0,105,93
4,14,21,-1,255,255,32768,32760,0,255,255
5,9,21,-1,255,255,32769,32854,0,0,0
2,12,37,2,255,255,32768,32761,0,84,74
3,105,104,-1,255,255,32769,61440,0,105,93
4,14,21,-1,255,255,32768,32759,0,255,255
5,9,21,-1,255,255,32769,32853,0,0,0
2,60,49,2,255,255,32768,32761,0,84,74
3,105,104,-1,255,255,32769,61440,0,105,93
4,14,21,-1,255,255,32768,32751,0,255,255
5,9,21,-1,255,255,32769,32845,0,0,0
2,36,49,2,255,255,32768,32761,0,84,74
3,105,104,-1,255,255,32769,61440,0,105,93
4,14,21,-1,255,255,32768,32751,0,255,255
5,9,21,-1,255,255,32769,32845,0,0,0
2,72,98,2,255,255,32768,32761,0,84,74
3,105,104,-1,255,255,32769,61440,0,105,93
4,14,21,-1,255,255,32768,32749,0,255,255
5,9,21,-1,255,255,32769,32843,0,0,0
2,50,28,2,255,255,32768,32761,0,84,74
3,105,104,-1,255,255,32769,61440,0,105,93
4,14,21,-1,255,255,32768,32749,0,255,255
5,9,21,-1,255,255,32769,32843,0,0,0
2,50,76,2,255,255,32768,32761,0,84,74
3,105,104,-1,255,255,32769,61440,0,105,93
4,14,21,-1,255,255,32768,32749,0,255,255
5,9,21,-1,255,255,32769,32843,0,0,0
2,99,100,2,255,255,32768,32761,0,84,74
3,105,104,-1,255,255,32769,61440,0,105,93
4,14,21,-1,255,255,32768,32751,0,255,255
5,9,21,-1,255,255,32769,32845,0,0,0
2,75,76,2,255,255,32768,32761,0,84,74
3,105,104,-1,255,255,32769,61440,0,105,93
4,14,21,-1,255,255,32768,32751,0,255,255
5,9,21,-1,255,255,32769,32845,0,0,0
2,51,52,2,255,255,32768,32761,0,84,74
3,55,52,-1,255,255,32769,61440,0,105,93
4,14,21,-32,255,255,32768,4096,0,255,255
4,48,49,-29,255,255,32768,4096,0,255,255
4,96,97,-29,255,255,32768,4096,0,255,255
4,96,98,-29,255,255,32768,4096,0,255,255
4,0,1,-29,255,255,32768,4096,0,255,255
4,0,2,-29,255,255,32768,4096,0,255,255
4,86,85,-29,255,255,32768,4096,0,255,255
4,86,87,-29,255,255,32768,4096,0,255,255
4,86,88,-29,255,255,32768,4096,0,255,255
4,86,89,-29,255,255,32768,4096,0,255,255
4,86,90,-29,255,255,32768,4096,0,255,255
4,86,91,-29,255,255,32768,4096,0,255,255
4,86,92,-29,255,255,32768,4096,0,255,255
4,86,74,-29,255,255,32768,4096,0,255,255
4,86,62,-29,255,255,32768,4096,0,255,255
4,86,98,-29,255,255,32768,4096,0,255,255
4,14,13,-29,255,255,32768,4096,0,255,255
4,14,15,-29,255,255,32768,4096,0,255,255
4,14,16,-29,255,255,32768,4096,0,255,255
4,14,17,-29,255,255,32768,4096,0,255,255
4,14,18,-29,255,255,32768,4096,0,255,255
4,14,2,-29,255,255,32768,4096,0,255,255
4,14,26,-29,255,255,32768,4096,0,255,255
4,14,38,-29,255,255,32768,4096,0,255,255
4,84,74,-29,255,255,32768,4096,0,255,255
4,84,98,-29,255,255,32768,4096,0,255,255
4,12,2,-29,255,255,32768,4096,0,255,255
4,12,26,-29,255,255,32768,4096,0,255,255
4,12,37,-29,255,255,32768,4096,0,255,255
4,60,49,-29,255,255,32768,4096,0,255,255
4,36,49,-29,255,255,32768,32763,0,255,255
4,72,98,-29,255,255,32768,32763,0,255,255
4,50,24,-29,255,255,32768,32763,0,255,255
4,50,28,-29,255,255,32768,32763,0,255,255
4,50,76,-29,255,255,32768,32763,0,255,255
4,99,100,-29,255,255,32768,32763,0,255,255
4,75,76,-29,255,255,32768,32763,0,255,255
4,27,28,-29,255,255,32768,32763,0,255,255
4,3,4,-29,255,255,32768,32763,0,255,255
2,27,28,2,255,255,32768,32763,0,84,74
3,105,104,-1,255,255,32769,61440,0,105,93
4,14,21,-1,255,255,32768,32751,0,255,255
5,9,21,-1,255,255,32769,32845,0,0,0
2,3,4,2,255,255,32768,32763,0,84,74
3,105,104,-1,255,255,32769,61440,0,105,93
4,14,21,-1,255,255,32768,32751,0,255,255
5,9,21,-1,255,255,32769,32845,0,0,0
0,99,100,-1,86,50,32768,32768,0,86,50
1,91,55,-1,255,255,32769,61440,0,93,79
2,0,1,-1,255,255,32768,4096,0,84,74
3,105,104,-1,255,255,32769,61440,0,105,93
4,14,21,-1,255,255,32768,32759,0,255,255
5,9,21,-1,255,255,32769,32853,0,0,0
2,14,21,2,255,255,32768,32759,0,84,74
3,9,21,-1,255,255,32769,61440,0,105,93
2,48,49,2,255,255,32768,32759,0,84,74
3,105,104,-1,255,255,32769,61440,0,105,93
4,14,21,-1,255,255,32768,32748,0,255,255
5,9,21,-1,255,255,32769,32842,0,0,0
2,96,97,2,255,255,32768,32759,0,84,74
3,105,104,-1,255,255,32769,61440,0,105,93
4,14,21,-1,255,255,32768,32759,0,255,255
5,9,21,-1,255,255,32769,32853,0,0,0
2,96,98,2,255,255,32768,32759,0,84,74
3,105,104,-1,255,255,32769,61440,0,105,93
4,14,21,-1,255,255,32768,32758,0,255,255
5,9,21,-1,255,255,32769,32852,0,0,0
2,96,99,2,255,255,32768,32759,0,84,74
3,105,104,-1,255,255,32769,61440,0,105,93
4,14,21,-1,255,255,32768,32757,0,255,255
5,9,21,-1,255,255,32769,32851,0,0,0
2,0,2,2,255,255,32768,32759,0,84,74
3,105,104,-1,255,255,32769,61440,0,105,93
4,14,21,-1,255,255,32768,32758,0,255,255
5,9,21,-1,255,255,32769,32852,0,0,0
2,86,85,2,255,255,32768,32759,0,84,74
3,105,104,-1,255,255,32769,61440,0,105,93
4,14,21,-1,255,255,32768,32750,0,255,255
5,9,21,-1,255,255,32769,32844,0,0,0
2,86,87,2,255,255,32768,32759,0,84,74
3,105,104,-1,255,255,32769,61440,0,105,93
4,14,21,-1,255,255,32768,32749,0,255,255
5,9,21,-1,255,255,32769,32843,0,0,0
2,86,88,2,255,255,32768,32759,0,84,74
3,105,104,-1,255,255,32769,61440,0,105,93
4,14,21,-1,255,255,32768,32749,0,255,255
5,9,21,-1,255,255,32769,32843,0,0,0
2,86,89,2,255,255,32768,32759,0,84,74
3,105,104,-1,255,255,32769,61440,0,105,93
4,14,21,-1,255,255,32768,32748,0,255,255
5,9,21,-1,255,255,32769,32842,0,0,0
2,86,90,2,255,255,32768,32759,0,84,74
3,105,104,-1,255,255,32769,61440,0,105,93
4,14,21,-1,255,255,32768,32748,0,255,255
5,9,21,-1,255,255,32769,32842,0,0,0
4,90,54,2,255,255,32768,32748,0,255,255
5,19,12,-29,255,255,32769,61440,0,0,0
5,55,51,-29,255,255,32769,61440,0,0,0
6,14,21,2,255,255,32768,32760,0,0,0
7,9,21,-1,255,255,32769,32854,0,0,0
6,54,102,2,255,255,32768,32760,0,0,0
6,54,6,2,255,255,32768,32762,0,0,0
2,86,91,2,255,255,32768,32762,0,84,74
3,19,91,-1,255,255,32769,61440,0,105,93
2,86,92,2,255,255,32768,32762,0,84,74
3,105,104,-1,255,255,32769,61440,0,105,93
4,14,21,-1,255,255,32768,32748,0,255,255
5,9,21,-1,255,255,32769,32842,0,0,0
2,86,74,2,255,255,32768,32762,0,84,74
3,105,104,-1,255,255,32769,61440,0,105,93
4,14,21,-1,255,255,32768,32750,0,255,255
5,9,21,-1,255,255,32769,32844,0,0,0
4,74,78,2,255,255,32768,32750,0,255,255
2,86,62,2,255,255,32768,32762,0,84,74
3,105,104,-1,255,255,32769,61440,0,105,93
4,14,21,-1,255,255,32768,32752,0,255,255
5,9,21,-1,255,255,32769,32846,0,0,0
2,86,50,2,255,255,32768,32762,0,84,74
3,105,104,-1,255,255,32769,61440,0,105,93
4,14,21,-1,255,255,32768,32760,0,255,255
5,9,21,-1,255,255,32769,32854,0,0,0
4,50,54,2,255,255,32768,32760,0,255,255
5,19,12,-29,255,255,32769,61440,0,0,0
5,55,51,-29,255,255,32769,61440,0,0,0
6,14,21,2,255,255,32768,32760,0,0,0
7,9,21,-1,255,255,32769,32854,0,0,0
6,54,102,2,255,255,32768,32760,0,0,0
6,54,6,2,255,255,32768,32762,0,0,0
2,86,38,2,255,255,32768,32762,0,84,74
3,105,104,-1,255,255,32769,61440,0,105,93
4,14,21,-1,255,255,32768,32752,0,255,255
5,9,21,-1,255,255,32769,32846,0,0,0
2,86,26,2,255,255,32768,32762,0,84,74
3,105,104,-1,255,255,32769,61440,0,105,93
4,14,21,-1,255,255,32768,32750,0,255,255
5,9,21,-1,255,255,32769,32844,0,0,0
6,26,30,-1,255,255,32768,32727,0,0,0
4,26,30,2,255,255,32768,32750,0,255,255
2,86,98,2,255,255,32768,32762,0,84,74
3,105,104,-1,255,255,32769,61440,0,105,93
4,14,21,-1,255,255,32768,32750,0,255,255
5,9,21,-1,255,255,32769,32844,0,0,0
4,98,102,2,255,255,32768,32750,0,255,255
2,14,13,2,255,255,32768,32762,0,84,74
3,105,104,-1,255,255,32769,61440,0,105,93
4,13,21,2,255,255,32768,32750,0,255,255
5,9,21,-1,255,255,32769,32844,0,0,0
2,14,15,2,255,255,32768,32762,0,84,74
3,105,104,-1,255,255,32769,61440,0,105,93
4,15,21,2,255,255,32768,32749,0,255,255
5,9,21,-1,255,255,32769,32844,0,0,0
2,14,16,2,255,255,32768,32762,0,84,74
3,105,104,-1,255,255,32769,61440,0,105,93
4,16,21,2,255,255,32768,32749,0,255,255
5,9,21,-1,255,255,32769,32844,0,0,0
2,14,17,2,255,255,32768,32762,0,84,74
3,105,104,-1,255,255,32769,61440,0,105,93
4,17,21,2,255,255,32768,32748,0,255,255
5,9,21,-1,255,255,32769,32844,0,0,0
2,14,18,2,255,255,32768,32762,0,84,74
3,105,104,-1,255,255,32769,61440,0,105,93
4,18,21,2,255,255,32768,32748,0,255,255
5,9,21,-1,255,255,32769,32844,0,0,0
4,18,54,2,255,255,32768,32748,0,255,255
5,55,51,-29,255,255,32769,61440,0,0,0
6,54,102,2,255,255,32768,32760,0,0,0
6,54,6,2,255,255,32768,32762,0,0,0
2,14,2,2,255,255,32768,32762,0,84,74
3,105,104,-1,255,255,32769,61440,0,105,93
4,2,6,2,255,255,32768,32750,0,255,255
2,14,26,2,255,255,32768,32762,0,84,74
3,105,104,-1,255,255,32769,61440,0,105,93
4,26,30,2,255,255,32768,32750,0,255,255
2,14,38,2,255,255,32768,32762,0,84,74
3,105,104,-1,255,255,32769,61440,0,105,93
2,14,50,2,255,255,32768,32762,0,84,74
3,105,104,-1,255,255,32769,61440,0,105,93
4,50,54,2,255,255,32768,32760,0,255,255
5,55,51,-29,255,255,32769,61440,0,0,0
6,54,102,2,255,255,32768,32760,0,0,0
6,54,6,2,255,255,32768,32762,0,0,0
2,14,62,2,255,255,32768,32762,0,84,74
3,105,104,-1,255,255,32769,61440,0,105,93
2,14,74,2,255,255,32768,32762,0,84,74
3,105,104,-1,255,255,32769,61440,0,105,93
4,74,78,2,255,255,32768,32750,0,255,255
2,84,74,2,255,255,32768,32762,0,84,74
3,105,104,-1,255,255,32769,61440,0,105,93
4,14,21,-1,255,255,32768,32760,0,255,255
5,9,21,-1,255,255,32769,32854,0,0,0
2,84,98,2,255,255,32768,32762,0,84,74
3,105,104,-1,255,255,32769,61440,0,105,93
4,14,21,-1,255,255,32768,32758,0,255,255
5,9,21,-1,255,255,32769,32852,0,0,0
2,12,2,2,255,255,32768,32762,0,84,74
3,105,104,-1,255,255,32769,61440,0,105,93
4,14,21,-1,255,255,32768,32758,0,255,255
5,9,21,-1,255,255,32769,32852,0,0,0
2,12,26,2,255,255,32768,32762,0,84,74
3,105,104,-1,255,255,32769,61440,0,105,93
4,14,21,-1,255,255,32768,32760,0,255,255
5,9,21,-1,255,255,32769,32854,0,0,0
2,60,49,2,255,255,32768,32762,0,84,74
3,105,104,-1,255,255,32769,61440,0,105,93
4,14,21,-1,255,255,32768,32751,0,255,255
5,9,21,-1,255,255,32769,32845,0,0,0
2,36,49,2,255,255,32768,32762,0,84,74
3,105,104,-1,255,255,32769,61440,0,105,93
4,14,21,-1,255,255,32768,32751,0,255,255
5,9,21,-1,255,255,32769,32845,0,0,0
2,72,50,2,255,255,32768,32762,0,84,74
3,105,104,-1,255,255,32769,61440,0,105,93
4,14,21,-1,255,255,32768,32751,0,255,255
5,9,21,-1,255,255,32769,32845,0,0,0
2,72,98,2,255,255,32768,32762,0,84,74
3,105,104,-1,255,255,32769,61440,0,105,93
4,14,21,-1,255,255,32768,32749,0,255,255
5,9,21,-1,255,255,32769,32843,0,0,0
2,24,2,2,255,255,32768,32762,0,84,74
3,105,104,-1,255,255,32769,61440,0,105,93
4,14,21,-1,255,255,32768,32749,0,255,255
5,9,21,-1,255,255,32769,32843,0,0,0
2,24,50,2,255,255,32768,32762,0,84,74
3,105,104,-1,255,255,32769,61440,0,105,93
4,14,21,-1,255,255,32768,32751,0,255,255
5,9,21,-1,255,255,32769,32845,0,0,0
2,100,101,2,255,255,32768,32762,0,84,74
3,102,101,-1,255,255,32769,61440,0,105,93
4,96,101,-1,255,255,32768,32753,0,255,255
5,105,101,-1,255,255,32769,32769,0,0,0
4,14,21,-1,255,255,32768,32753,0,255,255
5,9,21,-1,255,255,32769,32847,0,0,0
4,96,101,2,255,255,32768,32753,0,255,255
5,105,101,-1,255,255,32769,32769,0,0,0
2,75,76,2,255,255,32768,32762,0,84,74
3,105,104,-1,255,255,32769,61440,0,105,93
4,14,21,-1,255,255,32768,32751,0,255,255
5,9,21,-1,255,255,32769,32845,0,0,0
2,51,52,2,255,255,32768,32762,0,84,74
3,55,52,-1,255,255,32769,61440,0,105,93
4,14,21,-1,255,255,32768,32762,0,255,255
5,9,21,-1,255,255,32769,32856,0,0,0
2,27,28,2,255,255,32768,32762,0,84,74
3,105,104,-1,255,255,32769,61440,0,105,93
4,14,21,-1,255,255,32768,32751,0,255,255
5,9,21,-1,255,255,32769,32845,0,0,0
2,3,4,2,255,255,32768,32762,0,84,74
3,105,104,-1,255,255,32769,61440,0,105,93
4,14,21,-1,255,255,32768,32751,0,255,255
5,9,21,-1,255,255,32769,32845,0,0,0
0,75,76,-1,86,50,32768,32768,0,86,50
1,91,55,-1,255,255,32769,61440,0,93,79
2,0,1,-1,255,255,32768,4096,0,84,74
3,105,104,-1,255,255,32769,61440,0,105,93
4,14,21,-1,255,255,32768,32759,0,255,255
5,9,21,-1,255,255,32769,32853,0,0,0
2,14,21,2,255,255,32768,32759,0,84,74
3,9,21,-1,255,255,32769,61440,0,105,93
2,48,49,2,255,255,32768,32759,0,84,74
3,105,104,-1,255,255,32769,61440,0,105,93
4,14,21,-1,255,255,32768,32748,0,255,255
5,9,21,-1,255,255,32769,32842,0,0,0
2,96,97,2,255,255,32768,32759,0,84,74
3,105,104,-1,255,255,32769,61440,0,105,93
4,14,21,-1,255,255,32768,32759,0,255,255
5,9,21,-1,255,255,32769,32853,0,0,0
2,96,98,2,255,255,32768,32759,0,84,74
3,105,104,-1,255,255,32769,61440,0,105,93
4,14,21,-1,255,255,32768,32758,0,255,255
5,9,21,-1,255,255,32769,32852,0,0,0
2,0,2,2,255,255,32768,32759,0,84,74
3,105,104,-1,255,255,32769,61440,0,105,93
4,14,21,-1,255,255,32768,32758,0,255,255
5,9,21,-1,255,255,32769,32852,0,0,0
2,86,85,2,255,255,32768,32759,0,84,74
3,105,104,-1,255,255,32769,61440,0,105,93
4,14,21,-1,255,255,32768,32750,0,255,255
5,9,21,-1,255,255,32769,32844,0,0,0
2,86,87,2,255,255,32768,32759,0,84,74
3,105,104,-1,255,255,32769,61440,0,105,93
4,14,21,-1,255,255,32768,32749,0,255,255
5,9,21,-1,255,255,32769,32843,0,0,0
2,86,88,2,255,255,32768,32759,0,84,74
3,105,104,-1,255,255,32769,61440,0,105,93
4,14,21,-1,255,255,32768,32749,0,255,255
5,9,21,-1,255,255,32769,32843,0,0,0
2,86,89,2,255,255,32768,32759,0,84,74
3,105,104,-1,255,255,32769,61440,0,105,93
4,14,21,-1,255,255,32768,32748,0,255,255
5,9,21,-1,255,255,32769,32842,0,0,0
2,86,90,2,255,255,32768,32759,0,84,74
3,105,104,-1,255,255,32769,61440,0,105,93
4,14,21,-1,255,255,32768,32748,0,255,255
5,9,21,-1,255,255,32769,32842,0,0,0
4,90,54,2,255,255,32768,32748,0,255,255
5,19,12,-29,255,255,32769,61440,0,0,0
5,55,51,-29,255,255,32769,61440,0,0,0
6,14,21,2,255,255,32768,32760,0,0,0
7,9,21,-1,255,255,32769,32854,0,0,0
6,54,102,2,255,255,32768,32760,0,0,0
6,54,6,2,255,255,32768,32762,0,0,0
2,86,91,2,255,255,32768,32762,0,84,74
3,19,91,-1,255,255,32769,61440,0,105,93
2,86,92,2,255,255,32768,32762,0,84,74
3,105,104,-1,255,255,32769,61440,0,105,93
4,14,21,-1,255,255,32768,32748,0,255,255
5,9,21,-1,255,255,32769,32842,0,0,0
2,86,74,2,255,255,32768,32762,0,84,74
3,105,104,-1,255,255,32769,61440,0,105,93
4,14,21,-1,255,255,32768,32750,0,255,255
5,9,21,-1,255,255,32769,32844,0,0,0
4,74,78,2,255,255,32768,32750,0,255,255
2,86,62,2,255,255,32768,32762,0,84,74
3,105,104,-1,255,255,32769,61440,0,105,93
4,14,21,-1,255,255,32768,32752,0,255,255
5,9,21,-1,255,255,32769,32846,0,0,0
2,86,50,2,255,255,32768,32762,0,84,74
3,105,104,-1,255,255,32769,61440,0,105,93
4,14,21,-1,255,255,32768,32760,0,255,255
5,9,21,-1,255,255,32769,32854,0,0,0
4,50,54,2,255,255,32768,32760,0,255,255
5,19,12,-29,255,255,32769,61440,0,0,0
5,55,51,-29,255,255,32769,61440,0,0,0
6,14,21,2,255,255,32768,32760,0,0,0
7,9,21,-1,255,255,32769,32854,0,0,0
6,54,102,2,255,255,32768,32760,0,0,0
6,54,6,2,255,255,32768,32762,0,0,0
2,86,38,2,255,255,32768,32762,0,84,74
3,105,104,-1,255,255,32769,61440,0,105,93
4,14,21,-1,255,255,32768,32752,0,255,255
5,9,21,-1,255,255,32769,32846,0,0,0
2,86,26,2,255,255,32768,32762,0,84,74
3,105,104,-1,255,255,32769,61440,0,105,93
4,14,21,-1,255,255,32768,32750,0,255,255
5,9,21,-1,255,255,32769,32844,0,0,0
6,26,30,-1,255,255,32768,32727,0,0,0
4,26,30,2,255,255,32768,32750,0,255,255
2,86,98,2,255,255,32768,32762,0,84,74
3,105,104,-1,255,255,32769,61440,0,105,93
4,14,21,-1,255,255,32768,32750,0,255,255
5,9,21,-1,255,255,32769,32844,0,0,0
4,98,102,2,255,255,32768,32750,0,255,255
2,14,13,2,255,255,32768,32762,0,84,74
3,105,104,-1,255,255,32769,61440,0,105,93
4,13,21,2,255,255,32768,32750,0,255,255
5,9,21,-1,255,255,32769,32844,0,0,0
2,14,15,2,255,255,32768,32762,0,84,74
3,105,104,-1,255,255,32769,61440,0,105,93
4,15,21,2,255,255,32768,32749,0,255,255
5,9,21,-1,255,255,32769,32844,0,0,0
2,14,16,2,255,255,32768,32762,0,84,74
3,105,104,-1,255,255,32769,61440,0,105,93
4,16,21,2,255,255,32768,32749,0,255,255
5,9,21,-1,255,255,32769,32844,0,0,0
2,14,17,2,255,255,32768,32762,0,84,74
3,105,104,-1,255,255,32769,61440,0,105,93
4,17,21,2,255,255,32768,32748,0,255,255
5,9,21,-1,255,255,32769,32844,0,0,0
2,14,18,2,255,255,32768,32762,0,84,74
3,105,104,-1,255,255,32769,61440,0,105,93
4,18,21,2,255,255,32768,32748,0,255,255
5,9,21,-1,255,255,32769,32844,0,0,0
4,18,54,2,255,255,32768,32748,0,255,255
5,55,51,-29,255,255,32769,61440,0,0,0
6,54,102,2,255,255,32768,32760,0,0,0
6,54,6,2,255,255,32768,32762,0,0,0
2,14,2,2,255,255,32768,32762,0,84,74
3,105,104,-1,255,255,32769,61440,0,105,93
4,2,6,2,255,255,32768,32750,0,255,255
2,14,26,2,255,255,32768,32762,0,84,74
3,105,104,-1,255,255,32769,61440,0,105,93
4,26,30,2,255,255,32768,32750,0,255,255
2,14,38,2,255,255,32768,32762,0,84,74
3,105,104,-1,255,255,32769,61440,0,105,93
2,14,50,2,255,255,32768,32762,0,84,74
3,105,104,-1,255,255,32769,61440,0,105,93
4,50,54,2,255,255,32768,32760,0,255,255
5,55,51,-29,255,255,32769,61440,0,0,0
6,54,102,2,255,255,32768,32760,0,0,0
6,54,6,2,255,255,32768,32762,0,0,0
2,14,62,2,255,255,32768,32762,0,84,74
3,105,104,-1,255,255,32769,61440,0,105,93
2,14,74,2,255,255,32768,32762,0,84,74
3,105,104,-1,255,255,32769,61440,0,105,93
4,74,78,2,255,255,32768,32750,0,255,255
2,84,74,2,255,255,32768,32762,0,84,74
3,105,104,-1,255,255,32769,61440,0,105,93
4,14,21,-1,255,255,32768,32760,0,255,255
5,9,21,-1,255,255,32769,32854,0,0,0
2,84,98,2,255,255,32768,32762,0,84,74
3,105,104,-1,255,255,32769,61440,0,105,93
4,14,21,-1,255,255,32768,32758,0,255,255
5,9,21,-1,255,255,32769,32852,0,0,0
2,12,2,2,255,255,32768,32762,0,84,74
3,105,104,-1,255,255,32769,61440,0,105,93
4,14,21,-1,255,255,32768,32758,0,255,255
5,9,21,-1,255,255,32769,32852,0,0,0
2,12,26,2,255,255,32768,32762,0,84,74
3,105,104,-1,255,255,32769,61440,0,105,93
4,14,21,-1,255,255,32768,32760,0,255,255
5,9,21,-1,255,255,32769,32854,0,0,0
2,60,49,2,255,255,32768,32762,0,84,74
3,105,104,-1,255,255,32769,61440,0,105,93
4,14,21,-1,255,255,32768,32751,0,255,255
5,9,21,-1,255,255,32769,32845,0,0,0
2,36,49,2,255,255,32768,32762,0,84,74
3,105,104,-1,255,255,32769,61440,0,105,93
4,14,21,-1,255,255,32768,32751,0,255,255
5,9,21,-1,255,255,32769,32845,0,0,0
2,72,50,2,255,255,32768,32762,0,84,74
3,105,104,-1,255,255,32769,61440,0,105,93
4,14,21,-1,255,255,32768,32751,0,255,255
5,9,21,-1,255,255,32769,32845,0,0,0
2,72,98,2,255,255,32768,32762,0,84,74
3,105,104,-1,255,255,32769,61440,0,105,93
4,14,21,-1,255,255,32768,32749,0,255,255
5,9,21,-1,255,255,32769,32843,0,0,0
2,24,2,2,255,255,32768,32762,0,84,74
3,105,104,-1,255,255,32769,61440,0,105,93
4,14,21,-1,255,255,32768,32749,0,255,255
5,9,21,-1,255,255,32769,32843,0,0,0
2,24,50,2,255,255,32768,32762,0,84,74
3,105,104,-1,255,255,32769,61440,0,105,93
4,14,21,-1,255,255,32768,32751,0,255,255
5,9,21,-1,255,255,32769,32845,0,0,0
2,99,100,2,255,255,32768,32762,0,84,74
3,105,104,-1,255,255,32769,61440,0,105,93
4,14,21,-1,255,255,32768,32751,0,255,255
5,9,21,-1,255,255,32769,32845,0,0,0
2,76,77,2,255,255,32768,32762,0,84,74
3,78,77,-1,255,255,32769,61440,0,105,93
4,14,21,-1,255,255,32768,32752,0,255,255
5,9,21,-1,255,255,32769,32846,0,0,0
2,51,52,2,255,255,32768,32762,0,84,74
3,55,52,-1,255,255,32769,61440,0,105,93
4,14,21,-1,255,255,32768,32762,0,255,255
5,9,21,-1,255,255,32769,32856,0,0,0
2,27,28,2,255,255,32768,32762,0,84,74
3,105,104,-1,255,255,32769,61440,0,105,93
4,14,21,-1,255,255,32768,32751,0,255,255
5,9,21,-1,255,255,32769,32845,0,0,0
2,3,4,2,255,255,32768,32762,0,84,74
3,105,104,-1,255,255,32769,61440,0,105,93
4,14,21,-1,255,255,32768,32751,0,255,255
5,9,21,-1,255,255,32769,32845,0,0,0
0,51,52,-1,86,50,32768,32768,0,86,50
1,91,55,-1,255,255,32769,61440,0,93,79
2,0,1,-1,255,255,32768,4096,0,84,74
3,105,104,-1,255,255,32769,61440,0,105,93
4,14,21,-1,255,255,32768,32759,0,255,255
5,9,21,-1,255,255,32769,32853,0,0,0
2,14,21,2,255,255,32768,32759,0,84,74
3,9,21,-1,255,255,32769,61440,0,105,93
2,48,49,2,255,255,32768,32759,0,84,74
3,105,104,-1,255,255,32769,61440,0,105,93
4,14,21,-1,255,255,32768,32748,0,255,255
5,9,21,-1,255,255,32769,32842,0,0,0
2,96,97,2,255,255,32768,32759,0,84,74
3,105,104,-1,255,255,32769,61440,0,105,93
4,14,21,-1,255,255,32768,32759,0,255,255
5,9,21,-1,255,255,32769,32853,0,0,0
2,96,98,2,255,255,32768,32759,0,84,74
3,105,104,-1,255,255,32769,61440,0,105,93
4,14,21,-1,255,255,32768,32758,0,255,255
5,9,21,-1,255,255,32769,32852,0,0,0
2,0,2,2,255,255,32768,32759,0,84,74
3,105,104,-1,255,255,32769,61440,0,105,93
4,14,21,-1,255,255,32768,32758,0,255,255
5,9,21,-1,255,255,32769,32852,0,0,0
2,86,85,2,255,255,32768,32759,0,84,74
3,105,104,-1,255,255,32769,61440,0,105,93
4,14,21,-1,255,255,32768,32750,0,255,255
5,9,21,-1,255,255,32769,32844,0,0,0
2,86,87,2,255,255,32768,32759,0,84,74
3,105,104,-1,255,255,32769,61440,0,105,93
4,14,21,-1,255,255,32768,32749,0,255,255
5,9,21,-1,255,255,32769,32843,0,0,0
2,86,88,2,255,255,32768,32759,0,84,74
3,105,104,-1,255,255,32769,61440,0,105,93
4,14,21,-1,255,255,32768,32749,0,255,255
5,9,21,-1,255,255,32769,32843,0,0,0
2,86,89,2,255,255,32768,32759,0,84,74
3,105,104,-1,255,255,32769,61440,0,105,93
4,14,21,-1,255,255,32768,32748,0,255,255
5,9,21,-1,255,255,32769,32842,0,0,0
2,86,90,2,255,255,32768,32759,0,84,74
3,105,104,-1,255,255,32769,61440,0,105,93
4,14,21,-1,255,255,32768,32748,0,255,255
5,9,21,-1,255,255,32769,32842,0,0,0
4,90,54,2,255,255,32768,32748,0,255,255
5,19,12,-29,255,255,32769,61440,0,0,0
5,55,52,-29,255,255,32769,61440,0,0,0
6,14,21,2,255,255,32768,32759,0,0,0
7,9,21,-1,255,255,32769,32853,0,0,0
6,54,102,2,255,255,32768,32759,0,0,0
6,54,6,2,255,255,32768,32761,0,0,0
2,86,91,2,255,255,32768,32761,0,84,74
3,19,91,-1,255,255,32769,61440,0,105,93
2,86,92,2,255,255,32768,32761,0,84,74
3,105,104,-1,255,255,32769,61440,0,105,93
4,14,21,-1,255,255,32768,32748,0,255,255
5,9,21,-1,255,255,32769,32842,0,0,0
2,86,74,2,255,255,32768,32761,0,84,74
3,105,104,-1,255,255,32769,61440,0,105,93
4,14,21,-1,255,255,32768,32750,0,255,255
5,9,21,-1,255,255,32769,32844,0,0,0
4,74,78,2,255,255,32768,32750,0,255,255
2,86,62,2,255,255,32768,32761,0,84,74
3,105,104,-1,255,255,32769,61440,0,105,93
4,14,21,-1,255,255,32768,32752,0,255,255
5,9,21,-1,255,255,32769,32846,0,0,0
2,86,50,2,255,255,32768,32761,0,84,74
3,105,104,-1,255,255,32769,61440,0,105,93
4,14,21,-1,255,255,32768,32760,0,255,255
5,9,21,-1,255,255,32769,32854,0,0,0
4,50,54,2,255,255,32768,32760,0,255,255
5,19,12,-29,255,255,32769,61440,0,0,0
5,55,52,-29,255,255,32769,61440,0,0,0
6,14,21,2,255,255,32768,32759,0,0,0
7,9,21,-1,255,255,32769,32853,0,0,0
6,54,102,2,255,255,32768,32759,0,0,0
6,54,6,2,255,255,32768,32761,0,0,0
2,86,38,2,255,255,32768,32761,0,84,74
3,105,104,-1,255,255,32769,61440,0,105,93
4,14,21,-1,255,255,32768,32752,0,255,255
5,9,21,-1,255,255,32769,32846,0,0,0
2,86,26,2,255,255,32768,32761,0,84,74
3,105,104,-1,255,255,32769,61440,0,105,93
4,14,21,-1,255,255,32768,32750,0,255,255
5,9,21,-1,255,255,32769,32844,0,0,0
6,26,30,-1,255,255,32768,32727,0,0,0
4,26,30,2,255,255,32768,32750,0,255,255
2,86,98,2,255,255,32768,32761,0,84,74
3,105,104,-1,255,255,32769,61440,0,105,93
4,14,21,-1,255,255,32768,32750,0,255,255
5,9,21,-1,255,255,32769,32844,0,0,0
4,98,102,2,255,255,32768,32750,0,255,255
2,14,13,2,255,255,32768,32761,0,84,74
3,105,104,-1,255,255,32769,61440,0,105,93
4,13,21,2,255,255,32768,32750,0,255,255
5,9,21,-1,255,255,32769,32844,0,0,0
2,14,15,2,255,255,32768,32761,0,84,74
3,105,104,-1,255,255,32769,61440,0,105,93
4,15,21,2,255,255,32768,32749,0,255,255
5,9,21,-1,255,255,32769,32844,0,0,0
2,14,16,2,255,255,32768,32761,0,84,74
3,105,104,-1,255,255,32769,61440,0,105,93
4,16,21,2,255,255,32768,32749,0,255,255
5,9,21,-1,255,255,32769,32844,0,0,0
2,14,17,2,255,255,32768,32761,0,84,74
3,105,104,-1,255,255,32769,61440,0,105,93
4,17,21,2,255,255,32768,32748,0,255,255
5,9,21,-1,255,255,32769,32844,0,0,0
2,14,18,2,255,255,32768,32761,0,84,74
3,105,104,-1,255,255,32769,61440,0,105,93
4,18,21,2,255,255,32768,32748,0,255,255
5,9,21,-1,255,255,32769,32844,0,0,0
4,18,54,2,255,255,32768,32748,0,255,255
5,55,52,-29,255,255,32769,61440,0,0,0
6,54,102,2,255,255,32768,32759,0,0,0
6,54,6,2,255,255,32768,32761,0,0,0
2,14,2,2,255,255,32768,32761,0,84,74
3,105,104,-1,255,255,32769,61440,0,105,93
4,2,6,2,255,255,32768,32750,0,255,255
2,14,26,2,255,255,32768,32761,0,84,74
3,105,104,-1,255,255,32769,61440,0,105,93
4,26,30,2,255,255,32768,32750,0,255,255
2,14,38,2,255,255,32768,32761,0,84,74
3,105,104,-1,255,255,32769,61440,0,105,93
2,14,50,2,255,255,32768,32761,0,84,74
3,105,104,-1,255,255,32769,61440,0,105,93
4,50,54,2,255,255,32768,32760,0,255,255
5,55,52,-29,255,255,32769,61440,0,0,0
6,54,102,2,255,255,32768,32759,0,0,0
6,54,6,2,255,255,32768,32761,0,0,0
2,14,62,2,255,255,32768,32761,0,84,74
3,105,104,-1,255,255,32769,61440,0,105,93
2,14,74,2,255,255,32768,32761,0,84,74
3,105,104,-1,255,255,32769,61440,0,105,93
4,74,78,2,255,255,32768,32750,0,255,255
2,84,74,2,255,255,32768,32761,0,84,74
3,105,104,-1,255,255,32769,61440,0,105,93
4,14,21,-1,255,255,32768,32760,0,255,255
5,9,21,-1,255,255,32769,32854,0,0,0
2,84,98,2,255,255,32768,32761,0,84,74
3,105,104,-1,255,255,32769,61440,0,105,93
4,14,21,-1,255,255,32768,32758,0,255,255
5,9,21,-1,255,255,32769,32852,0,0,0
2,12,2,2,255,255,32768,32761,0,84,74
3,105,104,-1,255,255,32769,61440,0,105,93
4,14,21,-1,255,255,32768,32758,0,255,255
5,9,21,-1,255,255,32769,32852,0,0,0
2,12,26,2,255,255,32768,32761,0,84,74
3,105,104,-1,255,255,32769,61440,0,105,93
4,14,21,-1,255,255,32768,32760,0,255,255
5,9,21,-1,255,255,32769,32854,0,0,0
2,60,49,2,255,255,32768,32761,0,84,74
3,105,104,-1,255,255,32769,61440,0,105,93
4,14,21,-1,255,255,32768,32751,0,255,255
5,9,21,-1,255,255,32769,32845,0,0,0
2,36,49,2,255,255,32768,32761,0,84,74
3,105,104,-1,255,255,32769,61440,0,105,93
4,14,21,-1,255,255,32768,32751,0,255,255
5,9,21,-1,255,255,32769,32845,0,0,0
2,72,50,2,255,255,32768,32761,0,84,74
3,105,104,-1,255,255,32769,61440,0,105,93
4,14,21,-1,255,255,32768,32751,0,255,255
5,9,21,-1,255,255,32769,32845,0,0,0
2,72,98,2,255,255,32768,32761,0,84,74
3,105,104,-1,255,255,32769,61440,0,105,93
4,14,21,-1,255,255,32768,32749,0,255,255
5,9,21,-1,255,255,32769,32843,0,0,0
2,24,2,2,255,255,32768,32761,0,84,74
3,105,104,-1,255,255,32769,61440,0,105,93
4,14,21,-1,255,255,32768,32749,0,255,255
5,9,21,-1,255,255,32769,32843,0,0,0
2,24,50,2,255,255,32768,32761,0,84,74
3,105,104,-1,255,255,32769,61440,0,105,93
4,14,21,-1,255,255,32768,32751,0,255,255
5,9,21,-1,255,255,32769,32845,0,0,0
2,99,100,2,255,255,32768,32761,0,84,74
3,105,104,-1,255,255,32769,61440,0,105,93
4,14,21,-1,255,255,32768,32751,0,255,255
5,9,21,-1,255,255,32769,32845,0,0,0
2,75,76,2,255,255,32768,32761,0,84,74
3,105,104,-1,255,255,32769,61440,0,105,93
4,14,21,-1,255,255,32768,32751,0,255,255
5,9,21,-1,255,255,32769,32845,0,0,0
2,52,53,2,255,255,32768,32761,0,84,74
3,55,53,-1,255,255,32769,61440,0,105,93
4,14,21,-1,255,255,32768,32760,0,255,255
5,9,21,-1,255,255,32769,32854,0,0,0
2,27,28,2,255,255,32768,32761,0,84,74
3,105,104,-1,255,255,32769,61440,0,105,93
4,14,21,-1,255,255,32768,32751,0,255,255
5,9,21,-1,255,255,32769,32845,0,0,0
2,3,4,2,255,255,32768,32761,0,84,74
3,105,104,-1,255,255,32769,61440,0,105,93
4,14,21,-1,255,255,32768,32751,0,255,255
5,9,21,-1,255,255,32769,32845,0,0,0
0,27,28,-1,86,50,32768,32768,0,86,50
1,91,55,-1,255,255,32769,61440,0,93,79
2,0,1,-1,255,255,32768,4096,0,84,74
3,105,104,-1,255,255,32769,61440,0,105,93
4,14,21,-1,255,255,32768,32759,0,255,255
5,9,21,-1,255,255,32769,32853,0,0,0
2,14,21,2,255,255,32768,32759,0,84,74
3,9,21,-1,255,255,32769,61440,0,105,93
2,48,49,2,255,255,32768,32759,0,84,74
3,105,104,-1,255,255,32769,61440,0,105,93
4,14,21,-1,255,255,32768,32748,0,255,255
5,9,21,-1,255,255,32769,32842,0,0,0
2,96,97,2,255,255,32768,32759,0,84,74
3,105,104,-1,255,255,32769,61440,0,105,93
4,14,21,-1,255,255,32768,32759,0,255,255
5,9,21,-1,255,255,32769,32853,0,0,0
2,96,98,2,255,255,32768,32759,0,84,74
3,105,104,-1,255,255,32769,61440,0,105,93
4,14,21,-1,255,255,32768,32758,0,255,255
5,9,21,-1,255,255,32769,32852,0,0,0
2,0,2,2,255,255,32768,32759,0,84,74
3,105,104,-1,255,255,32769,61440,0,105,93
4,14,21,-1,255,255,32768,32758,0,255,255
5,9,21,-1,255,255,32769,32852,0,0,0
2,86,85,2,255,255,32768,32759,0,84,74
3,105,104,-1,255,255,32769,61440,0,105,93
4,14,21,-1,255,255,32768,32750,0,255,255
5,9,21,-1,255,255,32769,32844,0,0,0
2,86,87,2,255,255,32768,32759,0,84,74
3,105,104,-1,255,255,32769,61440,0,105,93
4,14,21,-1,255,255,32768,32749,0,255,255
5,9,21,-1,255,255,32769,32843,0,0,0
2,86,88,2,255,255,32768,32759,0,84,74
3,105,104,-1,255,255,32769,61440,0,105,93
4,14,21,-1,255,255,32768,32749,0,255,255
5,9,21,-1,255,255,32769,32843,0,0,0
2,86,89,2,255,255,32768,32759,0,84,74
3,105,104,-1,255,255,32769,61440,0,105,93
4,14,21,-1,255,255,32768,32748,0,255,255
5,9,21,-1,255,255,32769,32842,0,0,0
2,86,90,2,255,255,32768,32759,0,84,74
3,105,104,-1,255,255,32769,61440,0,105,93
4,14,21,-1,255,255,32768,32748,0,255,255
5,9,21,-1,255,255,32769,32842,0,0,0
4,90,54,2,255,255,32768,32748,0,255,255
5,19,12,-29,255,255,32769,61440,0,0,0
5,55,51,-29,255,255,32769,61440,0,0,0
6,14,21,2,255,255,32768,32760,0,0,0
7,9,21,-1,255,255,32769,32854,0,0,0
6,54,102,2,255,255,32768,32760,0,0,0
6,54,6,2,255,255,32768,32762,0,0,0
2,86,91,2,255,255,32768,32762,0,84,74
3,19,91,-1,255,255,32769,61440,0,105,93
2,86,92,2,255,255,32768,32762,0,84,74
3,105,104,-1,255,255,32769,61440,0,105,93
4,14,21,-1,255,255,32768,32748,0,255,255
5,9,21,-1,255,255,32769,32842,0,0,0
2,86,74,2,255,255,32768,32762,0,84,74
3,105,104,-1,255,255,32769,61440,0,105,93
4,14,21,-1,255,255,32768,32750,0,255,255
5,9,21,-1,255,255,32769,32844,0,0,0
4,74,78,2,255,255,32768,32750,0,255,255
2,86,62,2,255,255,32768,32762,0,84,74
3,105,104,-1,255,255,32769,61440,0,105,93
4,14,21,-1,255,255,32768,32752,0,255,255
5,9,21,-1,255,255,32769,32846,0,0,0
2,86,50,2,255,255,32768,32762,0,84,74
3,105,104,-1,255,255,32769,61440,0,105,93
4,14,21,-1,255,255,32768,32760,0,255,255
5,9,21,-1,255,255,32769,32854,0,0,0
4,50,54,2,255,255,32768,32760,0,255,255
5,19,12,-29,255,255,32769,61440,0,0,0
5,55,51,-29,255,255,32769,61440,0,0,0
6,14,21,2,255,255,32768,32760,0,0,0
7,9,21,-1,255,255,32769,32854,0,0,0
6,54,102,2,255,255,32768,32760,0,0,0
6,54,6,2,255,255,32768,32762,0,0,0
2,86,38,2,255,255,32768,32762,0,84,74
3,105,104,-1,255,255,32769,61440,0,105,93
4,14,21,-1,255,255,32768,32752,0,255,255
5,9,21,-1,255,255,32769,32846,0,0,0
2,86,26,2,255,255,32768,32762,0,84,74
3,105,104,-1,255,255,32769,61440,0,105,93
4,14,21,-1,255,255,32768,32750,0,255,255
5,9,21,-1,255,255,32769,32844,0,0,0
6,26,30,-1,255,255,32768,32727,0,0,0
4,26,30,2,255,255,32768,32750,0,255,255
2,86,98,2,255,255,32768,32762,0,84,74
3,105,104,-1,255,255,32769,61440,0,105,93
4,14,21,-1,255,255,32768,32750,0,255,255
5,9,21,-1,255,255,32769,32844,0,0,0
4,98,102,2,255,255,32768,32750,0,255,255
2,14,13,2,255,255,32768,32762,0,84,74
3,105,104,-1,255,255,32769,61440,0,105,93
4,13,21,2,255,255,32768,32750,0,255,255
5,9,21,-1,255,255,32769,32844,0,0,0
2,14,15,2,255,255,32768,32762,0,84,74
3,105,104,-1,255,255,32769,61440,0,105,93
4,15,21,2,255,255,32768,32749,0,255,255
5,9,21,-1,255,255,32769,32844,0,0,0
2,14,16,2,255,255,32768,32762,0,84,74
3,105,104,-1,255,255,32769,61440,0,105,93
4,16,21,2,255,255,32768,32749,0,255,255
5,9,21,-1,255,255,32769,32844,0,0,0
2,14,17,2,255,255,32768,32762,0,84,74
3,105,104,-1,255,255,32769,61440,0,105,93
4,17,21,2,255,255,32768,32748,0,255,255
5,9,21,-1,255,255,32769,32844,0,0,0
2,14,18,2,255,255,32768,32762,0,84,74
3,105,104,-1,255,255,32769,61440,0,105,93
4,18,21,2,255,255,32768,32748,0,255,255
5,9,21,-1,255,255,32769,32844,0,0,0
4,18,54,2,255,255,32768,32748,0,255,255
5,55,51,-29,255,255,32769,61440,0,0,0
6,54,102,2,255,255,32768,32760,0,0,0
6,54,6,2,255,255,32768,32762,0,0,0
2,14,2,2,255,255,32768,32762,0,84,74
3,105,104,-1,255,255,32769,61440,0,105,93
4,2,6,2,255,255,32768,32750,0,255,255
2,14,26,2,255,255,32768,32762,0,84,74
3,105,104,-1,255,255,32769,61440,0,105,93
4,26,30,2,255,255,32768,32750,0,255,255
2,14,38,2,255,255,32768,32762,0,84,74
3,105,104,-1,255,255,32769,61440,0,105,93
2,14,50,2,255,255,32768,32762,0,84,74
3,105,104,-1,255,255,32769,61440,0,105,93
4,50,54,2,255,255,32768,32760,0,255,255
5,55,51,-29,255,255,32769,61440,0,0,0
6,54,102,2,255,255,32768,32760,0,0,0
6,54,6,2,255,255,32768,32762,0,0,0
2,14,62,2,255,255,32768,32762,0,84,74
3,105,104,-1,255,255,32769,61440,0,105,93
2,14,74,2,255,255,32768,32762,0,84,74
3,105,104,-1,255,255,32769,61440,0,105,93
4,74,78,2,255,255,32768,32750,0,255,255
2,84,74,2,255,255,32768,32762,0,84,74
3,105,104,-1,255,255,32769,61440,0,105,93
4,14,21,-1,255,255,32768,32760,0,255,255
5,9,21,-1,255,255,32769,32854,0,0,0
2,84,98,2,255,255,32768,32762,0,84,74
3,105,104,-1,255,255,32769,61440,0,105,93
4,14,21,-1,255,255,32768,32758,0,255,255
5,9,21,-1,255,255,32769,32852,0,0,0
2,12,2,2,255,255,32768,32762,0,84,74
3,105,104,-1,255,255,32769,61440,0,105,93
4,14,21,-1,255,255,32768,32758,0,255,255
5,9,21,-1,255,255,32769,32852,0,0,0
2,12,26,2,255,255,32768,32762,0,84,74
3,105,104,-1,255,255,32769,61440,0,105,93
4,14,21,-1,255,255,32768,32760,0,255,255
5,9,21,-1,255,255,32769,32854,0,0,0
2,60,49,2,255,255,32768,32762,0,84,74
3,105,104,-1,255,255,32769,61440,0,105,93
4,14,21,-1,255,255,32768,32751,0,255,255
5,9,21,-1,255,255,32769,32845,0,0,0
2,36,49,2,255,255,32768,32762,0,84,74
3,105,104,-1,255,255,32769,61440,0,105,93
4,14,21,-1,255,255,32768,32751,0,255,255
5,9,21,-1,255,255,32769,32845,0,0,0
2,72,50,2,255,255,32768,32762,0,84,74
3,105,104,-1,255,255,32769,61440,0,105,93
4,14,21,-1,255,255,32768,32751,0,255,255
5,9,21,-1,255,255,32769,32845,0,0,0
2,72,98,2,255,255,32768,32762,0,84,74
3,105,104,-1,255,255,32769,61440,0,105,93
4,14,21,-1,255,255,32768,32749,0,255,255
5,9,21,-1,255,255,32769,32843,0,0,0
2,24,2,2,255,255,32768,32762,0,84,74
3,105,104,-1,255,255,32769,61440,0,105,93
4,14,21,-1,255,255,32768,32749,0,255,255
5,9,21,-1,255,255,32769,32843,0,0,0
2,24,50,2,255,255,32768,32762,0,84,74
3,105,104,-1,255,255,32769,61440,0,105,93
4,14,21,-1,255,255,32768,32751,0,255,255
5,9,21,-1,255,255,32769,32845,0,0,0
2,99,100,2,255,255,32768,32762,0,84,74
3,105,104,-1,255,255,32769,61440,0,105,93
4,14,21,-1,255,255,32768,32751,0,255,255
5,9,21,-1,255,255,32769,32845,0,0,0
2,75,76,2,255,255,32768,32762,0,84,74
3,105,104,-1,255,255,32769,61440,0,105,93
4,14,21,-1,255,255,32768,32751,0,255,255
5,9,21,-1,255,255,32769,32845,0,0,0
2,51,52,2,255,255,32768,32762,0,84,74
3,55,52,-1,255,255,32769,61440,0,105,93
4,14,21,-1,255,255,32768,32762,0,255,255
5,9,21,-1,255,255,32769,32856,0,0,0
2,28,29,2,255,255,32768,32762,0,84,74
3,30,29,-1,255,255,32769,61440,0,105,93
4,14,21,-1,255,255,32768,32752,0,255,255
5,9,21,-1,255,255,32769,32846,0,0,0
2,3,4,2,255,255,32768,32762,0,84,74
3,105,104,-1,255,255,32769,61440,0,105,93
4,14,21,-1,255,255,32768,32751,0,255,255
5,9,21,-1,255,255,32769,32845,0,0,0
0,3,4,-1,86,50,32768,32768,0,86,50
1,91,55,-1,255,255,32769,61440,0,93,79
2,0,1,-1,255,255,32768,4096,0,84,74
3,105,104,-1,255,255,32769,61440,0,105,93
4,14,21,-1,255,255,32768,32759,0,255,255
5,9,21,-1,255,255,32769,32853,0,0,0
2,14,21,2,255,255,32768,32759,0,84,74
3,9,21,-1,255,255,32769,61440,0,105,93
2,48,49,2,255,255,32768,32759,0,84,74
3,105,104,-1,255,255,32769,61440,0,105,93
4,14,21,-1,255,255,32768,32748,0,255,255
5,9,21,-1,255,255,32769,32842,0,0,0
2,96,97,2,255,255,32768,32759,0,84,74
3,105,104,-1,255,255,32769,61440,0,105,93
4,14,21,-1,255,255,32768,32759,0,255,255
5,9,21,-1,255,255,32769,32853,0,0,0
2,96,98,2,255,255,32768,32759,0,84,74
3,105,104,-1,255,255,32769,61440,0,105,93
4,14,21,-1,255,255,32768,32758,0,255,255
5,9,21,-1,255,255,32769,32852,0,0,0
2,0,2,2,255,255,32768,32759,0,84,74
3,105,104,-1,255,255,32769,61440,0,105,93
4,14,21,-1,255,255,32768,32758,0,255,255
5,9,21,-1,255,255,32769,32852,0,0,0
2,0,3,2,255,255,32768,32759,0,84,74
3,105,104,-1,255,255,32769,61440,0,105,93
4,14,21,-1,255,255,32768,32757,0,255,255
5,9,21,-1,255,255,32769,32851,0,0,0
2,86,85,2,255,255,32768,32759,0,84,74
3,105,104,-1,255,255,32769,61440,0,105,93
4,14,21,-1,255,255,32768,32750,0,255,255
5,9,21,-1,255,255,32769,32844,0,0,0
2,86,87,2,255,255,32768,32759,0,84,74
3,105,104,-1,255,255,32769,61440,0,105,93
4,14,21,-1,255,255,32768,32749,0,255,255
5,9,21,-1,255,255,32769,32843,0,0,0
2,86,88,2,255,255,32768,32759,0,84,74
3,105,104,-1,255,255,32769,61440,0,105,93
4,14,21,-1,255,255,32768,32749,0,255,255
5,9,21,-1,255,255,32769,32843,0,0,0
2,86,89,2,255,255,32768,32759,0,84,74
3,105,104,-1,255,255,32769,61440,0,105,93
4,14,21,-1,255,255,32768,32748,0,255,255
5,9,21,-1,255,255,32769,32842,0,0,0
2,86,90,2,255,255,32768,32759,0,84,74
3,105,104,-1,255,255,32769,61440,0,105,93
4,14,21,-1,255,255,32768,32748,0,255,255
5,9,21,-1,255,255,32769,32842,0,0,0
4,90,54,2,255,255,32768,32748,0,255,255
5,19,12,-29,255,255,32769,61440,0,0,0
5,55,51,-29,255,255,32769,61440,0,0,0
6,14,21,2,255,255,32768,32760,0,0,0
7,9,21,-1,255,255,32769,32854,0,0,0
6,54,102,2,255,255,32768,32760,0,0,0
6,54,6,2,255,255,32768,32762,0,0,0
2,86,91,2,255,255,32768,32762,0,84,74
3,19,91,-1,255,255,32769,61440,0,105,93
2,86,92,2,255,255,32768,32762,0,84,74
3,105,104,-1,255,255,32769,61440,0,105,93
4,14,21,-1,255,255,32768,32748,0,255,255
5,9,21,-1,255,255,32769,32842,0,0,0
2,86,74,2,255,255,32768,32762,0,84,74
3,105,104,-1,255,255,32769,61440,0,105,93
4,14,21,-1,255,255,32768,32750,0,255,255
5,9,21,-1,255,255,32769,32844,0,0,0
4,74,78,2,255,255,32768,32750,0,255,255
2,86,62,2,255,255,32768,32762,0,84,74
3,105,104,-1,255,255,32769,61440,0,105,93
4,14,21,-1,255,255,32768,32752,0,255,255
5,9,21,-1,255,255,32769,32846,0,0,0
2,86,50,2,255,255,32768,32762,0,84,74
3,105,104,-1,255,255,32769,61440,0,105,93
4,14,21,-1,255,255,32768,32760,0,255,255
5,9,21,-1,255,255,32769,32854,0,0,0
4,50,54,2,255,255,32768,32760,0,255,255
5,19,12,-29,255,255,32769,61440,0,0,0
5,55,51,-29,255,255,32769,61440,0,0,0
6,14,21,2,255,255,32768,32760,0,0,0
7,9,21,-1,255,255,32769,32854,0,0,0
6,54,102,2,255,255,32768,32760,0,0,0
6,54,6,2,255,255,32768,32762,0,0,0
2,86,38,2,255,255,32768,32762,0,84,74
3,105,104,-1,255,255,32769,61440,0,105,93
4,14,21,-1,255,255,32768,32752,0,255,255
5,9,21,-1,255,255,32769,32846,0,0,0
2,86,26,2,255,255,32768,32762,0,84,74
3,105,104,-1,255,255,32769,61440,0,105,93
4,14,21,-1,255,255,32768,32750,0,255,255
5,9,21,-1,255,255,32769,32844,0,0,0
6,26,30,-1,255,255,32768,32727,0,0,0
4,26,30,2,255,255,32768,32750,0,255,255
2,86,98,2,255,255,32768,32762,0,84,74
3,105,104,-1,255,255,32769,61440,0,105,93
4,14,21,-1,255,255,32768,32750,0,255,255
5,9,21,-1,255,255,32769,32844,0,0,0
4,98,102,2,255,255,32768,32750,0,255,255
2,14,13,2,255,255,32768,32762,0,84,74
3,105,104,-1,255,255,32769,61440,0,105,93
4,13,21,2,255,255,32768,32750,0,255,255
5,9,21,-1,255,255,32769,32844,0,0,0
2,14,15,2,255,255,32768,32762,0,84,74
3,105,104,-1,255,255,32769,61440,0,105,93
4,15,21,2,255,255,32768,32749,0,255,255
5,9,21,-1,255,255,32769,32844,0,0,0
2,14,16,2,255,255,32768,32762,0,84,74
3,105,104,-1,255,255,32769,61440,0,105,93
4,16,21,2,255,255,32768,32749,0,255,255
5,9,21,-1,255,255,32769,32844,0,0,0
2,14,17,2,255,255,32768,32762,0,84,74
3,105,104,-1,255,255,32769,61440,0,105,93
4,17,21,2,255,255,32768,32748,0,255,255
5,9,21,-1,255,255,32769,32844,0,0,0
2,14,18,2,255,255,32768,32762,0,84,74
3,105,104,-1,255,255,32769,61440,0,105,93
4,18,21,2,255,255,32768,32748,0,255,255
5,9,21,-1,255,255,32769,32844,0,0,0
4,18,54,2,255,255,32768,32748,0,255,255
5,55,51,-29,255,255,32769,61440,0,0,0
6,54,102,2,255,255,32768,32760,0,0,0
6,54,6,2,255,255,32768,32762,0,0,0
2,14,2,2,255,255,32768,32762,0,84,74
3,105,104,-1,255,255,32769,61440,0,105,93
4,2,6,2,255,255,32768,32750,0,255,255
2,14,26,2,255,255,32768,32762,0,84,74
3,105,104,-1,255,255,32769,61440,0,105,93
4,26,30,2,255,255,32768,32750,0,255,255
2,14,38,2,255,255,32768,32762,0,84,74
3,105,104,-1,255,255,32769,61440,0,105,93
2,14,50,2,255,255,32768,32762,0,84,74
3,105,104,-1,255,255,32769,61440,0,105,93
4,50,54,2,255,255,32768,32760,0,255,255
5,55,51,-29,255,255,32769,61440,0,0,0
6,54,102,2,255,255,32768,32760,0,0,0
6,54,6,2,255,255,32768,32762,0,0,0
2,14,62,2,255,255,32768,32762,0,84,74
3,105,104,-1,255,255,32769,61440,0,105,93
2,14,74,2,255,255,32768,32762,0,84,74
3,105,104,-1,255,255,32769,61440,0,105,93
4,74,78,2,255,255,32768,32750,0,255,255
2,84,74,2,255,255,32768,32762,0,84,74
3,105,104,-1,255,255,32769,61440,0,105,93
4,14,21,-1,255,255,32768,32760,0,255,255
5,9,21,-1,255,255,32769,32854,0,0,0
2,84,98,2,255,255,32768,32762,0,84,74
3,105,104,-1,255,255,32769,61440,0,105,93
4,14,21,-1,255,255,32768,32758,0,255,255
5,9,21,-1,255,255,32769,32852,0,0,0
2,12,2,2,255,255,32768,32762,0,84,74
3,105,104,-1,255,255,32769,61440,0,105,93
4,14,21,-1,255,255,32768,32758,0,255,255
5,9,21,-1,255,255,32769,32852,0,0,0
2,12,26,2,255,255,32768,32762,0,84,74
3,105,104,-1,255,255,32769,61440,0,105,93
4,14,21,-1,255,255,32768,32760,0,255,255
5,9,21,-1,255,255,32769,32854,0,0,0
2,60,49,2,255,255,32768,32762,0,84,74
3,105,104,-1,255,255,32769,61440,0,105,93
4,14,21,-1,255,255,32768,32751,0,255,255
5,9,21,-1,255,255,32769,32845,0,0,0
2,36,49,2,255,255,32768,32762,0,84,74
3,105,104,-1,255,255,32769,61440,0,105,93
4,14,21,-1,255,255,32768,32751,0,255,255
5,9,21,-1,255,255,32769,32845,0,0,0
2,72,50,2,255,255,32768,32762,0,84,74
3,105,104,-1,255,255,32769,61440,0,105,93
4,14,21,-1,255,255,32768,32751,0,255,255
5,9,21,-1,255,255,32769,32845,0,0,0
2,72,98,2,255,255,32768,32762,0,84,74
3,105,104,-1,255,255,32769,61440,0,105,93
4,14,21,-1,255,255,32768,32749,0,255,255
5,9,21,-1,255,255,32769,32843,0,0,0
2,24,2,2,255,255,32768,32762,0,84,74
3,105,104,-1,255,255,32769,61440,0,105,93
4,14,21,-1,255,255,32768,32749,0,255,255
5,9,21,-1,255,255,32769,32843,0,0,0
2,24,50,2,255,255,32768,32762,0,84,74
3,105,104,-1,255,255,32769,61440,0,105,93
4,14,21,-1,255,255,32768,32751,0,255,255
5,9,21,-1,255,255,32769,32845,0,0,0
2,99,100,2,255,255,32768,32762,0,84,74
3,105,104,-1,255,255,32769,61440,0,105,93
4,14,21,-1,255,255,32768,32751,0,255,255
5,9,21,-1,255,255,32769,32845,0,0,0
2,75,76,2,255,255,32768,32762,0,84,74
3,105,104,-1,255,255,32769,61440,0,105,93
4,14,21,-1,255,255,32768,32751,0,255,255
5,9,21,-1,255,255,32769,32845,0,0,0
2,51,52,2,255,255,32768,32762,0,84,74
3,55,52,-1,255,255,32769,61440,0,105,93
4,14,21,-1,255,255,32768,32762,0,255,255
5,9,21,-1,255,255,32769,32856,0,0,0
2,27,28,2,255,255,32768,32762,0,84,74
3,105,104,-1,255,255,32769,61440,0,105,93
4,14,21,-1,255,255,32768,32751,0,255,255
5,9,21,-1,255,255,32769,32845,0,0,0
2,4,5,2,255,255,32768,32762,0,84,74
3,6,5,-1,255,255,32769,61440,0,105,93
4,0,5,-1,255,255,32768,32753,0,255,255
5,9,5,-1,255,255,32769,32769,0,0,0
4,14,21,-1,255,255,32768,32753,0,255,255
5,9,21,-1,255,255,32769,32847,0,0,0
4,0,5,2,255,255,32768,32753,0,255,255
5,9,5,-1,255,255,32769,32769,0,0,0
