32,1,0,32766,3840,61696,48,49
16,2,-1,32672,32766,3840,91,84
32,3,-2,32789,32672,32766,96,84
16,2,-1,32672,32766,3840,19,12
32,3,-2,32789,32672,32766,0,12
32,1,0,32777,32766,61696,96,97
16,2,-1,32683,32777,32766,91,84
32,3,-2,32777,32766,32777,14,21
16,4,-3,32660,32777,32766,9,21
32,1,0,32776,32766,61696,96,98
16,2,-1,32682,32776,32766,91,84
32,3,-2,32776,32766,32776,14,21
16,4,-3,32659,32776,32766,9,21
32,1,0,32777,32766,61696,0,1
16,2,-1,32683,32777,32766,91,84
32,3,-2,32800,32766,32777,96,84
16,2,-1,32683,32777,32766,19,12
32,3,-2,32777,32766,32777,86,93
16,4,-3,32660,32777,32766,105,93
32,1,0,32776,32766,61696,0,2
16,2,-1,32682,32776,32766,91,84
32,3,-2,32799,32766,32776,96,84
16,2,-1,32682,32776,32766,19,12
32,3,-2,32776,32766,32776,86,93
16,4,-3,32659,32776,32766,105,93
32,1,0,32768,32766,61696,86,85
16,2,-1,32674,32768,32766,19,12
32,3,-2,32791,32766,32768,0,12
16,2,-1,32674,32768,32766,91,84
32,3,-2,32791,32766,32768,96,84
32,1,0,32767,32768,61696,86,87
32,1,0,32767,32768,61696,86,88
32,1,0,32766,32768,61696,86,89
32,1,0,32766,32768,61696,86,90
32,1,0,32862,32768,61696,86,93
16,2,-1,32745,32862,32768,105,93
32,3,-2,32839,32768,32862,14,21
16,4,-3,32722,32839,32768,9,21
32,1,0,32768,32768,61696,86,74
32,1,0,32770,32768,61696,86,62
16,2,-1,32676,32770,32768,19,12
32,3,-2,32793,32768,32770,0,12
32,1,0,32778,32770,61696,86,50
16,2,-1,32684,32778,32770,19,12
32,3,-2,32801,32770,32778,0,12
32,1,0,32770,32778,61696,86,38
32,1,0,32768,32778,61696,86,26
32,1,0,32768,32778,61696,86,98
32,1,0,32768,32778,61696,14,13
32,1,0,32767,32778,61696,14,15
32,1,0,32767,32778,61696,14,16
32,1,0,32766,32778,61696,14,17
32,1,0,32766,32778,61696,14,18
32,1,0,32862,32778,61696,14,21
16,2,-1,32745,32862,32778,9,21
32,3,-2,32839,32778,32862,86,93
16,4,-3,32722,32839,32778,105,93
32,1,0,32768,32778,61696,14,2
32,1,0,32768,32778,61696,14,26
32,1,0,32770,32778,61696,14,38
32,1,0,32778,32778,61696,14,50
32,1,0,32770,32778,61696,14,62
32,1,0,32768,32778,61696,14,74
32,1,0,32778,32778,61696,84,74
32,1,0,32776,32778,61696,84,98
32,1,0,32776,32778,61696,12,2
32,1,0,32778,32778,61696,12,26
32,1,0,32769,32778,61696,60,49
32,1,0,32769,32778,61696,36,49
32,1,0,32769,32778,61696,72,50
32,1,0,32767,32778,61696,72,98
32,1,0,32767,32778,61696,24,2
32,1,0,32769,32778,61696,24,50
32,1,0,32769,32778,61696,99,100
32,1,0,32769,32778,61696,75,76
32,1,0,32769,32778,61696,51,52
32,1,0,32769,32778,61696,27,28
32,1,0,32769,32778,61696,3,4
32,1,1,32778,32728,61696,86,50
16,2,0,32684,61696,32728,19,12
32,3,-1,32801,32728,61696,0,12
32,3,-1,32801,32801,61696,0,12
32,3,-1,32681,32801,61696,50,54
16,2,0,32780,32801,32728,57,56
32,3,-1,32874,32780,32801,14,21
16,4,-2,32757,32801,32780,9,21
32,3,-1,32777,32780,32801,50,54
16,2,0,32769,32780,32728,105,104
32,3,-1,32863,32769,32780,14,21
16,4,-2,32746,32780,32769,9,21
32,3,-1,32766,32769,32780,50,54
16,2,0,32770,32769,32728,105,103
16,2,0,32769,32769,32728,9,8
16,2,0,32770,32769,32728,9,7
16,2,0,32779,32769,32728,91,90
16,2,0,32779,32769,32728,91,89
16,2,0,32780,32769,32728,91,88
16,2,0,32780,32769,32728,91,87
16,2,0,32780,32769,32728,91,86
16,2,0,32780,32769,32728,91,85
16,2,0,32778,32769,32728,91,92
16,2,0,32778,32769,32728,91,79
16,2,0,32776,32769,32728,91,67
16,2,0,32768,32769,32728,91,55
32,3,-1,32862,32768,32769,14,21
16,4,-2,32745,32769,32768,9,21
32,3,-1,32765,32768,32769,50,54
16,4,-1,32768,32769,32768,55,51
32,5,-2,32862,32768,32769,14,21
16,6,-3,32745,32769,32768,9,21
32,5,-2,32770,32768,32769,54,102
16,6,-3,32655,32769,32768,105,102
32,5,-2,32770,32768,32769,54,6
16,6,-3,32655,32769,32768,9,6
16,2,0,32776,32768,32728,91,43
16,2,0,32778,32768,32728,91,31
16,2,0,32778,32768,32728,91,103
16,2,0,32779,32768,32728,19,18
16,2,0,32779,32768,32728,19,17
16,2,0,32780,32768,32728,19,16
16,2,0,32780,32768,32728,19,15
16,2,0,32778,32768,32728,19,20
16,2,0,32778,32768,32728,19,7
16,2,0,32778,32768,32728,19,31
16,2,0,32776,32768,32728,19,43
16,2,0,32768,32768,32728,19,55
16,2,0,32776,32768,32728,19,67
16,2,0,32778,32768,32728,19,79
16,2,0,32768,32768,32728,93,79
16,2,0,32770,32768,32728,93,103
16,2,0,32770,32768,32728,21,7
16,2,0,32768,32768,32728,21,31
16,2,0,32777,32768,32728,69,56
16,2,0,32777,32768,32728,45,56
16,2,0,32777,32768,32728,81,55
16,2,0,32779,32768,32728,81,103
16,2,0,32779,32768,32728,33,7
16,2,0,32777,32768,32728,33,55
16,2,0,32777,32768,32728,102,101
16,2,0,32777,32768,32728,78,77
16,2,0,32777,32768,32728,54,53
16,2,0,32777,32768,32728,30,29
16,2,0,32777,32768,32728,6,5
32,1,1,32766,32768,32769,48,49
16,2,0,32672,32769,32768,19,12
32,3,-1,32789,32768,32769,0,12
16,4,-2,32695,32769,32768,91,84
32,5,-3,32812,32768,32769,96,84
16,2,0,32672,32769,32768,91,84
32,3,-1,32789,32768,32769,96,84
16,4,-2,32695,32769,32768,19,12
32,5,-3,32812,32768,32769,0,12
16,2,0,32768,32769,32768,57,56
32,3,-1,32862,32768,32769,86,93
16,4,-2,32745,32769,32768,105,93
32,3,-1,32862,32768,32769,14,21
16,4,-2,32745,32769,32768,9,21
32,1,1,32777,32768,32769,96,97
16,2,0,32683,32769,32768,19,12
32,3,-1,32800,32768,32769,0,12
16,4,-2,32706,32769,32768,91,84
32,3,-1,32800,32768,32769,0,12
16,4,-2,32706,32769,32768,91,84
32,3,-1,32777,32768,32769,86,93
16,4,-2,32660,32769,32768,105,93
32,1,1,32776,32768,32769,96,98
16,2,0,32682,32769,32768,19,12
32,3,-1,32799,32768,32769,0,12
16,4,-2,32705,32769,32768,91,84
32,3,-1,32799,32768,32769,0,12
16,4,-2,32705,32769,32768,91,84
32,3,-1,32776,32768,32769,86,93
16,4,-2,32659,32769,32768,105,93
32,1,1,32777,32768,32769,0,1
16,2,0,32683,32769,32768,19,12
32,3,-1,32777,32768,32769,86,93
16,4,-2,32660,32769,32768,105,93
32,1,1,32776,32768,32769,0,2
16,2,0,32682,32769,32768,19,12
32,3,-1,32776,32768,32769,86,93
16,4,-2,32659,32769,32768,105,93
32,1,1,32768,32768,32769,86,85
16,2,0,32674,32769,32768,19,12
32,3,-1,32791,32768,32769,0,12
16,4,-2,32697,32769,32768,91,84
32,5,-3,32814,32768,32769,96,84
16,2,0,32770,32769,32768,57,56
16,2,0,32674,32769,32768,91,84
32,3,-1,32791,32768,32769,96,84
16,4,-2,32697,32769,32768,19,12
32,5,-3,32814,32768,32769,0,12
16,2,0,32759,32769,32768,105,104
32,3,-1,32853,32768,32769,85,93
16,4,-2,32759,32769,32768,19,12
32,5,-3,32876,32768,32769,0,12
16,2,0,32760,32769,32768,105,103
32,3,-1,32854,32768,32769,85,93
16,4,-2,32760,32769,32768,19,12
32,5,-3,32877,32768,32769,0,12
16,2,0,32759,32769,32768,9,8
32,3,-1,32853,32768,32769,85,93
16,4,-2,32736,32769,32768,105,93
32,3,-1,32853,32768,32769,14,21
16,4,-2,32759,32769,32768,91,84
32,5,-3,32876,32768,32769,96,84
16,2,0,32760,32769,32768,9,7
32,3,-1,32854,32768,32769,85,93
16,4,-2,32737,32769,32768,105,93
32,3,-1,32854,32768,32769,14,21
16,4,-2,32760,32769,32768,91,84
32,5,-3,32877,32768,32769,96,84
16,2,0,32769,32769,32768,91,90
16,2,0,32769,32769,32768,91,89
16,2,0,32770,32769,32768,91,88
16,2,0,32770,32769,32768,91,87
16,2,0,32770,32769,32768,91,86
16,2,0,32768,32769,32768,91,92
32,3,-1,32862,32768,32769,14,21
16,4,-2,32745,32769,32768,9,21
32,3,-1,32862,32768,32769,85,93
16,4,-2,32745,32769,32768,105,93
32,1,1,32767,32768,32769,86,87
16,2,0,32673,32769,32768,19,12
32,3,-1,32790,32768,32769,0,12
16,4,-2,32696,32769,32768,91,84
32,5,-3,32813,32768,32769,96,84
16,2,0,32767,32769,32768,91,92
32,3,-1,32861,32768,32769,14,21
16,4,-2,32744,32769,32768,9,21
32,3,-1,32862,32768,32769,87,93
16,4,-2,32745,32769,32768,105,93
32,1,1,32767,32768,32769,86,88
16,2,0,32767,32769,32768,91,92
32,3,-1,32861,32768,32769,14,21
16,4,-2,32744,32769,32768,9,21
32,3,-1,32862,32768,32769,88,93
16,4,-2,32745,32769,32768,105,93
32,1,1,32766,32768,32769,86,89
16,2,0,32766,32769,32768,91,92
32,3,-1,32860,32768,32769,14,21
16,4,-2,32743,32769,32768,9,21
32,3,-1,32862,32768,32769,89,93
16,4,-2,32745,32769,32768,105,93
32,1,1,32766,32768,32769,86,90
16,2,0,32766,32769,32768,91,92
32,3,-1,32860,32768,32769,14,21
16,4,-2,32743,32769,32768,9,21
32,3,-1,32862,32768,32769,90,93
16,4,-2,32745,32769,32768,105,93
32,3,-1,32775,32768,32769,90,54
16,4,-2,32681,32769,32768,19,12
32,5,-3,32798,32768,32769,0,12
16,2,0,32672,32769,32768,19,12
32,3,-1,32789,32768,32769,0,12
16,4,-2,32695,32769,32768,91,84
32,5,-3,32812,32768,32769,96,84
16,2,0,32672,32769,32768,91,84
32,3,-1,32789,32768,32769,96,84
16,4,-2,32695,32769,32768,19,12
32,5,-3,32812,32768,32769,0,12
16,2,0,32768,32769,32768,57,56
32,3,-1,32862,32768,32769,14,21
16,4,-2,32745,32769,32768,9,21
32,3,-1,32777,32768,32769,90,54
16,4,-2,32683,32769,32768,19,12
32,5,-3,32800,32768,32769,0,12
16,2,0,32757,32769,32768,105,104
32,3,-1,32766,32768,32769,90,54
32,3,-1,32851,32768,32769,14,21
16,4,-2,32734,32769,32768,9,21
32,3,-1,32853,32768,32769,90,93
16,4,-2,32759,32769,32768,19,12
32,5,-3,32876,32768,32769,0,12
16,2,0,32758,32769,32768,105,103
32,3,-1,32767,32768,32769,90,54
32,3,-1,32854,32768,32769,90,93
16,4,-2,32760,32769,32768,19,12
32,5,-3,32877,32768,32769,0,12
16,2,0,32757,32769,32768,9,8
32,3,-1,32853,32768,32769,90,93
16,4,-2,32736,32769,32768,105,93
32,3,-1,32766,32768,32769,90,54
32,3,-1,32851,32768,32769,14,21
16,4,-2,32757,32769,32768,91,84
32,5,-3,32874,32768,32769,96,84
16,2,0,32758,32769,32768,9,7
32,3,-1,32854,32768,32769,90,93
16,4,-2,32737,32769,32768,105,93
32,3,-1,32852,32768,32769,14,21
16,4,-2,32758,32769,32768,91,84
32,5,-3,32875,32768,32769,96,84
16,2,0,32766,32769,32768,91,79
32,3,-1,32860,32768,32769,14,21
16,4,-2,32743,32769,32768,9,21
32,3,-1,32775,32768,32769,90,54
16,4,-2,32681,32769,32768,19,12
32,5,-3,32798,32768,32769,0,12
16,4,-2,32772,32769,32768,79,75
16,2,0,32764,32769,32768,91,67
32,3,-1,32858,32768,32769,14,21
16,4,-2,32741,32769,32768,9,21
32,3,-1,32773,32768,32769,90,54
16,4,-2,32679,32769,32768,19,12
32,5,-3,32796,32768,32769,0,12
16,2,0,32756,32769,32768,91,55
32,3,-1,32765,32768,32769,90,54
16,4,-1,32768,32769,32768,55,51
32,5,-2,32862,32768,32769,14,21
16,6,-3,32745,32769,32768,9,21
32,5,-2,32770,32768,32769,54,102
16,6,-3,32655,32769,32768,105,102
32,5,-2,32770,32768,32769,54,6
16,6,-3,32655,32769,32768,9,6
32,3,-1,32850,32768,32769,14,21
16,4,-2,32733,32769,32768,9,21
32,1,1,32862,32768,32769,86,93
16,2,0,32745,32769,32768,105,93
32,3,-1,32839,32768,32769,14,21
16,4,-2,32722,32769,32768,9,21
32,1,1,32768,32768,32769,86,74
16,2,0,32768,32769,32768,91,92
32,3,-1,32862,32768,32769,14,21
16,4,-2,32745,32769,32768,9,21
32,3,-1,32771,32768,32769,74,78
16,4,-2,32677,32769,32768,19,12
32,5,-3,32794,32768,32769,0,12
16,2,0,32758,32769,32768,91,55
32,3,-1,32761,32768,32769,74,78
32,3,-1,32852,32768,32769,14,21
16,4,-2,32735,32769,32768,9,21
32,1,1,32770,32768,32769,86,62
16,2,0,32760,32769,32768,91,55
32,3,-1,32854,32768,32769,14,21
16,4,-2,32737,32769,32768,9,21
32,1,1,32770,32768,32769,86,38
16,2,0,32760,32769,32768,91,55
32,3,-1,32854,32768,32769,14,21
16,4,-2,32737,32769,32768,9,21
32,1,1,32768,32768,32769,86,26
16,2,0,32758,32769,32768,91,55
32,3,-1,32852,32768,32769,14,21
16,4,-2,32735,32769,32768,9,21
32,3,-1,32761,32768,32769,26,30
32,1,1,32768,32768,32769,86,98
16,2,0,32758,32769,32768,91,55
32,3,-1,32852,32768,32769,14,21
16,4,-2,32735,32769,32768,9,21
32,3,-1,32761,32768,32769,98,102
32,1,1,32768,32768,32769,14,13
16,2,0,32758,32769,32768,91,55
32,3,-1,32852,32768,32769,13,21
16,4,-2,32735,32769,32768,9,21
32,1,1,32767,32768,32769,14,15
16,2,0,32757,32769,32768,91,55
32,3,-1,32852,32768,32769,15,21
16,4,-2,32735,32769,32768,9,21
32,1,1,32767,32768,32769,14,16
16,2,0,32757,32769,32768,91,55
32,3,-1,32852,32768,32769,16,21
16,4,-2,32735,32769,32768,9,21
32,1,1,32766,32768,32769,14,17
16,2,0,32756,32769,32768,91,55
32,3,-1,32852,32768,32769,17,21
16,4,-2,32735,32769,32768,9,21
32,1,1,32766,32768,32769,14,18
16,2,0,32756,32769,32768,91,55
32,3,-1,32852,32768,32769,18,21
16,4,-2,32735,32769,32768,9,21
32,3,-1,32765,32768,32769,18,54
16,4,-1,32768,32769,32768,55,51
32,5,-2,32770,32768,32769,54,102
16,6,-3,32655,32769,32768,105,102
32,5,-2,32770,32768,32769,54,6
16,6,-3,32655,32769,32768,9,6
32,1,1,32862,32768,32769,14,21
16,2,0,32745,32769,32768,9,21
32,3,-1,32839,32768,32769,86,93
16,4,-2,32722,32769,32768,105,93
32,1,1,32768,32768,32769,14,2
16,2,0,32758,32769,32768,91,55
32,3,-1,32761,32768,32769,2,6
32,1,1,32768,32768,32769,14,26
16,2,0,32758,32769,32768,91,55
32,3,-1,32761,32768,32769,26,30
32,1,1,32770,32768,32769,14,38
16,2,0,32760,32769,32768,91,55
32,1,1,32778,32768,32769,14,50
16,2,0,32768,32769,32768,91,55
32,3,-1,32765,32768,32769,50,54
16,4,-1,32768,32769,32768,55,51
32,5,-2,32770,32768,32769,54,102
16,6,-3,32655,32769,32768,105,102
32,5,-2,32770,32768,32769,54,6
16,6,-3,32655,32769,32768,9,6
32,1,1,32770,32768,32769,14,62
16,2,0,32760,32769,32768,91,55
32,1,1,32768,32768,32769,14,74
16,2,0,32758,32769,32768,91,55
32,3,-1,32761,32768,32769,74,78
32,1,1,32778,32768,32769,84,74
16,2,0,32768,32769,32768,91,55
32,3,-1,32862,32768,32769,14,21
16,4,-2,32745,32769,32768,9,21
32,1,1,32776,32768,32769,84,98
16,2,0,32766,32769,32768,91,55
32,3,-1,32860,32768,32769,14,21
16,4,-2,32743,32769,32768,9,21
32,1,1,32776,32768,32769,12,2
16,2,0,32766,32769,32768,91,55
32,3,-1,32860,32768,32769,14,21
16,4,-2,32743,32769,32768,9,21
32,1,1,32778,32768,32769,12,26
16,2,0,32768,32769,32768,91,55
32,3,-1,32862,32768,32769,14,21
16,4,-2,32745,32769,32768,9,21
32,1,1,32769,32768,32769,60,49
16,2,0,32759,32769,32768,91,55
32,3,-1,32853,32768,32769,14,21
16,4,-2,32736,32769,32768,9,21
32,1,1,32769,32768,32769,36,49
16,2,0,32759,32769,32768,91,55
32,3,-1,32853,32768,32769,14,21
16,4,-2,32736,32769,32768,9,21
32,1,1,32769,32768,32769,72,50
16,2,0,32759,32769,32768,91,55
32,3,-1,32853,32768,32769,14,21
16,4,-2,32736,32769,32768,9,21
32,1,1,32767,32768,32769,72,98
16,2,0,32757,32769,32768,91,55
32,3,-1,32851,32768,32769,14,21
16,4,-2,32734,32769,32768,9,21
32,1,1,32767,32768,32769,24,2
16,2,0,32757,32769,32768,91,55
32,3,-1,32851,32768,32769,14,21
16,4,-2,32734,32769,32768,9,21
32,1,1,32769,32768,32769,24,50
16,2,0,32759,32769,32768,91,55
32,3,-1,32853,32768,32769,14,21
16,4,-2,32736,32769,32768,9,21
32,1,1,32769,32768,32769,99,100
16,2,0,32759,32769,32768,91,55
32,3,-1,32853,32768,32769,14,21
16,4,-2,32736,32769,32768,9,21
32,1,1,32769,32768,32769,75,76
16,2,0,32759,32769,32768,91,55
32,3,-1,32853,32768,32769,14,21
16,4,-2,32736,32769,32768,9,21
32,1,1,32769,32768,32769,51,52
16,2,0,32759,32769,32768,91,55
32,3,-1,32853,32768,32769,14,21
16,4,-2,32736,32769,32768,9,21
32,1,1,32769,32768,32769,27,28
16,2,0,32759,32769,32768,91,55
32,3,-1,32853,32768,32769,14,21
16,4,-2,32736,32769,32768,9,21
32,1,1,32769,32768,32769,3,4
16,2,0,32759,32769,32768,91,55
32,3,-1,32853,32768,32769,14,21
16,4,-2,32736,32769,32768,9,21
32,1,2,32778,32718,61696,86,50
16,2,1,32768,61696,32718,91,55
32,3,0,32862,32718,61696,14,21
16,4,-1,32745,32862,32718,9,21
32,5,-2,32742,32745,32862,50,54
16,6,-2,32745,32862,32745,55,51
32,7,-3,32747,32745,32862,54,102
16,8,-4,32632,32747,32745,105,102
32,7,-3,32747,32745,32862,54,6
16,8,-4,32745,32747,32745,51,99
32,9,-5,32860,32745,32747,96,99
16,10,-6,32835,32747,32745,57,48
32,9,-5,32770,32745,32747,48,57
16,8,-4,32745,32747,32745,51,3
32,9,-5,32860,32745,32747,0,3
16,10,-6,32835,32747,32745,57,48
32,9,-5,32770,32745,32747,48,57
16,6,-2,32750,32747,32745,55,43
16,6,-2,32752,32747,32745,55,31
16,6,-2,32750,32747,32745,55,67
16,6,-2,32752,32747,32745,55,79
16,6,-2,32752,32747,32745,55,91
16,6,-2,32752,32747,32745,55,103
16,6,-2,32741,32747,32745,69,56
32,7,-3,32775,32745,32747,54,56
16,8,-4,32671,32747,32745,57,56
32,7,-3,32743,32745,32747,54,102
32,7,-3,32743,32745,32747,54,6
16,4,-1,32745,32745,32718,9,21
16,4,-1,32865,32745,32718,55,51
32,5,-1,32862,32718,32745,50,54
16,6,-2,32745,32745,32718,9,21
16,6,-2,32860,32745,32718,51,99
16,6,-2,32860,32745,32718,51,3
32,3,0,32765,32745,61696,50,54
16,4,0,32768,61696,32745,55,51
32,5,-1,32862,32768,61696,14,21
16,6,-2,32745,32862,32768,9,21
32,5,-1,32770,32768,61696,54,102
16,6,-2,32655,32770,32768,105,102
32,5,-1,32770,32768,61696,54,6
16,6,-2,32655,32770,32768,9,6
16,4,0,32773,32768,32745,55,43
16,4,0,32775,32768,32745,55,31
16,4,0,32773,32768,32745,55,67
16,4,0,32775,32768,32745,55,79
16,4,0,32775,32768,32745,55,91
16,4,0,32775,32768,32745,55,103
16,4,0,32764,32768,32745,69,56
32,5,-1,32798,32764,32768,54,56
16,6,-2,32694,32768,32764,57,56
32,5,-1,32858,32764,32768,14,21
16,6,-2,32741,32768,32764,9,21
32,5,-1,32798,32764,32768,54,56
16,6,-2,32694,32768,32764,57,56
32,5,-1,32766,32764,32768,54,102
16,6,-2,32651,32766,32764,105,102
32,5,-1,32766,32764,32768,54,6
16,6,-2,32651,32766,32764,9,6
16,4,0,32764,32764,32745,45,56
32,3,0,32766,32764,61696,48,49
16,4,-1,32672,32766,32764,19,12
32,5,-2,32789,32764,32766,0,12
16,4,-1,32769,32766,32764,55,51
32,5,-1,32766,32764,32766,50,54
16,6,-2,32672,32766,32764,19,12
32,7,-3,32789,32764,32766,0,12
16,6,-2,32764,32766,32764,51,99
32,7,-3,32879,32764,32766,96,99
16,6,-2,32764,32766,32764,51,3
32,7,-3,32879,32764,32766,0,3
32,3,0,32777,32766,61696,96,97
16,4,-1,32683,32777,32766,19,12
32,5,-2,32800,32766,32777,0,12
16,4,-1,32780,32777,32766,55,51
32,5,-1,32777,32766,32777,50,54
16,6,-2,32683,32777,32766,19,12
32,7,-3,32800,32766,32777,0,12
16,6,-2,32775,32777,32766,51,99
32,7,-3,32881,32775,32777,97,99
16,6,-2,32775,32777,32766,51,3
32,7,-3,32890,32775,32777,0,3
32,3,0,32776,32777,61696,96,98
32,3,0,32777,32777,61696,0,1
32,3,0,32776,32777,61696,0,2
32,3,0,32757,32777,61696,50,49
32,3,0,32760,32777,61696,50,38
32,3,0,32758,32777,61696,50,26
32,3,0,32760,32777,61696,50,62
32,3,0,32758,32777,61696,50,74
32,3,0,32758,32777,61696,50,98
32,3,0,32768,32777,61696,14,13
32,3,0,32767,32777,61696,14,15
32,3,0,32767,32777,61696,14,16
32,3,0,32766,32777,61696,14,17
32,3,0,32766,32777,61696,14,18
32,3,0,32768,32777,61696,14,2
32,3,0,32768,32777,61696,14,26
32,3,0,32770,32777,61696,14,38
32,3,0,32778,32777,61696,84,74
16,4,-1,32684,32778,32777,19,12
32,5,-2,32801,32777,32778,0,12
16,4,-1,32781,32778,32777,55,51
32,5,-1,32897,32777,32778,74,51
16,6,-2,32803,32778,32777,19,12
32,3,0,32776,32778,61696,84,98
32,3,0,32776,32778,61696,12,2
32,3,0,32778,32778,61696,12,26
32,3,0,32769,32778,61696,60,49
32,3,0,32769,32778,61696,36,49
32,3,0,32767,32778,61696,72,98
32,3,0,32767,32778,61696,24,2
32,3,0,32769,32778,61696,99,100
32,3,0,32769,32778,61696,75,76
32,3,0,32769,32778,61696,51,52
32,3,0,32769,32778,61696,27,28
32,3,0,32769,32778,61696,3,4
16,2,1,32778,32778,32777,91,92
32,3,0,32872,32777,32778,14,21
16,4,-1,32755,32778,32777,9,21
32,5,-2,32752,32777,32778,50,54
32,3,0,32775,32777,32778,50,54
32,3,0,32776,32777,32778,48,49
32,3,0,32787,32777,32778,96,97
16,4,-1,32693,32778,32777,19,12
32,5,-2,32810,32777,32778,0,12
16,2,1,32684,32778,32777,19,12
32,3,0,32801,32777,32778,0,12
16,2,1,32780,32778,32777,57,56
32,3,0,32789,32777,32778,96,97
16,4,-1,32695,32778,32777,19,12
32,5,-2,32812,32777,32778,0,12
16,2,1,32769,32778,32777,105,104
32,3,0,32778,32777,32778,96,97
16,4,-1,32684,32778,32777,19,12
32,5,-2,32801,32777,32778,0,12
16,2,1,32770,32778,32777,105,103
32,3,0,32779,32777,32778,96,97
16,4,-1,32685,32778,32777,19,12
32,5,-2,32802,32777,32778,0,12
16,2,1,32769,32778,32777,9,8
32,3,0,32778,32777,32778,96,97
16,4,-1,32684,32778,32777,19,12
32,5,-2,32801,32777,32778,0,12
16,2,1,32770,32778,32777,9,7
32,3,0,32779,32777,32778,96,97
16,4,-1,32685,32778,32777,19,12
32,5,-2,32802,32777,32778,0,12
16,2,1,32779,32778,32777,91,90
32,3,0,32788,32777,32778,96,97
16,4,-1,32694,32778,32777,19,12
32,5,-2,32811,32777,32778,0,12
16,2,1,32779,32778,32777,91,89
32,3,0,32788,32777,32778,96,97
16,4,-1,32694,32778,32777,19,12
32,5,-2,32811,32777,32778,0,12
16,2,1,32780,32778,32777,91,88
32,3,0,32789,32777,32778,96,97
16,4,-1,32695,32778,32777,19,12
32,5,-2,32812,32777,32778,0,12
16,2,1,32780,32778,32777,91,87
32,3,0,32789,32777,32778,96,97
16,4,-1,32695,32778,32777,19,12
32,5,-2,32812,32777,32778,0,12
16,4,-1,32780,32778,32777,87,51
32,5,-1,32777,32777,32778,50,54
32,5,-1,32778,32777,32778,97,49
16,6,-2,32555,32778,32777,51,49
32,7,-3,32659,32777,32778,48,49
32,7,-3,32662,32777,32778,60,49
32,7,-3,32662,32777,32778,36,49
32,7,-3,32545,32777,32778,50,57
16,6,-2,32555,32778,32777,51,49
32,7,-3,32659,32777,32778,48,49
32,7,-3,32662,32777,32778,60,49
32,7,-3,32662,32777,32778,36,49
32,7,-3,32545,32777,32778,50,57
16,6,-2,32684,32778,32777,19,12
32,7,-3,32801,32777,32778,0,12
16,8,-4,32578,32778,32777,51,49
32,9,-5,32682,32777,32778,48,49
32,9,-5,32685,32777,32778,60,49
32,9,-5,32685,32777,32778,36,49
32,9,-5,32568,32777,32778,50,57
16,6,-2,32776,32778,32777,51,99
32,7,-3,32766,32777,32778,50,57
16,6,-2,32776,32778,32777,51,3
32,7,-3,32891,32777,32778,0,3
16,2,1,32780,32778,32777,91,86
32,3,0,32887,32777,32778,14,86
16,2,1,32780,32778,32777,91,85
32,3,0,32789,32777,32778,96,97
16,4,-1,32695,32778,32777,19,12
32,5,-2,32812,32777,32778,0,12
16,2,1,32778,32778,32777,91,79
32,3,0,32787,32777,32778,96,97
16,4,-1,32693,32778,32777,19,12
32,5,-2,32810,32777,32778,0,12
16,4,-1,32784,32778,32777,79,75
16,2,1,32776,32778,32777,91,67
32,3,0,32785,32777,32778,96,97
16,4,-1,32691,32778,32777,19,12
32,5,-2,32808,32777,32778,0,12
16,2,1,32776,32778,32777,91,43
32,3,0,32785,32777,32778,96,97
16,4,-1,32691,32778,32777,19,12
32,5,-2,32808,32777,32778,0,12
16,2,1,32778,32778,32777,91,31
32,3,0,32787,32777,32778,96,97
16,4,-1,32693,32778,32777,19,12
32,5,-2,32810,32777,32778,0,12
16,4,-1,32784,32778,32777,31,27
16,2,1,32778,32778,32777,91,103
32,3,0,32787,32777,32778,96,97
16,4,-1,32693,32778,32777,19,12
32,5,-2,32810,32777,32778,0,12
16,4,-1,32784,32778,32777,103,99
16,2,1,32779,32778,32777,19,18
32,3,0,32788,32777,32778,96,97
16,4,-1,32693,32778,32777,18,12
32,5,-2,32810,32777,32778,0,12
16,2,1,32779,32778,32777,19,17
32,3,0,32788,32777,32778,96,97
16,4,-1,32693,32778,32777,17,12
32,5,-2,32810,32777,32778,0,12
16,2,1,32780,32778,32777,19,16
32,3,0,32789,32777,32778,96,97
16,4,-1,32693,32778,32777,16,12
32,5,-2,32810,32777,32778,0,12
16,2,1,32780,32778,32777,19,15
32,3,0,32789,32777,32778,96,97
16,4,-1,32693,32778,32777,15,12
32,5,-2,32810,32777,32778,0,12
16,4,-1,32780,32778,32777,15,51
32,5,-1,32777,32777,32778,50,54
32,5,-1,32778,32777,32778,97,49
16,6,-2,32555,32778,32777,51,49
32,7,-3,32659,32777,32778,48,49
32,7,-3,32662,32777,32778,60,49
32,7,-3,32662,32777,32778,36,49
32,7,-3,32545,32777,32778,50,57
16,6,-2,32555,32778,32777,51,49
32,7,-3,32659,32777,32778,48,49
32,7,-3,32662,32777,32778,60,49
32,7,-3,32662,32777,32778,36,49
32,7,-3,32545,32777,32778,50,57
16,6,-2,32776,32778,32777,51,99
32,7,-3,32766,32777,32778,50,57
16,6,-2,32776,32778,32777,51,3
32,7,-3,32891,32777,32778,0,3
16,2,1,32778,32778,32777,19,20
32,3,0,32787,32777,32778,96,97
16,4,-1,32693,32778,32777,20,12
32,5,-2,32810,32777,32778,0,12
16,2,1,32778,32778,32777,19,7
32,3,0,32787,32777,32778,96,97
16,4,-1,32784,32778,32777,7,3
16,2,1,32778,32778,32777,19,31
32,3,0,32787,32777,32778,96,97
16,4,-1,32784,32778,32777,31,27
16,2,1,32776,32778,32777,19,43
32,3,0,32785,32777,32778,96,97
16,2,1,32768,32778,32777,19,55
32,3,0,32777,32777,32778,96,97
32,3,0,32765,32777,32778,50,54
16,4,0,32768,32778,32777,55,51
32,5,-1,32770,32777,32778,54,102
32,5,-1,32770,32777,32778,54,6
32,3,0,32766,32777,32778,48,49
32,3,0,32776,32777,32778,96,98
32,3,0,32777,32777,32778,0,1
32,3,0,32776,32777,32778,0,2
32,3,0,32757,32777,32778,50,49
32,3,0,32760,32777,32778,50,38
32,3,0,32758,32777,32778,50,26
32,3,0,32760,32777,32778,50,62
32,3,0,32758,32777,32778,50,74
32,3,0,32758,32777,32778,50,98
32,3,0,32768,32777,32778,14,13
32,3,0,32767,32777,32778,14,15
32,3,0,32767,32777,32778,14,16
32,3,0,32766,32777,32778,14,17
32,3,0,32766,32777,32778,14,18
32,3,0,32766,32777,32778,14,19
32,3,0,32766,32777,32778,14,20
32,3,0,32768,32777,32778,14,2
32,3,0,32768,32777,32778,14,26
32,3,0,32770,32777,32778,14,38
32,3,0,32778,32777,32778,84,74
16,4,-1,32781,32778,32777,55,51
32,5,-1,32897,32777,32778,74,51
16,2,1,32776,32778,32777,19,67
32,3,0,32785,32777,32778,96,97
16,2,1,32778,32778,32777,19,79
32,3,0,32787,32777,32778,96,97
16,4,-1,32784,32778,32777,79,75
16,2,1,32768,32778,32777,93,79
32,3,0,32777,32777,32778,96,97
32,3,0,32778,32777,32778,84,74
16,4,-1,32684,32778,32777,19,12
32,5,-2,32801,32777,32778,0,12
16,2,1,32770,32778,32777,93,103
32,3,0,32780,32777,32778,84,74
16,4,-1,32686,32778,32777,19,12
32,5,-2,32803,32777,32778,0,12
16,2,1,32770,32778,32777,21,7
32,3,0,32780,32777,32778,84,74
16,4,-1,32686,32778,32777,19,12
32,5,-2,32803,32777,32778,0,12
16,2,1,32768,32778,32777,21,31
32,3,0,32778,32777,32778,84,74
16,4,-1,32684,32778,32777,19,12
32,5,-2,32801,32777,32778,0,12
16,2,1,32777,32778,32777,69,56
32,3,0,32787,32777,32778,84,74
16,4,-1,32693,32778,32777,19,12
32,5,-2,32810,32777,32778,0,12
16,2,1,32777,32778,32777,45,56
32,3,0,32787,32777,32778,84,74
16,4,-1,32693,32778,32777,19,12
32,5,-2,32810,32777,32778,0,12
16,2,1,32777,32778,32777,81,55
32,3,0,32787,32777,32778,84,74
16,4,-1,32693,32778,32777,19,12
32,5,-2,32810,32777,32778,0,12
16,2,1,32779,32778,32777,81,103
32,3,0,32789,32777,32778,84,74
16,4,-1,32695,32778,32777,19,12
32,5,-2,32812,32777,32778,0,12
16,2,1,32779,32778,32777,33,7
32,3,0,32789,32777,32778,84,74
16,4,-1,32695,32778,32777,19,12
32,5,-2,32812,32777,32778,0,12
16,2,1,32777,32778,32777,33,55
32,3,0,32787,32777,32778,84,74
16,4,-1,32693,32778,32777,19,12
32,5,-2,32810,32777,32778,0,12
16,2,1,32777,32778,32777,102,101
32,3,0,32787,32777,32778,84,74
16,4,-1,32693,32778,32777,19,12
32,5,-2,32810,32777,32778,0,12
16,2,1,32777,32778,32777,78,77
32,3,0,32787,32777,32778,84,74
16,4,-1,32693,32778,32777,19,12
32,5,-2,32810,32777,32778,0,12
16,2,1,32777,32778,32777,54,53
32,3,0,32775,32777,32778,50,53
32,3,0,32787,32777,32778,84,74
16,4,-1,32693,32778,32777,19,12
32,5,-2,32810,32777,32778,0,12
16,2,1,32777,32778,32777,30,29
32,3,0,32787,32777,32778,84,74
16,4,-1,32693,32778,32777,19,12
32,5,-2,32810,32777,32778,0,12
16,2,1,32777,32778,32777,6,5
32,3,0,32787,32777,32778,84,74
16,4,-1,32693,32778,32777,19,12
32,5,-2,32810,32777,32778,0,12
32,1,2,32766,32778,32779,48,49
16,2,1,32756,32779,32778,91,55
32,3,0,32766,32778,32779,84,74
32,3,0,32765,32778,32779,96,97
32,3,0,32850,32778,32779,14,21
16,4,-1,32733,32779,32778,9,21
32,3,0,32755,32778,32779,49,50
32,3,0,32756,32778,32779,49,37
32,3,0,32756,32778,32779,49,61
32,3,0,32764,32778,32779,96,98
32,3,0,32765,32778,32779,0,1
32,3,0,32764,32778,32779,0,2
32,3,0,32756,32778,32779,86,85
32,3,0,32755,32778,32779,86,87
32,3,0,32755,32778,32779,86,88
32,3,0,32754,32778,32779,86,89
32,3,0,32754,32778,32779,86,90
32,3,0,32754,32778,32779,86,91
32,3,0,32754,32778,32779,86,92
32,3,0,32756,32778,32779,86,74
32,3,0,32758,32778,32779,86,62
32,3,0,32766,32778,32779,86,50
32,3,0,32758,32778,32779,86,38
32,3,0,32756,32778,32779,86,26
32,3,0,32756,32778,32779,86,98
32,3,0,32756,32778,32779,14,13
32,3,0,32755,32778,32779,14,15
32,3,0,32755,32778,32779,14,16
32,3,0,32754,32778,32779,14,17
32,3,0,32754,32778,32779,14,18
32,3,0,32756,32778,32779,14,2
32,3,0,32756,32778,32779,14,26
32,3,0,32758,32778,32779,14,38
32,3,0,32766,32778,32779,14,50
32,3,0,32758,32778,32779,14,62
32,3,0,32756,32778,32779,14,74
32,3,0,32764,32778,32779,84,98
32,3,0,32764,32778,32779,12,2
32,3,0,32766,32778,32779,12,26
32,3,0,32757,32778,32779,72,50
32,3,0,32755,32778,32779,72,98
32,3,0,32755,32778,32779,24,2
32,3,0,32757,32778,32779,24,50
32,3,0,32757,32778,32779,99,100
32,3,0,32757,32778,32779,75,76
32,3,0,32757,32778,32779,51,52
32,3,0,32757,32778,32779,27,28
32,3,0,32757,32778,32779,3,4
32,1,2,32777,32778,32779,96,97
16,2,1,32767,32779,32778,91,55
32,3,0,32777,32778,32779,84,74
32,3,0,32861,32778,32779,14,21
16,4,-1,32744,32779,32778,9,21
32,3,0,32765,32778,32779,48,49
32,3,0,32766,32778,32779,97,98
32,3,0,32769,32778,32779,97,85
32,3,0,32767,32778,32779,97,73
32,3,0,32771,32778,32779,97,61
32,3,0,32765,32778,32779,97,49
32,3,0,32771,32778,32779,97,37
32,3,0,32767,32778,32779,97,25
32,3,0,32769,32778,32779,97,13
32,3,0,32767,32778,32779,97,1
32,3,0,32776,32778,32779,0,1
32,3,0,32775,32778,32779,0,2
32,3,0,32767,32778,32779,86,85
32,3,0,32766,32778,32779,86,87
32,3,0,32766,32778,32779,86,88
32,3,0,32765,32778,32779,86,89
32,3,0,32765,32778,32779,86,90
32,3,0,32765,32778,32779,86,91
32,3,0,32765,32778,32779,86,92
32,3,0,32767,32778,32779,86,74
32,3,0,32769,32778,32779,86,62
32,3,0,32777,32778,32779,86,50
32,3,0,32769,32778,32779,86,38
32,3,0,32767,32778,32779,86,26
32,3,0,32767,32778,32779,86,98
32,3,0,32767,32778,32779,14,13
32,3,0,32766,32778,32779,14,15
32,3,0,32766,32778,32779,14,16
32,3,0,32765,32778,32779,14,17
32,3,0,32765,32778,32779,14,18
32,3,0,32767,32778,32779,14,2
32,3,0,32767,32778,32779,14,26
32,3,0,32769,32778,32779,14,38
32,3,0,32777,32778,32779,14,50
32,3,0,32769,32778,32779,14,62
32,3,0,32767,32778,32779,14,74
32,3,0,32775,32778,32779,84,98
32,3,0,32775,32778,32779,12,2
32,3,0,32777,32778,32779,12,26
32,3,0,32768,32778,32779,60,49
32,3,0,32768,32778,32779,36,49
32,3,0,32768,32778,32779,72,50
32,3,0,32766,32778,32779,72,98
32,3,0,32766,32778,32779,24,2
32,3,0,32768,32778,32779,24,50
32,3,0,32768,32778,32779,99,100
32,3,0,32768,32778,32779,75,76
32,3,0,32768,32778,32779,51,52
32,3,0,32768,32778,32779,27,28
32,3,0,32768,32778,32779,3,4
32,1,2,32776,32778,32779,96,98
16,2,1,32766,32779,32778,91,55
32,3,0,32776,32778,32779,84,74
32,3,0,32860,32778,32779,14,21
16,4,-1,32743,32779,32778,9,21
32,3,0,32764,32778,32779,48,49
32,3,0,32767,32778,32779,98,97
32,3,0,32775,32778,32779,0,1
32,3,0,32774,32778,32779,0,2
32,3,0,32766,32778,32779,86,85
32,3,0,32765,32778,32779,86,87
32,3,0,32765,32778,32779,86,88
32,3,0,32764,32778,32779,86,89
32,3,0,32764,32778,32779,86,90
32,3,0,32764,32778,32779,86,91
32,3,0,32764,32778,32779,86,92
32,3,0,32766,32778,32779,86,74
32,3,0,32768,32778,32779,86,62
32,3,0,32776,32778,32779,86,50
32,3,0,32768,32778,32779,86,38
32,3,0,32766,32778,32779,86,26
32,3,0,32766,32778,32779,14,13
32,3,0,32765,32778,32779,14,15
32,3,0,32765,32778,32779,14,16
32,3,0,32764,32778,32779,14,17
32,3,0,32764,32778,32779,14,18
32,3,0,32766,32778,32779,14,2
32,3,0,32766,32778,32779,14,26
32,3,0,32768,32778,32779,14,38
32,3,0,32776,32778,32779,14,50
32,3,0,32768,32778,32779,14,62
32,3,0,32766,32778,32779,14,74
32,3,0,32774,32778,32779,12,2
32,3,0,32776,32778,32779,12,26
32,3,0,32767,32778,32779,60,49
32,3,0,32767,32778,32779,36,49
32,3,0,32767,32778,32779,72,50
32,3,0,32765,32778,32779,24,2
32,3,0,32767,32778,32779,24,50
32,3,0,32767,32778,32779,99,100
32,3,0,32767,32778,32779,75,76
32,3,0,32767,32778,32779,51,52
32,3,0,32767,32778,32779,27,28
32,3,0,32767,32778,32779,3,4
32,1,2,32777,32778,32779,0,1
16,2,1,32767,32779,32778,91,55
32,3,0,32777,32778,32779,84,74
32,3,0,32776,32778,32779,96,97
32,3,0,32861,32778,32779,14,21
16,4,-1,32744,32779,32778,9,21
32,3,0,32765,32778,32779,48,49
32,3,0,32775,32778,32779,96,98
32,3,0,32766,32778,32779,1,2
32,3,0,32769,32778,32779,1,13
32,3,0,32767,32778,32779,1,25
32,3,0,32771,32778,32779,1,37
32,3,0,32765,32778,32779,1,49
32,3,0,32771,32778,32779,1,61
32,3,0,32767,32778,32779,1,73
32,3,0,32769,32778,32779,1,85
32,3,0,32767,32778,32779,1,97
32,3,0,32767,32778,32779,86,85
32,3,0,32766,32778,32779,86,87
32,3,0,32766,32778,32779,86,88
32,3,0,32765,32778,32779,86,89
32,3,0,32765,32778,32779,86,90
32,3,0,32765,32778,32779,86,91
32,3,0,32765,32778,32779,86,92
32,3,0,32767,32778,32779,86,74
32,3,0,32769,32778,32779,86,62
32,3,0,32777,32778,32779,86,50
32,3,0,32769,32778,32779,86,38
32,3,0,32767,32778,32779,86,26
32,3,0,32767,32778,32779,86,98
32,3,0,32767,32778,32779,14,13
32,3,0,32766,32778,32779,14,15
32,3,0,32766,32778,32779,14,16
32,3,0,32765,32778,32779,14,17
32,3,0,32765,32778,32779,14,18
32,3,0,32767,32778,32779,14,2
32,3,0,32767,32778,32779,14,26
32,3,0,32769,32778,32779,14,38
32,3,0,32777,32778,32779,14,50
32,3,0,32769,32778,32779,14,62
32,3,0,32767,32778,32779,14,74
32,3,0,32775,32778,32779,84,98
32,3,0,32775,32778,32779,12,2
32,3,0,32777,32778,32779,12,26
32,3,0,32768,32778,32779,60,49
32,3,0,32768,32778,32779,36,49
32,3,0,32768,32778,32779,72,50
32,3,0,32766,32778,32779,72,98
32,3,0,32766,32778,32779,24,2
32,3,0,32768,32778,32779,24,50
32,3,0,32768,32778,32779,99,100
32,3,0,32768,32778,32779,75,76
32,3,0,32768,32778,32779,51,52
32,3,0,32768,32778,32779,27,28
32,3,0,32768,32778,32779,3,4
32,1,2,32776,32778,32779,0,2
16,2,1,32766,32779,32778,91,55
32,3,0,32776,32778,32779,84,74
32,3,0,32775,32778,32779,96,97
32,3,0,32860,32778,32779,14,21
16,4,-1,32743,32779,32778,9,21
32,3,0,32764,32778,32779,48,49
32,3,0,32774,32778,32779,96,98
32,3,0,32767,32778,32779,2,1
32,3,0,32766,32778,32779,86,85
32,3,0,32765,32778,32779,86,87
32,3,0,32765,32778,32779,86,88
32,3,0,32764,32778,32779,86,89
32,3,0,32764,32778,32779,86,90
32,3,0,32764,32778,32779,86,91
32,3,0,32764,32778,32779,86,92
32,3,0,32766,32778,32779,86,74
32,3,0,32768,32778,32779,86,62
32,3,0,32776,32778,32779,86,50
32,3,0,32768,32778,32779,86,38
32,3,0,32766,32778,32779,86,26
32,3,0,32766,32778,32779,86,98
32,3,0,32766,32778,32779,14,13
32,3,0,32765,32778,32779,14,15
32,3,0,32765,32778,32779,14,16
32,3,0,32764,32778,32779,14,17
32,3,0,32764,32778,32779,14,18
32,3,0,32766,32778,32779,14,26
32,3,0,32768,32778,32779,14,38
32,3,0,32776,32778,32779,14,50
32,3,0,32768,32778,32779,14,62
32,3,0,32766,32778,32779,14,74
32,3,0,32774,32778,32779,84,98
32,3,0,32776,32778,32779,12,26
32,3,0,32767,32778,32779,60,49
32,3,0,32767,32778,32779,36,49
32,3,0,32767,32778,32779,72,50
32,3,0,32765,32778,32779,72,98
32,3,0,32767,32778,32779,24,50
32,3,0,32767,32778,32779,99,100
32,3,0,32767,32778,32779,75,76
32,3,0,32767,32778,32779,51,52
32,3,0,32767,32778,32779,27,28
32,3,0,32767,32778,32779,3,4
32,1,2,32768,32778,32779,86,85
16,2,1,32758,32779,32778,91,55
32,3,0,32767,32778,32779,96,97
32,3,0,32852,32778,32779,14,21
16,4,-1,32735,32779,32778,9,21
32,3,0,32756,32778,32779,48,49
32,3,0,32766,32778,32779,96,98
32,3,0,32767,32778,32779,0,1
32,3,0,32766,32778,32779,0,2
32,3,0,32757,32778,32779,85,87
32,3,0,32757,32778,32779,85,88
32,3,0,32756,32778,32779,85,89
32,3,0,32756,32778,32779,85,90
32,3,0,32756,32778,32779,85,91
32,3,0,32756,32778,32779,85,92
32,3,0,32758,32778,32779,85,73
32,3,0,32758,32778,32779,85,61
32,3,0,32757,32778,32779,85,49
32,3,0,32758,32778,32779,85,37
32,3,0,32758,32778,32779,85,25
32,3,0,32758,32778,32779,85,13
32,3,0,32757,32778,32779,85,1
32,3,0,32757,32778,32779,85,97
32,3,0,32758,32778,32779,14,13
32,3,0,32757,32778,32779,14,15
32,3,0,32757,32778,32779,14,16
32,3,0,32756,32778,32779,14,17
32,3,0,32756,32778,32779,14,18
32,3,0,32758,32778,32779,14,2
32,3,0,32758,32778,32779,14,26
32,3,0,32760,32778,32779,14,38
32,3,0,32768,32778,32779,14,50
32,3,0,32760,32778,32779,14,62
32,3,0,32758,32778,32779,14,74
32,3,0,32758,32778,32779,14,86
32,3,0,32758,32778,32779,14,98
32,3,0,32766,32778,32779,12,2
32,3,0,32768,32778,32779,12,26
32,3,0,32759,32778,32779,60,49
32,3,0,32759,32778,32779,36,49
32,3,0,32759,32778,32779,72,50
32,3,0,32757,32778,32779,24,2
32,3,0,32759,32778,32779,24,50
32,3,0,32759,32778,32779,99,100
32,3,0,32759,32778,32779,75,76
32,3,0,32759,32778,32779,51,52
32,3,0,32759,32778,32779,27,28
32,3,0,32759,32778,32779,3,4
32,1,2,32767,32778,32779,86,87
16,2,1,32757,32779,32778,91,55
32,3,0,32767,32778,32779,84,74
32,3,0,32766,32778,32779,96,97
32,3,0,32851,32778,32779,14,21
16,4,-1,32734,32779,32778,9,21
32,3,0,32755,32778,32779,48,49
32,3,0,32765,32778,32779,96,98
32,3,0,32766,32778,32779,0,1
32,3,0,32765,32778,32779,0,2
32,3,0,32758,32778,32779,87,85
32,3,0,32757,32778,32779,87,88
32,3,0,32756,32778,32779,87,89
32,3,0,32756,32778,32779,87,90
32,3,0,32756,32778,32779,87,91
32,3,0,32756,32778,32779,87,92
32,3,0,32757,32778,32779,14,13
32,3,0,32756,32778,32779,14,15
32,3,0,32756,32778,32779,14,16
32,3,0,32755,32778,32779,14,17
32,3,0,32755,32778,32779,14,18
32,3,0,32757,32778,32779,14,2
32,3,0,32757,32778,32779,14,26
32,3,0,32759,32778,32779,14,38
32,3,0,32767,32778,32779,14,50
32,3,0,32759,32778,32779,14,62
32,3,0,32757,32778,32779,14,74
32,3,0,32757,32778,32779,14,86
32,3,0,32757,32778,32779,14,98
32,3,0,32765,32778,32779,84,98
32,3,0,32765,32778,32779,12,2
32,3,0,32767,32778,32779,12,26
32,3,0,32758,32778,32779,60,49
32,3,0,32758,32778,32779,36,49
32,3,0,32758,32778,32779,72,50
32,3,0,32756,32778,32779,72,98
32,3,0,32756,32778,32779,24,2
32,3,0,32758,32778,32779,24,50
32,3,0,32758,32778,32779,99,100
32,3,0,32758,32778,32779,75,76
32,3,0,32758,32778,32779,51,52
32,3,0,32758,32778,32779,27,28
32,3,0,32758,32778,32779,3,4
32,1,2,32767,32778,32779,86,88
16,2,1,32757,32779,32778,91,55
32,3,0,32767,32778,32779,84,74
32,3,0,32766,32778,32779,96,97
32,3,0,32851,32778,32779,14,21
16,4,-1,32734,32779,32778,9,21
32,3,0,32755,32778,32779,48,49
32,3,0,32765,32778,32779,96,98
32,3,0,32766,32778,32779,0,1
32,3,0,32765,32778,32779,0,2
32,3,0,32757,32778,32779,88,87
32,3,0,32758,32778,32779,88,85
32,3,0,32756,32778,32779,88,89
32,3,0,32756,32778,32779,88,90
32,3,0,32756,32778,32779,88,91
32,3,0,32756,32778,32779,88,92
32,3,0,32757,32778,32779,88,76
32,3,0,32759,32778,32779,88,64
32,3,0,32760,32778,32779,88,52
32,3,0,32759,32778,32779,88,40
32,3,0,32757,32778,32779,88,28
32,3,0,32757,32778,32779,88,16
32,3,0,32757,32778,32779,88,4
32,3,0,32757,32778,32779,88,100
32,3,0,32757,32778,32779,14,13
32,3,0,32756,32778,32779,14,15
32,3,0,32756,32778,32779,14,16
32,3,0,32755,32778,32779,14,17
32,3,0,32755,32778,32779,14,18
32,3,0,32757,32778,32779,14,2
32,3,0,32757,32778,32779,14,26
32,3,0,32759,32778,32779,14,38
32,3,0,32767,32778,32779,14,50
32,3,0,32759,32778,32779,14,62
32,3,0,32757,32778,32779,14,74
32,3,0,32757,32778,32779,14,86
32,3,0,32757,32778,32779,14,98
32,3,0,32765,32778,32779,84,98
32,3,0,32765,32778,32779,12,2
32,3,0,32767,32778,32779,12,26
32,3,0,32758,32778,32779,60,49
32,3,0,32758,32778,32779,36,49
32,3,0,32758,32778,32779,72,50
32,3,0,32756,32778,32779,72,98
32,3,0,32756,32778,32779,24,2
32,3,0,32758,32778,32779,24,50
32,3,0,32758,32778,32779,99,100
32,3,0,32758,32778,32779,75,76
32,3,0,32758,32778,32779,51,52
32,3,0,32758,32778,32779,27,28
32,3,0,32758,32778,32779,3,4
32,1,2,32766,32778,32779,86,89
16,2,1,32756,32779,32778,91,55
32,3,0,32766,32778,32779,84,74
32,3,0,32765,32778,32779,96,97
32,3,0,32850,32778,32779,14,21
16,4,-1,32733,32779,32778,9,21
32,3,0,32754,32778,32779,48,49
32,3,0,32764,32778,32779,96,98
32,3,0,32765,32778,32779,0,1
32,3,0,32764,32778,32779,0,2
32,3,0,32757,32778,32779,89,88
32,3,0,32757,32778,32779,89,87
32,3,0,32758,32778,32779,89,85
32,3,0,32756,32778,32779,89,90
32,3,0,32756,32778,32779,89,91
32,3,0,32756,32778,32779,89,92
32,3,0,32756,32778,32779,89,77
32,3,0,32758,32778,32779,89,65
32,3,0,32759,32778,32779,89,53
32,3,0,32758,32778,32779,89,41
32,3,0,32756,32778,32779,89,29
32,3,0,32756,32778,32779,89,17
32,3,0,32756,32778,32779,89,5
32,3,0,32756,32778,32779,89,101
32,3,0,32756,32778,32779,14,13
32,3,0,32755,32778,32779,14,15
32,3,0,32755,32778,32779,14,16
32,3,0,32754,32778,32779,14,17
32,3,0,32754,32778,32779,14,18
32,3,0,32756,32778,32779,14,2
32,3,0,32756,32778,32779,14,26
32,3,0,32758,32778,32779,14,38
32,3,0,32766,32778,32779,14,50
32,3,0,32758,32778,32779,14,62
32,3,0,32756,32778,32779,14,74
32,3,0,32756,32778,32779,14,86
32,3,0,32756,32778,32779,14,98
32,3,0,32764,32778,32779,84,98
32,3,0,32764,32778,32779,12,2
32,3,0,32766,32778,32779,12,26
32,3,0,32757,32778,32779,60,49
32,3,0,32757,32778,32779,36,49
32,3,0,32757,32778,32779,72,50
32,3,0,32755,32778,32779,72,98
32,3,0,32755,32778,32779,24,2
32,3,0,32757,32778,32779,24,50
32,3,0,32757,32778,32779,99,100
32,3,0,32757,32778,32779,75,76
32,3,0,32757,32778,32779,51,52
32,3,0,32757,32778,32779,27,28
32,3,0,32757,32778,32779,3,4
32,1,2,32766,32778,32779,86,90
16,2,1,32756,32779,32778,91,55
32,3,0,32766,32778,32779,84,74
32,3,0,32765,32778,32779,96,97
32,3,0,32850,32778,32779,14,21
16,4,-1,32733,32779,32778,9,21
32,5,-2,32742,32778,32779,90,54
16,6,-2,32745,32779,32778,55,51
32,7,-3,32747,32778,32779,54,102
32,7,-3,32747,32778,32779,54,6
32,3,0,32765,32778,32779,90,54
16,4,0,32768,32779,32778,55,51
32,5,-1,32862,32778,32779,14,21
16,6,-2,32745,32779,32778,9,21
32,5,-1,32770,32778,32779,54,102
32,5,-1,32770,32778,32779,54,6
32,3,0,32754,32778,32779,48,49
32,3,0,32764,32778,32779,96,98
32,3,0,32765,32778,32779,0,1
32,3,0,32764,32778,32779,0,2
32,3,0,32756,32778,32779,90,89
32,3,0,32757,32778,32779,90,88
32,3,0,32757,32778,32779,90,87
32,3,0,32758,32778,32779,90,85
32,3,0,32756,32778,32779,90,91
32,3,0,32756,32778,32779,90,92
32,3,0,32756,32778,32779,14,13
32,3,0,32755,32778,32779,14,15
32,3,0,32755,32778,32779,14,16
32,3,0,32754,32778,32779,14,17
32,3,0,32754,32778,32779,14,18
32,3,0,32756,32778,32779,14,2
32,3,0,32756,32778,32779,14,26
32,3,0,32758,32778,32779,14,38
32,3,0,32766,32778,32779,14,50
32,3,0,32758,32778,32779,14,62
32,3,0,32756,32778,32779,14,74
32,3,0,32756,32778,32779,14,86
32,3,0,32756,32778,32779,14,98
32,3,0,32764,32778,32779,84,98
32,3,0,32764,32778,32779,12,2
32,3,0,32766,32778,32779,12,26
32,3,0,32757,32778,32779,60,49
32,3,0,32757,32778,32779,36,49
32,3,0,32757,32778,32779,72,50
32,3,0,32755,32778,32779,72,98
32,3,0,32755,32778,32779,24,2
32,3,0,32757,32778,32779,24,50
32,3,0,32757,32778,32779,99,100
32,3,0,32757,32778,32779,75,76
32,3,0,32757,32778,32779,51,52
32,3,0,32757,32778,32779,27,28
32,3,0,32757,32778,32779,3,4
32,1,2,32862,32778,32779,86,93
16,2,1,32745,32779,32778,105,93
32,3,0,32755,32778,32779,84,74
32,3,0,32754,32778,32779,96,97
32,3,0,32839,32778,32779,14,21
16,4,-1,32722,32779,32778,9,21
32,3,0,32743,32778,32779,48,49
32,3,0,32753,32778,32779,96,98
32,3,0,32754,32778,32779,0,1
32,3,0,32753,32778,32779,0,2
32,3,0,32745,32778,32779,14,13
32,3,0,32744,32778,32779,14,15
32,3,0,32744,32778,32779,14,16
32,3,0,32743,32778,32779,14,17
32,3,0,32743,32778,32779,14,18
32,3,0,32745,32778,32779,14,2
32,3,0,32745,32778,32779,14,26
32,3,0,32747,32778,32779,14,38
32,3,0,32755,32778,32779,14,50
32,3,0,32747,32778,32779,14,62
32,3,0,32745,32778,32779,14,74
32,3,0,32745,32778,32779,14,86
32,3,0,32745,32778,32779,14,98
32,3,0,32753,32778,32779,84,98
32,3,0,32753,32778,32779,12,2
32,3,0,32755,32778,32779,12,26
32,3,0,32746,32778,32779,60,49
32,3,0,32746,32778,32779,36,49
32,3,0,32746,32778,32779,72,50
32,3,0,32744,32778,32779,72,98
32,3,0,32744,32778,32779,24,2
32,3,0,32746,32778,32779,24,50
32,3,0,32746,32778,32779,99,100
32,3,0,32746,32778,32779,75,76
32,3,0,32746,32778,32779,51,52
32,3,0,32746,32778,32779,27,28
32,3,0,32746,32778,32779,3,4
32,1,2,32768,32778,32779,86,74
16,2,1,32758,32779,32778,91,55
32,3,0,32767,32778,32779,96,97
32,3,0,32852,32778,32779,14,21
16,4,-1,32735,32779,32778,9,21
32,5,-2,32738,32778,32779,74,78
32,3,0,32761,32778,32779,74,78
32,3,0,32756,32778,32779,48,49
32,3,0,32766,32778,32779,96,98
32,3,0,32767,32778,32779,0,1
32,3,0,32766,32778,32779,0,2
32,3,0,32758,32778,32779,74,73
32,3,0,32760,32778,32779,74,62
32,3,0,32768,32778,32779,74,50
32,3,0,32760,32778,32779,74,38
32,3,0,32758,32778,32779,74,26
32,3,0,32758,32778,32779,74,98
32,3,0,32758,32778,32779,14,13
32,3,0,32757,32778,32779,14,15
32,3,0,32757,32778,32779,14,16
32,3,0,32756,32778,32779,14,17
32,3,0,32756,32778,32779,14,18
32,3,0,32758,32778,32779,14,2
32,3,0,32758,32778,32779,14,26
32,3,0,32760,32778,32779,14,38
32,3,0,32768,32778,32779,14,50
32,3,0,32760,32778,32779,14,62
32,3,0,32766,32778,32779,84,98
32,3,0,32766,32778,32779,12,2
32,3,0,32768,32778,32779,12,26
32,3,0,32759,32778,32779,60,49
32,3,0,32759,32778,32779,36,49
32,3,0,32759,32778,32779,72,50
32,3,0,32757,32778,32779,72,98
32,3,0,32757,32778,32779,24,2
32,3,0,32759,32778,32779,24,50
32,3,0,32759,32778,32779,99,100
32,3,0,32759,32778,32779,75,76
32,3,0,32759,32778,32779,51,52
32,3,0,32759,32778,32779,27,28
32,3,0,32759,32778,32779,3,4
32,1,2,32770,32778,32779,86,62
16,2,1,32760,32779,32778,91,55
32,3,0,32770,32778,32779,84,74
32,3,0,32769,32778,32779,96,97
32,3,0,32854,32778,32779,14,21
16,4,-1,32737,32779,32778,9,21
32,3,0,32758,32778,32779,48,49
32,3,0,32768,32778,32779,96,98
32,3,0,32769,32778,32779,0,1
32,3,0,32768,32778,32779,0,2
32,3,0,32758,32778,32779,62,61
32,3,0,32759,32778,32779,62,63
32,3,0,32759,32778,32779,62,64
32,3,0,32758,32778,32779,62,65
32,3,0,32757,32778,32779,62,66
32,3,0,32756,32778,32779,62,67
32,3,0,32755,32778,32779,62,68
32,3,0,32768,32778,32779,62,50
32,3,0,32760,32778,32779,62,38
32,3,0,32758,32778,32779,62,26
32,3,0,32758,32778,32779,62,74
32,3,0,32758,32778,32779,62,98
32,3,0,32760,32778,32779,14,13
32,3,0,32759,32778,32779,14,15
32,3,0,32759,32778,32779,14,16
32,3,0,32758,32778,32779,14,17
32,3,0,32758,32778,32779,14,18
32,3,0,32760,32778,32779,14,2
32,3,0,32760,32778,32779,14,26
32,3,0,32762,32778,32779,14,38
32,3,0,32770,32778,32779,14,50
32,3,0,32768,32778,32779,84,98
32,3,0,32768,32778,32779,12,2
32,3,0,32770,32778,32779,12,26
32,3,0,32761,32778,32779,60,49
32,3,0,32761,32778,32779,36,49
32,3,0,32761,32778,32779,72,50
32,3,0,32759,32778,32779,72,98
32,3,0,32759,32778,32779,24,2
32,3,0,32761,32778,32779,24,50
32,3,0,32761,32778,32779,99,100
32,3,0,32761,32778,32779,75,76
32,3,0,32761,32778,32779,51,52
32,3,0,32761,32778,32779,27,28
32,3,0,32761,32778,32779,3,4
32,1,2,32770,32778,32779,86,38
16,2,1,32760,32779,32778,91,55
32,3,0,32770,32778,32779,84,74
32,3,0,32769,32778,32779,96,97
32,3,0,32854,32778,32779,14,21
16,4,-1,32737,32779,32778,9,21
32,3,0,32758,32778,32779,48,49
32,3,0,32768,32778,32779,96,98
32,3,0,32769,32778,32779,0,1
32,3,0,32768,32778,32779,0,2
32,3,0,32758,32778,32779,38,37
32,3,0,32759,32778,32779,38,39
32,3,0,32759,32778,32779,38,40
32,3,0,32758,32778,32779,38,41
32,3,0,32757,32778,32779,38,42
32,3,0,32756,32778,32779,38,43
32,3,0,32755,32778,32779,38,44
32,3,0,32758,32778,32779,38,26
32,3,0,32768,32778,32779,38,50
32,3,0,32760,32778,32779,38,62
32,3,0,32758,32778,32779,38,74
32,3,0,32758,32778,32779,38,98
32,3,0,32760,32778,32779,14,13
32,3,0,32759,32778,32779,14,15
32,3,0,32759,32778,32779,14,16
32,3,0,32758,32778,32779,14,17
32,3,0,32758,32778,32779,14,18
32,3,0,32760,32778,32779,14,2
32,3,0,32760,32778,32779,14,26
32,3,0,32768,32778,32779,84,98
32,3,0,32768,32778,32779,12,2
32,3,0,32770,32778,32779,12,26
32,3,0,32761,32778,32779,60,49
32,3,0,32761,32778,32779,36,49
32,3,0,32761,32778,32779,72,50
32,3,0,32759,32778,32779,72,98
32,3,0,32759,32778,32779,24,2
32,3,0,32761,32778,32779,24,50
32,3,0,32761,32778,32779,99,100
32,3,0,32761,32778,32779,75,76
32,3,0,32761,32778,32779,51,52
32,3,0,32761,32778,32779,27,28
32,3,0,32761,32778,32779,3,4
32,1,2,32768,32778,32779,86,26
16,2,1,32758,32779,32778,91,55
32,3,0,32768,32778,32779,84,74
32,3,0,32767,32778,32779,96,97
32,3,0,32852,32778,32779,14,21
16,4,-1,32735,32779,32778,9,21
32,5,-2,32738,32778,32779,26,30
32,3,0,32761,32778,32779,26,30
32,3,0,32756,32778,32779,48,49
32,3,0,32766,32778,32779,96,98
32,3,0,32767,32778,32779,0,1
32,3,0,32766,32778,32779,0,2
32,3,0,32758,32778,32779,26,25
32,3,0,32760,32778,32779,26,38
32,3,0,32768,32778,32779,26,50
32,3,0,32760,32778,32779,26,62
32,3,0,32758,32778,32779,26,74
32,3,0,32758,32778,32779,26,98
32,3,0,32758,32778,32779,14,13
32,3,0,32757,32778,32779,14,15
32,3,0,32757,32778,32779,14,16
32,3,0,32756,32778,32779,14,17
32,3,0,32756,32778,32779,14,18
32,3,0,32758,32778,32779,14,2
32,3,0,32766,32778,32779,84,98
32,3,0,32766,32778,32779,12,2
32,3,0,32759,32778,32779,60,49
32,3,0,32759,32778,32779,36,49
32,3,0,32759,32778,32779,72,50
32,3,0,32757,32778,32779,72,98
32,3,0,32757,32778,32779,24,2
32,3,0,32759,32778,32779,24,50
32,3,0,32759,32778,32779,99,100
32,3,0,32759,32778,32779,75,76
32,3,0,32759,32778,32779,51,52
32,3,0,32759,32778,32779,27,28
32,3,0,32759,32778,32779,3,4
32,1,2,32768,32778,32779,86,98
16,2,1,32758,32779,32778,91,55
32,3,0,32768,32778,32779,84,74
32,3,0,32767,32778,32779,96,97
32,3,0,32852,32778,32779,14,21
16,4,-1,32735,32779,32778,9,21
32,5,-2,32738,32778,32779,98,102
32,3,0,32761,32778,32779,98,102
32,3,0,32756,32778,32779,48,49
32,3,0,32767,32778,32779,0,1
32,3,0,32766,32778,32779,0,2
32,3,0,32757,32778,32779,98,97
32,3,0,32758,32778,32779,98,74
32,3,0,32760,32778,32779,98,62
32,3,0,32768,32778,32779,98,50
32,3,0,32760,32778,32779,98,38
32,3,0,32758,32778,32779,98,26
32,3,0,32758,32778,32779,14,13
32,3,0,32757,32778,32779,14,15
32,3,0,32757,32778,32779,14,16
32,3,0,32756,32778,32779,14,17
32,3,0,32756,32778,32779,14,18
32,3,0,32758,32778,32779,14,2
32,3,0,32758,32778,32779,14,26
32,3,0,32760,32778,32779,14,38
32,3,0,32768,32778,32779,14,50
32,3,0,32760,32778,32779,14,62
32,3,0,32758,32778,32779,14,74
32,3,0,32758,32778,32779,14,86
32,3,0,32766,32778,32779,12,2
32,3,0,32768,32778,32779,12,26
32,3,0,32759,32778,32779,60,49
32,3,0,32759,32778,32779,36,49
32,3,0,32759,32778,32779,72,50
32,3,0,32757,32778,32779,24,2
32,3,0,32759,32778,32779,24,50
32,3,0,32759,32778,32779,99,100
32,3,0,32759,32778,32779,75,76
32,3,0,32759,32778,32779,51,52
32,3,0,32759,32778,32779,27,28
32,3,0,32759,32778,32779,3,4
32,1,2,32768,32778,32779,14,13
16,2,1,32758,32779,32778,91,55
32,3,0,32768,32778,32779,84,74
32,3,0,32767,32778,32779,96,97
32,3,0,32852,32778,32779,13,21
16,4,-1,32735,32779,32778,9,21
32,3,0,32756,32778,32779,48,49
32,3,0,32766,32778,32779,96,98
32,3,0,32767,32778,32779,0,1
32,3,0,32766,32778,32779,0,2
32,3,0,32758,32778,32779,86,85
32,3,0,32757,32778,32779,86,87
32,3,0,32757,32778,32779,86,88
32,3,0,32756,32778,32779,86,89
32,3,0,32756,32778,32779,86,90
32,3,0,32756,32778,32779,86,91
32,3,0,32756,32778,32779,86,92
32,3,0,32758,32778,32779,86,74
32,3,0,32760,32778,32779,86,62
32,3,0,32768,32778,32779,86,50
32,3,0,32760,32778,32779,86,38
32,3,0,32758,32778,32779,86,26
32,3,0,32758,32778,32779,86,14
32,3,0,32758,32778,32779,86,2
32,3,0,32758,32778,32779,86,98
32,3,0,32757,32778,32779,13,15
32,3,0,32757,32778,32779,13,16
32,3,0,32756,32778,32779,13,17
32,3,0,32756,32778,32779,13,18
32,3,0,32757,32778,32779,13,1
32,3,0,32758,32778,32779,13,25
32,3,0,32758,32778,32779,13,37
32,3,0,32757,32778,32779,13,49
32,3,0,32758,32778,32779,13,61
32,3,0,32758,32778,32779,13,73
32,3,0,32758,32778,32779,13,85
32,3,0,32757,32778,32779,13,97
32,3,0,32766,32778,32779,84,98
32,3,0,32759,32778,32779,60,49
32,3,0,32759,32778,32779,36,49
32,3,0,32759,32778,32779,72,50
32,3,0,32757,32778,32779,72,98
32,3,0,32759,32778,32779,24,50
32,3,0,32759,32778,32779,99,100
32,3,0,32759,32778,32779,75,76
32,3,0,32759,32778,32779,51,52
32,3,0,32759,32778,32779,27,28
32,3,0,32759,32778,32779,3,4
32,1,2,32767,32778,32779,14,15
16,2,1,32757,32779,32778,91,55
32,3,0,32767,32778,32779,84,74
32,3,0,32766,32778,32779,96,97
32,3,0,32852,32778,32779,15,21
16,4,-1,32735,32779,32778,9,21
32,3,0,32755,32778,32779,48,49
32,3,0,32765,32778,32779,96,98
32,3,0,32766,32778,32779,0,1
32,3,0,32765,32778,32779,0,2
32,3,0,32757,32778,32779,86,85
32,3,0,32756,32778,32779,86,87
32,3,0,32756,32778,32779,86,88
32,3,0,32755,32778,32779,86,89
32,3,0,32755,32778,32779,86,90
32,3,0,32755,32778,32779,86,91
32,3,0,32755,32778,32779,86,92
32,3,0,32757,32778,32779,86,74
32,3,0,32759,32778,32779,86,62
32,3,0,32767,32778,32779,86,50
32,3,0,32759,32778,32779,86,38
32,3,0,32757,32778,32779,86,26
32,3,0,32757,32778,32779,86,14
32,3,0,32757,32778,32779,86,2
32,3,0,32757,32778,32779,86,98
32,3,0,32758,32778,32779,15,13
32,3,0,32757,32778,32779,15,16
32,3,0,32756,32778,32779,15,17
32,3,0,32756,32778,32779,15,18
32,3,0,32765,32778,32779,84,98
32,3,0,32765,32778,32779,12,2
32,3,0,32767,32778,32779,12,26
32,3,0,32758,32778,32779,60,49
32,3,0,32758,32778,32779,36,49
32,3,0,32758,32778,32779,72,50
32,3,0,32756,32778,32779,72,98
32,3,0,32756,32778,32779,24,2
32,3,0,32758,32778,32779,24,50
32,3,0,32758,32778,32779,99,100
32,3,0,32758,32778,32779,75,76
32,3,0,32758,32778,32779,51,52
32,3,0,32758,32778,32779,27,28
32,3,0,32758,32778,32779,3,4
32,1,2,32767,32778,32779,14,16
16,2,1,32757,32779,32778,91,55
32,3,0,32767,32778,32779,84,74
32,3,0,32766,32778,32779,96,97
32,3,0,32852,32778,32779,16,21
16,4,-1,32735,32779,32778,9,21
32,3,0,32755,32778,32779,48,49
32,3,0,32765,32778,32779,96,98
32,3,0,32766,32778,32779,0,1
32,3,0,32765,32778,32779,0,2
32,3,0,32757,32778,32779,86,85
32,3,0,32756,32778,32779,86,87
32,3,0,32756,32778,32779,86,88
32,3,0,32755,32778,32779,86,89
32,3,0,32755,32778,32779,86,90
32,3,0,32755,32778,32779,86,91
32,3,0,32755,32778,32779,86,92
32,3,0,32757,32778,32779,86,74
32,3,0,32759,32778,32779,86,62
32,3,0,32767,32778,32779,86,50
32,3,0,32759,32778,32779,86,38
32,3,0,32757,32778,32779,86,26
32,3,0,32757,32778,32779,86,14
32,3,0,32757,32778,32779,86,2
32,3,0,32757,32778,32779,86,98
32,3,0,32757,32778,32779,16,15
32,3,0,32758,32778,32779,16,13
32,3,0,32756,32778,32779,16,17
32,3,0,32756,32778,32779,16,18
32,3,0,32757,32778,32779,16,4
32,3,0,32757,32778,32779,16,28
32,3,0,32759,32778,32779,16,40
32,3,0,32760,32778,32779,16,52
32,3,0,32759,32778,32779,16,64
32,3,0,32757,32778,32779,16,76
32,3,0,32757,32778,32779,16,88
32,3,0,32757,32778,32779,16,100
32,3,0,32765,32778,32779,84,98
32,3,0,32765,32778,32779,12,2
32,3,0,32767,32778,32779,12,26
32,3,0,32758,32778,32779,60,49
32,3,0,32758,32778,32779,36,49
32,3,0,32758,32778,32779,72,50
32,3,0,32756,32778,32779,72,98
32,3,0,32756,32778,32779,24,2
32,3,0,32758,32778,32779,24,50
32,3,0,32758,32778,32779,99,100
32,3,0,32758,32778,32779,75,76
32,3,0,32758,32778,32779,51,52
32,3,0,32758,32778,32779,27,28
32,3,0,32758,32778,32779,3,4
32,1,2,32766,32778,32779,14,17
16,2,1,32756,32779,32778,91,55
32,3,0,32766,32778,32779,84,74
32,3,0,32765,32778,32779,96,97
32,3,0,32852,32778,32779,17,21
16,4,-1,32735,32779,32778,9,21
32,3,0,32754,32778,32779,48,49
32,3,0,32764,32778,32779,96,98
32,3,0,32765,32778,32779,0,1
32,3,0,32764,32778,32779,0,2
32,3,0,32756,32778,32779,86,85
32,3,0,32755,32778,32779,86,87
32,3,0,32755,32778,32779,86,88
32,3,0,32754,32778,32779,86,89
32,3,0,32754,32778,32779,86,90
32,3,0,32754,32778,32779,86,91
32,3,0,32754,32778,32779,86,92
32,3,0,32756,32778,32779,86,74
32,3,0,32758,32778,32779,86,62
32,3,0,32766,32778,32779,86,50
32,3,0,32758,32778,32779,86,38
32,3,0,32756,32778,32779,86,26
32,3,0,32756,32778,32779,86,14
32,3,0,32756,32778,32779,86,2
32,3,0,32756,32778,32779,86,98
32,3,0,32757,32778,32779,17,16
32,3,0,32757,32778,32779,17,15
32,3,0,32758,32778,32779,17,13
32,3,0,32756,32778,32779,17,18
32,3,0,32756,32778,32779,17,5
32,3,0,32756,32778,32779,17,29
32,3,0,32758,32778,32779,17,41
32,3,0,32759,32778,32779,17,53
32,3,0,32758,32778,32779,17,65
32,3,0,32756,32778,32779,17,77
32,3,0,32756,32778,32779,17,89
32,3,0,32756,32778,32779,17,101
32,3,0,32764,32778,32779,84,98
32,3,0,32764,32778,32779,12,2
32,3,0,32766,32778,32779,12,26
32,3,0,32757,32778,32779,60,49
32,3,0,32757,32778,32779,36,49
32,3,0,32757,32778,32779,72,50
32,3,0,32755,32778,32779,72,98
32,3,0,32755,32778,32779,24,2
32,3,0,32757,32778,32779,24,50
32,3,0,32757,32778,32779,99,100
32,3,0,32757,32778,32779,75,76
32,3,0,32757,32778,32779,51,52
32,3,0,32757,32778,32779,27,28
32,3,0,32757,32778,32779,3,4
32,1,2,32766,32778,32779,14,18
16,2,1,32756,32779,32778,91,55
32,3,0,32766,32778,32779,84,74
32,3,0,32765,32778,32779,96,97
32,3,0,32852,32778,32779,18,21
16,4,-1,32735,32779,32778,9,21
32,3,0,32765,32778,32779,18,54
16,4,0,32768,32779,32778,55,51
32,5,-1,32770,32778,32779,54,102
32,5,-1,32770,32778,32779,54,6
32,3,0,32754,32778,32779,48,49
32,3,0,32764,32778,32779,96,98
32,3,0,32765,32778,32779,0,1
32,3,0,32764,32778,32779,0,2
32,3,0,32756,32778,32779,86,85
32,3,0,32755,32778,32779,86,87
32,3,0,32755,32778,32779,86,88
32,3,0,32754,32778,32779,86,89
32,3,0,32754,32778,32779,86,90
32,3,0,32754,32778,32779,86,91
32,3,0,32754,32778,32779,86,92
32,3,0,32756,32778,32779,86,74
32,3,0,32758,32778,32779,86,62
32,3,0,32766,32778,32779,86,50
32,3,0,32758,32778,32779,86,38
32,3,0,32756,32778,32779,86,26
32,3,0,32756,32778,32779,86,14
32,3,0,32756,32778,32779,86,2
32,3,0,32756,32778,32779,86,98
32,3,0,32756,32778,32779,18,17
32,3,0,32757,32778,32779,18,16
32,3,0,32757,32778,32779,18,15
32,3,0,32758,32778,32779,18,13
32,3,0,32764,32778,32779,84,98
32,3,0,32764,32778,32779,12,2
32,3,0,32766,32778,32779,12,26
32,3,0,32757,32778,32779,60,49
32,3,0,32757,32778,32779,36,49
32,3,0,32757,32778,32779,72,50
32,3,0,32755,32778,32779,72,98
32,3,0,32755,32778,32779,24,2
32,3,0,32757,32778,32779,24,50
32,3,0,32757,32778,32779,99,100
32,3,0,32757,32778,32779,75,76
32,3,0,32757,32778,32779,51,52
32,3,0,32757,32778,32779,27,28
32,3,0,32757,32778,32779,3,4
32,1,2,32862,32778,32779,14,21
16,2,1,32745,32779,32778,9,21
32,3,0,32755,32778,32779,84,74
32,3,0,32754,32778,32779,96,97
32,3,0,32839,32778,32779,86,93
16,4,-1,32722,32779,32778,105,93
32,3,0,32743,32778,32779,48,49
32,3,0,32753,32778,32779,96,98
32,3,0,32754,32778,32779,0,1
32,3,0,32753,32778,32779,0,2
32,3,0,32745,32778,32779,86,85
32,3,0,32744,32778,32779,86,87
32,3,0,32744,32778,32779,86,88
32,3,0,32743,32778,32779,86,89
32,3,0,32743,32778,32779,86,90
32,3,0,32745,32778,32779,86,74
32,3,0,32747,32778,32779,86,62
32,3,0,32755,32778,32779,86,50
32,3,0,32747,32778,32779,86,38
32,3,0,32745,32778,32779,86,26
32,3,0,32745,32778,32779,86,14
32,3,0,32745,32778,32779,86,2
32,3,0,32745,32778,32779,86,98
32,3,0,32753,32778,32779,84,98
32,3,0,32753,32778,32779,12,2
32,3,0,32755,32778,32779,12,26
32,3,0,32746,32778,32779,60,49
32,3,0,32746,32778,32779,36,49
32,3,0,32746,32778,32779,72,50
32,3,0,32744,32778,32779,72,98
32,3,0,32744,32778,32779,24,2
32,3,0,32746,32778,32779,24,50
32,3,0,32746,32778,32779,99,100
32,3,0,32746,32778,32779,75,76
32,3,0,32746,32778,32779,51,52
32,3,0,32746,32778,32779,27,28
32,3,0,32746,32778,32779,3,4
32,1,2,32768,32778,32779,14,2
16,2,1,32758,32779,32778,91,55
32,3,0,32768,32778,32779,84,74
32,3,0,32767,32778,32779,96,97
32,3,0,32761,32778,32779,2,6
32,3,0,32756,32778,32779,48,49
32,3,0,32766,32778,32779,96,98
32,3,0,32767,32778,32779,0,1
32,3,0,32758,32778,32779,86,85
32,3,0,32757,32778,32779,86,87
32,3,0,32757,32778,32779,86,88
32,3,0,32756,32778,32779,86,89
32,3,0,32756,32778,32779,86,90
32,3,0,32756,32778,32779,86,91
32,3,0,32756,32778,32779,86,92
32,3,0,32758,32778,32779,86,74
32,3,0,32760,32778,32779,86,62
32,3,0,32768,32778,32779,86,50
32,3,0,32760,32778,32779,86,38
32,3,0,32758,32778,32779,86,26
32,3,0,32758,32778,32779,86,14
32,3,0,32758,32778,32779,86,98
32,3,0,32757,32778,32779,2,1
32,3,0,32758,32778,32779,2,26
32,3,0,32760,32778,32779,2,38
32,3,0,32768,32778,32779,2,50
32,3,0,32760,32778,32779,2,62
32,3,0,32758,32778,32779,2,74
32,3,0,32766,32778,32779,84,98
32,3,0,32768,32778,32779,12,26
32,3,0,32759,32778,32779,60,49
32,3,0,32759,32778,32779,36,49
32,3,0,32759,32778,32779,72,50
32,3,0,32757,32778,32779,72,98
32,3,0,32759,32778,32779,24,50
32,3,0,32759,32778,32779,99,100
32,3,0,32759,32778,32779,75,76
32,3,0,32759,32778,32779,51,52
32,3,0,32759,32778,32779,27,28
32,3,0,32759,32778,32779,3,4
32,1,2,32768,32778,32779,14,26
16,2,1,32758,32779,32778,91,55
32,3,0,32768,32778,32779,84,74
32,3,0,32767,32778,32779,96,97
32,3,0,32761,32778,32779,26,30
32,3,0,32756,32778,32779,48,49
32,3,0,32766,32778,32779,96,98
32,3,0,32767,32778,32779,0,1
32,3,0,32766,32778,32779,0,2
32,3,0,32758,32778,32779,86,85
32,3,0,32757,32778,32779,86,87
32,3,0,32757,32778,32779,86,88
32,3,0,32756,32778,32779,86,89
32,3,0,32756,32778,32779,86,90
32,3,0,32756,32778,32779,86,91
32,3,0,32756,32778,32779,86,92
32,3,0,32758,32778,32779,86,74
32,3,0,32760,32778,32779,86,62
32,3,0,32768,32778,32779,86,50
32,3,0,32760,32778,32779,86,38
32,3,0,32758,32778,32779,86,98
32,3,0,32758,32778,32779,26,25
32,3,0,32758,32778,32779,26,2
32,3,0,32760,32778,32779,26,38
32,3,0,32768,32778,32779,26,50
32,3,0,32760,32778,32779,26,62
32,3,0,32758,32778,32779,26,74
32,3,0,32766,32778,32779,84,98
32,3,0,32766,32778,32779,12,2
32,3,0,32759,32778,32779,60,49
32,3,0,32759,32778,32779,36,49
32,3,0,32759,32778,32779,72,50
32,3,0,32757,32778,32779,72,98
32,3,0,32757,32778,32779,24,2
32,3,0,32759,32778,32779,24,50
32,3,0,32759,32778,32779,99,100
32,3,0,32759,32778,32779,75,76
32,3,0,32759,32778,32779,51,52
32,3,0,32759,32778,32779,27,28
32,3,0,32759,32778,32779,3,4
32,1,2,32770,32778,32779,14,38
16,2,1,32760,32779,32778,91,55
32,3,0,32770,32778,32779,84,74
32,3,0,32769,32778,32779,96,97
32,3,0,32758,32778,32779,48,49
32,3,0,32768,32778,32779,96,98
32,3,0,32769,32778,32779,0,1
32,3,0,32768,32778,32779,0,2
32,3,0,32760,32778,32779,86,85
32,3,0,32759,32778,32779,86,87
32,3,0,32759,32778,32779,86,88
32,3,0,32758,32778,32779,86,89
32,3,0,32758,32778,32779,86,90
32,3,0,32758,32778,32779,86,91
32,3,0,32758,32778,32779,86,92
32,3,0,32760,32778,32779,86,74
32,3,0,32762,32778,32779,86,62
32,3,0,32770,32778,32779,86,50
32,3,0,32760,32778,32779,86,98
32,3,0,32758,32778,32779,38,37
32,3,0,32759,32778,32779,38,39
32,3,0,32759,32778,32779,38,40
32,3,0,32758,32778,32779,38,41
32,3,0,32757,32778,32779,38,42
32,3,0,32756,32778,32779,38,43
32,3,0,32755,32778,32779,38,44
32,3,0,32758,32778,32779,38,26
32,3,0,32758,32778,32779,38,2
32,3,0,32768,32778,32779,38,50
32,3,0,32760,32778,32779,38,62
32,3,0,32758,32778,32779,38,74
32,3,0,32768,32778,32779,84,98
32,3,0,32768,32778,32779,12,2
32,3,0,32770,32778,32779,12,26
32,3,0,32761,32778,32779,60,49
32,3,0,32761,32778,32779,36,49
32,3,0,32761,32778,32779,72,50
32,3,0,32759,32778,32779,72,98
32,3,0,32759,32778,32779,24,2
32,3,0,32761,32778,32779,24,50
32,3,0,32761,32778,32779,99,100
32,3,0,32761,32778,32779,75,76
32,3,0,32761,32778,32779,51,52
32,3,0,32761,32778,32779,27,28
32,3,0,32761,32778,32779,3,4
32,1,2,32778,32778,32779,14,50
16,2,1,32768,32779,32778,91,55
32,3,0,32778,32778,32779,84,74
32,3,0,32777,32778,32779,96,97
32,3,0,32765,32778,32779,50,54
16,4,0,32768,32779,32778,55,51
32,5,-1,32770,32778,32779,54,102
32,5,-1,32770,32778,32779,54,6
32,3,0,32766,32778,32779,48,49
32,3,0,32776,32778,32779,96,98
32,3,0,32777,32778,32779,0,1
32,3,0,32776,32778,32779,0,2
32,3,0,32768,32778,32779,86,85
32,3,0,32767,32778,32779,86,87
32,3,0,32767,32778,32779,86,88
32,3,0,32766,32778,32779,86,89
32,3,0,32766,32778,32779,86,90
32,3,0,32766,32778,32779,86,91
32,3,0,32766,32778,32779,86,92
32,3,0,32768,32778,32779,86,74
32,3,0,32770,32778,32779,86,62
32,3,0,32768,32778,32779,86,98
32,3,0,32757,32778,32779,50,49
32,3,0,32760,32778,32779,50,38
32,3,0,32758,32778,32779,50,26
32,3,0,32758,32778,32779,50,2
32,3,0,32760,32778,32779,50,62
32,3,0,32758,32778,32779,50,74
32,3,0,32776,32778,32779,84,98
32,3,0,32776,32778,32779,12,2
32,3,0,32778,32778,32779,12,26
32,3,0,32769,32778,32779,60,49
32,3,0,32769,32778,32779,36,49
32,3,0,32767,32778,32779,72,98
32,3,0,32767,32778,32779,24,2
32,3,0,32769,32778,32779,99,100
32,3,0,32769,32778,32779,75,76
32,3,0,32769,32778,32779,51,52
32,3,0,32769,32778,32779,27,28
32,3,0,32769,32778,32779,3,4
32,1,2,32770,32778,32779,14,62
16,2,1,32760,32779,32778,91,55
32,3,0,32770,32778,32779,84,74
32,3,0,32769,32778,32779,96,97
32,3,0,32758,32778,32779,48,49
32,3,0,32768,32778,32779,96,98
32,3,0,32769,32778,32779,0,1
32,3,0,32768,32778,32779,0,2
32,3,0,32760,32778,32779,86,85
32,3,0,32759,32778,32779,86,87
32,3,0,32759,32778,32779,86,88
32,3,0,32758,32778,32779,86,89
32,3,0,32758,32778,32779,86,90
32,3,0,32758,32778,32779,86,91
32,3,0,32758,32778,32779,86,92
32,3,0,32760,32778,32779,86,74
32,3,0,32760,32778,32779,86,98
32,3,0,32758,32778,32779,62,61
32,3,0,32759,32778,32779,62,63
32,3,0,32759,32778,32779,62,64
32,3,0,32758,32778,32779,62,65
32,3,0,32757,32778,32779,62,66
32,3,0,32756,32778,32779,62,67
32,3,0,32755,32778,32779,62,68
32,3,0,32768,32778,32779,62,50
32,3,0,32760,32778,32779,62,38
32,3,0,32758,32778,32779,62,26
32,3,0,32758,32778,32779,62,2
32,3,0,32758,32778,32779,62,74
32,3,0,32768,32778,32779,84,98
32,3,0,32768,32778,32779,12,2
32,3,0,32770,32778,32779,12,26
32,3,0,32761,32778,32779,60,49
32,3,0,32761,32778,32779,36,49
32,3,0,32761,32778,32779,72,50
32,3,0,32759,32778,32779,72,98
32,3,0,32759,32778,32779,24,2
32,3,0,32761,32778,32779,24,50
32,3,0,32761,32778,32779,99,100
32,3,0,32761,32778,32779,75,76
32,3,0,32761,32778,32779,51,52
32,3,0,32761,32778,32779,27,28
32,3,0,32761,32778,32779,3,4
32,1,2,32768,32778,32779,14,74
16,2,1,32758,32779,32778,91,55
32,3,0,32767,32778,32779,96,97
32,3,0,32761,32778,32779,74,78
32,3,0,32756,32778,32779,48,49
32,3,0,32766,32778,32779,96,98
32,3,0,32767,32778,32779,0,1
32,3,0,32766,32778,32779,0,2
32,3,0,32758,32778,32779,86,85
32,3,0,32757,32778,32779,86,87
32,3,0,32757,32778,32779,86,88
32,3,0,32756,32778,32779,86,89
32,3,0,32756,32778,32779,86,90
32,3,0,32756,32778,32779,86,91
32,3,0,32756,32778,32779,86,92
32,3,0,32758,32778,32779,86,98
32,3,0,32758,32778,32779,74,73
32,3,0,32760,32778,32779,74,62
32,3,0,32768,32778,32779,74,50
32,3,0,32760,32778,32779,74,38
32,3,0,32758,32778,32779,74,26
32,3,0,32758,32778,32779,74,2
32,3,0,32766,32778,32779,84,98
32,3,0,32766,32778,32779,12,2
32,3,0,32768,32778,32779,12,26
32,3,0,32759,32778,32779,60,49
32,3,0,32759,32778,32779,36,49
32,3,0,32759,32778,32779,72,50
32,3,0,32757,32778,32779,72,98
32,3,0,32757,32778,32779,24,2
32,3,0,32759,32778,32779,24,50
32,3,0,32759,32778,32779,99,100
32,3,0,32759,32778,32779,75,76
32,3,0,32759,32778,32779,51,52
32,3,0,32759,32778,32779,27,28
32,3,0,32759,32778,32779,3,4
32,1,2,32778,32778,32779,84,74
16,2,1,32768,32779,32778,91,55
32,3,0,32777,32778,32779,96,97
32,3,0,32862,32778,32779,14,21
16,4,-1,32745,32779,32778,9,21
32,3,0,32766,32778,32779,48,49
32,3,0,32776,32778,32779,96,98
32,3,0,32778,32778,32779,96,84
32,3,0,32777,32778,32779,0,1
32,3,0,32776,32778,32779,0,2
32,3,0,32768,32778,32779,86,85
32,3,0,32767,32778,32779,86,84
32,3,0,32767,32778,32779,86,87
32,3,0,32767,32778,32779,86,88
32,3,0,32766,32778,32779,86,89
32,3,0,32766,32778,32779,86,90
32,3,0,32766,32778,32779,86,91
32,3,0,32766,32778,32779,86,92
32,3,0,32768,32778,32779,86,98
32,3,0,32768,32778,32779,14,13
32,3,0,32767,32778,32779,14,15
32,3,0,32767,32778,32779,14,16
32,3,0,32766,32778,32779,14,17
32,3,0,32766,32778,32779,14,18
32,3,0,32768,32778,32779,14,2
32,3,0,32768,32778,32779,14,26
32,3,0,32770,32778,32779,14,38
32,3,0,32778,32778,32779,14,50
32,3,0,32770,32778,32779,14,62
32,3,0,32740,32778,32779,74,49
32,3,0,32776,32778,32779,12,2
32,3,0,32778,32778,32779,12,26
32,3,0,32769,32778,32779,60,49
32,3,0,32769,32778,32779,36,49
32,3,0,32769,32778,32779,72,50
32,3,0,32767,32778,32779,72,98
32,3,0,32767,32778,32779,24,2
32,3,0,32769,32778,32779,24,50
32,3,0,32769,32778,32779,99,100
32,3,0,32769,32778,32779,75,76
32,3,0,32769,32778,32779,51,52
32,3,0,32769,32778,32779,27,28
32,3,0,32769,32778,32779,3,4
32,1,2,32776,32778,32779,84,98
16,2,1,32766,32779,32778,91,55
32,3,0,32775,32778,32779,96,97
32,3,0,32860,32778,32779,14,21
16,4,-1,32743,32779,32778,9,21
32,3,0,32764,32778,32779,48,49
32,3,0,32776,32778,32779,96,84
32,3,0,32775,32778,32779,0,1
32,3,0,32774,32778,32779,0,2
32,3,0,32766,32778,32779,86,85
32,3,0,32765,32778,32779,86,84
32,3,0,32765,32778,32779,86,87
32,3,0,32765,32778,32779,86,88
32,3,0,32764,32778,32779,86,89
32,3,0,32764,32778,32779,86,90
32,3,0,32764,32778,32779,86,91
32,3,0,32764,32778,32779,86,92
32,3,0,32766,32778,32779,86,74
32,3,0,32768,32778,32779,86,62
32,3,0,32776,32778,32779,86,50
32,3,0,32768,32778,32779,86,38
32,3,0,32766,32778,32779,86,26
32,3,0,32766,32778,32779,14,13
32,3,0,32765,32778,32779,14,15
32,3,0,32765,32778,32779,14,16
32,3,0,32764,32778,32779,14,17
32,3,0,32764,32778,32779,14,18
32,3,0,32766,32778,32779,14,2
32,3,0,32766,32778,32779,14,26
32,3,0,32768,32778,32779,14,38
32,3,0,32776,32778,32779,14,50
32,3,0,32768,32778,32779,14,62
32,3,0,32766,32778,32779,14,74
32,3,0,32774,32778,32779,12,2
32,3,0,32776,32778,32779,12,26
32,3,0,32767,32778,32779,60,49
32,3,0,32767,32778,32779,36,49
32,3,0,32767,32778,32779,72,50
32,3,0,32765,32778,32779,24,2
32,3,0,32767,32778,32779,24,50
32,3,0,32767,32778,32779,99,100
32,3,0,32767,32778,32779,75,76
32,3,0,32767,32778,32779,51,52
32,3,0,32767,32778,32779,27,28
32,3,0,32767,32778,32779,3,4
32,1,2,32776,32778,32779,12,2
16,2,1,32766,32779,32778,91,55
32,3,0,32776,32778,32779,84,74
32,3,0,32775,32778,32779,96,97
32,3,0,32860,32778,32779,14,21
16,4,-1,32743,32779,32778,9,21
32,3,0,32764,32778,32779,48,49
32,3,0,32774,32778,32779,96,98
32,3,0,32775,32778,32779,0,1
32,3,0,32776,32778,32779,0,12
32,3,0,32766,32778,32779,86,85
32,3,0,32765,32778,32779,86,87
32,3,0,32765,32778,32779,86,88
32,3,0,32764,32778,32779,86,89
32,3,0,32764,32778,32779,86,90
32,3,0,32764,32778,32779,86,91
32,3,0,32764,32778,32779,86,92
32,3,0,32766,32778,32779,86,74
32,3,0,32768,32778,32779,86,62
32,3,0,32776,32778,32779,86,50
32,3,0,32768,32778,32779,86,38
32,3,0,32766,32778,32779,86,26
32,3,0,32766,32778,32779,86,98
32,3,0,32766,32778,32779,14,13
32,3,0,32765,32778,32779,14,12
32,3,0,32765,32778,32779,14,15
32,3,0,32765,32778,32779,14,16
32,3,0,32764,32778,32779,14,17
32,3,0,32764,32778,32779,14,18
32,3,0,32766,32778,32779,14,26
32,3,0,32768,32778,32779,14,38
32,3,0,32776,32778,32779,14,50
32,3,0,32768,32778,32779,14,62
32,3,0,32766,32778,32779,14,74
32,3,0,32774,32778,32779,84,98
32,3,0,32767,32778,32779,60,49
32,3,0,32767,32778,32779,36,49
32,3,0,32767,32778,32779,72,50
32,3,0,32765,32778,32779,72,98
32,3,0,32767,32778,32779,24,50
32,3,0,32767,32778,32779,99,100
32,3,0,32767,32778,32779,75,76
32,3,0,32767,32778,32779,51,52
32,3,0,32767,32778,32779,27,28
32,3,0,32767,32778,32779,3,4
32,1,2,32778,32778,32779,12,26
16,2,1,32768,32779,32778,91,55
32,3,0,32778,32778,32779,84,74
32,3,0,32777,32778,32779,96,97
32,3,0,32862,32778,32779,14,21
16,4,-1,32745,32779,32778,9,21
32,3,0,32766,32778,32779,48,49
32,3,0,32776,32778,32779,96,98
32,3,0,32777,32778,32779,0,1
32,3,0,32776,32778,32779,0,2
32,3,0,32778,32778,32779,0,12
32,3,0,32768,32778,32779,86,85
32,3,0,32767,32778,32779,86,87
32,3,0,32767,32778,32779,86,88
32,3,0,32766,32778,32779,86,89
32,3,0,32766,32778,32779,86,90
32,3,0,32766,32778,32779,86,91
32,3,0,32766,32778,32779,86,92
32,3,0,32768,32778,32779,86,74
32,3,0,32770,32778,32779,86,62
32,3,0,32778,32778,32779,86,50
32,3,0,32770,32778,32779,86,38
32,3,0,32768,32778,32779,86,98
32,3,0,32768,32778,32779,14,13
32,3,0,32767,32778,32779,14,12
32,3,0,32767,32778,32779,14,15
32,3,0,32767,32778,32779,14,16
32,3,0,32766,32778,32779,14,17
32,3,0,32766,32778,32779,14,18
32,3,0,32768,32778,32779,14,2
32,3,0,32776,32778,32779,84,98
32,3,0,32740,32778,32779,26,49
32,3,0,32769,32778,32779,60,49
32,3,0,32769,32778,32779,36,49
32,3,0,32769,32778,32779,72,50
32,3,0,32767,32778,32779,72,98
32,3,0,32767,32778,32779,24,2
32,3,0,32769,32778,32779,24,50
32,3,0,32769,32778,32779,99,100
32,3,0,32769,32778,32779,75,76
32,3,0,32769,32778,32779,51,52
32,3,0,32769,32778,32779,27,28
32,3,0,32769,32778,32779,3,4
32,1,2,32769,32778,32779,60,49
16,2,1,32759,32779,32778,91,55
32,3,0,32769,32778,32779,84,74
32,3,0,32768,32778,32779,96,97
32,3,0,32853,32778,32779,14,21
16,4,-1,32736,32779,32778,9,21
32,3,0,32758,32778,32779,48,60
32,3,0,32767,32778,32779,96,98
32,3,0,32768,32778,32779,0,1
32,3,0,32767,32778,32779,0,2
32,3,0,32759,32778,32779,86,85
32,3,0,32758,32778,32779,86,87
32,3,0,32758,32778,32779,86,88
32,3,0,32757,32778,32779,86,89
32,3,0,32757,32778,32779,86,90
32,3,0,32757,32778,32779,86,91
32,3,0,32757,32778,32779,86,92
32,3,0,32759,32778,32779,86,74
32,3,0,32761,32778,32779,86,62
32,3,0,32769,32778,32779,86,50
32,3,0,32761,32778,32779,86,38
32,3,0,32759,32778,32779,86,26
32,3,0,32759,32778,32779,86,98
32,3,0,32759,32778,32779,14,13
32,3,0,32758,32778,32779,14,15
32,3,0,32758,32778,32779,14,16
32,3,0,32757,32778,32779,14,17
32,3,0,32757,32778,32779,14,18
32,3,0,32759,32778,32779,14,2
32,3,0,32759,32778,32779,14,26
32,3,0,32761,32778,32779,14,38
32,3,0,32769,32778,32779,14,50
32,3,0,32761,32778,32779,14,62
32,3,0,32759,32778,32779,14,74
32,3,0,32767,32778,32779,84,98
32,3,0,32767,32778,32779,12,2
32,3,0,32769,32778,32779,12,26
32,3,0,32758,32778,32779,49,38
32,3,0,32758,32778,32779,49,62
32,3,0,32760,32778,32779,72,50
32,3,0,32758,32778,32779,72,98
32,3,0,32758,32778,32779,24,2
32,3,0,32760,32778,32779,24,50
32,3,0,32760,32778,32779,99,100
32,3,0,32760,32778,32779,75,76
32,3,0,32760,32778,32779,51,52
32,3,0,32760,32778,32779,27,28
32,3,0,32760,32778,32779,3,4
32,1,2,32769,32778,32779,36,49
16,2,1,32759,32779,32778,91,55
32,3,0,32769,32778,32779,84,74
32,3,0,32768,32778,32779,96,97
32,3,0,32853,32778,32779,14,21
16,4,-1,32736,32779,32778,9,21
32,3,0,32758,32778,32779,48,36
32,3,0,32767,32778,32779,96,98
32,3,0,32768,32778,32779,0,1
32,3,0,32767,32778,32779,0,2
32,3,0,32759,32778,32779,86,85
32,3,0,32758,32778,32779,86,87
32,3,0,32758,32778,32779,86,88
32,3,0,32757,32778,32779,86,89
32,3,0,32757,32778,32779,86,90
32,3,0,32757,32778,32779,86,91
32,3,0,32757,32778,32779,86,92
32,3,0,32759,32778,32779,86,74
32,3,0,32761,32778,32779,86,62
32,3,0,32769,32778,32779,86,50
32,3,0,32761,32778,32779,86,38
32,3,0,32759,32778,32779,86,26
32,3,0,32759,32778,32779,86,98
32,3,0,32759,32778,32779,14,13
32,3,0,32758,32778,32779,14,15
32,3,0,32758,32778,32779,14,16
32,3,0,32757,32778,32779,14,17
32,3,0,32757,32778,32779,14,18
32,3,0,32759,32778,32779,14,2
32,3,0,32759,32778,32779,14,26
32,3,0,32761,32778,32779,14,38
32,3,0,32769,32778,32779,14,50
32,3,0,32761,32778,32779,14,62
32,3,0,32759,32778,32779,14,74
32,3,0,32767,32778,32779,84,98
32,3,0,32767,32778,32779,12,2
32,3,0,32769,32778,32779,12,26
32,3,0,32758,32778,32779,49,38
32,3,0,32758,32778,32779,49,62
32,3,0,32760,32778,32779,72,50
32,3,0,32758,32778,32779,72,98
32,3,0,32758,32778,32779,24,2
32,3,0,32760,32778,32779,24,50
32,3,0,32760,32778,32779,99,100
32,3,0,32760,32778,32779,75,76
32,3,0,32760,32778,32779,51,52
32,3,0,32760,32778,32779,27,28
32,3,0,32760,32778,32779,3,4
32,1,2,32769,32778,32779,72,50
16,2,1,32759,32779,32778,91,55
32,3,0,32769,32778,32779,84,74
32,3,0,32768,32778,32779,96,97
32,3,0,32853,32778,32779,14,21
16,4,-1,32736,32779,32778,9,21
32,3,0,32757,32778,32779,48,49
32,3,0,32767,32778,32779,96,98
32,3,0,32768,32778,32779,0,1
32,3,0,32767,32778,32779,0,2
32,3,0,32759,32778,32779,86,85
32,3,0,32758,32778,32779,86,87
32,3,0,32758,32778,32779,86,88
32,3,0,32757,32778,32779,86,89
32,3,0,32757,32778,32779,86,90
32,3,0,32757,32778,32779,86,91
32,3,0,32757,32778,32779,86,92
32,3,0,32759,32778,32779,86,74
32,3,0,32761,32778,32779,86,62
32,3,0,32759,32778,32779,86,98
32,3,0,32759,32778,32779,14,13
32,3,0,32758,32778,32779,14,15
32,3,0,32758,32778,32779,14,16
32,3,0,32757,32778,32779,14,17
32,3,0,32757,32778,32779,14,18
32,3,0,32759,32778,32779,14,2
32,3,0,32759,32778,32779,14,26
32,3,0,32761,32778,32779,14,38
32,3,0,32767,32778,32779,84,98
32,3,0,32768,32778,32779,84,61
32,3,0,32767,32778,32779,12,2
32,3,0,32769,32778,32779,12,26
32,3,0,32760,32778,32779,60,49
32,3,0,32760,32778,32779,36,49
32,3,0,32758,32778,32779,50,28
32,3,0,32758,32778,32779,50,76
32,3,0,32758,32778,32779,24,2
32,3,0,32760,32778,32779,99,100
32,3,0,32760,32778,32779,75,76
32,3,0,32760,32778,32779,51,52
32,3,0,32760,32778,32779,27,28
32,3,0,32760,32778,32779,3,4
32,1,2,32767,32778,32779,72,98
16,2,1,32757,32779,32778,91,55
32,3,0,32767,32778,32779,84,74
32,3,0,32766,32778,32779,96,97
32,3,0,32851,32778,32779,14,21
16,4,-1,32734,32779,32778,9,21
32,3,0,32755,32778,32779,48,49
32,3,0,32766,32778,32779,0,1
32,3,0,32765,32778,32779,0,2
32,3,0,32757,32778,32779,86,85
32,3,0,32756,32778,32779,86,87
32,3,0,32756,32778,32779,86,88
32,3,0,32755,32778,32779,86,89
32,3,0,32755,32778,32779,86,90
32,3,0,32755,32778,32779,86,91
32,3,0,32755,32778,32779,86,92
32,3,0,32757,32778,32779,86,74
32,3,0,32759,32778,32779,86,62
32,3,0,32767,32778,32779,86,50
32,3,0,32759,32778,32779,86,38
32,3,0,32757,32778,32779,86,26
32,3,0,32757,32778,32779,14,13
32,3,0,32756,32778,32779,14,15
32,3,0,32756,32778,32779,14,16
32,3,0,32755,32778,32779,14,17
32,3,0,32755,32778,32779,14,18
32,3,0,32757,32778,32779,14,2
32,3,0,32757,32778,32779,14,26
32,3,0,32759,32778,32779,14,38
32,3,0,32767,32778,32779,14,50
32,3,0,32759,32778,32779,14,62
32,3,0,32757,32778,32779,14,74
32,3,0,32766,32778,32779,84,61
32,3,0,32765,32778,32779,12,2
32,3,0,32767,32778,32779,12,26
32,3,0,32758,32778,32779,60,49
32,3,0,32758,32778,32779,36,49
32,3,0,32758,32778,32779,98,76
32,3,0,32756,32778,32779,24,2
32,3,0,32758,32778,32779,24,50
32,3,0,32758,32778,32779,99,100
32,3,0,32758,32778,32779,75,76
32,3,0,32758,32778,32779,51,52
32,3,0,32758,32778,32779,27,28
32,3,0,32758,32778,32779,3,4
32,1,2,32767,32778,32779,24,2
16,2,1,32757,32779,32778,91,55
32,3,0,32767,32778,32779,84,74
32,3,0,32766,32778,32779,96,97
32,3,0,32851,32778,32779,14,21
16,4,-1,32734,32779,32778,9,21
32,3,0,32755,32778,32779,48,49
32,3,0,32765,32778,32779,96,98
32,3,0,32766,32778,32779,0,1
32,3,0,32757,32778,32779,86,85
32,3,0,32756,32778,32779,86,87
32,3,0,32756,32778,32779,86,88
32,3,0,32755,32778,32779,86,89
32,3,0,32755,32778,32779,86,90
32,3,0,32755,32778,32779,86,91
32,3,0,32755,32778,32779,86,92
32,3,0,32757,32778,32779,86,74
32,3,0,32759,32778,32779,86,62
32,3,0,32767,32778,32779,86,50
32,3,0,32759,32778,32779,86,38
32,3,0,32757,32778,32779,86,26
32,3,0,32757,32778,32779,86,98
32,3,0,32757,32778,32779,14,13
32,3,0,32756,32778,32779,14,15
32,3,0,32756,32778,32779,14,16
32,3,0,32755,32778,32779,14,17
32,3,0,32755,32778,32779,14,18
32,3,0,32757,32778,32779,14,26
32,3,0,32759,32778,32779,14,38
32,3,0,32767,32778,32779,14,50
32,3,0,32759,32778,32779,14,62
32,3,0,32757,32778,32779,14,74
32,3,0,32765,32778,32779,84,98
32,3,0,32767,32778,32779,12,26
32,3,0,32766,32778,32779,12,37
32,3,0,32758,32778,32779,60,49
32,3,0,32758,32778,32779,36,49
32,3,0,32758,32778,32779,72,50
32,3,0,32756,32778,32779,72,98
32,3,0,32758,32778,32779,2,28
32,3,0,32758,32778,32779,99,100
32,3,0,32758,32778,32779,75,76
32,3,0,32758,32778,32779,51,52
32,3,0,32758,32778,32779,27,28
32,3,0,32758,32778,32779,3,4
32,1,2,32769,32778,32779,24,50
16,2,1,32759,32779,32778,91,55
32,3,0,32769,32778,32779,84,74
32,3,0,32768,32778,32779,96,97
32,3,0,32853,32778,32779,14,21
16,4,-1,32736,32779,32778,9,21
32,3,0,32757,32778,32779,48,49
32,3,0,32767,32778,32779,96,98
32,3,0,32768,32778,32779,0,1
32,3,0,32767,32778,32779,0,2
32,3,0,32759,32778,32779,86,85
32,3,0,32758,32778,32779,86,87
32,3,0,32758,32778,32779,86,88
32,3,0,32757,32778,32779,86,89
32,3,0,32757,32778,32779,86,90
32,3,0,32757,32778,32779,86,91
32,3,0,32757,32778,32779,86,92
32,3,0,32759,32778,32779,86,74
32,3,0,32761,32778,32779,86,62
32,3,0,32759,32778,32779,86,98
32,3,0,32759,32778,32779,14,13
32,3,0,32758,32778,32779,14,15
32,3,0,32758,32778,32779,14,16
32,3,0,32757,32778,32779,14,17
32,3,0,32757,32778,32779,14,18
32,3,0,32759,32778,32779,14,2
32,3,0,32759,32778,32779,14,26
32,3,0,32761,32778,32779,14,38
32,3,0,32767,32778,32779,84,98
32,3,0,32767,32778,32779,12,2
32,3,0,32769,32778,32779,12,26
32,3,0,32768,32778,32779,12,37
32,3,0,32760,32778,32779,60,49
32,3,0,32760,32778,32779,36,49
32,3,0,32758,32778,32779,72,98
32,3,0,32758,32778,32779,50,28
32,3,0,32758,32778,32779,50,76
32,3,0,32760,32778,32779,99,100
32,3,0,32760,32778,32779,75,76
32,3,0,32760,32778,32779,51,52
32,3,0,32760,32778,32779,27,28
32,3,0,32760,32778,32779,3,4
32,1,2,32769,32778,32779,99,100
16,2,1,32759,32779,32778,91,55
32,3,0,32769,32778,32779,84,74
32,3,0,32768,32778,32779,96,97
32,3,0,32853,32778,32779,14,21
16,4,-1,32736,32779,32778,9,21
32,3,0,32757,32778,32779,48,49
32,3,0,32767,32778,32779,96,98
32,3,0,32766,32778,32779,96,99
32,3,0,32768,32778,32779,0,1
32,3,0,32767,32778,32779,0,2
32,3,0,32759,32778,32779,86,85
32,3,0,32758,32778,32779,86,87
32,3,0,32758,32778,32779,86,88
32,3,0,32757,32778,32779,86,89
32,3,0,32757,32778,32779,86,90
32,3,0,32757,32778,32779,86,91
32,3,0,32757,32778,32779,86,92
32,3,0,32759,32778,32779,86,74
32,3,0,32761,32778,32779,86,62
32,3,0,32769,32778,32779,86,50
32,3,0,32761,32778,32779,86,38
32,3,0,32759,32778,32779,86,26
32,3,0,32759,32778,32779,86,98
32,3,0,32759,32778,32779,14,13
32,3,0,32758,32778,32779,14,15
32,3,0,32758,32778,32779,14,16
32,3,0,32757,32778,32779,14,17
32,3,0,32757,32778,32779,14,18
32,3,0,32759,32778,32779,14,2
32,3,0,32759,32778,32779,14,26
32,3,0,32761,32778,32779,14,38
32,3,0,32769,32778,32779,14,50
32,3,0,32761,32778,32779,14,62
32,3,0,32759,32778,32779,14,74
32,3,0,32767,32778,32779,84,98
32,3,0,32767,32778,32779,12,2
32,3,0,32769,32778,32779,12,26
32,3,0,32760,32778,32779,60,49
32,3,0,32760,32778,32779,36,49
32,3,0,32760,32778,32779,72,50
32,3,0,32758,32778,32779,72,98
32,3,0,32758,32778,32779,24,2
32,3,0,32760,32778,32779,24,50
32,3,0,32774,32778,32779,100,101
32,3,0,32760,32778,32779,75,76
32,3,0,32760,32778,32779,51,52
32,3,0,32760,32778,32779,27,28
32,3,0,32760,32778,32779,3,4
32,1,2,32769,32778,32779,75,76
16,2,1,32759,32779,32778,91,55
32,3,0,32769,32778,32779,84,74
32,3,0,32768,32778,32779,96,97
32,3,0,32853,32778,32779,14,21
16,4,-1,32736,32779,32778,9,21
32,3,0,32757,32778,32779,48,49
32,3,0,32767,32778,32779,96,98
32,3,0,32768,32778,32779,0,1
32,3,0,32767,32778,32779,0,2
32,3,0,32759,32778,32779,86,85
32,3,0,32758,32778,32779,86,87
32,3,0,32758,32778,32779,86,88
32,3,0,32757,32778,32779,86,89
32,3,0,32757,32778,32779,86,90
32,3,0,32757,32778,32779,86,91
32,3,0,32757,32778,32779,86,92
32,3,0,32759,32778,32779,86,74
32,3,0,32761,32778,32779,86,62
32,3,0,32769,32778,32779,86,50
32,3,0,32761,32778,32779,86,38
32,3,0,32759,32778,32779,86,26
32,3,0,32759,32778,32779,86,98
32,3,0,32759,32778,32779,14,13
32,3,0,32758,32778,32779,14,15
32,3,0,32758,32778,32779,14,16
32,3,0,32757,32778,32779,14,17
32,3,0,32757,32778,32779,14,18
32,3,0,32759,32778,32779,14,2
32,3,0,32759,32778,32779,14,26
32,3,0,32761,32778,32779,14,38
32,3,0,32769,32778,32779,14,50
32,3,0,32761,32778,32779,14,62
32,3,0,32759,32778,32779,14,74
32,3,0,32767,32778,32779,84,98
32,3,0,32767,32778,32779,12,2
32,3,0,32769,32778,32779,12,26
32,3,0,32760,32778,32779,60,49
32,3,0,32760,32778,32779,36,49
32,3,0,32760,32778,32779,72,50
32,3,0,32758,32778,32779,72,98
32,3,0,32758,32778,32779,24,2
32,3,0,32760,32778,32779,24,50
32,3,0,32760,32778,32779,99,100
32,3,0,32777,32778,32779,76,77
32,3,0,32760,32778,32779,51,52
32,3,0,32760,32778,32779,27,28
32,3,0,32760,32778,32779,3,4
32,1,2,32769,32778,32779,51,52
16,2,1,32759,32779,32778,91,55
32,3,0,32769,32778,32779,84,74
32,3,0,32768,32778,32779,96,97
32,3,0,32853,32778,32779,14,21
16,4,-1,32736,32779,32778,9,21
32,3,0,32757,32778,32779,48,49
32,3,0,32767,32778,32779,96,98
32,3,0,32768,32778,32779,0,1
32,3,0,32767,32778,32779,0,2
32,3,0,32759,32778,32779,86,85
32,3,0,32758,32778,32779,86,87
32,3,0,32758,32778,32779,86,88
32,3,0,32757,32778,32779,86,89
32,3,0,32757,32778,32779,86,90
32,3,0,32757,32778,32779,86,91
32,3,0,32757,32778,32779,86,92
32,3,0,32759,32778,32779,86,74
32,3,0,32761,32778,32779,86,62
32,3,0,32769,32778,32779,86,50
32,3,0,32761,32778,32779,86,38
32,3,0,32759,32778,32779,86,26
32,3,0,32759,32778,32779,86,98
32,3,0,32759,32778,32779,14,13
32,3,0,32758,32778,32779,14,15
32,3,0,32758,32778,32779,14,16
32,3,0,32757,32778,32779,14,17
32,3,0,32757,32778,32779,14,18
32,3,0,32759,32778,32779,14,2
32,3,0,32759,32778,32779,14,26
32,3,0,32761,32778,32779,14,38
32,3,0,32769,32778,32779,14,50
32,3,0,32761,32778,32779,14,62
32,3,0,32759,32778,32779,14,74
32,3,0,32767,32778,32779,84,98
32,3,0,32767,32778,32779,12,2
32,3,0,32769,32778,32779,12,26
32,3,0,32760,32778,32779,60,49
32,3,0,32760,32778,32779,36,49
32,3,0,32760,32778,32779,72,50
32,3,0,32758,32778,32779,72,98
32,3,0,32758,32778,32779,24,2
32,3,0,32760,32778,32779,24,50
32,3,0,32760,32778,32779,99,100
32,3,0,32760,32778,32779,75,76
32,3,0,32777,32778,32779,52,53
32,3,0,32760,32778,32779,27,28
32,3,0,32760,32778,32779,3,4
32,1,2,32769,32778,32779,27,28
16,2,1,32759,32779,32778,91,55
32,3,0,32769,32778,32779,84,74
32,3,0,32768,32778,32779,96,97
32,3,0,32853,32778,32779,14,21
16,4,-1,32736,32779,32778,9,21
32,3,0,32757,32778,32779,48,49
32,3,0,32767,32778,32779,96,98
32,3,0,32768,32778,32779,0,1
32,3,0,32767,32778,32779,0,2
32,3,0,32759,32778,32779,86,85
32,3,0,32758,32778,32779,86,87
32,3,0,32758,32778,32779,86,88
32,3,0,32757,32778,32779,86,89
32,3,0,32757,32778,32779,86,90
32,3,0,32757,32778,32779,86,91
32,3,0,32757,32778,32779,86,92
32,3,0,32759,32778,32779,86,74
32,3,0,32761,32778,32779,86,62
32,3,0,32769,32778,32779,86,50
32,3,0,32761,32778,32779,86,38
32,3,0,32759,32778,32779,86,26
32,3,0,32759,32778,32779,86,98
32,3,0,32759,32778,32779,14,13
32,3,0,32758,32778,32779,14,15
32,3,0,32758,32778,32779,14,16
32,3,0,32757,32778,32779,14,17
32,3,0,32757,32778,32779,14,18
32,3,0,32759,32778,32779,14,2
32,3,0,32759,32778,32779,14,26
32,3,0,32761,32778,32779,14,38
32,3,0,32769,32778,32779,14,50
32,3,0,32761,32778,32779,14,62
32,3,0,32759,32778,32779,14,74
32,3,0,32767,32778,32779,84,98
32,3,0,32767,32778,32779,12,2
32,3,0,32769,32778,32779,12,26
32,3,0,32760,32778,32779,60,49
32,3,0,32760,32778,32779,36,49
32,3,0,32760,32778,32779,72,50
32,3,0,32758,32778,32779,72,98
32,3,0,32758,32778,32779,24,2
32,3,0,32760,32778,32779,24,50
32,3,0,32760,32778,32779,99,100
32,3,0,32760,32778,32779,75,76
32,3,0,32760,32778,32779,51,52
32,3,0,32777,32778,32779,28,29
32,3,0,32760,32778,32779,3,4
32,1,2,32769,32778,32779,3,4
16,2,1,32759,32779,32778,91,55
32,3,0,32769,32778,32779,84,74
32,3,0,32768,32778,32779,96,97
32,3,0,32853,32778,32779,14,21
16,4,-1,32736,32779,32778,9,21
32,3,0,32757,32778,32779,48,49
32,3,0,32767,32778,32779,96,98
32,3,0,32768,32778,32779,0,1
32,3,0,32767,32778,32779,0,2
32,3,0,32766,32778,32779,0,3
32,3,0,32759,32778,32779,86,85
32,3,0,32758,32778,32779,86,87
32,3,0,32758,32778,32779,86,88
32,3,0,32757,32778,32779,86,89
32,3,0,32757,32778,32779,86,90
32,3,0,32757,32778,32779,86,91
32,3,0,32757,32778,32779,86,92
32,3,0,32759,32778,32779,86,74
32,3,0,32761,32778,32779,86,62
32,3,0,32769,32778,32779,86,50
32,3,0,32761,32778,32779,86,38
32,3,0,32759,32778,32779,86,26
32,3,0,32759,32778,32779,86,98
32,3,0,32759,32778,32779,14,13
32,3,0,32758,32778,32779,14,15
32,3,0,32758,32778,32779,14,16
32,3,0,32757,32778,32779,14,17
32,3,0,32757,32778,32779,14,18
32,3,0,32759,32778,32779,14,2
32,3,0,32759,32778,32779,14,26
32,3,0,32761,32778,32779,14,38
32,3,0,32769,32778,32779,14,50
32,3,0,32761,32778,32779,14,62
32,3,0,32759,32778,32779,14,74
32,3,0,32767,32778,32779,84,98
32,3,0,32767,32778,32779,12,2
32,3,0,32769,32778,32779,12,26
32,3,0,32760,32778,32779,60,49
32,3,0,32760,32778,32779,36,49
32,3,0,32760,32778,32779,72,50
32,3,0,32758,32778,32779,72,98
32,3,0,32758,32778,32779,24,2
32,3,0,32760,32778,32779,24,50
32,3,0,32760,32778,32779,99,100
32,3,0,32760,32778,32779,75,76
32,3,0,32760,32778,32779,51,52
32,3,0,32760,32778,32779,27,28
32,3,0,32774,32778,32779,4,5
32,1,3,32778,32728,61696,86,50
16,2,2,32768,61696,32728,91,55
32,3,1,32778,32728,61696,84,74
16,4,0,32684,61696,32728,19,12
32,5,-1,32801,32728,61696,0,12
16,6,-2,32804,32801,32728,55,51
32,7,-2,32920,32728,32801,74,51
32,5,-1,32801,32801,61696,0,12
32,5,-1,32681,32801,61696,50,54
16,6,-1,32684,61696,32801,55,51
32,7,-2,32800,32801,61696,74,51
32,7,-2,32800,32801,61696,74,51
32,7,-2,32801,32801,61696,0,12
32,7,-2,32686,32801,61696,54,102
32,7,-2,32686,32801,61696,54,6
16,4,0,32781,32801,32728,55,51
32,5,0,32897,32728,32801,74,51
16,6,-1,32803,32801,32728,19,12
16,4,0,32780,32801,32728,57,56
32,5,-1,32874,32780,32801,14,21
16,6,-2,32757,32801,32780,9,21
32,5,-1,32777,32780,32801,50,54
16,6,-1,32780,32801,32780,55,51
32,7,-2,32896,32780,32801,74,51
16,6,-1,32777,32801,32780,56,44
32,7,-2,32871,32780,32801,14,21
16,8,-3,32754,32801,32780,9,21
32,7,-2,32779,32780,32801,54,102
32,7,-2,32779,32780,32801,54,6
16,4,0,32769,32780,32728,105,104
32,5,-1,32863,32769,32780,14,21
16,6,-2,32746,32780,32769,9,21
32,5,-1,32766,32769,32780,50,54
16,6,-1,32769,32780,32769,55,51
32,7,-2,32885,32769,32780,74,51
16,6,-1,32768,32780,32769,104,56
32,7,-2,32991,32769,32780,54,56
16,8,-3,32887,32780,32769,57,56
16,8,-3,32884,32780,32769,69,56
16,8,-3,32884,32780,32769,45,56
16,8,-3,33001,32780,32769,55,48
32,7,-2,32991,32769,32780,54,56
16,8,-3,32887,32780,32769,57,56
16,8,-3,32884,32780,32769,69,56
16,8,-3,32884,32780,32769,45,56
16,8,-3,33001,32780,32769,55,48
32,7,-2,32862,32769,32780,14,21
16,8,-3,32745,32780,32769,9,21
32,9,-4,32968,32769,32780,54,56
16,10,-5,32864,32780,32769,57,56
16,10,-5,32861,32780,32769,69,56
16,10,-5,32861,32780,32769,45,56
16,10,-5,32978,32780,32769,55,48
32,7,-2,32770,32769,32780,54,102
16,8,-3,32780,32770,32769,55,48
32,7,-2,32770,32769,32780,54,6
16,8,-3,32655,32770,32769,9,6
16,4,0,32770,32769,32728,105,103
16,4,0,32769,32769,32728,9,8
16,4,0,32770,32769,32728,9,7
16,4,0,32789,32769,32728,55,56
16,4,0,32786,32769,32728,55,43
16,4,0,32788,32769,32728,55,31
16,4,0,32786,32769,32728,55,67
16,4,0,32788,32769,32728,55,79
16,4,0,32788,32769,32728,55,91
16,4,0,32788,32769,32728,55,103
16,4,0,32779,32769,32728,19,18
16,4,0,32779,32769,32728,19,17
16,4,0,32780,32769,32728,19,16
16,4,0,32780,32769,32728,19,15
16,4,0,32778,32769,32728,19,20
16,4,0,32778,32769,32728,19,7
16,4,0,32778,32769,32728,19,31
16,4,0,32776,32769,32728,19,43
16,4,0,32768,32769,32728,93,79
32,5,-1,32862,32768,32769,14,21
16,6,-2,32745,32769,32768,9,21
32,5,-1,32765,32768,32769,50,54
16,6,-1,32649,32769,32768,79,54
32,7,-2,32743,32768,32769,14,21
16,4,0,32770,32768,32728,93,103
16,4,0,32770,32768,32728,21,7
16,4,0,32768,32768,32728,21,31
16,4,0,32777,32768,32728,69,56
16,4,0,32777,32768,32728,45,56
16,4,0,32779,32768,32728,81,103
16,4,0,32779,32768,32728,33,7
16,4,0,32777,32768,32728,102,101
16,4,0,32777,32768,32728,78,77
16,4,0,32777,32768,32728,54,53
16,4,0,32777,32768,32728,30,29
16,4,0,32777,32768,32728,6,5
32,3,1,32777,32768,32769,96,97
16,4,0,32683,32769,32768,19,12
32,5,-1,32800,32768,32769,0,12
16,6,-2,32803,32769,32768,55,51
32,7,-2,32800,32768,32769,50,54
16,8,-3,32798,32769,32768,51,99
16,8,-3,32798,32769,32768,51,3
16,4,0,32780,32769,32768,55,51
32,5,0,32777,32768,32769,50,54
16,6,-1,32683,32769,32768,19,12
32,7,-2,32800,32768,32769,0,12
16,6,-1,32775,32769,32768,51,99
16,6,-1,32775,32769,32768,51,3
16,4,0,32779,32769,32768,57,56
16,4,0,32768,32769,32768,105,104
32,5,-1,32862,32768,32769,14,21
16,6,-2,32745,32769,32768,9,21
32,5,-1,32765,32768,32769,50,54
16,6,-1,32768,32769,32768,55,51
32,7,-2,32862,32768,32769,14,21
16,8,-3,32745,32769,32768,9,21
32,7,-2,32770,32768,32769,54,102
16,8,-3,32664,32769,32768,104,102
32,7,-2,32770,32768,32769,54,6
16,8,-3,32655,32769,32768,9,6
32,3,1,32862,32768,32769,14,21
16,4,0,32745,32769,32768,9,21
32,5,-1,32742,32768,32769,50,54
16,6,-1,32745,32769,32768,55,51
32,7,-2,32747,32768,32769,54,102
32,7,-2,32747,32768,32769,54,6
32,3,1,32765,32768,32769,50,54
16,4,1,32768,32769,32768,55,51
32,5,0,32862,32768,32769,14,21
16,6,-1,32745,32769,32768,9,21
32,7,-2,32747,32768,32769,54,102
32,7,-2,32747,32768,32769,54,6
32,5,0,32770,32768,32769,54,102
16,6,-1,32655,32769,32768,105,102
32,7,-2,32749,32768,32769,14,21
32,5,0,32770,32768,32769,54,6
16,6,-1,32655,32769,32768,9,6
32,7,-2,32749,32768,32769,14,21
32,5,0,32766,32768,32769,48,49
32,5,0,32777,32768,32769,96,97
16,6,-1,32683,32769,32768,19,12
32,7,-2,32800,32768,32769,0,12
16,6,-1,32775,32769,32768,51,99
16,6,-1,32775,32769,32768,51,3
16,4,1,32773,32769,32768,55,43
32,5,0,32782,32768,32769,96,97
16,6,-1,32688,32769,32768,19,12
32,7,-2,32805,32768,32769,0,12
16,4,1,32775,32769,32768,55,31
32,5,0,32784,32768,32769,96,97
16,6,-1,32690,32769,32768,19,12
32,7,-2,32807,32768,32769,0,12
16,6,-1,32781,32769,32768,31,27
16,4,1,32773,32769,32768,55,67
32,5,0,32782,32768,32769,96,97
16,6,-1,32688,32769,32768,19,12
32,7,-2,32805,32768,32769,0,12
16,4,1,32775,32769,32768,55,79
32,5,0,32784,32768,32769,96,97
16,6,-1,32690,32769,32768,19,12
32,7,-2,32807,32768,32769,0,12
16,6,-1,32781,32769,32768,79,75
16,4,1,32775,32769,32768,55,91
32,5,0,32784,32768,32769,96,97
16,6,-1,32690,32769,32768,19,12
32,7,-2,32807,32768,32769,0,12
16,4,1,32775,32769,32768,55,103
32,5,0,32784,32768,32769,96,97
16,6,-1,32690,32769,32768,19,12
32,7,-2,32807,32768,32769,0,12
16,6,-1,32781,32769,32768,103,99
16,4,1,32764,32769,32768,69,56
32,5,0,32798,32768,32769,54,56
16,6,-1,32694,32769,32768,57,56
32,7,-2,32788,32768,32769,14,21
16,8,-3,32671,32769,32768,9,21
32,5,0,32773,32768,32769,96,97
16,6,-1,32679,32769,32768,19,12
32,7,-2,32796,32768,32769,0,12
16,6,-1,32776,32769,32768,55,51
16,4,1,32764,32769,32768,45,56
32,5,0,32798,32768,32769,54,56
16,6,-1,32694,32769,32768,57,56
32,7,-2,32788,32768,32769,14,21
16,8,-3,32671,32769,32768,9,21
32,5,0,32773,32768,32769,96,97
16,6,-1,32679,32769,32768,19,12
32,7,-2,32796,32768,32769,0,12
16,6,-1,32776,32769,32768,55,51
32,3,1,32765,32768,61696,50,54
16,4,1,32768,61696,32768,55,51
32,5,0,32777,32768,61696,96,97
16,6,-1,32683,32777,32768,19,12
32,7,-2,32800,32768,32777,0,12
16,6,-1,32775,32777,32768,51,99
32,7,-2,32881,32775,32777,97,99
16,6,-1,32775,32777,32768,51,3
32,7,-2,32890,32775,32777,0,3
32,5,0,32862,32777,61696,14,21
16,6,-1,32745,32862,32777,9,21
32,7,-2,32747,32777,32862,54,102
32,7,-2,32747,32777,32862,54,6
32,5,0,32770,32777,61696,54,102
32,5,0,32770,32777,61696,54,6
32,5,0,32766,32777,61696,48,49
32,5,0,32776,32777,61696,96,98
32,5,0,32777,32777,61696,0,1
32,5,0,32776,32777,61696,0,2
32,5,0,32768,32777,61696,54,53
32,5,0,32769,32777,61696,54,52
32,5,0,32766,32777,61696,54,55
32,5,0,32764,32777,61696,54,56
32,5,0,32766,32777,61696,54,42
32,5,0,32766,32777,61696,54,66
32,5,0,32768,32777,61696,14,13
32,5,0,32767,32777,61696,14,15
32,5,0,32767,32777,61696,14,16
32,5,0,32766,32777,61696,14,17
32,5,0,32766,32777,61696,14,18
32,5,0,32768,32777,61696,14,2
32,5,0,32768,32777,61696,14,26
32,5,0,32770,32777,61696,14,38
32,5,0,32778,32777,61696,14,50
16,6,-1,32779,32778,32777,51,48
32,5,0,32770,32777,61696,14,62
32,5,0,32768,32777,61696,14,74
32,5,0,32768,32777,61696,14,86
32,5,0,32768,32777,61696,14,98
32,5,0,32778,32777,61696,84,74
16,6,-1,32684,32778,32777,19,12
32,7,-2,32801,32777,32778,0,12
16,6,-1,32776,32778,32777,51,99
32,7,-2,32891,32777,32778,96,99
16,6,-1,32776,32778,32777,51,3
32,7,-2,32891,32777,32778,0,3
32,5,0,32776,32778,61696,84,98
32,5,0,32776,32778,61696,12,2
32,5,0,32778,32778,61696,12,26
32,5,0,32769,32778,61696,60,49
32,5,0,32769,32778,61696,36,49
32,5,0,32769,32778,61696,72,50
32,5,0,32767,32778,61696,72,98
32,5,0,32767,32778,61696,24,2
32,5,0,32769,32778,61696,24,50
32,5,0,32769,32778,61696,99,100
32,5,0,32769,32778,61696,75,76
32,5,0,32769,32778,61696,27,28
32,5,0,32769,32778,61696,3,4
16,4,1,32773,32778,32768,55,43
32,5,0,32782,32768,32778,96,97
16,6,-1,32688,32778,32768,19,12
32,7,-2,32805,32768,32778,0,12
16,4,1,32775,32778,32768,55,31
32,5,0,32784,32768,32778,96,97
16,6,-1,32690,32778,32768,19,12
32,7,-2,32807,32768,32778,0,12
16,6,-1,32781,32778,32768,31,27
16,4,1,32773,32778,32768,55,67
32,5,0,32782,32768,32778,96,97
16,6,-1,32688,32778,32768,19,12
32,7,-2,32805,32768,32778,0,12
16,4,1,32775,32778,32768,55,79
32,5,0,32784,32768,32778,96,97
16,6,-1,32690,32778,32768,19,12
32,7,-2,32807,32768,32778,0,12
16,6,-1,32781,32778,32768,79,75
16,4,1,32775,32778,32768,55,91
32,5,0,32784,32768,32778,96,97
16,6,-1,32690,32778,32768,19,12
32,7,-2,32807,32768,32778,0,12
16,4,1,32775,32778,32768,55,103
32,5,0,32784,32768,32778,96,97
16,6,-1,32690,32778,32768,19,12
32,7,-2,32807,32768,32778,0,12
16,6,-1,32781,32778,32768,103,99
16,4,1,32764,32778,32768,69,56
32,5,0,32798,32768,32778,54,56
16,6,-1,32694,32778,32768,57,56
32,7,-2,32788,32768,32778,14,21
16,8,-3,32671,32778,32768,9,21
32,5,0,32773,32768,32778,96,97
16,6,-1,32679,32773,32768,19,12
32,7,-2,32796,32768,32773,0,12
16,6,-1,32776,32773,32768,55,51
32,5,0,32858,32773,32778,14,21
16,6,-1,32741,32778,32773,9,21
32,7,-2,32775,32773,32778,54,56
16,8,-3,32671,32775,32773,57,56
32,7,-2,32743,32773,32778,54,102
32,7,-2,32743,32773,32778,54,6
32,5,0,32798,32773,32778,54,56
16,6,-1,32694,32778,32773,57,56
32,7,-2,32788,32773,32778,14,21
16,8,-3,32671,32778,32773,9,21
32,5,0,32766,32773,32778,54,102
32,5,0,32766,32773,32778,54,6
32,5,0,32762,32773,32778,48,49
32,5,0,32772,32773,32778,96,98
32,5,0,32773,32773,32778,0,1
32,5,0,32772,32773,32778,0,2
32,5,0,32764,32773,32778,54,53
32,5,0,32765,32773,32778,54,52
32,5,0,32762,32773,32778,54,42
32,5,0,32762,32773,32778,54,66
32,5,0,32764,32773,32778,14,13
32,5,0,32763,32773,32778,14,15
32,5,0,32763,32773,32778,14,16
32,5,0,32762,32773,32778,14,17
32,5,0,32762,32773,32778,14,18
32,5,0,32764,32773,32778,14,2
32,5,0,32764,32773,32778,14,26
32,5,0,32766,32773,32778,14,38
32,5,0,32774,32773,32778,14,50
16,6,-1,32777,32774,32773,55,51
32,7,-1,32776,32773,32774,54,57
32,5,0,32766,32774,32778,14,62
32,5,0,32764,32774,32778,14,74
32,5,0,32764,32774,32778,14,86
32,5,0,32764,32774,32778,14,98
32,5,0,32774,32774,32778,84,74
32,5,0,32772,32774,32778,84,98
32,5,0,32772,32774,32778,12,2
32,5,0,32774,32774,32778,12,26
32,5,0,32765,32774,32778,60,49
32,5,0,32765,32774,32778,36,49
32,5,0,32765,32774,32778,72,50
32,5,0,32763,32774,32778,72,98
32,5,0,32763,32774,32778,24,2
32,5,0,32765,32774,32778,24,50
32,5,0,32765,32774,32778,99,100
32,5,0,32765,32774,32778,75,76
32,5,0,32765,32774,32778,51,52
32,5,0,32765,32774,32778,27,28
32,5,0,32765,32774,32778,3,4
16,4,1,32764,32774,32768,45,56
32,5,0,32798,32768,32774,54,56
16,6,-1,32694,32774,32768,57,56
32,7,-2,32788,32768,32774,14,21
16,8,-3,32671,32774,32768,9,21
32,5,0,32773,32768,32774,96,97
16,6,-1,32679,32773,32768,19,12
32,7,-2,32796,32768,32773,0,12
16,6,-1,32776,32773,32768,55,51
32,5,0,32858,32773,32774,14,21
16,6,0,32741,32774,32773,9,21
32,7,-1,32775,32773,32774,54,56
16,8,-2,32671,32774,32773,57,56
32,7,-1,32743,32773,32774,54,102
32,7,-1,32743,32773,32774,54,6
32,5,0,32798,32773,32774,54,56
16,6,-1,32694,32774,32773,57,56
32,7,-2,32788,32773,32774,14,21
16,8,-3,32671,32774,32773,9,21
32,5,0,32766,32773,32774,54,102
32,5,0,32766,32773,32774,54,6
32,5,0,32762,32773,32774,48,49
32,5,0,32772,32773,32774,96,98
32,5,0,32773,32773,32774,0,1
32,5,0,32772,32773,32774,0,2
32,5,0,32764,32773,32774,54,53
32,5,0,32765,32773,32774,54,52
32,5,0,32762,32773,32774,54,42
32,5,0,32762,32773,32774,54,66
32,5,0,32764,32773,32774,14,13
32,5,0,32763,32773,32774,14,15
32,5,0,32763,32773,32774,14,16
32,5,0,32762,32773,32774,14,17
32,5,0,32762,32773,32774,14,18
32,5,0,32764,32773,32774,14,2
32,5,0,32764,32773,32774,14,26
32,5,0,32766,32773,32774,14,38
32,5,0,32774,32773,32774,14,50
16,6,-1,32777,32774,32773,55,51
32,7,-1,32776,32773,32774,54,57
32,3,1,32766,32774,32775,48,49
16,4,0,32757,32775,32774,105,104
32,5,-1,32851,32774,32775,14,21
16,6,-2,32734,32775,32774,9,21
32,5,-1,32754,32774,32775,50,54
16,6,-1,32757,32775,32774,55,51
32,7,-2,32851,32774,32775,14,21
16,8,-3,32734,32775,32774,9,21
32,7,-2,32759,32774,32775,54,102
32,7,-2,32759,32774,32775,54,6
32,3,1,32776,32774,32775,96,98
16,4,0,32767,32775,32774,105,104
32,5,-1,32861,32774,32775,14,21
16,6,-2,32744,32775,32774,9,21
32,5,-1,32764,32774,32775,50,54
16,6,-1,32767,32775,32774,55,51
32,7,-2,32861,32774,32775,14,21
16,8,-3,32744,32775,32774,9,21
32,7,-2,32769,32774,32775,54,102
32,7,-2,32769,32774,32775,54,6
32,3,1,32777,32774,32775,0,1
16,4,0,32768,32775,32774,105,104
32,5,-1,32862,32774,32775,14,21
16,6,-2,32745,32775,32774,9,21
32,5,-1,32765,32774,32775,50,54
16,6,-1,32768,32775,32774,55,51
32,7,-2,32862,32774,32775,14,21
16,8,-3,32745,32775,32774,9,21
32,7,-2,32770,32774,32775,54,102
32,7,-2,32770,32774,32775,54,6
32,3,1,32776,32774,32775,0,2
16,4,0,32767,32775,32774,105,104
32,5,-1,32861,32774,32775,14,21
16,6,-2,32744,32775,32774,9,21
32,5,-1,32764,32774,32775,50,54
16,6,-1,32767,32775,32774,55,51
32,7,-2,32861,32774,32775,14,21
16,8,-3,32744,32775,32774,9,21
32,7,-2,32769,32774,32775,54,102
32,7,-2,32769,32774,32775,54,6
32,3,1,32757,32774,32775,50,49
16,4,0,32748,32775,32774,105,104
32,5,-1,32842,32774,32775,14,21
16,6,-2,32725,32775,32774,9,21
32,5,-1,32756,32774,32775,49,54
16,6,-1,32759,32775,32774,55,51
32,7,-2,32853,32774,32775,14,21
16,8,-3,32736,32775,32774,9,21
32,7,-2,32761,32774,32775,54,102
32,7,-2,32761,32774,32775,54,6
32,3,1,32760,32774,32775,50,38
16,4,0,32751,32775,32774,105,104
32,5,-1,32845,32774,32775,14,21
16,6,-2,32728,32775,32774,9,21
32,3,1,32758,32774,32775,50,26
16,4,0,32749,32775,32774,105,104
32,5,-1,32843,32774,32775,14,21
16,6,-2,32726,32775,32774,9,21
32,5,-1,32752,32774,32775,26,30
32,3,1,32760,32774,32775,50,62
16,4,0,32751,32775,32774,105,104
32,5,-1,32845,32774,32775,14,21
16,6,-2,32728,32775,32774,9,21
32,3,1,32758,32774,32775,50,74
16,4,0,32749,32775,32774,105,104
32,5,-1,32843,32774,32775,14,21
16,6,-2,32726,32775,32774,9,21
32,5,-1,32752,32774,32775,74,78
32,3,1,32758,32774,32775,50,98
16,4,0,32749,32775,32774,105,104
32,5,-1,32843,32774,32775,14,21
16,6,-2,32726,32775,32774,9,21
32,5,-1,32752,32774,32775,98,102
32,3,1,32768,32774,32775,14,13
16,4,0,32759,32775,32774,105,104
32,5,-1,32853,32774,32775,13,21
16,6,-2,32736,32775,32774,9,21
32,5,-1,32756,32774,32775,50,54
16,6,-1,32759,32775,32774,55,51
32,7,-2,32853,32774,32775,13,21
16,8,-3,32736,32775,32774,9,21
32,7,-2,32761,32774,32775,54,102
32,7,-2,32761,32774,32775,54,6
32,3,1,32767,32774,32775,14,15
16,4,0,32758,32775,32774,105,104
32,5,-1,32853,32774,32775,15,21
16,6,-2,32736,32775,32774,9,21
32,5,-1,32755,32774,32775,50,54
16,6,-1,32758,32775,32774,55,51
32,7,-2,32871,32774,32775,15,51
16,8,-2,32873,32775,32774,104,56
16,8,-2,32861,32775,32774,19,55
16,8,-2,32870,32775,32774,69,56
16,8,-2,32870,32775,32774,45,56
16,8,-2,32870,32775,32774,81,55
16,8,-2,32870,32775,32774,33,55
16,6,-1,32757,32775,32774,104,56
32,7,-2,32980,32774,32775,54,56
16,8,-3,32876,32775,32774,57,56
16,8,-3,32873,32775,32774,69,56
16,8,-3,32873,32775,32774,45,56
16,8,-3,32990,32775,32774,55,48
32,7,-2,32980,32774,32775,54,56
16,8,-3,32876,32775,32774,57,56
16,8,-3,32873,32775,32774,69,56
16,8,-3,32873,32775,32774,45,56
16,8,-3,32990,32775,32774,55,48
32,7,-2,32852,32774,32775,15,21
16,8,-3,32735,32775,32774,9,21
32,9,-4,32958,32774,32775,54,56
16,10,-5,32854,32775,32774,57,56
16,10,-5,32851,32775,32774,69,56
16,10,-5,32851,32775,32774,45,56
16,10,-5,32968,32775,32774,55,48
32,7,-2,32759,32774,32775,54,102
32,7,-2,32759,32774,32775,54,6
32,3,1,32767,32774,32775,14,16
16,4,0,32758,32775,32774,105,104
32,5,-1,32853,32774,32775,16,21
16,6,-2,32736,32775,32774,9,21
32,5,-1,32755,32774,32775,50,54
16,6,-1,32758,32775,32774,55,51
32,7,-2,32853,32774,32775,16,21
16,8,-3,32736,32775,32774,9,21
32,7,-2,32760,32774,32775,54,102
32,7,-2,32760,32774,32775,54,6
32,3,1,32766,32774,32775,14,17
16,4,0,32757,32775,32774,105,104
32,5,-1,32853,32774,32775,17,21
16,6,-2,32736,32775,32774,9,21
32,5,-1,32754,32774,32775,50,54
16,6,-1,32757,32775,32774,55,51
32,7,-2,32853,32774,32775,17,21
16,8,-3,32736,32775,32774,9,21
32,7,-2,32759,32774,32775,54,102
32,7,-2,32759,32774,32775,54,6
32,3,1,32766,32774,32775,14,18
16,4,0,32757,32775,32774,105,104
32,5,-1,32853,32774,32775,18,21
16,6,-2,32736,32775,32774,9,21
32,5,-1,32766,32774,32775,18,54
16,6,-1,32769,32775,32774,55,51
32,7,-1,32761,32774,32775,50,38
32,7,-1,32759,32774,32775,50,26
32,7,-1,32759,32774,32775,50,14
32,7,-1,32759,32774,32775,50,2
32,7,-1,32761,32774,32775,50,62
32,7,-1,32759,32774,32775,50,74
32,7,-1,32759,32774,32775,50,86
32,7,-1,32759,32774,32775,50,98
32,7,-1,32770,32774,32775,60,49
32,7,-1,32770,32774,32775,36,49
32,5,-1,32754,32774,32775,50,54
16,6,-1,32757,32775,32774,55,51
32,7,-2,32853,32774,32775,18,21
16,8,-3,32736,32775,32774,9,21
32,7,-2,32759,32774,32775,54,102
32,3,1,32768,32774,32775,14,2
16,4,0,32759,32775,32774,105,104
32,5,-1,32756,32774,32775,50,54
16,6,-1,32759,32775,32774,55,51
32,7,-2,32761,32774,32775,54,102
32,7,-2,32762,32774,32775,2,6
32,7,-2,32761,32774,32775,54,6
32,5,-1,32762,32774,32775,2,6
32,3,1,32768,32774,32775,14,26
16,4,0,32759,32775,32774,105,104
32,5,-1,32756,32774,32775,50,54
16,6,-1,32759,32775,32774,55,51
32,7,-2,32761,32774,32775,54,102
32,7,-2,32762,32774,32775,26,30
32,7,-2,32761,32774,32775,54,6
32,5,-1,32762,32774,32775,26,30
32,3,1,32770,32774,32775,14,38
16,4,0,32761,32775,32774,105,104
32,5,-1,32758,32774,32775,50,54
16,6,-1,32761,32775,32774,55,51
32,7,-2,32763,32774,32775,54,102
32,7,-2,32763,32774,32775,54,6
32,3,1,32776,32774,32775,84,98
16,4,0,32767,32775,32774,105,104
32,5,-1,32861,32774,32775,14,21
16,6,-2,32744,32775,32774,9,21
32,5,-1,32764,32774,32775,50,54
16,6,-1,32767,32775,32774,55,51
32,7,-2,32861,32774,32775,14,21
16,8,-3,32744,32775,32774,9,21
32,7,-2,32769,32774,32775,54,102
32,7,-2,32769,32774,32775,54,6
32,3,1,32776,32774,32775,12,2
16,4,0,32767,32775,32774,105,104
32,5,-1,32861,32774,32775,14,21
16,6,-2,32744,32775,32774,9,21
32,5,-1,32764,32774,32775,50,54
16,6,-1,32767,32775,32774,55,51
32,7,-2,32861,32774,32775,14,21
16,8,-3,32744,32775,32774,9,21
32,7,-2,32769,32774,32775,54,102
32,7,-2,32769,32774,32775,54,6
32,3,1,32778,32774,32775,12,26
16,4,0,32769,32775,32774,105,104
32,5,-1,32863,32774,32775,14,21
16,6,-2,32746,32775,32774,9,21
32,5,-1,32766,32774,32775,50,54
16,6,-1,32769,32775,32774,55,51
32,7,-2,32885,32774,32775,26,51
16,6,-1,32768,32775,32774,104,56
32,7,-2,32991,32774,32775,54,56
16,8,-3,32887,32775,32774,57,56
16,8,-3,32884,32775,32774,69,56
16,8,-3,32884,32775,32774,45,56
16,8,-3,33001,32775,32774,55,48
32,7,-2,32991,32774,32775,54,56
16,8,-3,32887,32775,32774,57,56
16,8,-3,32884,32775,32774,69,56
16,8,-3,32884,32775,32774,45,56
16,8,-3,33001,32775,32774,55,48
32,7,-2,32862,32774,32775,14,21
16,8,-3,32745,32775,32774,9,21
32,9,-4,32968,32774,32775,54,56
16,10,-5,32864,32775,32774,57,56
16,10,-5,32861,32775,32774,69,56
16,10,-5,32861,32775,32774,45,56
16,10,-5,32978,32775,32774,55,48
32,7,-2,32770,32774,32775,54,102
32,7,-2,32770,32774,32775,54,6
32,3,1,32769,32774,32775,60,49
16,4,0,32760,32775,32774,105,104
32,5,-1,32854,32774,32775,14,21
16,6,-2,32737,32775,32774,9,21
32,5,-1,32757,32774,32775,50,54
16,6,-1,32760,32775,32774,55,51
32,7,-1,32759,32774,32775,48,60
32,7,-1,32770,32774,32775,14,50
32,7,-1,32759,32774,32775,49,60
32,7,-1,32759,32774,32775,49,38
32,7,-1,32759,32774,32775,49,62
32,7,-1,32761,32774,32775,72,50
32,7,-1,32761,32774,32775,24,50
32,3,1,32769,32774,32775,36,49
16,4,0,32760,32775,32774,105,104
32,5,-1,32854,32774,32775,14,21
16,6,-2,32737,32775,32774,9,21
32,5,-1,32757,32774,32775,50,54
16,6,-1,32760,32775,32774,55,51
32,7,-1,32759,32774,32775,48,36
32,7,-1,32770,32774,32775,14,50
32,7,-1,32759,32774,32775,49,36
32,7,-1,32759,32774,32775,49,38
32,7,-1,32759,32774,32775,49,62
32,7,-1,32761,32774,32775,72,50
32,7,-1,32761,32774,32775,24,50
32,3,1,32767,32774,32775,72,98
16,4,0,32758,32775,32774,105,104
32,5,-1,32852,32774,32775,14,21
16,6,-2,32735,32775,32774,9,21
32,5,-1,32755,32774,32775,50,54
16,6,-1,32758,32775,32774,55,51
32,7,-2,32852,32774,32775,14,21
16,8,-3,32735,32775,32774,9,21
32,7,-2,32760,32774,32775,54,102
32,7,-2,32760,32774,32775,54,6
32,3,1,32767,32774,32775,24,2
16,4,0,32758,32775,32774,105,104
32,5,-1,32852,32774,32775,14,21
16,6,-2,32735,32775,32774,9,21
32,5,-1,32755,32774,32775,50,54
16,6,-1,32758,32775,32774,55,51
32,7,-2,32852,32774,32775,14,21
16,8,-3,32735,32775,32774,9,21
32,7,-2,32760,32774,32775,54,102
32,7,-2,32760,32774,32775,54,6
32,3,1,32769,32774,32775,99,100
16,4,0,32760,32775,32774,105,104
32,5,-1,32854,32774,32775,14,21
16,6,-2,32737,32775,32774,9,21
32,5,-1,32757,32774,32775,50,54
16,6,-1,32760,32775,32774,55,51
32,7,-2,32854,32774,32775,14,21
16,8,-3,32737,32775,32774,9,21
32,7,-2,32762,32774,32775,54,102
32,7,-2,32762,32774,32775,54,6
32,3,1,32769,32774,32775,75,76
16,4,0,32760,32775,32774,105,104
32,5,-1,32854,32774,32775,14,21
16,6,-2,32737,32775,32774,9,21
32,5,-1,32757,32774,32775,50,54
16,6,-1,32760,32775,32774,55,51
32,7,-2,32854,32774,32775,14,21
16,8,-3,32737,32775,32774,9,21
32,7,-2,32762,32774,32775,54,102
32,7,-2,32762,32774,32775,54,6
32,3,1,32769,32774,32775,51,52
16,4,0,32771,32775,32774,55,52
32,5,0,32768,32774,32775,50,54
32,5,0,32763,32774,32775,50,38
32,5,0,32761,32774,32775,50,26
32,5,0,32763,32774,32775,50,62
32,5,0,32761,32774,32775,50,74
32,5,0,32761,32774,32775,50,86
32,5,0,32761,32774,32775,50,98
32,5,0,32772,32774,32775,60,49
32,5,0,32772,32774,32775,36,49
32,3,1,32769,32774,32775,27,28
16,4,0,32760,32775,32774,105,104
32,5,-1,32854,32774,32775,14,21
16,6,-2,32737,32775,32774,9,21
32,5,-1,32757,32774,32775,50,54
16,6,-1,32760,32775,32774,55,51
32,7,-2,32854,32774,32775,14,21
16,8,-3,32737,32775,32774,9,21
32,7,-2,32762,32774,32775,54,102
32,7,-2,32762,32774,32775,54,6
32,3,1,32769,32774,32775,3,4
16,4,0,32760,32775,32774,105,104
32,5,-1,32854,32774,32775,14,21
16,6,-2,32737,32775,32774,9,21
32,5,-1,32757,32774,32775,50,54
16,6,-1,32760,32775,32774,55,51
32,7,-2,32854,32774,32775,14,21
16,8,-3,32737,32775,32774,9,21
32,7,-2,32762,32774,32775,54,102
32,7,-2,32762,32774,32775,54,6
16,2,2,32778,32774,32773,91,92
32,3,1,32788,32773,32774,84,74
16,4,0,32779,32774,32773,105,104
16,4,0,32694,32774,32773,19,12
32,5,-1,32811,32773,32774,0,12
16,4,0,32790,32774,32773,57,56
16,4,0,32780,32774,32773,105,103
16,4,0,32779,32774,32773,9,8
16,4,0,32780,32774,32773,9,7
16,4,0,32788,32774,32773,92,91
16,4,0,32789,32774,32773,92,90
16,4,0,32789,32774,32773,92,89
16,4,0,32790,32774,32773,92,88
16,4,0,32790,32774,32773,92,87
16,4,0,32790,32774,32773,92,86
16,4,0,32790,32774,32773,92,85
16,4,0,32790,32774,32773,92,84
16,4,0,32788,32774,32773,92,80
16,4,0,32788,32774,32773,92,68
16,4,0,32789,32774,32773,92,56
16,4,0,32788,32774,32773,92,44
16,4,0,32788,32774,32773,92,32
16,4,0,32788,32774,32773,92,20
16,4,0,32789,32774,32773,92,8
16,4,0,32789,32774,32773,92,104
16,4,0,32789,32774,32773,19,18
16,4,0,32789,32774,32773,19,17
16,4,0,32790,32774,32773,19,16
16,4,0,32790,32774,32773,19,15
16,4,0,32788,32774,32773,19,20
16,4,0,32788,32774,32773,19,7
16,4,0,32788,32774,32773,19,31
16,4,0,32786,32774,32773,19,43
16,4,0,32778,32774,32773,19,55
16,4,0,32786,32774,32773,19,67
16,4,0,32788,32774,32773,19,79
16,4,0,32788,32774,32773,19,91
16,4,0,32788,32774,32773,19,103
16,4,0,32780,32774,32773,21,7
16,4,0,32778,32774,32773,21,31
16,4,0,32787,32774,32773,69,56
16,4,0,32787,32774,32773,45,56
16,4,0,32787,32774,32773,81,55
16,4,0,32789,32774,32773,33,7
16,4,0,32787,32774,32773,33,55
16,4,0,32787,32774,32773,102,101
16,4,0,32787,32774,32773,78,77
16,4,0,32787,32774,32773,54,53
16,4,0,32787,32774,32773,30,29
16,4,0,32787,32774,32773,6,5
16,2,2,32684,32774,32773,19,12
32,3,1,32801,32773,32774,0,12
16,4,0,32792,32774,32773,105,104
16,4,0,32803,32774,32773,57,56
16,4,0,32793,32774,32773,105,103
16,4,0,32792,32774,32773,9,8
16,4,0,32793,32774,32773,9,7
16,4,0,32802,32774,32773,91,90
16,4,0,32802,32774,32773,91,89
16,4,0,32803,32774,32773,91,88
16,4,0,32803,32774,32773,91,87
16,4,0,32803,32774,32773,91,86
16,4,0,32803,32774,32773,91,85
16,4,0,32801,32774,32773,91,92
16,4,0,32801,32774,32773,91,79
16,4,0,32799,32774,32773,91,67
16,4,0,32791,32774,32773,91,55
16,4,0,32799,32774,32773,91,43
16,4,0,32801,32774,32773,91,31
16,4,0,32801,32774,32773,91,19
16,4,0,32801,32774,32773,91,7
16,4,0,32801,32774,32773,91,103
16,4,0,32791,32774,32773,93,79
16,4,0,32793,32774,32773,93,103
16,4,0,32793,32774,32773,21,7
16,4,0,32791,32774,32773,21,31
16,4,0,32800,32774,32773,69,56
16,4,0,32800,32774,32773,45,56
16,4,0,32800,32774,32773,81,55
16,4,0,32802,32774,32773,81,103
16,4,0,32802,32774,32773,33,7
16,4,0,32800,32774,32773,33,55
16,4,0,32800,32774,32773,102,101
16,4,0,32800,32774,32773,78,77
16,4,0,32800,32774,32773,54,53
16,4,0,32800,32774,32773,30,29
16,4,0,32800,32774,32773,6,5
16,2,2,32780,32774,32773,57,56
32,3,1,32790,32773,32774,84,74
16,4,0,32781,32774,32773,105,104
16,4,0,32792,32774,32773,91,84
16,4,0,32696,32774,32773,19,12
32,5,-1,32813,32773,32774,0,12
16,4,0,32791,32774,32773,56,55
16,4,0,32788,32774,32773,56,57
16,4,0,32790,32774,32773,56,44
16,4,0,32790,32774,32773,56,68
16,4,0,32782,32774,32773,105,103
16,4,0,32781,32774,32773,9,8
16,4,0,32782,32774,32773,9,7
16,4,0,32791,32774,32773,91,90
16,4,0,32791,32774,32773,91,89
16,4,0,32792,32774,32773,91,88
16,4,0,32792,32774,32773,91,87
16,4,0,32792,32774,32773,91,86
16,4,0,32792,32774,32773,91,85
16,4,0,32790,32774,32773,91,92
16,4,0,32790,32774,32773,91,79
16,4,0,32788,32774,32773,91,67
16,4,0,32780,32774,32773,91,55
16,4,0,32788,32774,32773,91,43
16,4,0,32790,32774,32773,91,31
16,4,0,32790,32774,32773,91,103
16,4,0,32791,32774,32773,19,18
16,4,0,32791,32774,32773,19,17
16,4,0,32792,32774,32773,19,16
16,4,0,32792,32774,32773,19,15
16,4,0,32790,32774,32773,19,20
16,4,0,32790,32774,32773,19,7
16,4,0,32790,32774,32773,19,31
16,4,0,32788,32774,32773,19,43
16,4,0,32780,32774,32773,19,55
16,4,0,32788,32774,32773,19,67
16,4,0,32790,32774,32773,19,79
16,4,0,32780,32774,32773,93,79
16,4,0,32782,32774,32773,93,103
16,4,0,32782,32774,32773,21,7
16,4,0,32780,32774,32773,21,31
16,4,0,32789,32774,32773,81,55
16,4,0,32791,32774,32773,81,103
16,4,0,32791,32774,32773,33,7
16,4,0,32789,32774,32773,33,55
16,4,0,32789,32774,32773,102,101
16,4,0,32789,32774,32773,78,77
16,4,0,32789,32774,32773,54,53
16,4,0,32789,32774,32773,30,29
16,4,0,32789,32774,32773,6,5
16,2,2,32769,32774,32773,105,104
32,3,1,32779,32773,32774,84,74
16,4,0,32781,32774,32773,91,84
16,4,0,32685,32774,32773,19,12
32,5,-1,32802,32773,32774,0,12
16,4,0,32781,32774,32773,57,56
16,4,0,32780,32774,32773,104,103
16,4,0,32788,32774,32773,104,105
16,4,0,32777,32774,32773,104,92
16,4,0,32779,32774,32773,104,80
16,4,0,32775,32774,32773,104,68
16,4,0,32781,32774,32773,104,56
16,4,0,32775,32774,32773,104,44
16,4,0,32779,32774,32773,104,32
16,4,0,32777,32774,32773,104,20
16,4,0,32779,32774,32773,104,8
16,4,0,32770,32774,32773,9,8
32,5,-1,32864,32773,32774,14,21
16,4,0,32771,32774,32773,9,7
32,5,-1,32865,32773,32774,14,21
16,4,0,32780,32774,32773,91,90
16,4,0,32780,32774,32773,91,89
16,4,0,32781,32774,32773,91,88
16,4,0,32781,32774,32773,91,87
16,4,0,32781,32774,32773,91,86
16,4,0,32781,32774,32773,91,85
16,4,0,32779,32774,32773,91,92
16,4,0,32779,32774,32773,91,79
16,4,0,32777,32774,32773,91,67
16,4,0,32769,32774,32773,91,55
32,5,-1,32863,32773,32774,14,21
16,6,-2,32746,32774,32773,9,21
32,5,-1,32766,32773,32774,50,54
16,6,-1,32769,32774,32773,55,51
32,7,-2,32885,32773,32774,74,51
16,6,-1,32768,32774,32773,104,56
32,7,-2,32991,32773,32774,54,56
16,8,-3,32887,32774,32773,57,56
16,8,-3,32884,32774,32773,69,56
16,8,-3,32884,32774,32773,45,56
16,8,-3,33001,32774,32773,55,48
32,7,-2,32991,32773,32774,54,56
16,8,-3,32887,32774,32773,57,56
16,8,-3,32884,32774,32773,69,56
16,8,-3,32884,32774,32773,45,56
16,8,-3,33001,32774,32773,55,48
32,7,-2,32862,32773,32774,14,21
16,8,-3,32745,32774,32773,9,21
32,9,-4,32968,32773,32774,54,56
16,10,-5,32864,32774,32773,57,56
16,10,-5,32861,32774,32773,69,56
16,10,-5,32861,32774,32773,45,56
16,10,-5,32978,32774,32773,55,48
32,7,-2,32770,32773,32774,54,102
32,7,-2,32770,32773,32774,54,6
32,3,1,32778,32773,32774,96,97
16,4,0,32768,32774,32773,91,55
32,5,-1,32862,32773,32774,14,21
16,6,-2,32745,32774,32773,9,21
32,5,-1,32765,32773,32774,50,54
16,6,-1,32768,32774,32773,55,51
32,7,-2,32862,32773,32774,14,21
16,8,-3,32745,32774,32773,9,21
32,7,-2,32770,32773,32774,54,102
32,7,-2,32770,32773,32774,54,6
32,3,1,32863,32773,32774,14,21
16,4,0,32746,32774,32773,9,21
32,5,-1,32743,32773,32774,50,54
32,3,1,32766,32773,32774,50,54
16,4,0,32756,32774,32773,91,55
32,5,-1,32850,32773,32774,14,21
16,6,-2,32733,32774,32773,9,21
32,7,-3,32732,32773,32774,54,57
16,6,-2,32733,32774,32773,9,21
32,7,-3,32732,32773,32774,54,57
16,6,-2,32853,32774,32773,55,51
16,4,0,32672,32774,32773,19,12
32,5,-1,32789,32773,32774,0,12
16,4,0,32768,32774,32773,57,56
32,5,-1,32862,32773,32774,14,21
16,6,-2,32745,32774,32773,9,21
32,5,-1,32770,32773,32774,54,102
32,5,-1,32770,32773,32774,54,6
32,3,1,32767,32773,32774,48,49
16,4,0,32757,32774,32773,91,55
32,5,-1,32851,32773,32774,14,21
16,6,-2,32734,32774,32773,9,21
32,5,-1,32754,32773,32774,50,54
16,6,-1,32757,32774,32773,55,51
32,7,-2,32851,32773,32774,14,21
16,8,-3,32734,32774,32773,9,21
32,7,-2,32759,32773,32774,54,102
32,7,-2,32759,32773,32774,54,6
32,3,1,32777,32773,32774,96,98
16,4,0,32767,32774,32773,91,55
32,5,-1,32861,32773,32774,14,21
16,6,-2,32744,32774,32773,9,21
32,5,-1,32764,32773,32774,50,54
16,6,-1,32767,32774,32773,55,51
32,7,-2,32861,32773,32774,14,21
16,8,-3,32744,32774,32773,9,21
32,7,-2,32769,32773,32774,54,102
32,7,-2,32769,32773,32774,54,6
32,3,1,32778,32773,32774,0,1
16,4,0,32768,32774,32773,91,55
32,5,-1,32862,32773,32774,14,21
16,6,-2,32745,32774,32773,9,21
32,5,-1,32765,32773,32774,50,54
16,6,-1,32768,32774,32773,55,51
32,7,-2,32862,32773,32774,14,21
16,8,-3,32745,32774,32773,9,21
32,7,-2,32770,32773,32774,54,102
32,7,-2,32770,32773,32774,54,6
32,3,1,32777,32773,32774,0,2
16,4,0,32767,32774,32773,91,55
32,5,-1,32861,32773,32774,14,21
16,6,-2,32744,32774,32773,9,21
32,5,-1,32764,32773,32774,50,54
16,6,-1,32767,32774,32773,55,51
32,7,-2,32861,32773,32774,14,21
16,8,-3,32744,32774,32773,9,21
32,7,-2,32769,32773,32774,54,102
32,7,-2,32769,32773,32774,54,6
32,3,1,32758,32773,32774,50,49
16,4,0,32748,32774,32773,91,55
32,5,-1,32842,32773,32774,14,21
16,6,-2,32725,32774,32773,9,21
32,5,-1,32756,32773,32774,49,54
16,6,-1,32759,32774,32773,55,51
32,7,-2,32853,32773,32774,14,21
16,8,-3,32736,32774,32773,9,21
32,7,-2,32761,32773,32774,54,102
32,7,-2,32761,32773,32774,54,6
32,3,1,32761,32773,32774,50,38
16,4,0,32751,32774,32773,91,55
32,5,-1,32845,32773,32774,14,21
16,6,-2,32728,32774,32773,9,21
32,3,1,32759,32773,32774,50,26
16,4,0,32749,32774,32773,91,55
32,5,-1,32843,32773,32774,14,21
16,6,-2,32726,32774,32773,9,21
32,5,-1,32752,32773,32774,26,30
32,3,1,32761,32773,32774,50,62
16,4,0,32751,32774,32773,91,55
32,5,-1,32845,32773,32774,14,21
16,6,-2,32728,32774,32773,9,21
32,3,1,32759,32773,32774,50,74
16,4,0,32749,32774,32773,91,55
32,5,-1,32843,32773,32774,14,21
16,6,-2,32726,32774,32773,9,21
32,5,-1,32752,32773,32774,74,78
32,3,1,32759,32773,32774,50,98
16,4,0,32749,32774,32773,91,55
32,5,-1,32843,32773,32774,14,21
16,6,-2,32726,32774,32773,9,21
32,5,-1,32752,32773,32774,98,102
32,3,1,32769,32773,32774,14,13
16,4,0,32759,32774,32773,91,55
32,5,-1,32853,32773,32774,13,21
16,6,-2,32736,32774,32773,9,21
32,5,-1,32756,32773,32774,50,54
16,6,-1,32759,32774,32773,55,51
32,7,-2,32853,32773,32774,13,21
16,8,-3,32736,32774,32773,9,21
32,7,-2,32761,32773,32774,54,102
32,7,-2,32761,32773,32774,54,6
32,3,1,32768,32773,32774,14,15
16,4,0,32758,32774,32773,91,55
32,5,-1,32853,32773,32774,15,21
16,6,-2,32736,32774,32773,9,21
32,5,-1,32755,32773,32774,50,54
16,6,-1,32758,32774,32773,55,51
32,7,-2,32871,32773,32774,15,51
16,8,-2,32873,32774,32773,104,56
16,8,-2,32861,32774,32773,19,55
16,8,-2,32870,32774,32773,69,56
16,8,-2,32870,32774,32773,45,56
16,8,-2,32870,32774,32773,81,55
16,8,-2,32870,32774,32773,33,55
16,6,-1,32757,32774,32773,104,56
32,7,-2,32980,32773,32774,54,56
16,8,-3,32876,32774,32773,57,56
16,8,-3,32873,32774,32773,69,56
16,8,-3,32873,32774,32773,45,56
16,8,-3,32990,32774,32773,55,48
32,7,-2,32980,32773,32774,54,56
16,8,-3,32876,32774,32773,57,56
16,8,-3,32873,32774,32773,69,56
16,8,-3,32873,32774,32773,45,56
16,8,-3,32990,32774,32773,55,48
32,7,-2,32852,32773,32774,15,21
16,8,-3,32735,32774,32773,9,21
32,9,-4,32958,32773,32774,54,56
16,10,-5,32854,32774,32773,57,56
16,10,-5,32851,32774,32773,69,56
16,10,-5,32851,32774,32773,45,56
16,10,-5,32968,32774,32773,55,48
32,7,-2,32759,32773,32774,54,102
32,7,-2,32759,32773,32774,54,6
32,3,1,32768,32773,32774,14,16
16,4,0,32758,32774,32773,91,55
32,5,-1,32853,32773,32774,16,21
16,6,-2,32736,32774,32773,9,21
32,5,-1,32755,32773,32774,50,54
16,6,-1,32758,32774,32773,55,51
32,7,-2,32853,32773,32774,16,21
16,8,-3,32736,32774,32773,9,21
32,7,-2,32760,32773,32774,54,102
32,7,-2,32760,32773,32774,54,6
32,3,1,32767,32773,32774,14,17
16,4,0,32757,32774,32773,91,55
32,5,-1,32853,32773,32774,17,21
16,6,-2,32736,32774,32773,9,21
32,5,-1,32754,32773,32774,50,54
16,6,-1,32757,32774,32773,55,51
32,7,-2,32853,32773,32774,17,21
16,8,-3,32736,32774,32773,9,21
32,7,-2,32759,32773,32774,54,102
32,7,-2,32759,32773,32774,54,6
32,3,1,32767,32773,32774,14,18
16,4,0,32757,32774,32773,91,55
32,5,-1,32853,32773,32774,18,21
16,6,-2,32736,32774,32773,9,21
32,5,-1,32766,32773,32774,18,54
16,6,-1,32769,32774,32773,55,51
32,7,-1,32761,32773,32774,50,38
32,7,-1,32759,32773,32774,50,26
32,7,-1,32759,32773,32774,50,14
32,7,-1,32759,32773,32774,50,2
32,7,-1,32761,32773,32774,50,62
32,7,-1,32759,32773,32774,50,74
32,7,-1,32759,32773,32774,50,86
32,7,-1,32759,32773,32774,50,98
32,7,-1,32770,32773,32774,60,49
32,7,-1,32770,32773,32774,36,49
32,5,-1,32754,32773,32774,50,54
16,6,-1,32757,32774,32773,55,51
32,7,-2,32853,32773,32774,18,21
16,8,-3,32736,32774,32773,9,21
32,7,-2,32759,32773,32774,54,102
32,3,1,32769,32773,32774,14,2
16,4,0,32759,32774,32773,91,55
32,5,-1,32756,32773,32774,50,54
16,6,-1,32759,32774,32773,55,51
32,7,-2,32761,32773,32774,54,102
32,7,-2,32762,32773,32774,2,6
32,7,-2,32761,32773,32774,54,6
32,5,-1,32762,32773,32774,2,6
32,3,1,32769,32773,32774,14,26
16,4,0,32759,32774,32773,91,55
32,5,-1,32756,32773,32774,50,54
16,6,-1,32759,32774,32773,55,51
32,7,-2,32761,32773,32774,54,102
32,7,-2,32762,32773,32774,26,30
32,7,-2,32761,32773,32774,54,6
32,5,-1,32762,32773,32774,26,30
32,3,1,32771,32773,32774,14,38
16,4,0,32761,32774,32773,91,55
32,5,-1,32758,32773,32774,50,54
16,6,-1,32761,32774,32773,55,51
32,7,-2,32763,32773,32774,54,102
32,7,-2,32763,32773,32774,54,6
32,3,1,32777,32773,32774,84,98
16,4,0,32767,32774,32773,91,55
32,5,-1,32861,32773,32774,14,21
16,6,-2,32744,32774,32773,9,21
32,5,-1,32764,32773,32774,50,54
16,6,-1,32767,32774,32773,55,51
32,7,-2,32861,32773,32774,14,21
16,8,-3,32744,32774,32773,9,21
32,7,-2,32769,32773,32774,54,102
32,7,-2,32769,32773,32774,54,6
32,3,1,32777,32773,32774,12,2
16,4,0,32767,32774,32773,91,55
32,5,-1,32861,32773,32774,14,21
16,6,-2,32744,32774,32773,9,21
32,5,-1,32764,32773,32774,50,54
16,6,-1,32767,32774,32773,55,51
32,7,-2,32861,32773,32774,14,21
16,8,-3,32744,32774,32773,9,21
32,7,-2,32769,32773,32774,54,102
32,7,-2,32769,32773,32774,54,6
32,3,1,32779,32773,32774,12,26
16,4,0,32769,32774,32773,91,55
32,5,-1,32863,32773,32774,14,21
16,6,-2,32746,32774,32773,9,21
32,5,-1,32766,32773,32774,50,54
16,6,-1,32769,32774,32773,55,51
32,7,-2,32885,32773,32774,26,51
16,6,-1,32768,32774,32773,104,56
32,7,-2,32991,32773,32774,54,56
16,8,-3,32887,32774,32773,57,56
16,8,-3,32884,32774,32773,69,56
16,8,-3,32884,32774,32773,45,56
16,8,-3,33001,32774,32773,55,48
32,7,-2,32991,32773,32774,54,56
16,8,-3,32887,32774,32773,57,56
16,8,-3,32884,32774,32773,69,56
16,8,-3,32884,32774,32773,45,56
16,8,-3,33001,32774,32773,55,48
32,7,-2,32862,32773,32774,14,21
16,8,-3,32745,32774,32773,9,21
32,9,-4,32968,32773,32774,54,56
16,10,-5,32864,32774,32773,57,56
16,10,-5,32861,32774,32773,69,56
16,10,-5,32861,32774,32773,45,56
16,10,-5,32978,32774,32773,55,48
32,7,-2,32770,32773,32774,54,102
32,7,-2,32770,32773,32774,54,6
32,3,1,32770,32773,32774,60,49
16,4,0,32760,32774,32773,91,55
32,5,-1,32854,32773,32774,14,21
16,6,-2,32737,32774,32773,9,21
32,5,-1,32757,32773,32774,50,54
16,6,-1,32760,32774,32773,55,51
32,7,-1,32759,32773,32774,48,60
32,7,-1,32770,32773,32774,14,50
32,7,-1,32759,32773,32774,49,60
32,7,-1,32759,32773,32774,49,38
32,7,-1,32759,32773,32774,49,62
32,7,-1,32761,32773,32774,72,50
32,7,-1,32761,32773,32774,24,50
32,3,1,32770,32773,32774,36,49
16,4,0,32760,32774,32773,91,55
32,5,-1,32854,32773,32774,14,21
16,6,-2,32737,32774,32773,9,21
32,5,-1,32757,32773,32774,50,54
16,6,-1,32760,32774,32773,55,51
32,7,-1,32759,32773,32774,48,36
32,7,-1,32770,32773,32774,14,50
32,7,-1,32759,32773,32774,49,36
32,7,-1,32759,32773,32774,49,38
32,7,-1,32759,32773,32774,49,62
32,7,-1,32761,32773,32774,72,50
32,7,-1,32761,32773,32774,24,50
32,3,1,32768,32773,32774,72,98
16,4,0,32758,32774,32773,91,55
32,5,-1,32852,32773,32774,14,21
16,6,-2,32735,32774,32773,9,21
32,5,-1,32755,32773,32774,50,54
16,6,-1,32758,32774,32773,55,51
32,7,-2,32852,32773,32774,14,21
16,8,-3,32735,32774,32773,9,21
32,7,-2,32760,32773,32774,54,102
32,7,-2,32760,32773,32774,54,6
32,3,1,32768,32773,32774,24,2
16,4,0,32758,32774,32773,91,55
32,5,-1,32852,32773,32774,14,21
16,6,-2,32735,32774,32773,9,21
32,5,-1,32755,32773,32774,50,54
16,6,-1,32758,32774,32773,55,51
32,7,-2,32852,32773,32774,14,21
16,8,-3,32735,32774,32773,9,21
32,7,-2,32760,32773,32774,54,102
32,7,-2,32760,32773,32774,54,6
32,3,1,32770,32773,32774,99,100
16,4,0,32760,32774,32773,91,55
32,5,-1,32854,32773,32774,14,21
16,6,-2,32737,32774,32773,9,21
32,5,-1,32757,32773,32774,50,54
16,6,-1,32760,32774,32773,55,51
32,7,-2,32854,32773,32774,14,21
16,8,-3,32737,32774,32773,9,21
32,7,-2,32762,32773,32774,54,102
32,7,-2,32762,32773,32774,54,6
32,3,1,32770,32773,32774,75,76
16,4,0,32760,32774,32773,91,55
32,5,-1,32854,32773,32774,14,21
16,6,-2,32737,32774,32773,9,21
32,5,-1,32757,32773,32774,50,54
16,6,-1,32760,32774,32773,55,51
32,7,-2,32854,32773,32774,14,21
16,8,-3,32737,32774,32773,9,21
32,7,-2,32762,32773,32774,54,102
32,7,-2,32762,32773,32774,54,6
32,3,1,32770,32773,32774,51,52
16,4,0,32760,32774,32773,91,55
32,5,-1,32854,32773,32774,14,21
16,6,-2,32737,32774,32773,9,21
32,5,-1,32757,32773,32774,50,54
16,6,-1,32759,32774,32773,55,52
32,7,-2,32853,32773,32774,14,21
16,8,-3,32736,32774,32773,9,21
32,7,-2,32761,32773,32774,54,102
32,7,-2,32761,32773,32774,54,6
32,3,1,32770,32773,32774,27,28
16,4,0,32760,32774,32773,91,55
32,5,-1,32854,32773,32774,14,21
16,6,-2,32737,32774,32773,9,21
32,5,-1,32757,32773,32774,50,54
16,6,-1,32760,32774,32773,55,51
32,7,-2,32854,32773,32774,14,21
16,8,-3,32737,32774,32773,9,21
32,7,-2,32762,32773,32774,54,102
32,7,-2,32762,32773,32774,54,6
32,3,1,32770,32773,32774,3,4
16,4,0,32760,32774,32773,91,55
32,5,-1,32854,32773,32774,14,21
16,6,-2,32737,32774,32773,9,21
32,5,-1,32757,32773,32774,50,54
16,6,-1,32760,32774,32773,55,51
32,7,-2,32854,32773,32774,14,21
16,8,-3,32737,32774,32773,9,21
32,7,-2,32762,32773,32774,54,102
32,7,-2,32762,32773,32774,54,6
16,2,2,32769,32774,32728,105,104
32,3,1,32779,32728,32774,84,74
16,4,0,32769,32774,32728,91,55
32,5,-1,32863,32769,32774,14,21
16,6,-2,32746,32774,32769,9,21
32,5,-1,32766,32769,32774,50,54
16,6,-1,32769,32774,32769,55,51
32,7,-2,32885,32769,32774,74,51
16,6,-1,32768,32774,32769,104,56
32,7,-2,32991,32769,32774,54,56
16,8,-3,32887,32774,32769,57,56
16,8,-3,32884,32774,32769,69,56
16,8,-3,32884,32774,32769,45,56
16,8,-3,33001,32774,32769,55,48
32,7,-2,32991,32769,32774,54,56
16,8,-3,32887,32774,32769,57,56
16,8,-3,32884,32774,32769,69,56
16,8,-3,32884,32774,32769,45,56
16,8,-3,33001,32774,32769,55,48
32,7,-2,32862,32769,32774,14,21
16,8,-3,32745,32774,32769,9,21
32,9,-4,32968,32769,32774,54,56
16,10,-5,32864,32774,32769,57,56
16,10,-5,32861,32774,32769,69,56
16,10,-5,32861,32774,32769,45,56
16,10,-5,32978,32774,32769,55,48
32,7,-2,32770,32769,32774,54,102
16,8,-3,32780,32770,32769,55,48
32,7,-2,32770,32769,32774,54,6
16,8,-3,32655,32770,32769,9,6
16,4,0,32781,32769,32728,57,56
16,4,0,32685,32769,32728,19,12
32,5,-1,32802,32728,32769,0,12
16,4,0,32780,32769,32728,104,103
16,4,0,32788,32769,32728,104,105
16,4,0,32777,32769,32728,104,92
16,4,0,32779,32769,32728,104,80
16,4,0,32775,32769,32728,104,68
16,4,0,32781,32769,32728,104,56
16,4,0,32775,32769,32728,104,44
16,4,0,32779,32769,32728,104,32
16,4,0,32777,32769,32728,104,20
16,4,0,32779,32769,32728,104,8
16,4,0,32770,32769,32728,9,8
16,4,0,32771,32769,32728,9,7
16,4,0,32780,32769,32728,91,90
16,4,0,32780,32769,32728,91,89
16,4,0,32781,32769,32728,91,88
16,4,0,32781,32769,32728,91,87
16,4,0,32781,32769,32728,91,86
16,4,0,32781,32769,32728,91,85
16,4,0,32781,32769,32728,91,84
16,4,0,32779,32769,32728,91,92
16,4,0,32779,32769,32728,91,79
16,4,0,32777,32769,32728,91,67
16,4,0,32777,32769,32728,91,43
16,4,0,32779,32769,32728,91,31
16,4,0,32779,32769,32728,91,103
16,4,0,32780,32769,32728,19,18
16,4,0,32780,32769,32728,19,17
16,4,0,32781,32769,32728,19,16
16,4,0,32781,32769,32728,19,15
16,4,0,32779,32769,32728,19,20
16,4,0,32779,32769,32728,19,7
16,4,0,32779,32769,32728,19,31
16,4,0,32777,32769,32728,19,43
16,4,0,32769,32769,32728,19,55
16,4,0,32777,32769,32728,19,67
16,4,0,32779,32769,32728,19,79
16,4,0,32769,32769,32728,93,79
16,4,0,32771,32769,32728,93,103
16,4,0,32771,32769,32728,21,7
16,4,0,32769,32769,32728,21,31
16,4,0,32778,32769,32728,69,56
16,4,0,32778,32769,32728,45,56
16,4,0,32778,32769,32728,81,55
16,4,0,32780,32769,32728,81,103
16,4,0,32780,32769,32728,33,7
16,4,0,32778,32769,32728,33,55
16,4,0,32778,32769,32728,102,101
16,4,0,32778,32769,32728,78,77
16,4,0,32778,32769,32728,54,53
16,4,0,32778,32769,32728,30,29
16,4,0,32778,32769,32728,6,5
32,3,1,32778,32769,32774,96,97
16,4,0,32768,32774,32769,91,55
32,5,-1,32862,32769,32774,14,21
16,6,-2,32745,32774,32769,9,21
32,5,-1,32765,32769,32774,50,54
16,6,-1,32768,32774,32769,55,51
32,7,-2,32862,32769,32774,14,21
16,8,-3,32745,32774,32769,9,21
32,7,-2,32770,32769,32774,54,102
16,8,-3,32664,32770,32769,104,102
32,7,-2,32770,32769,32774,54,6
16,8,-3,32655,32770,32769,9,6
32,3,1,32863,32769,32774,14,21
16,4,0,32746,32774,32769,9,21
32,5,-1,32743,32769,32774,50,54
32,3,1,32766,32769,32774,50,54
16,4,0,32756,32774,32769,91,55
32,5,-1,32850,32769,32774,14,21
16,6,-2,32733,32774,32769,9,21
32,7,-3,32732,32769,32774,54,57
16,6,-2,32733,32774,32769,9,21
32,7,-3,32732,32769,32774,54,57
16,6,-2,32853,32774,32769,55,51
16,4,0,32768,32774,32769,57,56
32,5,-1,32862,32769,32774,14,21
16,6,-2,32745,32774,32769,9,21
32,5,-1,32770,32769,32774,54,102
16,6,-2,32664,32770,32769,104,102
32,5,-1,32770,32769,32774,54,6
16,6,-2,32655,32770,32769,9,6
32,3,1,32767,32769,32774,48,49
16,4,0,32769,32774,32769,57,56
32,5,-1,32863,32769,32774,14,21
16,6,-2,32746,32774,32769,9,21
32,5,-1,32766,32769,32774,50,54
32,3,1,32777,32769,32774,96,98
16,4,0,32779,32774,32769,57,56
16,4,0,32767,32774,32769,91,55
32,5,-1,32861,32769,32774,14,21
16,6,-2,32744,32774,32769,9,21
32,5,-1,32764,32769,32774,50,54
16,6,-1,32767,32774,32769,55,51
32,7,-2,32861,32769,32774,14,21
16,8,-3,32744,32774,32769,9,21
32,7,-2,32769,32769,32774,54,102
32,7,-2,32769,32769,32774,54,6
32,3,1,32778,32769,32774,0,1
16,4,0,32768,32774,32769,91,55
32,5,-1,32862,32769,32774,14,21
16,6,-2,32745,32774,32769,9,21
32,5,-1,32765,32769,32774,50,54
16,6,-1,32768,32774,32769,55,51
32,7,-2,32862,32769,32774,14,21
16,8,-3,32745,32774,32769,9,21
32,7,-2,32770,32769,32774,54,102
16,8,-3,32664,32770,32769,104,102
32,7,-2,32770,32769,32774,54,6
16,8,-3,32655,32770,32769,9,6
32,3,1,32777,32769,32774,0,2
16,4,0,32767,32774,32769,91,55
32,5,-1,32861,32769,32774,14,21
16,6,-2,32744,32774,32769,9,21
32,5,-1,32764,32769,32774,50,54
16,6,-1,32767,32774,32769,55,51
32,7,-2,32861,32769,32774,14,21
16,8,-3,32744,32774,32769,9,21
32,7,-2,32769,32769,32774,54,102
32,7,-2,32769,32769,32774,54,6
32,3,1,32758,32769,32774,50,49
16,4,0,32748,32774,32769,91,55
32,5,-1,32842,32769,32774,14,21
16,6,-2,32725,32774,32769,9,21
32,5,-1,32756,32769,32774,49,54
16,6,-1,32759,32774,32769,55,51
32,7,-2,32853,32769,32774,14,21
16,8,-3,32736,32774,32769,9,21
32,7,-2,32761,32769,32774,54,102
32,7,-2,32761,32769,32774,54,6
32,3,1,32761,32769,32774,50,38
16,4,0,32751,32774,32769,91,55
32,5,-1,32845,32769,32774,14,21
16,6,-2,32728,32774,32769,9,21
32,3,1,32759,32769,32774,50,26
16,4,0,32749,32774,32769,91,55
32,5,-1,32843,32769,32774,14,21
16,6,-2,32726,32774,32769,9,21
32,5,-1,32752,32769,32774,26,30
32,3,1,32761,32769,32774,50,62
16,4,0,32751,32774,32769,91,55
32,5,-1,32845,32769,32774,14,21
16,6,-2,32728,32774,32769,9,21
32,3,1,32759,32769,32774,50,74
16,4,0,32749,32774,32769,91,55
32,5,-1,32843,32769,32774,14,21
16,6,-2,32726,32774,32769,9,21
32,5,-1,32752,32769,32774,74,78
32,3,1,32759,32769,32774,50,98
16,4,0,32749,32774,32769,91,55
32,5,-1,32843,32769,32774,14,21
16,6,-2,32726,32774,32769,9,21
32,5,-1,32752,32769,32774,98,102
32,3,1,32769,32769,32774,14,13
16,4,0,32759,32774,32769,91,55
32,5,-1,32853,32769,32774,13,21
16,6,-2,32736,32774,32769,9,21
32,5,-1,32756,32769,32774,50,54
16,6,-1,32759,32774,32769,55,51
32,7,-2,32853,32769,32774,13,21
16,8,-3,32736,32774,32769,9,21
32,7,-2,32761,32769,32774,54,102
32,7,-2,32761,32769,32774,54,6
32,3,1,32768,32769,32774,14,15
16,4,0,32758,32774,32769,91,55
32,5,-1,32853,32769,32774,15,21
16,6,-2,32736,32774,32769,9,21
32,5,-1,32755,32769,32774,50,54
16,6,-1,32758,32774,32769,55,51
32,7,-2,32871,32769,32774,15,51
16,8,-2,32873,32774,32769,104,56
16,8,-2,32861,32774,32769,19,55
16,8,-2,32870,32774,32769,69,56
16,8,-2,32870,32774,32769,45,56
16,8,-2,32870,32774,32769,81,55
16,8,-2,32870,32774,32769,33,55
16,6,-1,32757,32774,32769,104,56
32,7,-2,32980,32769,32774,54,56
16,8,-3,32876,32774,32769,57,56
16,8,-3,32873,32774,32769,69,56
16,8,-3,32873,32774,32769,45,56
16,8,-3,32990,32774,32769,55,48
32,7,-2,32980,32769,32774,54,56
16,8,-3,32876,32774,32769,57,56
16,8,-3,32873,32774,32769,69,56
16,8,-3,32873,32774,32769,45,56
16,8,-3,32990,32774,32769,55,48
32,7,-2,32852,32769,32774,15,21
16,8,-3,32735,32774,32769,9,21
32,9,-4,32958,32769,32774,54,56
16,10,-5,32854,32774,32769,57,56
16,10,-5,32851,32774,32769,69,56
16,10,-5,32851,32774,32769,45,56
16,10,-5,32968,32774,32769,55,48
32,7,-2,32759,32769,32774,54,102
32,7,-2,32759,32769,32774,54,6
32,3,1,32768,32769,32774,14,16
16,4,0,32758,32774,32769,91,55
32,5,-1,32853,32769,32774,16,21
16,6,-2,32736,32774,32769,9,21
32,5,-1,32755,32769,32774,50,54
16,6,-1,32758,32774,32769,55,51
32,7,-2,32853,32769,32774,16,21
16,8,-3,32736,32774,32769,9,21
32,7,-2,32760,32769,32774,54,102
32,7,-2,32760,32769,32774,54,6
32,3,1,32767,32769,32774,14,17
16,4,0,32757,32774,32769,91,55
32,5,-1,32853,32769,32774,17,21
16,6,-2,32736,32774,32769,9,21
32,5,-1,32754,32769,32774,50,54
16,6,-1,32757,32774,32769,55,51
32,7,-2,32853,32769,32774,17,21
16,8,-3,32736,32774,32769,9,21
32,7,-2,32759,32769,32774,54,102
32,7,-2,32759,32769,32774,54,6
32,3,1,32767,32769,32774,14,18
16,4,0,32757,32774,32769,91,55
32,5,-1,32853,32769,32774,18,21
16,6,-2,32736,32774,32769,9,21
32,5,-1,32766,32769,32774,18,54
16,6,-1,32769,32774,32769,55,51
32,7,-1,32761,32769,32774,50,38
32,7,-1,32759,32769,32774,50,26
32,7,-1,32759,32769,32774,50,14
32,7,-1,32759,32769,32774,50,2
32,7,-1,32761,32769,32774,50,62
32,7,-1,32759,32769,32774,50,74
32,7,-1,32759,32769,32774,50,86
32,7,-1,32759,32769,32774,50,98
32,7,-1,32770,32769,32774,60,49
16,8,-2,32736,32770,32769,51,49
32,9,-3,32840,32769,32770,48,49
16,8,-2,32736,32770,32769,51,49
32,9,-3,32840,32769,32770,48,49
16,8,-2,32768,32770,32769,51,99
32,9,-3,32883,32769,32770,96,99
16,8,-2,32768,32770,32769,51,3
32,9,-3,32883,32769,32770,0,3
32,7,-1,32770,32770,32774,36,49
16,6,-1,32768,32770,32769,104,56
32,7,-2,32991,32769,32770,54,56
16,8,-3,32887,32770,32769,57,56
16,8,-3,32884,32770,32769,69,56
16,8,-3,32884,32770,32769,45,56
16,6,-1,32774,32770,32769,55,43
16,6,-1,32776,32770,32769,55,31
16,6,-1,32774,32770,32769,55,67
16,6,-1,32776,32770,32769,55,79
16,6,-1,32776,32770,32769,55,91
16,6,-1,32776,32770,32769,55,103
16,6,-1,32765,32770,32769,69,56
32,7,-2,32799,32769,32770,54,56
16,8,-3,32695,32770,32769,57,56
32,7,-2,32799,32769,32770,54,56
16,8,-3,32695,32770,32769,57,56
32,7,-2,32767,32769,32770,54,102
32,7,-2,32767,32769,32770,54,6
32,5,-1,32754,32769,32774,50,54
16,6,-1,32757,32774,32769,55,51
32,7,-2,32853,32769,32774,18,21
16,8,-3,32736,32774,32769,9,21
32,7,-2,32759,32769,32774,54,102
32,3,1,32769,32769,32774,14,2
16,4,0,32759,32774,32769,91,55
32,5,-1,32756,32769,32774,50,54
16,6,-1,32759,32774,32769,55,51
32,7,-2,32761,32769,32774,54,102
32,7,-2,32762,32769,32774,2,6
32,7,-2,32761,32769,32774,54,6
32,5,-1,32762,32769,32774,2,6
32,3,1,32769,32769,32774,14,26
16,4,0,32759,32774,32769,91,55
32,5,-1,32756,32769,32774,50,54
16,6,-1,32759,32774,32769,55,51
32,7,-2,32761,32769,32774,54,102
32,7,-2,32762,32769,32774,26,30
32,7,-2,32761,32769,32774,54,6
32,5,-1,32762,32769,32774,26,30
32,3,1,32771,32769,32774,14,38
16,4,0,32761,32774,32769,91,55
32,5,-1,32758,32769,32774,50,54
16,6,-1,32761,32774,32769,55,51
32,7,-2,32763,32769,32774,54,102
32,7,-2,32763,32769,32774,54,6
32,3,1,32777,32769,32774,84,98
16,4,0,32767,32774,32769,91,55
32,5,-1,32861,32769,32774,14,21
16,6,-2,32744,32774,32769,9,21
32,5,-1,32764,32769,32774,50,54
16,6,-1,32767,32774,32769,55,51
32,7,-2,32861,32769,32774,14,21
16,8,-3,32744,32774,32769,9,21
32,7,-2,32769,32769,32774,54,102
32,7,-2,32769,32769,32774,54,6
32,3,1,32777,32769,32774,12,2
16,4,0,32767,32774,32769,91,55
32,5,-1,32861,32769,32774,14,21
16,6,-2,32744,32774,32769,9,21
32,5,-1,32764,32769,32774,50,54
16,6,-1,32767,32774,32769,55,51
32,7,-2,32861,32769,32774,14,21
16,8,-3,32744,32774,32769,9,21
32,7,-2,32769,32769,32774,54,102
32,7,-2,32769,32769,32774,54,6
32,3,1,32779,32769,32774,12,26
16,4,0,32769,32774,32769,91,55
32,5,-1,32863,32769,32774,14,21
16,6,-2,32746,32774,32769,9,21
32,5,-1,32766,32769,32774,50,54
16,6,-1,32769,32774,32769,55,51
32,7,-2,32885,32769,32774,26,51
16,6,-1,32768,32774,32769,104,56
32,7,-2,32991,32769,32774,54,56
16,8,-3,32887,32774,32769,57,56
16,8,-3,32884,32774,32769,69,56
16,8,-3,32884,32774,32769,45,56
16,8,-3,33001,32774,32769,55,48
32,7,-2,32991,32769,32774,54,56
16,8,-3,32887,32774,32769,57,56
16,8,-3,32884,32774,32769,69,56
16,8,-3,32884,32774,32769,45,56
16,8,-3,33001,32774,32769,55,48
32,7,-2,32862,32769,32774,14,21
16,8,-3,32745,32774,32769,9,21
32,9,-4,32968,32769,32774,54,56
16,10,-5,32864,32774,32769,57,56
16,10,-5,32861,32774,32769,69,56
16,10,-5,32861,32774,32769,45,56
16,10,-5,32978,32774,32769,55,48
32,7,-2,32770,32769,32774,54,102
16,8,-3,32780,32770,32769,55,48
32,7,-2,32770,32769,32774,54,6
16,8,-3,32655,32770,32769,9,6
32,3,1,32770,32769,32774,60,49
16,4,0,32760,32774,32769,91,55
32,5,-1,32854,32769,32774,14,21
16,6,-2,32737,32774,32769,9,21
32,5,-1,32757,32769,32774,50,54
16,6,-1,32760,32774,32769,55,51
32,7,-1,32759,32769,32774,48,60
32,7,-1,32770,32769,32774,14,50
16,8,-2,32736,32770,32769,51,49
32,9,-3,32840,32769,32770,48,49
16,8,-2,32768,32770,32769,51,99
32,9,-3,32883,32769,32770,96,99
16,8,-2,32768,32770,32769,51,3
32,9,-3,32883,32769,32770,0,3
32,7,-1,32759,32770,32774,49,60
32,7,-1,32759,32770,32774,49,38
32,7,-1,32759,32770,32774,49,62
32,7,-1,32761,32770,32774,72,50
32,7,-1,32761,32770,32774,24,50
16,6,-1,32759,32770,32769,104,56
32,7,-2,32982,32769,32770,54,56
16,8,-3,32878,32770,32769,57,56
16,8,-3,32875,32770,32769,69,56
16,8,-3,32875,32770,32769,45,56
16,6,-1,32765,32770,32769,55,43
32,7,-2,32859,32769,32770,14,21
16,8,-3,32742,32770,32769,9,21
32,7,-2,32767,32769,32770,54,102
32,7,-2,32767,32769,32770,54,6
32,3,1,32770,32769,32774,36,49
16,4,0,32760,32774,32769,91,55
32,5,-1,32854,32769,32774,14,21
16,6,-2,32737,32774,32769,9,21
32,5,-1,32757,32769,32774,50,54
16,6,-1,32760,32774,32769,55,51
32,7,-1,32759,32769,32774,48,36
32,7,-1,32770,32769,32774,14,50
16,8,-2,32736,32770,32769,51,49
32,9,-3,32840,32769,32770,48,49
16,8,-2,32768,32770,32769,51,99
32,9,-3,32883,32769,32770,96,99
16,8,-2,32768,32770,32769,51,3
32,9,-3,32883,32769,32770,0,3
32,7,-1,32759,32770,32774,49,36
32,7,-1,32759,32770,32774,49,38
32,7,-1,32759,32770,32774,49,62
32,7,-1,32761,32770,32774,72,50
32,7,-1,32761,32770,32774,24,50
16,6,-1,32759,32770,32769,104,56
32,7,-2,32982,32769,32770,54,56
16,8,-3,32878,32770,32769,57,56
16,8,-3,32875,32770,32769,69,56
16,8,-3,32875,32770,32769,45,56
16,6,-1,32765,32770,32769,55,43
32,7,-2,32859,32769,32770,14,21
16,8,-3,32742,32770,32769,9,21
32,7,-2,32767,32769,32770,54,102
32,7,-2,32767,32769,32770,54,6
32,3,1,32768,32769,32774,72,98
16,4,0,32758,32774,32769,91,55
32,5,-1,32852,32769,32774,14,21
16,6,-2,32735,32774,32769,9,21
32,5,-1,32755,32769,32774,50,54
16,6,-1,32758,32774,32769,55,51
32,7,-2,32852,32769,32774,14,21
16,8,-3,32735,32774,32769,9,21
32,7,-2,32760,32769,32774,54,102
32,7,-2,32760,32769,32774,54,6
32,3,1,32768,32769,32774,24,2
16,4,0,32758,32774,32769,91,55
32,5,-1,32852,32769,32774,14,21
16,6,-2,32735,32774,32769,9,21
32,5,-1,32755,32769,32774,50,54
16,6,-1,32758,32774,32769,55,51
32,7,-2,32852,32769,32774,14,21
16,8,-3,32735,32774,32769,9,21
32,7,-2,32760,32769,32774,54,102
32,7,-2,32760,32769,32774,54,6
32,3,1,32770,32769,32774,99,100
16,4,0,32760,32774,32769,91,55
32,5,-1,32854,32769,32774,14,21
16,6,-2,32737,32774,32769,9,21
32,5,-1,32757,32769,32774,50,54
16,6,-1,32760,32774,32769,55,51
32,7,-2,32854,32769,32774,14,21
16,8,-3,32737,32774,32769,9,21
32,7,-2,32762,32769,32774,54,102
32,7,-2,32762,32769,32774,54,6
32,3,1,32770,32769,32774,75,76
16,4,0,32760,32774,32769,91,55
32,5,-1,32854,32769,32774,14,21
16,6,-2,32737,32774,32769,9,21
32,5,-1,32757,32769,32774,50,54
16,6,-1,32760,32774,32769,55,51
32,7,-2,32854,32769,32774,14,21
16,8,-3,32737,32774,32769,9,21
32,7,-2,32762,32769,32774,54,102
32,7,-2,32762,32769,32774,54,6
32,3,1,32770,32769,32774,51,52
16,4,0,32760,32774,32769,91,55
32,5,-1,32854,32769,32774,14,21
16,6,-2,32737,32774,32769,9,21
32,5,-1,32757,32769,32774,50,54
16,6,-1,32759,32774,32769,55,52
32,7,-2,32853,32769,32774,14,21
16,8,-3,32736,32774,32769,9,21
32,7,-2,32761,32769,32774,54,102
32,7,-2,32761,32769,32774,54,6
32,3,1,32770,32769,32774,27,28
16,4,0,32760,32774,32769,91,55
32,5,-1,32854,32769,32774,14,21
16,6,-2,32737,32774,32769,9,21
32,5,-1,32757,32769,32774,50,54
16,6,-1,32760,32774,32769,55,51
32,7,-2,32854,32769,32774,14,21
16,8,-3,32737,32774,32769,9,21
32,7,-2,32762,32769,32774,54,102
32,7,-2,32762,32769,32774,54,6
32,3,1,32770,32769,32774,3,4
16,4,0,32760,32774,32769,91,55
32,5,-1,32854,32769,32774,14,21
16,6,-2,32737,32774,32769,9,21
32,5,-1,32757,32769,32774,50,54
16,6,-1,32760,32774,32769,55,51
32,7,-2,32854,32769,32774,14,21
16,8,-3,32737,32774,32769,9,21
32,7,-2,32762,32769,32774,54,102
32,7,-2,32762,32769,32774,54,6
16,2,2,32770,32769,32768,105,103
32,3,1,32780,32768,32769,84,74
16,4,0,32770,32769,32768,91,55
16,4,0,32782,32769,32768,57,56
16,4,0,32686,32769,32768,19,12
32,5,-1,32803,32768,32769,0,12
16,4,0,32779,32769,32768,103,104
16,4,0,32788,32769,32768,103,105
16,4,0,32771,32769,32768,9,8
16,4,0,32772,32769,32768,9,7
16,4,0,32781,32769,32768,91,90
16,4,0,32781,32769,32768,91,89
16,4,0,32782,32769,32768,91,88
16,4,0,32782,32769,32768,91,87
16,4,0,32782,32769,32768,91,86
16,4,0,32782,32769,32768,91,85
16,4,0,32782,32769,32768,91,84
16,4,0,32780,32769,32768,91,92
16,4,0,32780,32769,32768,91,79
16,4,0,32778,32769,32768,91,67
16,4,0,32778,32769,32768,91,43
16,4,0,32780,32769,32768,91,31
16,4,0,32781,32769,32768,19,18
16,4,0,32781,32769,32768,19,17
16,4,0,32782,32769,32768,19,16
16,4,0,32782,32769,32768,19,15
16,4,0,32780,32769,32768,19,20
16,4,0,32780,32769,32768,19,7
16,4,0,32780,32769,32768,19,31
16,4,0,32778,32769,32768,19,43
16,4,0,32770,32769,32768,19,55
16,4,0,32778,32769,32768,19,67
16,4,0,32780,32769,32768,19,79
16,4,0,32770,32769,32768,93,79
16,4,0,32772,32769,32768,21,7
16,4,0,32770,32769,32768,21,31
16,4,0,32779,32769,32768,69,56
16,4,0,32779,32769,32768,45,56
16,4,0,32779,32769,32768,81,55
16,4,0,32781,32769,32768,33,7
16,4,0,32779,32769,32768,33,55
16,4,0,32779,32769,32768,102,101
16,4,0,32779,32769,32768,78,77
16,4,0,32779,32769,32768,54,53
16,4,0,32779,32769,32768,30,29
16,4,0,32779,32769,32768,6,5
16,2,2,32769,32769,32768,9,8
32,3,1,32779,32768,32769,84,74
16,4,0,32769,32769,32768,91,55
16,4,0,32781,32769,32768,57,56
16,4,0,32685,32769,32768,19,12
32,5,-1,32802,32768,32769,0,12
16,4,0,32770,32769,32768,105,104
16,4,0,32771,32769,32768,105,103
16,4,0,32780,32769,32768,8,7
16,4,0,32788,32769,32768,8,9
16,4,0,32777,32769,32768,8,20
16,4,0,32779,32769,32768,8,32
16,4,0,32775,32769,32768,8,44
16,4,0,32781,32769,32768,8,56
16,4,0,32775,32769,32768,8,68
16,4,0,32779,32769,32768,8,80
16,4,0,32777,32769,32768,8,92
16,4,0,32779,32769,32768,8,104
16,4,0,32780,32769,32768,91,90
16,4,0,32780,32769,32768,91,89
16,4,0,32781,32769,32768,91,88
16,4,0,32781,32769,32768,91,87
16,4,0,32781,32769,32768,91,86
16,4,0,32781,32769,32768,91,85
16,4,0,32781,32769,32768,91,84
16,4,0,32779,32769,32768,91,92
16,4,0,32779,32769,32768,91,79
16,4,0,32777,32769,32768,91,67
16,4,0,32777,32769,32768,91,43
16,4,0,32779,32769,32768,91,31
16,4,0,32779,32769,32768,91,103
16,4,0,32780,32769,32768,19,18
16,4,0,32780,32769,32768,19,17
16,4,0,32781,32769,32768,19,16
16,4,0,32781,32769,32768,19,15
16,4,0,32779,32769,32768,19,20
16,4,0,32779,32769,32768,19,7
16,4,0,32779,32769,32768,19,31
16,4,0,32777,32769,32768,19,43
16,4,0,32769,32769,32768,19,55
16,4,0,32777,32769,32768,19,67
16,4,0,32779,32769,32768,19,79
16,4,0,32769,32769,32768,93,79
16,4,0,32771,32769,32768,93,103
16,4,0,32771,32769,32768,21,7
16,4,0,32769,32769,32768,21,31
16,4,0,32778,32769,32768,69,56
16,4,0,32778,32769,32768,45,56
16,4,0,32778,32769,32768,81,55
16,4,0,32780,32769,32768,81,103
16,4,0,32780,32769,32768,33,7
16,4,0,32778,32769,32768,33,55
16,4,0,32778,32769,32768,102,101
16,4,0,32778,32769,32768,78,77
16,4,0,32778,32769,32768,54,53
16,4,0,32778,32769,32768,30,29
16,4,0,32778,32769,32768,6,5
16,2,2,32770,32769,32768,9,7
32,3,1,32780,32768,32769,84,74
16,4,0,32770,32769,32768,91,55
16,4,0,32782,32769,32768,57,56
16,4,0,32686,32769,32768,19,12
32,5,-1,32803,32768,32769,0,12
16,4,0,32771,32769,32768,105,104
16,4,0,32772,32769,32768,105,103
16,4,0,32779,32769,32768,7,8
16,4,0,32788,32769,32768,7,9
16,4,0,32781,32769,32768,91,90
16,4,0,32781,32769,32768,91,89
16,4,0,32782,32769,32768,91,88
16,4,0,32782,32769,32768,91,87
16,4,0,32782,32769,32768,91,86
16,4,0,32782,32769,32768,91,85
16,4,0,32782,32769,32768,91,84
16,4,0,32780,32769,32768,91,92
16,4,0,32780,32769,32768,91,79
16,4,0,32778,32769,32768,91,67
16,4,0,32778,32769,32768,91,43
16,4,0,32780,32769,32768,91,31
16,4,0,32780,32769,32768,91,103
16,4,0,32781,32769,32768,19,18
16,4,0,32781,32769,32768,19,17
16,4,0,32782,32769,32768,19,16
16,4,0,32782,32769,32768,19,15
16,4,0,32780,32769,32768,19,20
16,4,0,32780,32769,32768,19,31
16,4,0,32778,32769,32768,19,43
16,4,0,32770,32769,32768,19,55
16,4,0,32778,32769,32768,19,67
16,4,0,32780,32769,32768,19,79
16,4,0,32770,32769,32768,93,79
16,4,0,32772,32769,32768,93,103
16,4,0,32770,32769,32768,21,31
16,4,0,32779,32769,32768,69,56
16,4,0,32779,32769,32768,45,56
16,4,0,32779,32769,32768,81,55
16,4,0,32781,32769,32768,81,103
16,4,0,32779,32769,32768,33,55
16,4,0,32779,32769,32768,102,101
16,4,0,32779,32769,32768,78,77
16,4,0,32779,32769,32768,54,53
16,4,0,32779,32769,32768,30,29
16,4,0,32779,32769,32768,6,5
16,2,2,32779,32769,32768,91,90
32,3,1,32789,32768,32769,84,74
16,4,0,32791,32769,32768,57,56
16,4,0,32695,32769,32768,19,12
32,5,-1,32812,32768,32769,0,12
16,4,0,32780,32769,32768,105,104
16,4,0,32781,32769,32768,105,103
16,4,0,32780,32769,32768,9,8
16,4,0,32781,32769,32768,9,7
16,4,0,32789,32769,32768,90,89
16,4,0,32790,32769,32768,90,88
16,4,0,32790,32769,32768,90,87
16,4,0,32790,32769,32768,90,86
16,4,0,32790,32769,32768,90,85
16,4,0,32790,32769,32768,90,84
16,4,0,32788,32769,32768,90,91
16,4,0,32788,32769,32768,90,92
16,4,0,32790,32769,32768,19,18
16,4,0,32790,32769,32768,19,17
16,4,0,32791,32769,32768,19,16
16,4,0,32791,32769,32768,19,15
16,4,0,32789,32769,32768,19,20
16,4,0,32789,32769,32768,19,7
16,4,0,32789,32769,32768,19,31
16,4,0,32787,32769,32768,19,43
16,4,0,32779,32769,32768,19,55
16,4,0,32787,32769,32768,19,67
16,4,0,32789,32769,32768,19,79
16,4,0,32789,32769,32768,19,91
16,4,0,32789,32769,32768,19,103
16,4,0,32779,32769,32768,93,79
16,4,0,32781,32769,32768,93,103
16,4,0,32781,32769,32768,21,7
16,4,0,32779,32769,32768,21,31
16,4,0,32788,32769,32768,69,56
16,4,0,32788,32769,32768,45,56
16,4,0,32788,32769,32768,81,55
16,4,0,32790,32769,32768,81,103
16,4,0,32790,32769,32768,33,7
16,4,0,32788,32769,32768,33,55
16,4,0,32788,32769,32768,102,101
16,4,0,32788,32769,32768,78,77
16,4,0,32788,32769,32768,54,53
16,4,0,32788,32769,32768,30,29
16,4,0,32788,32769,32768,6,5
16,2,2,32779,32769,32768,91,89
32,3,1,32789,32768,32769,84,74
16,4,0,32791,32769,32768,57,56
16,4,0,32695,32769,32768,19,12
32,5,-1,32812,32768,32769,0,12
16,4,0,32780,32769,32768,105,104
16,4,0,32781,32769,32768,105,103
16,4,0,32780,32769,32768,9,8
16,4,0,32781,32769,32768,9,7
16,4,0,32790,32769,32768,89,88
16,4,0,32790,32769,32768,89,87
16,4,0,32790,32769,32768,89,86
16,4,0,32790,32769,32768,89,85
16,4,0,32790,32769,32768,89,84
16,4,0,32789,32769,32768,89,90
16,4,0,32788,32769,32768,89,91
16,4,0,32788,32769,32768,89,92
16,4,0,32789,32769,32768,89,77
16,4,0,32787,32769,32768,89,65
16,4,0,32786,32769,32768,89,53
16,4,0,32787,32769,32768,89,41
16,4,0,32789,32769,32768,89,29
16,4,0,32789,32769,32768,89,17
16,4,0,32789,32769,32768,89,5
16,4,0,32789,32769,32768,89,101
16,4,0,32790,32769,32768,19,18
16,4,0,32790,32769,32768,19,17
16,4,0,32791,32769,32768,19,16
16,4,0,32791,32769,32768,19,15
16,4,0,32789,32769,32768,19,20
16,4,0,32789,32769,32768,19,7
16,4,0,32789,32769,32768,19,31
16,4,0,32787,32769,32768,19,43
16,4,0,32779,32769,32768,19,55
16,4,0,32787,32769,32768,19,67
16,4,0,32789,32769,32768,19,79
16,4,0,32789,32769,32768,19,91
16,4,0,32789,32769,32768,19,103
16,4,0,32779,32769,32768,93,79
16,4,0,32781,32769,32768,93,103
16,4,0,32781,32769,32768,21,7
16,4,0,32779,32769,32768,21,31
16,4,0,32788,32769,32768,69,56
16,4,0,32788,32769,32768,45,56
16,4,0,32788,32769,32768,81,55
16,4,0,32790,32769,32768,81,103
16,4,0,32790,32769,32768,33,7
16,4,0,32788,32769,32768,33,55
16,4,0,32788,32769,32768,102,101
16,4,0,32788,32769,32768,78,77
16,4,0,32788,32769,32768,54,53
16,4,0,32788,32769,32768,30,29
16,4,0,32788,32769,32768,6,5
16,2,2,32780,32769,32768,91,88
32,3,1,32790,32768,32769,84,74
16,4,0,32792,32769,32768,57,56
16,4,0,32696,32769,32768,19,12
32,5,-1,32813,32768,32769,0,12
16,4,0,32781,32769,32768,105,104
16,4,0,32782,32769,32768,105,103
16,4,0,32781,32769,32768,9,8
16,4,0,32782,32769,32768,9,7
16,4,0,32790,32769,32768,88,87
16,4,0,32790,32769,32768,88,86
16,4,0,32790,32769,32768,88,85
16,4,0,32790,32769,32768,88,84
16,4,0,32789,32769,32768,88,89
16,4,0,32789,32769,32768,88,90
16,4,0,32788,32769,32768,88,91
16,4,0,32788,32769,32768,88,92
16,4,0,32790,32769,32768,88,76
16,4,0,32788,32769,32768,88,64
16,4,0,32787,32769,32768,88,52
16,4,0,32788,32769,32768,88,40
16,4,0,32790,32769,32768,88,28
16,4,0,32790,32769,32768,88,16
16,4,0,32790,32769,32768,88,4
16,4,0,32790,32769,32768,88,100
16,4,0,32791,32769,32768,19,18
16,4,0,32791,32769,32768,19,17
16,4,0,32792,32769,32768,19,16
16,4,0,32792,32769,32768,19,15
16,4,0,32790,32769,32768,19,20
16,4,0,32790,32769,32768,19,7
16,4,0,32790,32769,32768,19,31
16,4,0,32788,32769,32768,19,43
16,4,0,32780,32769,32768,19,55
16,4,0,32788,32769,32768,19,67
16,4,0,32790,32769,32768,19,79
16,4,0,32790,32769,32768,19,91
16,4,0,32790,32769,32768,19,103
16,4,0,32780,32769,32768,93,79
16,4,0,32782,32769,32768,93,103
16,4,0,32782,32769,32768,21,7
16,4,0,32780,32769,32768,21,31
16,4,0,32789,32769,32768,69,56
16,4,0,32789,32769,32768,45,56
16,4,0,32789,32769,32768,81,55
16,4,0,32791,32769,32768,81,103
16,4,0,32791,32769,32768,33,7
16,4,0,32789,32769,32768,33,55
16,4,0,32789,32769,32768,102,101
16,4,0,32789,32769,32768,78,77
16,4,0,32789,32769,32768,54,53
16,4,0,32789,32769,32768,30,29
16,4,0,32789,32769,32768,6,5
16,2,2,32780,32769,32768,91,87
32,3,1,32790,32768,32769,84,74
16,4,0,32792,32769,32768,57,56
16,4,0,32696,32769,32768,19,12
32,5,-1,32813,32768,32769,0,12
16,6,-2,32804,32769,32768,87,51
32,7,-2,32920,32768,32769,74,51
16,4,0,32781,32769,32768,87,51
32,5,0,32897,32768,32769,74,51
16,6,-1,32803,32769,32768,19,12
16,4,0,32781,32769,32768,105,104
16,4,0,32782,32769,32768,105,103
16,4,0,32781,32769,32768,9,8
16,4,0,32782,32769,32768,9,7
16,4,0,32790,32769,32768,87,86
16,4,0,32790,32769,32768,87,85
16,4,0,32790,32769,32768,87,84
16,4,0,32790,32769,32768,87,88
16,4,0,32789,32769,32768,87,89
16,4,0,32789,32769,32768,87,90
16,4,0,32788,32769,32768,87,91
16,4,0,32788,32769,32768,87,92
16,4,0,32791,32769,32768,19,18
16,4,0,32791,32769,32768,19,17
16,4,0,32792,32769,32768,19,16
16,4,0,32792,32769,32768,19,15
16,4,0,32790,32769,32768,19,20
16,4,0,32790,32769,32768,19,7
16,4,0,32790,32769,32768,19,31
16,4,0,32788,32769,32768,19,43
16,4,0,32780,32769,32768,19,55
16,4,0,32788,32769,32768,19,67
16,4,0,32790,32769,32768,19,79
16,4,0,32790,32769,32768,19,91
16,4,0,32790,32769,32768,19,103
16,4,0,32780,32769,32768,93,79
16,4,0,32782,32769,32768,93,103
16,4,0,32782,32769,32768,21,7
16,4,0,32780,32769,32768,21,31
16,4,0,32789,32769,32768,69,56
16,4,0,32789,32769,32768,45,56
16,4,0,32789,32769,32768,81,55
16,4,0,32791,32769,32768,81,103
16,4,0,32791,32769,32768,33,7
16,4,0,32789,32769,32768,33,55
16,4,0,32789,32769,32768,102,101
16,4,0,32789,32769,32768,78,77
16,4,0,32789,32769,32768,54,53
16,4,0,32789,32769,32768,30,29
16,4,0,32789,32769,32768,6,5
16,2,2,32780,32769,32768,91,86
32,3,1,32887,32768,32769,14,86
16,4,0,32889,32769,32768,57,56
16,4,0,32878,32769,32768,105,104
16,4,0,32879,32769,32768,105,103
16,4,0,32878,32769,32768,9,8
16,4,0,32879,32769,32768,9,7
16,4,0,32888,32769,32768,19,18
16,4,0,32888,32769,32768,19,17
16,4,0,32889,32769,32768,19,16
16,4,0,32889,32769,32768,19,15
16,4,0,32889,32769,32768,19,14
16,4,0,32889,32769,32768,19,13
16,4,0,32887,32769,32768,19,20
16,4,0,32887,32769,32768,19,7
16,4,0,32887,32769,32768,19,31
16,4,0,32885,32769,32768,19,43
16,4,0,32877,32769,32768,19,55
16,4,0,32885,32769,32768,19,67
16,4,0,32887,32769,32768,19,79
16,4,0,32887,32769,32768,19,91
16,4,0,32887,32769,32768,19,103
16,4,0,32877,32769,32768,93,79
16,4,0,32879,32769,32768,93,103
16,4,0,32879,32769,32768,21,7
16,4,0,32877,32769,32768,21,31
16,4,0,32886,32769,32768,69,56
16,4,0,32886,32769,32768,45,56
16,4,0,32886,32769,32768,81,55
16,4,0,32888,32769,32768,81,103
16,4,0,32888,32769,32768,33,7
16,4,0,32886,32769,32768,33,55
16,4,0,32886,32769,32768,102,101
16,4,0,32886,32769,32768,78,77
16,4,0,32886,32769,32768,54,53
16,4,0,32886,32769,32768,30,29
16,4,0,32886,32769,32768,6,5
16,2,2,32780,32769,32768,91,85
32,3,1,32789,32768,32769,96,97
16,4,0,32791,32769,32768,57,56
16,4,0,32695,32769,32768,19,12
32,5,-1,32812,32768,32769,0,12
16,4,0,32780,32769,32768,105,104
16,4,0,32781,32769,32768,105,103
16,4,0,32780,32769,32768,9,8
16,4,0,32781,32769,32768,9,7
16,4,0,32789,32769,32768,85,86
16,4,0,32789,32769,32768,85,87
16,4,0,32789,32769,32768,85,88
16,4,0,32788,32769,32768,85,89
16,4,0,32788,32769,32768,85,90
16,4,0,32787,32769,32768,85,91
16,4,0,32787,32769,32768,85,92
16,4,0,32789,32769,32768,85,73
16,4,0,32790,32769,32768,85,61
16,4,0,32790,32769,32768,85,49
16,4,0,32790,32769,32768,85,37
16,4,0,32789,32769,32768,85,25
16,4,0,32789,32769,32768,85,13
16,4,0,32788,32769,32768,85,1
16,4,0,32790,32769,32768,19,18
16,4,0,32790,32769,32768,19,17
16,4,0,32791,32769,32768,19,16
16,4,0,32791,32769,32768,19,15
16,4,0,32789,32769,32768,19,20
16,4,0,32789,32769,32768,19,7
16,4,0,32789,32769,32768,19,31
16,4,0,32787,32769,32768,19,43
16,4,0,32779,32769,32768,19,55
16,4,0,32787,32769,32768,19,67
16,4,0,32789,32769,32768,19,79
16,4,0,32789,32769,32768,19,91
16,4,0,32789,32769,32768,19,103
16,4,0,32779,32769,32768,93,79
16,4,0,32781,32769,32768,93,103
16,4,0,32781,32769,32768,21,7
16,4,0,32779,32769,32768,21,31
16,4,0,32788,32769,32768,69,56
16,4,0,32788,32769,32768,45,56
16,4,0,32788,32769,32768,81,55
16,4,0,32790,32769,32768,81,103
16,4,0,32790,32769,32768,33,7
16,4,0,32788,32769,32768,33,55
16,4,0,32788,32769,32768,102,101
16,4,0,32788,32769,32768,78,77
16,4,0,32788,32769,32768,54,53
16,4,0,32788,32769,32768,30,29
16,4,0,32788,32769,32768,6,5
16,2,2,32778,32769,32768,91,79
32,3,1,32787,32768,32769,96,97
16,4,0,32789,32769,32768,57,56
16,4,0,32693,32769,32768,19,12
32,5,-1,32810,32768,32769,0,12
16,6,-2,32807,32769,32768,79,75
16,4,0,32784,32769,32768,79,75
16,4,0,32778,32769,32768,105,104
16,4,0,32779,32769,32768,105,103
16,4,0,32778,32769,32768,9,8
16,4,0,32779,32769,32768,9,7
16,4,0,32787,32769,32768,79,80
16,4,0,32785,32769,32768,79,67
16,4,0,32777,32769,32768,79,55
16,4,0,32785,32769,32768,79,43
16,4,0,32787,32769,32768,79,31
16,4,0,32787,32769,32768,79,91
16,4,0,32787,32769,32768,79,103
16,4,0,32788,32769,32768,19,18
16,4,0,32788,32769,32768,19,17
16,4,0,32789,32769,32768,19,16
16,4,0,32789,32769,32768,19,15
16,4,0,32787,32769,32768,19,20
16,4,0,32787,32769,32768,19,7
16,4,0,32787,32769,32768,19,31
16,4,0,32785,32769,32768,19,43
16,4,0,32777,32769,32768,19,55
16,4,0,32785,32769,32768,19,67
16,4,0,32779,32769,32768,93,103
16,4,0,32779,32769,32768,21,7
16,4,0,32777,32769,32768,21,31
16,4,0,32786,32769,32768,69,56
16,4,0,32786,32769,32768,45,56
16,4,0,32786,32769,32768,81,55
16,4,0,32788,32769,32768,81,103
16,4,0,32788,32769,32768,33,7
16,4,0,32786,32769,32768,33,55
16,4,0,32786,32769,32768,102,101
16,4,0,32786,32769,32768,78,77
16,4,0,32786,32769,32768,54,53
16,4,0,32786,32769,32768,30,29
16,4,0,32786,32769,32768,6,5
16,2,2,32776,32769,32768,91,67
32,3,1,32785,32768,32769,96,97
16,4,0,32787,32769,32768,57,56
16,4,0,32691,32769,32768,19,12
32,5,-1,32808,32768,32769,0,12
16,4,0,32776,32769,32768,105,104
16,4,0,32777,32769,32768,105,103
16,4,0,32776,32769,32768,9,8
16,4,0,32777,32769,32768,9,7
16,4,0,32786,32769,32768,67,66
16,4,0,32786,32769,32768,67,65
16,4,0,32787,32769,32768,67,64
16,4,0,32788,32769,32768,67,63
16,4,0,32789,32769,32768,67,62
16,4,0,32790,32769,32768,67,61
16,4,0,32787,32769,32768,67,68
16,4,0,32777,32769,32768,67,55
16,4,0,32785,32769,32768,67,43
16,4,0,32787,32769,32768,67,31
16,4,0,32787,32769,32768,67,79
16,4,0,32787,32769,32768,67,91
16,4,0,32787,32769,32768,67,103
16,4,0,32786,32769,32768,19,18
16,4,0,32786,32769,32768,19,17
16,4,0,32787,32769,32768,19,16
16,4,0,32787,32769,32768,19,15
16,4,0,32785,32769,32768,19,20
16,4,0,32785,32769,32768,19,7
16,4,0,32785,32769,32768,19,31
16,4,0,32783,32769,32768,19,43
16,4,0,32775,32769,32768,19,55
16,4,0,32775,32769,32768,93,79
16,4,0,32777,32769,32768,93,103
16,4,0,32777,32769,32768,21,7
16,4,0,32775,32769,32768,21,31
16,4,0,32784,32769,32768,69,56
16,4,0,32784,32769,32768,45,56
16,4,0,32784,32769,32768,81,55
16,4,0,32786,32769,32768,81,103
16,4,0,32786,32769,32768,33,7
16,4,0,32784,32769,32768,33,55
16,4,0,32784,32769,32768,102,101
16,4,0,32784,32769,32768,78,77
16,4,0,32784,32769,32768,54,53
16,4,0,32784,32769,32768,30,29
16,4,0,32784,32769,32768,6,5
16,2,2,32776,32769,32768,91,43
32,3,1,32785,32768,32769,96,97
16,4,0,32787,32769,32768,57,56
16,4,0,32691,32769,32768,19,12
32,5,-1,32808,32768,32769,0,12
16,4,0,32776,32769,32768,105,104
16,4,0,32777,32769,32768,105,103
16,4,0,32776,32769,32768,9,8
16,4,0,32777,32769,32768,9,7
16,4,0,32786,32769,32768,43,42
16,4,0,32786,32769,32768,43,41
16,4,0,32787,32769,32768,43,40
16,4,0,32788,32769,32768,43,39
16,4,0,32789,32769,32768,43,38
16,4,0,32790,32769,32768,43,37
16,4,0,32787,32769,32768,43,44
16,4,0,32787,32769,32768,43,31
16,4,0,32777,32769,32768,43,55
16,4,0,32785,32769,32768,43,67
16,4,0,32787,32769,32768,43,79
16,4,0,32787,32769,32768,43,91
16,4,0,32787,32769,32768,43,103
16,4,0,32786,32769,32768,19,18
16,4,0,32786,32769,32768,19,17
16,4,0,32787,32769,32768,19,16
16,4,0,32787,32769,32768,19,15
16,4,0,32785,32769,32768,19,20
16,4,0,32785,32769,32768,19,7
16,4,0,32785,32769,32768,19,31
16,4,0,32775,32769,32768,93,79
16,4,0,32777,32769,32768,93,103
16,4,0,32777,32769,32768,21,7
16,4,0,32775,32769,32768,21,31
16,4,0,32784,32769,32768,69,56
16,4,0,32784,32769,32768,45,56
16,4,0,32784,32769,32768,81,55
16,4,0,32786,32769,32768,81,103
16,4,0,32786,32769,32768,33,7
16,4,0,32784,32769,32768,33,55
16,4,0,32784,32769,32768,102,101
16,4,0,32784,32769,32768,78,77
16,4,0,32784,32769,32768,54,53
16,4,0,32784,32769,32768,30,29
16,4,0,32784,32769,32768,6,5
16,2,2,32778,32769,32768,91,31
32,3,1,32787,32768,32769,96,97
16,4,0,32789,32769,32768,57,56
16,4,0,32693,32769,32768,19,12
32,5,-1,32810,32768,32769,0,12
16,6,-2,32807,32769,32768,31,27
16,4,0,32784,32769,32768,31,27
16,4,0,32778,32769,32768,105,104
16,4,0,32779,32769,32768,105,103
16,4,0,32778,32769,32768,9,8
16,4,0,32779,32769,32768,9,7
16,4,0,32787,32769,32768,31,32
16,4,0,32785,32769,32768,31,43
16,4,0,32777,32769,32768,31,55
16,4,0,32785,32769,32768,31,67
16,4,0,32787,32769,32768,31,79
16,4,0,32787,32769,32768,31,91
16,4,0,32787,32769,32768,31,103
16,4,0,32788,32769,32768,19,18
16,4,0,32788,32769,32768,19,17
16,4,0,32789,32769,32768,19,16
16,4,0,32789,32769,32768,19,15
16,4,0,32787,32769,32768,19,20
16,4,0,32787,32769,32768,19,7
16,4,0,32777,32769,32768,93,79
16,4,0,32779,32769,32768,93,103
16,4,0,32779,32769,32768,21,7
16,4,0,32786,32769,32768,69,56
16,4,0,32786,32769,32768,45,56
16,4,0,32786,32769,32768,81,55
16,4,0,32788,32769,32768,81,103
16,4,0,32788,32769,32768,33,7
16,4,0,32786,32769,32768,33,55
16,4,0,32786,32769,32768,102,101
16,4,0,32786,32769,32768,78,77
16,4,0,32786,32769,32768,54,53
16,4,0,32786,32769,32768,30,29
16,4,0,32786,32769,32768,6,5
16,2,2,32778,32769,32768,91,103
32,3,1,32787,32768,32769,96,97
16,4,0,32789,32769,32768,57,56
16,4,0,32693,32769,32768,19,12
32,5,-1,32810,32768,32769,0,12
16,6,-2,32807,32769,32768,103,99
16,4,0,32784,32769,32768,103,99
16,4,0,32778,32769,32768,105,104
16,4,0,32778,32769,32768,9,8
16,4,0,32779,32769,32768,9,7
16,4,0,32788,32769,32768,103,104
16,4,0,32787,32769,32768,103,91
16,4,0,32787,32769,32768,103,79
16,4,0,32785,32769,32768,103,67
16,4,0,32777,32769,32768,103,55
16,4,0,32785,32769,32768,103,43
16,4,0,32787,32769,32768,103,31
16,4,0,32788,32769,32768,19,18
16,4,0,32788,32769,32768,19,17
16,4,0,32789,32769,32768,19,16
16,4,0,32789,32769,32768,19,15
16,4,0,32787,32769,32768,19,20
16,4,0,32787,32769,32768,19,7
16,4,0,32787,32769,32768,19,31
16,4,0,32785,32769,32768,19,43
16,4,0,32777,32769,32768,19,55
16,4,0,32785,32769,32768,19,67
16,4,0,32787,32769,32768,19,79
16,4,0,32787,32769,32768,19,91
16,4,0,32777,32769,32768,93,79
16,4,0,32779,32769,32768,21,7
16,4,0,32777,32769,32768,21,31
16,4,0,32786,32769,32768,69,56
16,4,0,32786,32769,32768,45,56
16,4,0,32786,32769,32768,81,55
16,4,0,32788,32769,32768,33,7
16,4,0,32786,32769,32768,33,55
16,4,0,32786,32769,32768,102,101
16,4,0,32786,32769,32768,78,77
16,4,0,32786,32769,32768,54,53
16,4,0,32786,32769,32768,30,29
16,4,0,32786,32769,32768,6,5
16,2,2,32779,32769,32768,19,18
32,3,1,32788,32768,32769,96,97
16,4,0,32778,32769,32768,91,55
16,4,0,32790,32769,32768,57,56
16,4,0,32693,32769,32768,18,12
32,5,-1,32810,32768,32769,0,12
16,4,0,32779,32769,32768,105,104
16,4,0,32780,32769,32768,105,103
16,4,0,32779,32769,32768,9,8
16,4,0,32780,32769,32768,9,7
16,4,0,32789,32769,32768,91,90
16,4,0,32789,32769,32768,91,89
16,4,0,32790,32769,32768,91,88
16,4,0,32790,32769,32768,91,87
16,4,0,32790,32769,32768,91,86
16,4,0,32790,32769,32768,91,85
16,4,0,32788,32769,32768,91,92
16,4,0,32788,32769,32768,91,79
16,4,0,32786,32769,32768,91,67
16,4,0,32786,32769,32768,91,43
16,4,0,32788,32769,32768,91,31
16,4,0,32788,32769,32768,91,19
16,4,0,32788,32769,32768,91,7
16,4,0,32788,32769,32768,91,103
16,4,0,32788,32769,32768,18,17
16,4,0,32789,32769,32768,18,16
16,4,0,32789,32769,32768,18,15
16,4,0,32787,32769,32768,18,19
16,4,0,32787,32769,32768,18,20
16,4,0,32778,32769,32768,93,79
16,4,0,32780,32769,32768,93,103
16,4,0,32780,32769,32768,21,7
16,4,0,32778,32769,32768,21,31
16,4,0,32787,32769,32768,69,56
16,4,0,32787,32769,32768,45,56
16,4,0,32787,32769,32768,81,55
16,4,0,32789,32769,32768,81,103
16,4,0,32789,32769,32768,33,7
16,4,0,32787,32769,32768,33,55
16,4,0,32787,32769,32768,102,101
16,4,0,32787,32769,32768,78,77
16,4,0,32787,32769,32768,54,53
16,4,0,32787,32769,32768,30,29
16,4,0,32787,32769,32768,6,5
16,2,2,32779,32769,32768,19,17
32,3,1,32788,32768,32769,96,97
16,4,0,32778,32769,32768,91,55
16,4,0,32790,32769,32768,57,56
16,4,0,32693,32769,32768,17,12
32,5,-1,32810,32768,32769,0,12
16,4,0,32779,32769,32768,105,104
16,4,0,32780,32769,32768,105,103
16,4,0,32779,32769,32768,9,8
16,4,0,32780,32769,32768,9,7
16,4,0,32789,32769,32768,91,90
16,4,0,32789,32769,32768,91,89
16,4,0,32790,32769,32768,91,88
16,4,0,32790,32769,32768,91,87
16,4,0,32790,32769,32768,91,86
16,4,0,32790,32769,32768,91,85
16,4,0,32788,32769,32768,91,92
16,4,0,32788,32769,32768,91,79
16,4,0,32786,32769,32768,91,67
16,4,0,32786,32769,32768,91,43
16,4,0,32788,32769,32768,91,31
16,4,0,32788,32769,32768,91,19
16,4,0,32788,32769,32768,91,7
16,4,0,32788,32769,32768,91,103
16,4,0,32789,32769,32768,17,16
16,4,0,32789,32769,32768,17,15
16,4,0,32788,32769,32768,17,18
16,4,0,32787,32769,32768,17,19
16,4,0,32787,32769,32768,17,20
16,4,0,32788,32769,32768,17,5
16,4,0,32788,32769,32768,17,29
16,4,0,32786,32769,32768,17,41
16,4,0,32785,32769,32768,17,53
16,4,0,32786,32769,32768,17,65
16,4,0,32788,32769,32768,17,77
16,4,0,32788,32769,32768,17,89
16,4,0,32788,32769,32768,17,101
16,4,0,32778,32769,32768,93,79
16,4,0,32780,32769,32768,93,103
16,4,0,32780,32769,32768,21,7
16,4,0,32778,32769,32768,21,31
16,4,0,32787,32769,32768,69,56
16,4,0,32787,32769,32768,45,56
16,4,0,32787,32769,32768,81,55
16,4,0,32789,32769,32768,81,103
16,4,0,32789,32769,32768,33,7
16,4,0,32787,32769,32768,33,55
16,4,0,32787,32769,32768,102,101
16,4,0,32787,32769,32768,78,77
16,4,0,32787,32769,32768,54,53
16,4,0,32787,32769,32768,30,29
16,4,0,32787,32769,32768,6,5
16,2,2,32780,32769,32768,19,16
32,3,1,32789,32768,32769,96,97
16,4,0,32779,32769,32768,91,55
16,4,0,32791,32769,32768,57,56
16,4,0,32693,32769,32768,16,12
32,5,-1,32810,32768,32769,0,12
16,4,0,32780,32769,32768,105,104
16,4,0,32781,32769,32768,105,103
16,4,0,32780,32769,32768,9,8
16,4,0,32781,32769,32768,9,7
16,4,0,32790,32769,32768,91,90
16,4,0,32790,32769,32768,91,89
16,4,0,32791,32769,32768,91,88
16,4,0,32791,32769,32768,91,87
16,4,0,32791,32769,32768,91,86
16,4,0,32791,32769,32768,91,85
16,4,0,32789,32769,32768,91,92
16,4,0,32789,32769,32768,91,79
16,4,0,32787,32769,32768,91,67
16,4,0,32787,32769,32768,91,43
16,4,0,32789,32769,32768,91,31
16,4,0,32789,32769,32768,91,19
16,4,0,32789,32769,32768,91,7
16,4,0,32789,32769,32768,91,103
16,4,0,32789,32769,32768,16,15
16,4,0,32788,32769,32768,16,17
16,4,0,32788,32769,32768,16,18
16,4,0,32787,32769,32768,16,19
16,4,0,32787,32769,32768,16,20
16,4,0,32789,32769,32768,16,4
16,4,0,32789,32769,32768,16,28
16,4,0,32787,32769,32768,16,40
16,4,0,32786,32769,32768,16,52
16,4,0,32787,32769,32768,16,64
16,4,0,32789,32769,32768,16,76
16,4,0,32789,32769,32768,16,88
16,4,0,32789,32769,32768,16,100
16,4,0,32779,32769,32768,93,79
16,4,0,32781,32769,32768,93,103
16,4,0,32781,32769,32768,21,7
16,4,0,32779,32769,32768,21,31
16,4,0,32788,32769,32768,69,56
16,4,0,32788,32769,32768,45,56
16,4,0,32788,32769,32768,81,55
16,4,0,32790,32769,32768,81,103
16,4,0,32790,32769,32768,33,7
16,4,0,32788,32769,32768,33,55
16,4,0,32788,32769,32768,102,101
16,4,0,32788,32769,32768,78,77
16,4,0,32788,32769,32768,54,53
16,4,0,32788,32769,32768,30,29
16,4,0,32788,32769,32768,6,5
16,2,2,32780,32769,32768,19,15
32,3,1,32789,32768,32769,96,97
16,4,0,32779,32769,32768,91,55
16,4,0,32791,32769,32768,57,56
16,4,0,32693,32769,32768,15,12
32,5,-1,32810,32768,32769,0,12
16,4,0,32780,32769,32768,15,51
32,5,0,32777,32768,32769,50,54
16,6,-1,32775,32769,32768,51,99
16,6,-1,32775,32769,32768,51,3
16,4,0,32780,32769,32768,105,104
16,4,0,32781,32769,32768,105,103
16,4,0,32780,32769,32768,9,8
16,4,0,32781,32769,32768,9,7
16,4,0,32790,32769,32768,91,90
16,4,0,32790,32769,32768,91,89
16,4,0,32791,32769,32768,91,88
16,4,0,32791,32769,32768,91,87
16,4,0,32791,32769,32768,91,86
16,4,0,32791,32769,32768,91,85
16,4,0,32789,32769,32768,91,92
16,4,0,32789,32769,32768,91,79
16,4,0,32787,32769,32768,91,67
16,4,0,32787,32769,32768,91,43
16,4,0,32789,32769,32768,91,31
16,4,0,32789,32769,32768,91,19
16,4,0,32789,32769,32768,91,7
16,4,0,32789,32769,32768,91,103
16,4,0,32789,32769,32768,15,16
16,4,0,32788,32769,32768,15,17
16,4,0,32788,32769,32768,15,18
16,4,0,32787,32769,32768,15,19
16,4,0,32787,32769,32768,15,20
16,4,0,32779,32769,32768,93,79
16,4,0,32781,32769,32768,93,103
16,4,0,32781,32769,32768,21,7
16,4,0,32779,32769,32768,21,31
16,4,0,32788,32769,32768,69,56
16,4,0,32788,32769,32768,45,56
16,4,0,32788,32769,32768,81,55
16,4,0,32790,32769,32768,81,103
16,4,0,32790,32769,32768,33,7
16,4,0,32788,32769,32768,33,55
16,4,0,32788,32769,32768,102,101
16,4,0,32788,32769,32768,78,77
16,4,0,32788,32769,32768,54,53
16,4,0,32788,32769,32768,30,29
16,4,0,32788,32769,32768,6,5
16,2,2,32778,32769,32768,19,20
32,3,1,32787,32768,32769,96,97
16,4,0,32777,32769,32768,91,55
16,4,0,32789,32769,32768,57,56
16,4,0,32693,32769,32768,20,12
32,5,-1,32810,32768,32769,0,12
16,4,0,32778,32769,32768,105,104
16,4,0,32779,32769,32768,105,103
16,4,0,32778,32769,32768,9,8
16,4,0,32779,32769,32768,9,7
16,4,0,32788,32769,32768,91,90
16,4,0,32788,32769,32768,91,89
16,4,0,32789,32769,32768,91,88
16,4,0,32789,32769,32768,91,87
16,4,0,32789,32769,32768,91,86
16,4,0,32789,32769,32768,91,85
16,4,0,32787,32769,32768,91,92
16,4,0,32787,32769,32768,91,79
16,4,0,32785,32769,32768,91,67
16,4,0,32785,32769,32768,91,43
16,4,0,32787,32769,32768,91,31
16,4,0,32787,32769,32768,91,19
16,4,0,32787,32769,32768,91,7
16,4,0,32787,32769,32768,91,103
16,4,0,32787,32769,32768,20,19
16,4,0,32788,32769,32768,20,18
16,4,0,32788,32769,32768,20,17
16,4,0,32789,32769,32768,20,16
16,4,0,32789,32769,32768,20,15
16,4,0,32788,32769,32768,20,8
16,4,0,32787,32769,32768,20,32
16,4,0,32787,32769,32768,20,44
16,4,0,32788,32769,32768,20,56
16,4,0,32787,32769,32768,20,68
16,4,0,32787,32769,32768,20,80
16,4,0,32787,32769,32768,20,92
16,4,0,32788,32769,32768,20,104
16,4,0,32777,32769,32768,93,79
16,4,0,32779,32769,32768,93,103
16,4,0,32786,32769,32768,69,56
16,4,0,32786,32769,32768,45,56
16,4,0,32786,32769,32768,81,55
16,4,0,32788,32769,32768,81,103
16,4,0,32786,32769,32768,33,55
16,4,0,32786,32769,32768,102,101
16,4,0,32786,32769,32768,78,77
16,4,0,32786,32769,32768,54,53
16,4,0,32786,32769,32768,30,29
16,4,0,32786,32769,32768,6,5
16,2,2,32778,32769,32768,19,7
32,3,1,32787,32768,32769,96,97
16,4,0,32777,32769,32768,91,55
16,4,0,32789,32769,32768,57,56
16,4,0,32784,32769,32768,7,3
16,4,0,32778,32769,32768,105,104
16,4,0,32779,32769,32768,105,103
16,4,0,32778,32769,32768,9,8
16,4,0,32788,32769,32768,91,90
16,4,0,32788,32769,32768,91,89
16,4,0,32789,32769,32768,91,88
16,4,0,32789,32769,32768,91,87
16,4,0,32789,32769,32768,91,86
16,4,0,32789,32769,32768,91,85
16,4,0,32787,32769,32768,91,92
16,4,0,32787,32769,32768,91,79
16,4,0,32785,32769,32768,91,67
16,4,0,32785,32769,32768,91,43
16,4,0,32787,32769,32768,91,31
16,4,0,32787,32769,32768,91,19
16,4,0,32787,32769,32768,91,103
16,4,0,32788,32769,32768,7,8
16,4,0,32787,32769,32768,7,19
16,4,0,32787,32769,32768,7,31
16,4,0,32785,32769,32768,7,43
16,4,0,32777,32769,32768,7,55
16,4,0,32785,32769,32768,7,67
16,4,0,32787,32769,32768,7,79
16,4,0,32777,32769,32768,93,79
16,4,0,32779,32769,32768,93,103
16,4,0,32777,32769,32768,21,31
16,4,0,32786,32769,32768,69,56
16,4,0,32786,32769,32768,45,56
16,4,0,32786,32769,32768,81,55
16,4,0,32788,32769,32768,81,103
16,4,0,32786,32769,32768,33,55
16,4,0,32786,32769,32768,102,101
16,4,0,32786,32769,32768,78,77
16,4,0,32786,32769,32768,54,53
16,4,0,32786,32769,32768,30,29
16,4,0,32786,32769,32768,6,5
16,2,2,32778,32769,32768,19,31
32,3,1,32787,32768,32769,96,97
16,4,0,32777,32769,32768,91,55
16,4,0,32789,32769,32768,57,56
16,4,0,32784,32769,32768,31,27
16,4,0,32778,32769,32768,105,104
16,4,0,32779,32769,32768,105,103
16,4,0,32778,32769,32768,9,8
16,4,0,32779,32769,32768,9,7
16,4,0,32788,32769,32768,91,90
16,4,0,32788,32769,32768,91,89
16,4,0,32789,32769,32768,91,88
16,4,0,32789,32769,32768,91,87
16,4,0,32789,32769,32768,91,86
16,4,0,32789,32769,32768,91,85
16,4,0,32787,32769,32768,91,92
16,4,0,32787,32769,32768,91,79
16,4,0,32785,32769,32768,91,67
16,4,0,32785,32769,32768,91,43
16,4,0,32787,32769,32768,91,103
16,4,0,32787,32769,32768,31,32
16,4,0,32787,32769,32768,31,19
16,4,0,32787,32769,32768,31,7
16,4,0,32785,32769,32768,31,43
16,4,0,32777,32769,32768,31,55
16,4,0,32785,32769,32768,31,67
16,4,0,32787,32769,32768,31,79
16,4,0,32777,32769,32768,93,79
16,4,0,32779,32769,32768,93,103
16,4,0,32779,32769,32768,21,7
16,4,0,32786,32769,32768,69,56
16,4,0,32786,32769,32768,45,56
16,4,0,32786,32769,32768,81,55
16,4,0,32788,32769,32768,81,103
16,4,0,32788,32769,32768,33,7
16,4,0,32786,32769,32768,33,55
16,4,0,32786,32769,32768,102,101
16,4,0,32786,32769,32768,78,77
16,4,0,32786,32769,32768,54,53
16,4,0,32786,32769,32768,30,29
16,4,0,32786,32769,32768,6,5
16,2,2,32776,32769,32768,19,43
32,3,1,32785,32768,32769,96,97
16,4,0,32775,32769,32768,91,55
16,4,0,32787,32769,32768,57,56
16,4,0,32776,32769,32768,105,104
16,4,0,32777,32769,32768,105,103
16,4,0,32776,32769,32768,9,8
16,4,0,32777,32769,32768,9,7
16,4,0,32786,32769,32768,91,90
16,4,0,32786,32769,32768,91,89
16,4,0,32787,32769,32768,91,88
16,4,0,32787,32769,32768,91,87
16,4,0,32787,32769,32768,91,86
16,4,0,32787,32769,32768,91,85
16,4,0,32785,32769,32768,91,92
16,4,0,32785,32769,32768,91,79
16,4,0,32783,32769,32768,91,67
16,4,0,32785,32769,32768,91,103
16,4,0,32786,32769,32768,43,42
16,4,0,32786,32769,32768,43,41
16,4,0,32787,32769,32768,43,40
16,4,0,32788,32769,32768,43,39
16,4,0,32789,32769,32768,43,38
16,4,0,32790,32769,32768,43,37
16,4,0,32787,32769,32768,43,44
16,4,0,32787,32769,32768,43,31
16,4,0,32787,32769,32768,43,19
16,4,0,32787,32769,32768,43,7
16,4,0,32777,32769,32768,43,55
16,4,0,32785,32769,32768,43,67
16,4,0,32787,32769,32768,43,79
16,4,0,32775,32769,32768,93,79
16,4,0,32777,32769,32768,93,103
16,4,0,32777,32769,32768,21,7
16,4,0,32775,32769,32768,21,31
16,4,0,32784,32769,32768,69,56
16,4,0,32784,32769,32768,45,56
16,4,0,32784,32769,32768,81,55
16,4,0,32786,32769,32768,81,103
16,4,0,32786,32769,32768,33,7
16,4,0,32784,32769,32768,33,55
16,4,0,32784,32769,32768,102,101
16,4,0,32784,32769,32768,78,77
16,4,0,32784,32769,32768,54,53
16,4,0,32784,32769,32768,30,29
16,4,0,32784,32769,32768,6,5
16,2,2,32768,32769,32768,19,55
32,3,1,32777,32768,32769,96,97
16,4,0,32779,32769,32768,57,56
16,4,0,32780,32769,32768,55,51
32,5,0,32777,32768,32769,50,54
16,6,-1,32775,32769,32768,51,99
16,6,-1,32775,32769,32768,51,3
16,4,0,32768,32769,32768,105,104
32,5,-1,32765,32768,32769,50,54
16,6,-1,32768,32769,32768,55,51
32,7,-2,32770,32768,32769,54,102
16,8,-3,32664,32769,32768,104,102
32,7,-2,32770,32768,32769,54,6
16,8,-3,32655,32769,32768,9,6
32,3,1,32778,32768,32769,84,74
16,4,0,32769,32769,32768,105,104
16,4,0,32781,32769,32768,55,51
32,5,0,32897,32768,32769,74,51
16,4,0,32780,32769,32768,57,56
16,4,0,32770,32769,32768,105,103
16,4,0,32769,32769,32768,9,8
16,4,0,32770,32769,32768,9,7
16,4,0,32779,32769,32768,91,90
16,4,0,32779,32769,32768,91,89
16,4,0,32780,32769,32768,91,88
16,4,0,32780,32769,32768,91,87
16,4,0,32780,32769,32768,91,86
16,4,0,32780,32769,32768,91,85
16,4,0,32780,32769,32768,91,84
16,4,0,32778,32769,32768,91,92
16,4,0,32778,32769,32768,91,79
16,4,0,32776,32769,32768,91,67
16,4,0,32778,32769,32768,91,103
16,4,0,32789,32769,32768,55,56
16,4,0,32786,32769,32768,55,43
16,4,0,32788,32769,32768,55,31
16,4,0,32788,32769,32768,55,19
16,4,0,32788,32769,32768,55,7
16,4,0,32786,32769,32768,55,67
16,4,0,32788,32769,32768,55,79
16,4,0,32768,32769,32768,93,79
32,5,-1,32765,32768,32769,50,54
16,6,-1,32649,32769,32768,79,54
32,3,1,32765,32768,32769,50,54
16,4,1,32768,32769,32768,55,51
32,5,0,32777,32768,32769,96,97
16,6,-1,32775,32769,32768,51,99
16,6,-1,32775,32769,32768,51,3
16,4,1,32773,32769,32768,55,43
32,5,0,32782,32768,32769,96,97
16,4,1,32775,32769,32768,55,31
32,5,0,32784,32768,32769,96,97
16,6,-1,32781,32769,32768,31,27
16,4,1,32775,32769,32768,55,19
32,5,0,32784,32768,32769,96,97
16,6,-1,32690,32769,32768,19,12
32,7,-2,32807,32768,32769,0,12
16,4,1,32775,32769,32768,55,7
32,5,0,32784,32768,32769,96,97
16,6,-1,32781,32769,32768,7,3
16,4,1,32773,32769,32768,55,67
32,5,0,32782,32768,32769,96,97
16,4,1,32775,32769,32768,55,79
32,5,0,32784,32768,32769,96,97
16,6,-1,32781,32769,32768,79,75
16,4,1,32764,32769,32768,69,56
32,5,0,32798,32768,32769,54,56
16,6,-1,32694,32769,32768,57,56
32,5,0,32773,32768,32769,96,97
16,6,-1,32776,32769,32768,55,51
16,4,1,32764,32769,32768,45,56
32,5,0,32798,32768,32769,54,56
16,6,-1,32694,32769,32768,57,56
32,5,0,32773,32768,32769,96,97
16,6,-1,32776,32769,32768,55,51
16,2,2,32776,32769,32768,19,67
32,3,1,32785,32768,32769,96,97
16,4,0,32775,32769,32768,93,79
16,4,0,32787,32769,32768,57,56
16,4,0,32776,32769,32768,105,104
16,4,0,32777,32769,32768,105,103
16,4,0,32776,32769,32768,9,8
16,4,0,32777,32769,32768,9,7
16,4,0,32786,32769,32768,91,90
16,4,0,32786,32769,32768,91,89
16,4,0,32787,32769,32768,91,88
16,4,0,32787,32769,32768,91,87
16,4,0,32787,32769,32768,91,86
16,4,0,32787,32769,32768,91,85
16,4,0,32785,32769,32768,91,92
16,4,0,32785,32769,32768,91,79
16,4,0,32785,32769,32768,91,103
16,4,0,32786,32769,32768,67,66
16,4,0,32786,32769,32768,67,65
16,4,0,32787,32769,32768,67,64
16,4,0,32788,32769,32768,67,63
16,4,0,32789,32769,32768,67,62
16,4,0,32790,32769,32768,67,61
16,4,0,32787,32769,32768,67,68
16,4,0,32777,32769,32768,67,55
16,4,0,32785,32769,32768,67,43
16,4,0,32787,32769,32768,67,31
16,4,0,32787,32769,32768,67,19
16,4,0,32787,32769,32768,67,7
16,4,0,32787,32769,32768,67,79
16,4,0,32777,32769,32768,93,103
16,4,0,32777,32769,32768,21,7
16,4,0,32775,32769,32768,21,31
16,4,0,32784,32769,32768,69,56
16,4,0,32784,32769,32768,45,56
16,4,0,32784,32769,32768,81,55
16,4,0,32786,32769,32768,81,103
16,4,0,32786,32769,32768,33,7
16,4,0,32784,32769,32768,33,55
16,4,0,32784,32769,32768,102,101
16,4,0,32784,32769,32768,78,77
16,4,0,32784,32769,32768,54,53
16,4,0,32784,32769,32768,30,29
16,4,0,32784,32769,32768,6,5
16,2,2,32778,32769,32768,19,79
32,3,1,32787,32768,32769,96,97
16,4,0,32784,32769,32768,79,75
16,4,0,32789,32769,32768,57,56
16,4,0,32778,32769,32768,105,104
16,4,0,32779,32769,32768,105,103
16,4,0,32778,32769,32768,9,8
16,4,0,32779,32769,32768,9,7
16,4,0,32788,32769,32768,91,90
16,4,0,32788,32769,32768,91,89
16,4,0,32789,32769,32768,91,88
16,4,0,32789,32769,32768,91,87
16,4,0,32789,32769,32768,91,86
16,4,0,32789,32769,32768,91,85
16,4,0,32787,32769,32768,91,92
16,4,0,32787,32769,32768,91,103
16,4,0,32787,32769,32768,79,80
16,4,0,32785,32769,32768,79,67
16,4,0,32777,32769,32768,79,55
16,4,0,32785,32769,32768,79,43
16,4,0,32787,32769,32768,79,31
16,4,0,32787,32769,32768,79,19
16,4,0,32787,32769,32768,79,7
16,4,0,32779,32769,32768,93,103
16,4,0,32779,32769,32768,21,7
16,4,0,32777,32769,32768,21,31
16,4,0,32786,32769,32768,69,56
16,4,0,32786,32769,32768,45,56
16,4,0,32786,32769,32768,81,55
16,4,0,32788,32769,32768,81,103
16,4,0,32788,32769,32768,33,7
16,4,0,32786,32769,32768,33,55
16,4,0,32786,32769,32768,102,101
16,4,0,32786,32769,32768,78,77
16,4,0,32786,32769,32768,54,53
16,4,0,32786,32769,32768,30,29
16,4,0,32786,32769,32768,6,5
16,2,2,32768,32769,32768,93,79
32,3,1,32777,32768,32769,96,97
16,4,0,32683,32769,32768,19,12
32,5,-1,32800,32768,32769,0,12
16,4,0,32779,32769,32768,57,56
16,4,0,32768,32769,32768,105,104
32,5,-1,32862,32768,32769,14,21
16,6,-2,32745,32769,32768,9,21
32,5,-1,32765,32768,32769,50,54
32,3,1,32765,32768,32769,50,54
16,4,0,32649,32769,32768,79,54
32,5,-1,32743,32768,32769,14,21
32,3,1,32862,32768,32769,14,21
16,4,0,32745,32769,32768,9,21
32,5,-1,32742,32768,32769,50,54
32,3,1,32766,32768,32769,48,49
16,4,0,32757,32769,32768,105,104
32,5,-1,32851,32768,32769,14,21
16,6,-2,32734,32769,32768,9,21
32,5,-1,32754,32768,32769,50,54
32,3,1,32776,32768,32769,96,98
16,4,0,32767,32769,32768,105,104
32,5,-1,32861,32768,32769,14,21
16,6,-2,32744,32769,32768,9,21
32,5,-1,32764,32768,32769,50,54
32,3,1,32777,32768,32769,0,1
16,4,0,32768,32769,32768,105,104
32,5,-1,32862,32768,32769,14,21
16,6,-2,32745,32769,32768,9,21
32,5,-1,32765,32768,32769,50,54
32,3,1,32776,32768,32769,0,2
16,4,0,32767,32769,32768,105,104
32,5,-1,32861,32768,32769,14,21
16,6,-2,32744,32769,32768,9,21
32,5,-1,32764,32768,32769,50,54
32,3,1,32757,32768,32769,50,49
16,4,0,32748,32769,32768,105,104
32,5,-1,32842,32768,32769,14,21
16,6,-2,32725,32769,32768,9,21
32,5,-1,32756,32768,32769,49,54
32,3,1,32760,32768,32769,50,38
16,4,0,32751,32769,32768,105,104
32,5,-1,32845,32768,32769,14,21
16,6,-2,32728,32769,32768,9,21
32,3,1,32758,32768,32769,50,26
16,4,0,32749,32769,32768,105,104
32,5,-1,32843,32768,32769,14,21
16,6,-2,32726,32769,32768,9,21
32,5,-1,32752,32768,32769,26,30
32,3,1,32760,32768,32769,50,62
16,4,0,32751,32769,32768,105,104
32,5,-1,32845,32768,32769,14,21
16,6,-2,32728,32769,32768,9,21
32,3,1,32758,32768,32769,50,74
16,4,0,32749,32769,32768,105,104
32,5,-1,32843,32768,32769,14,21
16,6,-2,32726,32769,32768,9,21
32,5,-1,32752,32768,32769,74,78
32,3,1,32758,32768,32769,50,98
16,4,0,32749,32769,32768,105,104
32,5,-1,32843,32768,32769,14,21
16,6,-2,32726,32769,32768,9,21
32,5,-1,32752,32768,32769,98,102
32,3,1,32768,32768,32769,14,13
16,4,0,32759,32769,32768,105,104
32,5,-1,32853,32768,32769,13,21
16,6,-2,32736,32769,32768,9,21
32,5,-1,32756,32768,32769,50,54
32,3,1,32767,32768,32769,14,15
16,4,0,32758,32769,32768,105,104
32,5,-1,32853,32768,32769,15,21
16,6,-2,32736,32769,32768,9,21
32,5,-1,32755,32768,32769,50,54
32,3,1,32767,32768,32769,14,16
16,4,0,32758,32769,32768,105,104
32,5,-1,32853,32768,32769,16,21
16,6,-2,32736,32769,32768,9,21
32,5,-1,32755,32768,32769,50,54
32,3,1,32766,32768,32769,14,17
16,4,0,32757,32769,32768,105,104
32,5,-1,32853,32768,32769,17,21
16,6,-2,32736,32769,32768,9,21
32,5,-1,32754,32768,32769,50,54
32,3,1,32766,32768,32769,14,18
16,4,0,32757,32769,32768,105,104
32,5,-1,32853,32768,32769,18,21
16,6,-2,32736,32769,32768,9,21
32,5,-1,32766,32768,32769,18,54
32,5,-1,32754,32768,32769,50,54
32,3,1,32768,32768,32769,14,2
16,4,0,32759,32769,32768,105,104
32,5,-1,32756,32768,32769,50,54
32,5,-1,32762,32768,32769,2,6
32,3,1,32768,32768,32769,14,26
16,4,0,32759,32769,32768,105,104
32,5,-1,32756,32768,32769,50,54
32,5,-1,32762,32768,32769,26,30
32,3,1,32770,32768,32769,14,38
16,4,0,32761,32769,32768,105,104
32,5,-1,32758,32768,32769,50,54
32,3,1,32778,32768,32769,84,74
16,4,0,32769,32769,32768,105,104
16,4,0,32684,32769,32768,19,12
32,5,-1,32801,32768,32769,0,12
16,4,0,32780,32769,32768,57,56
16,4,0,32770,32769,32768,105,103
16,4,0,32768,32769,32768,105,93
32,5,-1,32862,32768,32769,14,21
16,6,-2,32745,32769,32768,9,21
32,5,-1,32765,32768,32769,50,54
32,3,1,32776,32768,32769,84,98
16,4,0,32767,32769,32768,105,104
32,5,-1,32861,32768,32769,14,21
16,6,-2,32744,32769,32768,9,21
32,5,-1,32764,32768,32769,50,54
32,3,1,32776,32768,32769,12,2
16,4,0,32767,32769,32768,105,104
32,5,-1,32861,32768,32769,14,21
16,6,-2,32744,32769,32768,9,21
32,5,-1,32764,32768,32769,50,54
32,3,1,32778,32768,32769,12,26
16,4,0,32769,32769,32768,105,104
16,4,0,32768,32769,32768,105,93
32,5,-1,32862,32768,32769,14,21
16,6,-2,32745,32769,32768,9,21
32,5,-1,32765,32768,32769,50,54
32,3,1,32769,32768,32769,60,49
16,4,0,32759,32769,32768,105,93
32,5,-1,32853,32768,32769,14,21
16,6,-2,32736,32769,32768,9,21
32,5,-1,32756,32768,32769,50,54
32,3,1,32769,32768,32769,36,49
16,4,0,32759,32769,32768,105,93
32,5,-1,32853,32768,32769,14,21
16,6,-2,32736,32769,32768,9,21
32,5,-1,32756,32768,32769,50,54
32,3,1,32767,32768,32769,72,98
16,4,0,32757,32769,32768,105,93
32,5,-1,32851,32768,32769,14,21
16,6,-2,32734,32769,32768,9,21
32,5,-1,32754,32768,32769,50,54
32,3,1,32767,32768,32769,24,2
16,4,0,32757,32769,32768,105,93
32,5,-1,32851,32768,32769,14,21
16,6,-2,32734,32769,32768,9,21
32,5,-1,32754,32768,32769,50,54
32,3,1,32769,32768,32769,99,100
16,4,0,32759,32769,32768,105,93
32,5,-1,32853,32768,32769,14,21
16,6,-2,32736,32769,32768,9,21
32,5,-1,32756,32768,32769,50,54
32,3,1,32769,32768,32769,75,76
16,4,0,32759,32769,32768,105,93
32,5,-1,32853,32768,32769,14,21
16,6,-2,32736,32769,32768,9,21
32,5,-1,32756,32768,32769,50,54
32,3,1,32769,32768,32769,51,52
16,4,0,32759,32769,32768,105,93
32,5,-1,32853,32768,32769,14,21
16,6,-2,32736,32769,32768,9,21
32,5,-1,32756,32768,32769,50,54
32,3,1,32769,32768,32769,27,28
16,4,0,32759,32769,32768,105,93
32,5,-1,32853,32768,32769,14,21
16,6,-2,32736,32769,32768,9,21
32,5,-1,32756,32768,32769,50,54
32,3,1,32769,32768,32769,3,4
16,4,0,32759,32769,32768,105,93
32,5,-1,32853,32768,32769,14,21
16,6,-2,32736,32769,32768,9,21
32,5,-1,32756,32768,32769,50,54
16,2,2,32768,32769,32728,93,79
32,3,1,32777,32728,32769,96,97
16,4,0,32767,32769,32728,105,93
32,5,-1,32861,32767,32769,14,21
16,6,-2,32744,32769,32767,9,21
32,5,-1,32764,32767,32769,50,54
16,4,0,32768,32767,32728,105,104
16,4,0,32683,32767,32728,19,12
32,5,-1,32800,32728,32767,0,12
16,4,0,32779,32767,32728,57,56
16,4,0,32769,32767,32728,105,103
16,4,0,32768,32767,32728,9,8
16,4,0,32769,32767,32728,9,7
16,4,0,32778,32767,32728,91,90
16,4,0,32778,32767,32728,91,89
16,4,0,32779,32767,32728,91,88
16,4,0,32779,32767,32728,91,87
16,4,0,32779,32767,32728,91,86
16,4,0,32779,32767,32728,91,85
16,4,0,32777,32767,32728,91,92
16,4,0,32778,32767,32728,91,93
16,4,0,32777,32767,32728,91,103
16,4,0,32778,32767,32728,19,18
16,4,0,32778,32767,32728,19,17
16,4,0,32779,32767,32728,19,16
16,4,0,32779,32767,32728,19,15
16,4,0,32777,32767,32728,19,20
16,4,0,32777,32767,32728,19,7
16,4,0,32777,32767,32728,19,31
16,4,0,32775,32767,32728,19,43
16,4,0,32767,32767,32728,19,55
16,4,0,32775,32767,32728,19,67
16,4,0,32805,32767,32728,79,56
16,4,0,32769,32767,32728,21,7
16,4,0,32767,32767,32728,21,31
16,4,0,32776,32767,32728,69,56
16,4,0,32776,32767,32728,45,56
16,4,0,32776,32767,32728,81,55
16,4,0,32778,32767,32728,81,103
16,4,0,32778,32767,32728,33,7
16,4,0,32776,32767,32728,33,55
16,4,0,32776,32767,32728,102,101
16,4,0,32776,32767,32728,78,77
16,4,0,32776,32767,32728,54,53
16,4,0,32776,32767,32728,30,29
16,4,0,32776,32767,32728,6,5
32,3,1,32765,32767,32769,50,54
16,4,0,32649,32769,32767,79,54
32,5,-1,32743,32767,32769,14,21
32,3,1,32862,32767,32769,14,21
16,4,0,32745,32769,32767,9,21
32,5,-1,32742,32767,32769,50,54
32,3,1,32766,32767,32769,48,49
16,4,0,32756,32769,32767,105,93
32,5,-1,32850,32767,32769,14,21
16,6,-2,32733,32769,32767,9,21
32,5,-1,32753,32767,32769,50,54
32,3,1,32776,32767,32769,96,98
16,4,0,32766,32769,32767,105,93
32,5,-1,32860,32767,32769,14,21
16,6,-2,32743,32769,32767,9,21
32,5,-1,32763,32767,32769,50,54
32,3,1,32777,32767,32769,0,1
16,4,0,32767,32769,32767,105,93
32,5,-1,32861,32767,32769,14,21
16,6,-2,32744,32769,32767,9,21
32,5,-1,32764,32767,32769,50,54
32,3,1,32776,32767,32769,0,2
16,4,0,32766,32769,32767,105,93
32,5,-1,32860,32767,32769,14,21
16,6,-2,32743,32769,32767,9,21
32,5,-1,32763,32767,32769,50,54
32,3,1,32757,32767,32769,50,49
16,4,0,32747,32769,32767,105,93
32,5,-1,32841,32767,32769,14,21
16,6,-2,32724,32769,32767,9,21
32,5,-1,32755,32767,32769,49,54
32,3,1,32760,32767,32769,50,38
16,4,0,32750,32769,32767,105,93
32,5,-1,32844,32767,32769,14,21
16,6,-2,32727,32769,32767,9,21
32,3,1,32758,32767,32769,50,26
16,4,0,32748,32769,32767,105,93
32,5,-1,32842,32767,32769,14,21
16,6,-2,32725,32769,32767,9,21
32,5,-1,32751,32767,32769,26,30
32,3,1,32760,32767,32769,50,62
16,4,0,32750,32769,32767,105,93
32,5,-1,32844,32767,32769,14,21
16,6,-2,32727,32769,32767,9,21
32,3,1,32758,32767,32769,50,74
16,4,0,32748,32769,32767,105,93
32,5,-1,32842,32767,32769,14,21
16,6,-2,32725,32769,32767,9,21
32,5,-1,32751,32767,32769,74,78
32,3,1,32758,32767,32769,50,86
16,4,0,32748,32769,32767,105,93
32,5,-1,32976,32767,32769,86,93
16,6,-2,32879,32769,32767,79,93
16,6,-2,32879,32769,32767,79,93
16,6,-2,32882,32769,32767,19,12
16,4,0,32749,32769,32767,105,104
32,5,-1,32843,32767,32769,14,21
16,6,-2,32726,32769,32767,9,21
32,3,1,32758,32767,32769,50,98
16,4,0,32749,32769,32767,105,104
32,5,-1,32843,32767,32769,14,21
16,6,-2,32726,32769,32767,9,21
32,5,-1,32752,32767,32769,98,102
32,3,1,32768,32767,32769,14,13
16,4,0,32759,32769,32767,105,104
32,5,-1,32853,32767,32769,13,21
16,6,-2,32736,32769,32767,9,21
32,5,-1,32756,32767,32769,50,54
32,3,1,32767,32767,32769,14,15
16,4,0,32758,32769,32767,105,104
32,5,-1,32853,32767,32769,15,21
16,6,-2,32736,32769,32767,9,21
32,5,-1,32755,32767,32769,50,54
32,3,1,32767,32767,32769,14,16
16,4,0,32758,32769,32767,105,104
32,5,-1,32853,32767,32769,16,21
16,6,-2,32736,32769,32767,9,21
32,5,-1,32755,32767,32769,50,54
32,3,1,32766,32767,32769,14,17
16,4,0,32757,32769,32767,105,104
32,5,-1,32853,32767,32769,17,21
16,6,-2,32736,32769,32767,9,21
32,5,-1,32754,32767,32769,50,54
32,3,1,32766,32767,32769,14,18
16,4,0,32757,32769,32767,105,104
32,5,-1,32853,32767,32769,18,21
16,6,-2,32736,32769,32767,9,21
32,5,-1,32766,32767,32769,18,54
32,5,-1,32754,32767,32769,50,54
32,3,1,32768,32767,32769,14,2
16,4,0,32759,32769,32767,105,104
32,5,-1,32756,32767,32769,50,54
32,5,-1,32762,32767,32769,2,6
32,3,1,32768,32767,32769,14,26
16,4,0,32759,32769,32767,105,104
32,5,-1,32756,32767,32769,50,54
32,5,-1,32762,32767,32769,26,30
32,3,1,32770,32767,32769,14,38
16,4,0,32761,32769,32767,105,104
32,5,-1,32758,32767,32769,50,54
32,3,1,32778,32767,32769,84,74
16,4,0,32769,32769,32767,105,104
16,4,0,32768,32769,32767,105,93
32,5,-1,32862,32768,32769,14,21
16,6,-2,32745,32769,32768,9,21
32,5,-1,32765,32768,32769,50,54
16,4,0,32684,32768,32767,19,12
32,5,-1,32801,32767,32768,0,12
16,4,0,32780,32768,32767,57,56
16,4,0,32770,32768,32767,105,103
16,4,0,32769,32768,32767,9,8
16,4,0,32770,32768,32767,9,7
16,4,0,32779,32768,32767,91,90
16,4,0,32779,32768,32767,91,89
16,4,0,32780,32768,32767,91,88
16,4,0,32780,32768,32767,91,87
16,4,0,32780,32768,32767,91,86
16,4,0,32780,32768,32767,91,85
16,4,0,32780,32768,32767,91,84
16,4,0,32778,32768,32767,91,92
16,4,0,32779,32768,32767,91,93
16,4,0,32778,32768,32767,91,103
16,4,0,32779,32768,32767,19,18
16,4,0,32779,32768,32767,19,17
16,4,0,32780,32768,32767,19,16
16,4,0,32780,32768,32767,19,15
16,4,0,32778,32768,32767,19,20
16,4,0,32778,32768,32767,19,7
16,4,0,32778,32768,32767,19,31
16,4,0,32776,32768,32767,19,43
16,4,0,32768,32768,32767,19,55
16,4,0,32776,32768,32767,19,67
16,4,0,32788,32768,32767,79,93
16,4,0,32806,32768,32767,79,56
16,4,0,32770,32768,32767,21,7
16,4,0,32768,32768,32767,21,31
16,4,0,32777,32768,32767,69,56
16,4,0,32777,32768,32767,45,56
16,4,0,32777,32768,32767,81,55
16,4,0,32779,32768,32767,81,103
16,4,0,32779,32768,32767,33,7
16,4,0,32777,32768,32767,33,55
16,4,0,32777,32768,32767,102,101
16,4,0,32777,32768,32767,78,77
16,4,0,32777,32768,32767,54,53
16,4,0,32777,32768,32767,30,29
16,4,0,32777,32768,32767,6,5
32,3,1,32776,32768,32769,84,98
16,4,0,32767,32769,32768,105,104
32,5,-1,32861,32768,32769,14,21
16,6,-2,32744,32769,32768,9,21
32,5,-1,32764,32768,32769,50,54
32,3,1,32776,32768,32769,12,2
16,4,0,32767,32769,32768,105,104
32,5,-1,32861,32768,32769,14,21
16,6,-2,32744,32769,32768,9,21
32,5,-1,32764,32768,32769,50,54
32,3,1,32778,32768,32769,12,26
16,4,0,32769,32769,32768,105,104
16,4,0,32768,32769,32768,105,93
32,5,-1,32862,32768,32769,14,21
16,6,-2,32745,32769,32768,9,21
32,5,-1,32765,32768,32769,50,54
32,3,1,32769,32768,32769,60,49
16,4,0,32759,32769,32768,105,93
32,5,-1,32853,32768,32769,14,21
16,6,-2,32736,32769,32768,9,21
32,5,-1,32756,32768,32769,50,54
32,3,1,32769,32768,32769,36,49
16,4,0,32759,32769,32768,105,93
32,5,-1,32853,32768,32769,14,21
16,6,-2,32736,32769,32768,9,21
32,5,-1,32756,32768,32769,50,54
32,3,1,32767,32768,32769,72,98
16,4,0,32757,32769,32768,105,93
32,5,-1,32851,32768,32769,14,21
16,6,-2,32734,32769,32768,9,21
32,5,-1,32754,32768,32769,50,54
32,3,1,32767,32768,32769,24,2
16,4,0,32757,32769,32768,105,93
32,5,-1,32851,32768,32769,14,21
16,6,-2,32734,32769,32768,9,21
32,5,-1,32754,32768,32769,50,54
32,3,1,32769,32768,32769,99,100
16,4,0,32759,32769,32768,105,93
32,5,-1,32853,32768,32769,14,21
16,6,-2,32736,32769,32768,9,21
32,5,-1,32756,32768,32769,50,54
32,3,1,32769,32768,32769,75,76
16,4,0,32759,32769,32768,105,93
32,5,-1,32853,32768,32769,14,21
16,6,-2,32736,32769,32768,9,21
32,5,-1,32756,32768,32769,50,54
32,3,1,32769,32768,32769,51,52
16,4,0,32759,32769,32768,105,93
32,5,-1,32853,32768,32769,14,21
16,6,-2,32736,32769,32768,9,21
32,5,-1,32756,32768,32769,50,54
32,3,1,32769,32768,32769,27,28
16,4,0,32759,32769,32768,105,93
32,5,-1,32853,32768,32769,14,21
16,6,-2,32736,32769,32768,9,21
32,5,-1,32756,32768,32769,50,54
32,3,1,32769,32768,32769,3,4
16,4,0,32759,32769,32768,105,93
32,5,-1,32853,32768,32769,14,21
16,6,-2,32736,32769,32768,9,21
32,5,-1,32756,32768,32769,50,54
16,2,2,32770,32768,32767,93,103
32,3,1,32779,32767,32768,96,97
16,4,0,32769,32768,32767,105,93
16,4,0,32770,32768,32767,105,104
16,4,0,32685,32768,32767,19,12
32,5,-1,32802,32767,32768,0,12
16,4,0,32781,32768,32767,57,56
16,4,0,32770,32768,32767,9,8
16,4,0,32771,32768,32767,9,7
16,4,0,32780,32768,32767,91,90
16,4,0,32780,32768,32767,91,89
16,4,0,32781,32768,32767,91,88
16,4,0,32781,32768,32767,91,87
16,4,0,32781,32768,32767,91,86
16,4,0,32781,32768,32767,91,85
16,4,0,32779,32768,32767,91,92
16,4,0,32780,32768,32767,91,93
16,4,0,32779,32768,32767,91,79
16,4,0,32777,32768,32767,91,67
16,4,0,32769,32768,32767,91,55
16,4,0,32777,32768,32767,91,43
16,4,0,32779,32768,32767,91,31
16,4,0,32780,32768,32767,19,18
16,4,0,32780,32768,32767,19,17
16,4,0,32781,32768,32767,19,16
16,4,0,32781,32768,32767,19,15
16,4,0,32779,32768,32767,19,20
16,4,0,32779,32768,32767,19,7
16,4,0,32779,32768,32767,19,31
16,4,0,32777,32768,32767,19,43
16,4,0,32769,32768,32767,19,55
16,4,0,32777,32768,32767,19,67
16,4,0,32779,32768,32767,19,79
16,4,0,32787,32768,32767,103,93
16,4,0,32771,32768,32767,21,7
16,4,0,32769,32768,32767,21,31
16,4,0,32778,32768,32767,69,56
16,4,0,32778,32768,32767,45,56
16,4,0,32778,32768,32767,81,55
16,4,0,32780,32768,32767,33,7
16,4,0,32778,32768,32767,33,55
16,4,0,32778,32768,32767,102,101
16,4,0,32778,32768,32767,78,77
16,4,0,32778,32768,32767,54,53
16,4,0,32778,32768,32767,30,29
16,4,0,32778,32768,32767,6,5
16,2,2,32770,32768,32767,21,7
32,3,1,32779,32767,32768,96,97
16,4,0,32770,32768,32767,105,104
16,4,0,32685,32768,32767,19,12
32,5,-1,32802,32767,32768,0,12
16,4,0,32781,32768,32767,57,56
16,4,0,32771,32768,32767,105,103
16,4,0,32770,32768,32767,9,8
16,4,0,32769,32768,32767,9,21
16,4,0,32780,32768,32767,91,90
16,4,0,32780,32768,32767,91,89
16,4,0,32781,32768,32767,91,88
16,4,0,32781,32768,32767,91,87
16,4,0,32781,32768,32767,91,86
16,4,0,32781,32768,32767,91,85
16,4,0,32779,32768,32767,91,92
16,4,0,32779,32768,32767,91,79
16,4,0,32777,32768,32767,91,67
16,4,0,32769,32768,32767,91,55
16,4,0,32777,32768,32767,91,43
16,4,0,32779,32768,32767,91,31
16,4,0,32779,32768,32767,91,103
16,4,0,32780,32768,32767,19,18
16,4,0,32780,32768,32767,19,17
16,4,0,32781,32768,32767,19,16
16,4,0,32781,32768,32767,19,15
16,4,0,32779,32768,32767,19,20
16,4,0,32780,32768,32767,19,21
16,4,0,32779,32768,32767,19,31
16,4,0,32777,32768,32767,19,43
16,4,0,32769,32768,32767,19,55
16,4,0,32777,32768,32767,19,67
16,4,0,32779,32768,32767,19,79
16,4,0,32769,32768,32767,93,79
16,4,0,32771,32768,32767,93,103
16,4,0,32787,32768,32767,7,21
16,4,0,32778,32768,32767,69,56
16,4,0,32778,32768,32767,45,56
16,4,0,32778,32768,32767,81,55
16,4,0,32780,32768,32767,81,103
16,4,0,32778,32768,32767,33,55
16,4,0,32778,32768,32767,102,101
16,4,0,32778,32768,32767,78,77
16,4,0,32778,32768,32767,54,53
16,4,0,32778,32768,32767,30,29
16,4,0,32778,32768,32767,6,5
16,2,2,32768,32768,32767,21,31
32,3,1,32777,32767,32768,96,97
16,4,0,32768,32768,32767,105,104
16,4,0,32683,32768,32767,19,12
32,5,-1,32800,32767,32768,0,12
16,4,0,32779,32768,32767,57,56
16,4,0,32769,32768,32767,105,103
16,4,0,32768,32768,32767,9,8
16,4,0,32769,32768,32767,9,7
16,4,0,32767,32768,32767,9,21
32,5,-1,32995,32767,32768,14,21
16,6,-2,32898,32768,32767,31,21
16,6,-2,32898,32768,32767,31,21
16,4,0,32778,32768,32767,91,90
16,4,0,32778,32768,32767,91,89
16,4,0,32779,32768,32767,91,88
16,4,0,32779,32768,32767,91,87
16,4,0,32779,32768,32767,91,86
16,4,0,32779,32768,32767,91,85
16,4,0,32777,32768,32767,91,92
16,4,0,32777,32768,32767,91,79
16,4,0,32775,32768,32767,91,67
16,4,0,32767,32768,32767,91,55
32,5,-1,32764,32767,32768,50,54
16,6,-1,32648,32768,32767,31,54
32,3,1,32765,32767,32768,50,54
16,4,0,32649,32768,32767,31,54
32,3,1,32766,32767,32768,48,49
16,4,0,32756,32768,32767,91,55
32,5,-1,32753,32767,32768,50,54
16,6,-1,32637,32768,32767,31,54
32,3,1,32776,32767,32768,96,98
16,4,0,32766,32768,32767,91,55
32,5,-1,32763,32767,32768,50,54
16,6,-1,32647,32768,32767,31,54
32,3,1,32777,32767,32768,0,1
16,4,0,32767,32768,32767,91,55
32,5,-1,32764,32767,32768,50,54
16,6,-1,32648,32768,32767,31,54
32,3,1,32776,32767,32768,0,2
16,4,0,32766,32768,32767,91,55
32,5,-1,32763,32767,32768,50,54
16,6,-1,32647,32768,32767,31,54
32,3,1,32757,32767,32768,50,49
16,4,0,32747,32768,32767,91,55
32,5,-1,32755,32767,32768,49,54
16,6,-1,32639,32768,32767,31,54
32,3,1,32760,32767,32768,50,38
16,4,0,32750,32768,32767,91,55
32,3,1,32758,32767,32768,50,26
16,4,0,32748,32768,32767,91,55
32,5,-1,32751,32767,32768,26,30
32,3,1,32760,32767,32768,50,62
16,4,0,32750,32768,32767,91,55
32,3,1,32758,32767,32768,50,74
16,4,0,32748,32768,32767,91,55
32,5,-1,32751,32767,32768,74,78
32,3,1,32758,32767,32768,50,86
16,4,0,32748,32768,32767,91,55
32,3,1,32758,32767,32768,50,98
16,4,0,32748,32768,32767,91,55
32,5,-1,32751,32767,32768,98,102
32,3,1,32768,32767,32768,14,13
16,4,0,32758,32768,32767,91,55
32,5,-1,32755,32767,32768,50,54
16,6,-1,32639,32768,32767,31,54
32,3,1,32767,32767,32768,14,15
16,4,0,32757,32768,32767,91,55
32,5,-1,32754,32767,32768,50,54
16,6,-1,32638,32768,32767,31,54
32,3,1,32767,32767,32768,14,16
16,4,0,32757,32768,32767,91,55
32,5,-1,32754,32767,32768,50,54
16,6,-1,32638,32768,32767,31,54
32,3,1,32766,32767,32768,14,17
16,4,0,32756,32768,32767,91,55
32,5,-1,32753,32767,32768,50,54
16,6,-1,32637,32768,32767,31,54
32,3,1,32766,32767,32768,14,18
16,4,0,32756,32768,32767,91,55
32,5,-1,32765,32767,32768,18,54
16,6,-1,32649,32768,32767,31,54
32,7,-2,32752,32767,32768,50,54
16,8,-2,32755,32768,32767,55,51
32,9,-3,32757,32767,32768,54,102
32,9,-3,32757,32767,32768,54,6
32,7,-2,32752,32767,32768,50,54
16,8,-2,32755,32768,32767,55,51
32,9,-3,32757,32767,32768,54,102
32,9,-3,32757,32767,32768,54,6
32,5,-1,32753,32767,32768,50,54
16,6,-1,32637,32768,32767,31,54
32,7,-2,32752,32767,32768,18,54
16,8,-2,32755,32768,32767,55,51
32,9,-3,32757,32767,32768,54,102
32,9,-3,32757,32767,32768,54,6
32,7,-2,32752,32767,32768,18,54
16,8,-2,32755,32768,32767,55,51
32,9,-3,32757,32767,32768,54,102
32,9,-3,32757,32767,32768,54,6
32,3,1,32768,32767,32768,14,2
16,4,0,32758,32768,32767,91,55
32,5,-1,32755,32767,32768,50,54
16,6,-1,32639,32768,32767,31,54
32,7,-2,32642,32767,32768,2,6
32,5,-1,32761,32767,32768,2,6
32,3,1,32768,32767,32768,14,26
16,4,0,32758,32768,32767,91,55
32,5,-1,32755,32767,32768,50,54
16,6,-1,32639,32768,32767,31,54
32,7,-2,32642,32767,32768,26,30
32,5,-1,32761,32767,32768,26,30
32,3,1,32770,32767,32768,14,38
16,4,0,32760,32768,32767,91,55
32,5,-1,32757,32767,32768,50,54
16,6,-1,32641,32768,32767,31,54
32,3,1,32778,32767,32768,84,74
16,4,0,32768,32768,32767,91,55
16,4,0,32684,32768,32767,19,12
32,5,-1,32801,32767,32768,0,12
16,4,0,32780,32768,32767,57,56
16,4,0,32769,32768,32767,105,104
16,4,0,32770,32768,32767,105,103
16,4,0,32769,32768,32767,9,8
16,4,0,32770,32768,32767,9,7
16,4,0,32768,32768,32767,9,21
16,4,0,32779,32768,32767,91,90
16,4,0,32779,32768,32767,91,89
16,4,0,32780,32768,32767,91,88
16,4,0,32780,32768,32767,91,87
16,4,0,32780,32768,32767,91,86
16,4,0,32780,32768,32767,91,85
16,4,0,32780,32768,32767,91,84
16,4,0,32778,32768,32767,91,92
16,4,0,32778,32768,32767,91,79
16,4,0,32776,32768,32767,91,67
16,4,0,32776,32768,32767,91,43
16,4,0,32778,32768,32767,91,103
16,4,0,32779,32768,32767,19,18
16,4,0,32779,32768,32767,19,17
16,4,0,32780,32768,32767,19,16
16,4,0,32780,32768,32767,19,15
16,4,0,32778,32768,32767,19,20
16,4,0,32779,32768,32767,19,21
16,4,0,32778,32768,32767,19,7
16,4,0,32768,32768,32767,93,79
16,4,0,32770,32768,32767,93,103
16,4,0,32788,32768,32767,31,21
16,4,0,32806,32768,32767,31,56
16,4,0,32777,32768,32767,69,56
16,4,0,32777,32768,32767,45,56
16,4,0,32777,32768,32767,81,55
16,4,0,32779,32768,32767,81,103
16,4,0,32779,32768,32767,33,7
16,4,0,32777,32768,32767,33,55
16,4,0,32777,32768,32767,102,101
16,4,0,32777,32768,32767,78,77
16,4,0,32777,32768,32767,54,53
16,4,0,32777,32768,32767,30,29
16,4,0,32777,32768,32767,6,5
16,2,2,32777,32768,32767,69,56
32,3,1,32786,32767,32768,96,97
16,4,0,32776,32768,32767,91,55
16,4,0,32692,32768,32767,19,12
32,5,-1,32809,32767,32768,0,12
16,4,0,32787,32768,32767,57,69
16,4,0,32777,32768,32767,105,104
16,4,0,32778,32768,32767,105,103
16,4,0,32777,32768,32767,9,8
16,4,0,32778,32768,32767,9,7
16,4,0,32787,32768,32767,91,90
16,4,0,32787,32768,32767,91,89
16,4,0,32788,32768,32767,91,88
16,4,0,32788,32768,32767,91,87
16,4,0,32788,32768,32767,91,86
16,4,0,32788,32768,32767,91,85
16,4,0,32786,32768,32767,91,92
16,4,0,32786,32768,32767,91,79
16,4,0,32784,32768,32767,91,67
16,4,0,32784,32768,32767,91,43
16,4,0,32786,32768,32767,91,31
16,4,0,32786,32768,32767,91,103
16,4,0,32787,32768,32767,19,18
16,4,0,32787,32768,32767,19,17
16,4,0,32788,32768,32767,19,16
16,4,0,32788,32768,32767,19,15
16,4,0,32786,32768,32767,19,20
16,4,0,32786,32768,32767,19,7
16,4,0,32786,32768,32767,19,31
16,4,0,32784,32768,32767,19,43
16,4,0,32776,32768,32767,19,55
16,4,0,32784,32768,32767,19,67
16,4,0,32786,32768,32767,19,79
16,4,0,32776,32768,32767,93,79
16,4,0,32778,32768,32767,93,103
16,4,0,32778,32768,32767,21,7
16,4,0,32776,32768,32767,21,31
16,4,0,32787,32768,32767,56,43
16,4,0,32787,32768,32767,56,67
16,4,0,32787,32768,32767,56,69
16,4,0,32785,32768,32767,81,55
16,4,0,32787,32768,32767,81,103
16,4,0,32787,32768,32767,33,7
16,4,0,32785,32768,32767,33,55
16,4,0,32785,32768,32767,102,101
16,4,0,32785,32768,32767,78,77
16,4,0,32785,32768,32767,54,53
16,4,0,32785,32768,32767,30,29
16,4,0,32785,32768,32767,6,5
16,2,2,32777,32768,32767,45,56
32,3,1,32786,32767,32768,96,97
16,4,0,32776,32768,32767,91,55
16,4,0,32692,32768,32767,19,12
32,5,-1,32809,32767,32768,0,12
16,4,0,32787,32768,32767,57,45
16,4,0,32777,32768,32767,105,104
16,4,0,32778,32768,32767,105,103
16,4,0,32777,32768,32767,9,8
16,4,0,32778,32768,32767,9,7
16,4,0,32787,32768,32767,91,90
16,4,0,32787,32768,32767,91,89
16,4,0,32788,32768,32767,91,88
16,4,0,32788,32768,32767,91,87
16,4,0,32788,32768,32767,91,86
16,4,0,32788,32768,32767,91,85
16,4,0,32786,32768,32767,91,92
16,4,0,32786,32768,32767,91,79
16,4,0,32784,32768,32767,91,67
16,4,0,32784,32768,32767,91,43
16,4,0,32786,32768,32767,91,31
16,4,0,32786,32768,32767,91,103
16,4,0,32787,32768,32767,19,18
16,4,0,32787,32768,32767,19,17
16,4,0,32788,32768,32767,19,16
16,4,0,32788,32768,32767,19,15
16,4,0,32786,32768,32767,19,20
16,4,0,32786,32768,32767,19,7
16,4,0,32786,32768,32767,19,31
16,4,0,32784,32768,32767,19,43
16,4,0,32776,32768,32767,19,55
16,4,0,32784,32768,32767,19,67
16,4,0,32786,32768,32767,19,79
16,4,0,32776,32768,32767,93,79
16,4,0,32778,32768,32767,93,103
16,4,0,32778,32768,32767,21,7
16,4,0,32776,32768,32767,21,31
16,4,0,32787,32768,32767,56,43
16,4,0,32787,32768,32767,56,67
16,4,0,32787,32768,32767,56,45
16,4,0,32785,32768,32767,81,55
16,4,0,32787,32768,32767,81,103
16,4,0,32787,32768,32767,33,7
16,4,0,32785,32768,32767,33,55
16,4,0,32785,32768,32767,102,101
16,4,0,32785,32768,32767,78,77
16,4,0,32785,32768,32767,54,53
16,4,0,32785,32768,32767,30,29
16,4,0,32785,32768,32767,6,5
16,2,2,32777,32768,32767,81,55
32,3,1,32786,32767,32768,96,97
16,4,0,32692,32768,32767,19,12
32,5,-1,32809,32767,32768,0,12
16,4,0,32788,32768,32767,57,56
16,4,0,32777,32768,32767,105,104
16,4,0,32778,32768,32767,105,103
16,4,0,32777,32768,32767,9,8
16,4,0,32778,32768,32767,9,7
16,4,0,32787,32768,32767,91,90
16,4,0,32787,32768,32767,91,89
16,4,0,32788,32768,32767,91,88
16,4,0,32788,32768,32767,91,87
16,4,0,32788,32768,32767,91,86
16,4,0,32788,32768,32767,91,85
16,4,0,32786,32768,32767,91,92
16,4,0,32786,32768,32767,91,79
16,4,0,32784,32768,32767,91,67
16,4,0,32786,32768,32767,91,103
16,4,0,32787,32768,32767,19,18
16,4,0,32787,32768,32767,19,17
16,4,0,32788,32768,32767,19,16
16,4,0,32788,32768,32767,19,15
16,4,0,32786,32768,32767,19,20
16,4,0,32786,32768,32767,19,7
16,4,0,32786,32768,32767,19,31
16,4,0,32784,32768,32767,19,43
16,4,0,32776,32768,32767,93,79
16,4,0,32778,32768,32767,93,103
16,4,0,32777,32768,32767,93,68
16,4,0,32778,32768,32767,21,7
16,4,0,32776,32768,32767,21,31
16,4,0,32785,32768,32767,69,56
16,4,0,32785,32768,32767,45,56
16,4,0,32787,32768,32767,55,29
16,4,0,32787,32768,32767,55,77
16,4,0,32787,32768,32767,55,81
16,4,0,32787,32768,32767,33,7
16,4,0,32785,32768,32767,102,101
16,4,0,32785,32768,32767,78,77
16,4,0,32785,32768,32767,54,53
16,4,0,32785,32768,32767,30,29
16,4,0,32785,32768,32767,6,5
16,2,2,32779,32768,32767,81,103
32,3,1,32788,32767,32768,96,97
16,4,0,32778,32768,32767,91,55
16,4,0,32694,32768,32767,19,12
32,5,-1,32811,32767,32768,0,12
16,4,0,32790,32768,32767,57,56
16,4,0,32779,32768,32767,105,104
16,4,0,32779,32768,32767,9,8
16,4,0,32780,32768,32767,9,7
16,4,0,32789,32768,32767,91,90
16,4,0,32789,32768,32767,91,89
16,4,0,32790,32768,32767,91,88
16,4,0,32790,32768,32767,91,87
16,4,0,32790,32768,32767,91,86
16,4,0,32790,32768,32767,91,85
16,4,0,32788,32768,32767,91,92
16,4,0,32788,32768,32767,91,79
16,4,0,32786,32768,32767,91,67
16,4,0,32786,32768,32767,91,43
16,4,0,32788,32768,32767,91,31
16,4,0,32789,32768,32767,19,18
16,4,0,32789,32768,32767,19,17
16,4,0,32790,32768,32767,19,16
16,4,0,32790,32768,32767,19,15
16,4,0,32788,32768,32767,19,20
16,4,0,32788,32768,32767,19,7
16,4,0,32788,32768,32767,19,31
16,4,0,32786,32768,32767,19,43
16,4,0,32778,32768,32767,19,55
16,4,0,32786,32768,32767,19,67
16,4,0,32788,32768,32767,19,79
16,4,0,32778,32768,32767,93,79
16,4,0,32779,32768,32767,93,68
16,4,0,32780,32768,32767,21,7
16,4,0,32778,32768,32767,21,31
16,4,0,32787,32768,32767,69,56
16,4,0,32787,32768,32767,45,56
16,4,0,32787,32768,32767,103,77
16,4,0,32787,32768,32767,103,81
16,4,0,32789,32768,32767,33,7
16,4,0,32787,32768,32767,33,55
16,4,0,32787,32768,32767,102,101
16,4,0,32787,32768,32767,78,77
16,4,0,32787,32768,32767,54,53
16,4,0,32787,32768,32767,30,29
16,4,0,32787,32768,32767,6,5
16,2,2,32779,32768,32767,33,7
32,3,1,32788,32767,32768,96,97
16,4,0,32778,32768,32767,91,55
16,4,0,32694,32768,32767,19,12
32,5,-1,32811,32767,32768,0,12
16,4,0,32790,32768,32767,57,56
16,4,0,32779,32768,32767,105,104
16,4,0,32780,32768,32767,105,103
16,4,0,32779,32768,32767,9,8
16,4,0,32789,32768,32767,91,90
16,4,0,32789,32768,32767,91,89
16,4,0,32790,32768,32767,91,88
16,4,0,32790,32768,32767,91,87
16,4,0,32790,32768,32767,91,86
16,4,0,32790,32768,32767,91,85
16,4,0,32788,32768,32767,91,92
16,4,0,32788,32768,32767,91,79
16,4,0,32786,32768,32767,91,67
16,4,0,32786,32768,32767,91,43
16,4,0,32788,32768,32767,91,31
16,4,0,32788,32768,32767,91,103
16,4,0,32789,32768,32767,19,18
16,4,0,32789,32768,32767,19,17
16,4,0,32790,32768,32767,19,16
16,4,0,32790,32768,32767,19,15
16,4,0,32788,32768,32767,19,20
16,4,0,32788,32768,32767,19,31
16,4,0,32786,32768,32767,19,43
16,4,0,32778,32768,32767,19,55
16,4,0,32786,32768,32767,19,67
16,4,0,32788,32768,32767,19,79
16,4,0,32778,32768,32767,93,79
16,4,0,32780,32768,32767,93,103
16,4,0,32778,32768,32767,21,31
16,4,0,32779,32768,32767,21,44
16,4,0,32787,32768,32767,69,56
16,4,0,32787,32768,32767,45,56
16,4,0,32787,32768,32767,81,55
16,4,0,32789,32768,32767,81,103
16,4,0,32787,32768,32767,7,29
16,4,0,32787,32768,32767,7,33
16,4,0,32787,32768,32767,102,101
16,4,0,32787,32768,32767,78,77
16,4,0,32787,32768,32767,54,53
16,4,0,32787,32768,32767,30,29
16,4,0,32787,32768,32767,6,5
16,2,2,32777,32768,32767,33,55
32,3,1,32786,32767,32768,96,97
16,4,0,32692,32768,32767,19,12
32,5,-1,32809,32767,32768,0,12
16,4,0,32788,32768,32767,57,56
16,4,0,32777,32768,32767,105,104
16,4,0,32778,32768,32767,105,103
16,4,0,32777,32768,32767,9,8
16,4,0,32778,32768,32767,9,7
16,4,0,32787,32768,32767,91,90
16,4,0,32787,32768,32767,91,89
16,4,0,32788,32768,32767,91,88
16,4,0,32788,32768,32767,91,87
16,4,0,32788,32768,32767,91,86
16,4,0,32788,32768,32767,91,85
16,4,0,32786,32768,32767,91,92
16,4,0,32786,32768,32767,91,79
16,4,0,32784,32768,32767,91,67
16,4,0,32786,32768,32767,91,103
16,4,0,32787,32768,32767,19,18
16,4,0,32787,32768,32767,19,17
16,4,0,32788,32768,32767,19,16
16,4,0,32788,32768,32767,19,15
16,4,0,32786,32768,32767,19,20
16,4,0,32786,32768,32767,19,7
16,4,0,32786,32768,32767,19,31
16,4,0,32784,32768,32767,19,43
16,4,0,32776,32768,32767,93,79
16,4,0,32778,32768,32767,93,103
16,4,0,32778,32768,32767,21,7
16,4,0,32776,32768,32767,21,31
16,4,0,32777,32768,32767,21,44
16,4,0,32785,32768,32767,69,56
16,4,0,32785,32768,32767,45,56
16,4,0,32787,32768,32767,81,103
16,4,0,32787,32768,32767,55,29
16,4,0,32787,32768,32767,55,77
16,4,0,32787,32768,32767,55,33
16,4,0,32785,32768,32767,102,101
16,4,0,32785,32768,32767,78,77
16,4,0,32785,32768,32767,54,53
16,4,0,32785,32768,32767,30,29
16,4,0,32785,32768,32767,6,5
16,2,2,32777,32768,32767,102,101
32,3,1,32786,32767,32768,96,97
16,4,0,32776,32768,32767,91,55
16,4,0,32692,32768,32767,19,12
32,5,-1,32809,32767,32768,0,12
16,4,0,32788,32768,32767,57,56
16,4,0,32777,32768,32767,105,104
16,4,0,32778,32768,32767,105,103
16,4,0,32779,32768,32767,105,102
16,4,0,32777,32768,32767,9,8
16,4,0,32778,32768,32767,9,7
16,4,0,32787,32768,32767,91,90
16,4,0,32787,32768,32767,91,89
16,4,0,32788,32768,32767,91,88
16,4,0,32788,32768,32767,91,87
16,4,0,32788,32768,32767,91,86
16,4,0,32788,32768,32767,91,85
16,4,0,32786,32768,32767,91,92
16,4,0,32786,32768,32767,91,79
16,4,0,32784,32768,32767,91,67
16,4,0,32784,32768,32767,91,43
16,4,0,32786,32768,32767,91,31
16,4,0,32786,32768,32767,91,103
16,4,0,32787,32768,32767,19,18
16,4,0,32787,32768,32767,19,17
16,4,0,32788,32768,32767,19,16
16,4,0,32788,32768,32767,19,15
16,4,0,32786,32768,32767,19,20
16,4,0,32786,32768,32767,19,7
16,4,0,32786,32768,32767,19,31
16,4,0,32784,32768,32767,19,43
16,4,0,32776,32768,32767,19,55
16,4,0,32784,32768,32767,19,67
16,4,0,32786,32768,32767,19,79
16,4,0,32776,32768,32767,93,79
16,4,0,32778,32768,32767,93,103
16,4,0,32778,32768,32767,21,7
16,4,0,32776,32768,32767,21,31
16,4,0,32785,32768,32767,69,56
16,4,0,32785,32768,32767,45,56
16,4,0,32785,32768,32767,81,55
16,4,0,32787,32768,32767,81,103
16,4,0,32787,32768,32767,33,7
16,4,0,32785,32768,32767,33,55
16,4,0,32771,32768,32767,101,100
16,4,0,32785,32768,32767,78,77
16,4,0,32785,32768,32767,54,53
16,4,0,32785,32768,32767,30,29
16,4,0,32785,32768,32767,6,5
16,2,2,32777,32768,32767,78,77
32,3,1,32786,32767,32768,96,97
16,4,0,32776,32768,32767,91,55
16,4,0,32692,32768,32767,19,12
32,5,-1,32809,32767,32768,0,12
16,4,0,32788,32768,32767,57,56
16,4,0,32777,32768,32767,105,104
16,4,0,32778,32768,32767,105,103
16,4,0,32777,32768,32767,9,8
16,4,0,32778,32768,32767,9,7
16,4,0,32787,32768,32767,91,90
16,4,0,32787,32768,32767,91,89
16,4,0,32788,32768,32767,91,88
16,4,0,32788,32768,32767,91,87
16,4,0,32788,32768,32767,91,86
16,4,0,32788,32768,32767,91,85
16,4,0,32786,32768,32767,91,92
16,4,0,32786,32768,32767,91,79
16,4,0,32784,32768,32767,91,67
16,4,0,32784,32768,32767,91,43
16,4,0,32786,32768,32767,91,31
16,4,0,32786,32768,32767,91,103
16,4,0,32787,32768,32767,19,18
16,4,0,32787,32768,32767,19,17
16,4,0,32788,32768,32767,19,16
16,4,0,32788,32768,32767,19,15
16,4,0,32786,32768,32767,19,20
16,4,0,32786,32768,32767,19,7
16,4,0,32786,32768,32767,19,31
16,4,0,32784,32768,32767,19,43
16,4,0,32776,32768,32767,19,55
16,4,0,32784,32768,32767,19,67
16,4,0,32786,32768,32767,19,79
16,4,0,32776,32768,32767,93,79
16,4,0,32778,32768,32767,93,103
16,4,0,32778,32768,32767,21,7
16,4,0,32776,32768,32767,21,31
16,4,0,32785,32768,32767,69,56
16,4,0,32785,32768,32767,45,56
16,4,0,32785,32768,32767,81,55
16,4,0,32787,32768,32767,81,103
16,4,0,32787,32768,32767,33,7
16,4,0,32785,32768,32767,33,55
16,4,0,32785,32768,32767,102,101
16,4,0,32768,32768,32767,77,76
16,4,0,32785,32768,32767,54,53
16,4,0,32785,32768,32767,30,29
16,4,0,32785,32768,32767,6,5
16,2,2,32777,32768,32767,54,53
32,3,1,32775,32767,32768,50,53
16,4,0,32765,32768,32767,91,55
32,5,-1,32859,32767,32768,14,21
16,6,-2,32742,32768,32767,9,21
32,7,-3,32741,32767,32768,53,57
16,6,-2,32742,32768,32767,9,21
32,7,-3,32741,32767,32768,53,57
16,6,-2,32862,32768,32767,55,51
16,4,0,32681,32768,32767,19,12
32,5,-1,32798,32767,32768,0,12
16,4,0,32777,32768,32767,57,56
16,4,0,32766,32768,32767,105,104
32,5,-1,32860,32767,32768,14,21
16,6,-2,32743,32768,32767,9,21
32,3,1,32786,32767,32768,96,97
16,4,0,32776,32768,32767,91,55
16,4,0,32777,32768,32767,105,104
16,4,0,32692,32768,32767,19,12
32,5,-1,32809,32767,32768,0,12
16,4,0,32788,32768,32767,57,56
16,4,0,32778,32768,32767,105,103
16,4,0,32777,32768,32767,9,8
16,4,0,32778,32768,32767,9,7
16,4,0,32787,32768,32767,91,90
16,4,0,32787,32768,32767,91,89
16,4,0,32788,32768,32767,91,88
16,4,0,32788,32768,32767,91,87
16,4,0,32788,32768,32767,91,86
16,4,0,32788,32768,32767,91,85
16,4,0,32786,32768,32767,91,92
16,4,0,32786,32768,32767,91,79
16,4,0,32784,32768,32767,91,67
16,4,0,32784,32768,32767,91,43
16,4,0,32786,32768,32767,91,31
16,4,0,32786,32768,32767,91,103
16,4,0,32787,32768,32767,19,18
16,4,0,32787,32768,32767,19,17
16,4,0,32788,32768,32767,19,16
16,4,0,32788,32768,32767,19,15
16,4,0,32786,32768,32767,19,20
16,4,0,32786,32768,32767,19,7
16,4,0,32786,32768,32767,19,31
16,4,0,32784,32768,32767,19,43
16,4,0,32776,32768,32767,19,55
16,4,0,32784,32768,32767,19,67
16,4,0,32786,32768,32767,19,79
16,4,0,32776,32768,32767,93,79
16,4,0,32778,32768,32767,93,103
16,4,0,32778,32768,32767,21,7
16,4,0,32776,32768,32767,21,31
16,4,0,32785,32768,32767,69,56
16,4,0,32785,32768,32767,45,56
16,4,0,32785,32768,32767,81,55
16,4,0,32787,32768,32767,81,103
16,4,0,32787,32768,32767,33,7
16,4,0,32785,32768,32767,33,55
16,4,0,32785,32768,32767,102,101
16,4,0,32785,32768,32767,78,77
16,4,0,32768,32768,32767,53,52
16,4,0,32785,32768,32767,30,29
16,4,0,32785,32768,32767,6,5
16,2,2,32777,32768,32767,30,29
32,3,1,32786,32767,32768,96,97
16,4,0,32776,32768,32767,91,55
16,4,0,32777,32768,32767,105,104
16,4,0,32692,32768,32767,19,12
32,5,-1,32809,32767,32768,0,12
16,4,0,32788,32768,32767,57,56
16,4,0,32778,32768,32767,105,103
16,4,0,32777,32768,32767,9,8
16,4,0,32778,32768,32767,9,7
16,4,0,32787,32768,32767,91,90
16,4,0,32787,32768,32767,91,89
16,4,0,32788,32768,32767,91,88
16,4,0,32788,32768,32767,91,87
16,4,0,32788,32768,32767,91,86
16,4,0,32788,32768,32767,91,85
16,4,0,32786,32768,32767,91,92
16,4,0,32786,32768,32767,91,79
16,4,0,32784,32768,32767,91,67
16,4,0,32784,32768,32767,91,43
16,4,0,32786,32768,32767,91,31
16,4,0,32786,32768,32767,91,103
16,4,0,32787,32768,32767,19,18
16,4,0,32787,32768,32767,19,17
16,4,0,32788,32768,32767,19,16
16,4,0,32788,32768,32767,19,15
16,4,0,32786,32768,32767,19,20
16,4,0,32786,32768,32767,19,7
16,4,0,32786,32768,32767,19,31
16,4,0,32784,32768,32767,19,43
16,4,0,32776,32768,32767,19,55
16,4,0,32784,32768,32767,19,67
16,4,0,32786,32768,32767,19,79
16,4,0,32776,32768,32767,93,79
16,4,0,32778,32768,32767,93,103
16,4,0,32778,32768,32767,21,7
16,4,0,32776,32768,32767,21,31
16,4,0,32785,32768,32767,69,56
16,4,0,32785,32768,32767,45,56
16,4,0,32785,32768,32767,81,55
16,4,0,32787,32768,32767,81,103
16,4,0,32787,32768,32767,33,7
16,4,0,32785,32768,32767,33,55
16,4,0,32785,32768,32767,102,101
16,4,0,32785,32768,32767,78,77
16,4,0,32785,32768,32767,54,53
16,4,0,32768,32768,32767,29,28
16,4,0,32785,32768,32767,6,5
16,2,2,32777,32768,32767,6,5
32,3,1,32786,32767,32768,96,97
16,4,0,32776,32768,32767,91,55
16,4,0,32777,32768,32767,105,104
16,4,0,32692,32768,32767,19,12
32,5,-1,32809,32767,32768,0,12
16,4,0,32788,32768,32767,57,56
16,4,0,32778,32768,32767,105,103
16,4,0,32777,32768,32767,9,8
16,4,0,32778,32768,32767,9,7
16,4,0,32779,32768,32767,9,6
16,4,0,32787,32768,32767,91,90
16,4,0,32787,32768,32767,91,89
16,4,0,32788,32768,32767,91,88
16,4,0,32788,32768,32767,91,87
16,4,0,32788,32768,32767,91,86
16,4,0,32788,32768,32767,91,85
16,4,0,32786,32768,32767,91,92
16,4,0,32786,32768,32767,91,79
16,4,0,32784,32768,32767,91,67
16,4,0,32784,32768,32767,91,43
16,4,0,32786,32768,32767,91,31
16,4,0,32786,32768,32767,91,103
16,4,0,32787,32768,32767,19,18
16,4,0,32787,32768,32767,19,17
16,4,0,32788,32768,32767,19,16
16,4,0,32788,32768,32767,19,15
16,4,0,32786,32768,32767,19,20
16,4,0,32786,32768,32767,19,7
16,4,0,32786,32768,32767,19,31
16,4,0,32784,32768,32767,19,43
16,4,0,32776,32768,32767,19,55
16,4,0,32784,32768,32767,19,67
16,4,0,32786,32768,32767,19,79
16,4,0,32776,32768,32767,93,79
16,4,0,32778,32768,32767,93,103
16,4,0,32778,32768,32767,21,7
16,4,0,32776,32768,32767,21,31
16,4,0,32785,32768,32767,69,56
16,4,0,32785,32768,32767,45,56
16,4,0,32785,32768,32767,81,55
16,4,0,32787,32768,32767,81,103
16,4,0,32787,32768,32767,33,7
16,4,0,32785,32768,32767,33,55
16,4,0,32785,32768,32767,102,101
16,4,0,32785,32768,32767,78,77
16,4,0,32785,32768,32767,54,53
16,4,0,32785,32768,32767,30,29
16,4,0,32771,32768,32767,5,4
32,1,3,32766,32768,32769,48,49
16,2,2,32756,32769,32768,91,55
32,3,1,32765,32768,32769,96,97
16,4,0,32756,32769,32768,105,104
32,5,-1,32850,32768,32769,14,21
16,6,-2,32733,32769,32768,9,21
32,3,1,32766,32768,32769,84,74
16,4,0,32757,32769,32768,105,104
32,5,-1,32851,32768,32769,14,21
16,6,-2,32734,32769,32768,9,21
32,3,1,32850,32768,32769,14,21
16,4,0,32733,32769,32768,9,21
32,3,1,32755,32768,32769,49,50
16,4,0,32746,32769,32768,105,104
32,5,-1,32840,32768,32769,14,21
16,6,-2,32723,32769,32768,9,21
32,3,1,32756,32768,32769,49,37
16,4,0,32747,32769,32768,105,104
32,5,-1,32841,32768,32769,14,21
16,6,-2,32724,32769,32768,9,21
32,3,1,32756,32768,32769,49,61
16,4,0,32747,32769,32768,105,104
32,5,-1,32841,32768,32769,14,21
16,6,-2,32724,32769,32768,9,21
32,3,1,32764,32768,32769,96,98
16,4,0,32755,32769,32768,105,104
32,5,-1,32849,32768,32769,14,21
16,6,-2,32732,32769,32768,9,21
32,3,1,32765,32768,32769,0,1
16,4,0,32756,32769,32768,105,104
32,5,-1,32850,32768,32769,14,21
16,6,-2,32733,32769,32768,9,21
32,3,1,32764,32768,32769,0,2
16,4,0,32755,32769,32768,105,104
32,5,-1,32849,32768,32769,14,21
16,6,-2,32732,32769,32768,9,21
32,3,1,32756,32768,32769,86,85
16,4,0,32747,32769,32768,105,104
32,5,-1,32841,32768,32769,14,21
16,6,-2,32724,32769,32768,9,21
32,3,1,32755,32768,32769,86,87
16,4,0,32746,32769,32768,105,104
32,5,-1,32840,32768,32769,14,21
16,6,-2,32723,32769,32768,9,21
32,3,1,32755,32768,32769,86,88
16,4,0,32746,32769,32768,105,104
32,5,-1,32840,32768,32769,14,21
16,6,-2,32723,32769,32768,9,21
32,3,1,32754,32768,32769,86,89
16,4,0,32745,32769,32768,105,104
32,5,-1,32839,32768,32769,14,21
16,6,-2,32722,32769,32768,9,21
32,3,1,32754,32768,32769,86,90
16,4,0,32745,32769,32768,105,104
32,5,-1,32839,32768,32769,14,21
16,6,-2,32722,32769,32768,9,21
32,5,-1,32754,32768,32769,90,54
16,6,-1,32757,32769,32768,55,51
32,7,-2,32851,32768,32769,14,21
16,8,-3,32734,32769,32768,9,21
32,7,-2,32759,32768,32769,54,102
32,7,-2,32759,32768,32769,54,6
32,3,1,32754,32768,32769,86,91
16,4,0,32647,32769,32768,19,91
32,3,1,32754,32768,32769,86,92
16,4,0,32745,32769,32768,105,104
32,5,-1,32839,32768,32769,14,21
16,6,-2,32722,32769,32768,9,21
32,3,1,32756,32768,32769,86,74
16,4,0,32747,32769,32768,105,104
32,5,-1,32841,32768,32769,14,21
16,6,-2,32724,32769,32768,9,21
32,5,-1,32750,32768,32769,74,78
32,3,1,32758,32768,32769,86,62
16,4,0,32749,32769,32768,105,104
32,5,-1,32843,32768,32769,14,21
16,6,-2,32726,32769,32768,9,21
32,3,1,32766,32768,32769,86,50
16,4,0,32757,32769,32768,105,104
32,5,-1,32851,32768,32769,14,21
16,6,-2,32734,32769,32768,9,21
32,5,-1,32754,32768,32769,50,54
16,6,-1,32757,32769,32768,55,51
32,7,-2,32851,32768,32769,14,21
16,8,-3,32734,32769,32768,9,21
32,7,-2,32759,32768,32769,54,102
32,7,-2,32759,32768,32769,54,6
32,3,1,32758,32768,32769,86,38
16,4,0,32749,32769,32768,105,104
32,5,-1,32843,32768,32769,14,21
16,6,-2,32726,32769,32768,9,21
32,3,1,32756,32768,32769,86,26
16,4,0,32747,32769,32768,105,104
32,5,-1,32841,32768,32769,14,21
16,6,-2,32724,32769,32768,9,21
32,5,-1,32750,32768,32769,26,30
32,3,1,32756,32768,32769,86,98
16,4,0,32747,32769,32768,105,104
32,5,-1,32841,32768,32769,14,21
16,6,-2,32724,32769,32768,9,21
32,5,-1,32750,32768,32769,98,102
32,3,1,32756,32768,32769,14,13
16,4,0,32747,32769,32768,105,104
32,5,-1,32841,32768,32769,13,21
16,6,-2,32724,32769,32768,9,21
32,3,1,32755,32768,32769,14,15
16,4,0,32746,32769,32768,105,104
32,5,-1,32841,32768,32769,15,21
16,6,-2,32724,32769,32768,9,21
32,3,1,32755,32768,32769,14,16
16,4,0,32746,32769,32768,105,104
32,5,-1,32841,32768,32769,16,21
16,6,-2,32724,32769,32768,9,21
32,3,1,32754,32768,32769,14,17
16,4,0,32745,32769,32768,105,104
32,5,-1,32841,32768,32769,17,21
16,6,-2,32724,32769,32768,9,21
32,3,1,32754,32768,32769,14,18
16,4,0,32745,32769,32768,105,104
32,5,-1,32841,32768,32769,18,21
16,6,-2,32724,32769,32768,9,21
32,5,-1,32754,32768,32769,18,54
16,6,-1,32757,32769,32768,55,51
32,7,-2,32759,32768,32769,54,102
32,7,-2,32759,32768,32769,54,6
32,3,1,32756,32768,32769,14,2
16,4,0,32747,32769,32768,105,104
32,5,-1,32750,32768,32769,2,6
32,3,1,32756,32768,32769,14,26
16,4,0,32747,32769,32768,105,104
32,5,-1,32750,32768,32769,26,30
32,3,1,32758,32768,32769,14,38
16,4,0,32749,32769,32768,105,104
32,3,1,32766,32768,32769,14,50
16,4,0,32757,32769,32768,105,104
32,5,-1,32754,32768,32769,50,54
16,6,-1,32757,32769,32768,55,51
32,7,-2,32759,32768,32769,54,102
32,7,-2,32759,32768,32769,54,6
32,3,1,32758,32768,32769,14,62
16,4,0,32749,32769,32768,105,104
32,3,1,32756,32768,32769,14,74
16,4,0,32747,32769,32768,105,104
32,5,-1,32750,32768,32769,74,78
32,3,1,32764,32768,32769,84,98
16,4,0,32755,32769,32768,105,104
32,5,-1,32849,32768,32769,14,21
16,6,-2,32732,32769,32768,9,21
32,3,1,32764,32768,32769,12,2
16,4,0,32755,32769,32768,105,104
32,5,-1,32849,32768,32769,14,21
16,6,-2,32732,32769,32768,9,21
32,3,1,32766,32768,32769,12,26
16,4,0,32757,32769,32768,105,104
32,5,-1,32851,32768,32769,14,21
16,6,-2,32734,32769,32768,9,21
32,3,1,32757,32768,32769,72,50
16,4,0,32748,32769,32768,105,104
32,5,-1,32842,32768,32769,14,21
16,6,-2,32725,32769,32768,9,21
32,3,1,32755,32768,32769,72,98
16,4,0,32746,32769,32768,105,104
32,5,-1,32840,32768,32769,14,21
16,6,-2,32723,32769,32768,9,21
32,3,1,32755,32768,32769,24,2
16,4,0,32746,32769,32768,105,104
32,5,-1,32840,32768,32769,14,21
16,6,-2,32723,32769,32768,9,21
32,3,1,32757,32768,32769,24,50
16,4,0,32748,32769,32768,105,104
32,5,-1,32842,32768,32769,14,21
16,6,-2,32725,32769,32768,9,21
32,3,1,32757,32768,32769,99,100
16,4,0,32748,32769,32768,105,104
32,5,-1,32842,32768,32769,14,21
16,6,-2,32725,32769,32768,9,21
32,3,1,32757,32768,32769,75,76
16,4,0,32748,32769,32768,105,104
32,5,-1,32842,32768,32769,14,21
16,6,-2,32725,32769,32768,9,21
32,3,1,32757,32768,32769,51,52
16,4,0,32759,32769,32768,55,52
32,5,-1,32853,32768,32769,14,21
16,6,-2,32736,32769,32768,9,21
32,3,1,32757,32768,32769,27,28
16,4,0,32748,32769,32768,105,104
32,5,-1,32842,32768,32769,14,21
16,6,-2,32725,32769,32768,9,21
32,3,1,32757,32768,32769,3,4
16,4,0,32748,32769,32768,105,104
32,5,-1,32842,32768,32769,14,21
16,6,-2,32725,32769,32768,9,21
32,1,3,32777,32768,32769,96,97
16,2,2,32767,32769,32768,91,55
32,3,1,32777,32768,32769,84,74
16,4,0,32768,32769,32768,105,104
32,5,-1,32862,32768,32769,14,21
16,6,-2,32745,32769,32768,9,21
32,3,1,32861,32768,32769,14,21
16,4,0,32744,32769,32768,9,21
32,3,1,32765,32768,32769,48,49
16,4,0,32756,32769,32768,105,104
32,5,-1,32850,32768,32769,14,21
16,6,-2,32733,32769,32768,9,21
32,3,1,32766,32768,32769,97,98
16,4,0,32757,32769,32768,105,104
32,5,-1,32851,32768,32769,14,21
16,6,-2,32734,32769,32768,9,21
32,3,1,32769,32768,32769,97,85
16,4,0,32760,32769,32768,105,104
32,5,-1,32854,32768,32769,14,21
16,6,-2,32737,32769,32768,9,21
32,3,1,32767,32768,32769,97,73
16,4,0,32758,32769,32768,105,104
32,5,-1,32852,32768,32769,14,21
16,6,-2,32735,32769,32768,9,21
32,3,1,32771,32768,32769,97,61
16,4,0,32762,32769,32768,105,104
32,5,-1,32856,32768,32769,14,21
16,6,-2,32739,32769,32768,9,21
32,5,-1,32800,32768,32769,61,69
16,6,-1,32567,32769,32768,57,69
32,7,-2,32661,32768,32769,14,21
32,3,1,32765,32768,32769,97,49
16,4,0,32756,32769,32768,105,104
32,5,-1,32850,32768,32769,14,21
16,6,-2,32733,32769,32768,9,21
32,3,1,32771,32768,32769,97,37
16,4,0,32762,32769,32768,105,104
32,5,-1,32856,32768,32769,14,21
16,6,-2,32739,32769,32768,9,21
32,5,-1,32800,32768,32769,37,45
16,6,-1,32567,32769,32768,57,45
32,7,-2,32661,32768,32769,14,21
16,8,-2,32544,32769,32768,9,21
32,3,1,32767,32768,32769,97,25
16,4,0,32758,32769,32768,105,104
32,5,-1,32852,32768,32769,14,21
16,6,-2,32735,32769,32768,9,21
32,3,1,32769,32768,32769,97,13
16,4,0,32540,32769,32768,19,13
32,3,1,32767,32768,32769,97,1
16,4,0,32758,32769,32768,105,104
32,5,-1,32852,32768,32769,14,21
16,6,-2,32735,32769,32768,9,21
32,3,1,32776,32768,32769,0,1
16,4,0,32767,32769,32768,105,104
32,5,-1,32861,32768,32769,14,21
16,6,-2,32744,32769,32768,9,21
32,3,1,32775,32768,32769,0,2
16,4,0,32766,32769,32768,105,104
32,5,-1,32860,32768,32769,14,21
16,6,-2,32743,32769,32768,9,21
32,3,1,32767,32768,32769,86,85
16,4,0,32758,32769,32768,105,104
32,5,-1,32852,32768,32769,14,21
16,6,-2,32735,32769,32768,9,21
32,3,1,32766,32768,32769,86,87
16,4,0,32757,32769,32768,105,104
32,5,-1,32851,32768,32769,14,21
16,6,-2,32734,32769,32768,9,21
32,3,1,32766,32768,32769,86,88
16,4,0,32757,32769,32768,105,104
32,5,-1,32851,32768,32769,14,21
16,6,-2,32734,32769,32768,9,21
32,3,1,32765,32768,32769,86,89
16,4,0,32756,32769,32768,105,104
32,5,-1,32850,32768,32769,14,21
16,6,-2,32733,32769,32768,9,21
32,3,1,32765,32768,32769,86,90
16,4,0,32756,32769,32768,105,104
32,5,-1,32850,32768,32769,14,21
16,6,-2,32733,32769,32768,9,21
32,5,-1,32765,32768,32769,90,54
16,6,-1,32768,32769,32768,55,51
32,7,-2,32862,32768,32769,14,21
16,8,-3,32745,32769,32768,9,21
32,7,-2,32770,32768,32769,54,102
16,8,-3,32664,32769,32768,104,102
32,7,-2,32770,32768,32769,54,6
16,8,-3,32655,32769,32768,9,6
32,3,1,32765,32768,32769,86,91
16,4,0,32658,32769,32768,19,91
32,3,1,32765,32768,32769,86,92
16,4,0,32756,32769,32768,105,104
32,5,-1,32850,32768,32769,14,21
16,6,-2,32733,32769,32768,9,21
32,3,1,32767,32768,32769,86,74
16,4,0,32758,32769,32768,105,104
32,5,-1,32852,32768,32769,14,21
16,6,-2,32735,32769,32768,9,21
32,5,-1,32761,32768,32769,74,78
32,3,1,32769,32768,32769,86,62
16,4,0,32760,32769,32768,105,104
32,5,-1,32854,32768,32769,14,21
16,6,-2,32737,32769,32768,9,21
32,3,1,32777,32768,32769,86,50
16,4,0,32768,32769,32768,105,104
32,5,-1,32862,32768,32769,14,21
16,6,-2,32745,32769,32768,9,21
32,5,-1,32765,32768,32769,50,54
16,6,-1,32768,32769,32768,55,51
32,7,-2,32862,32768,32769,14,21
16,8,-3,32745,32769,32768,9,21
32,7,-2,32770,32768,32769,54,102
16,8,-3,32664,32769,32768,104,102
32,7,-2,32770,32768,32769,54,6
16,8,-3,32655,32769,32768,9,6
32,3,1,32769,32768,32769,86,38
16,4,0,32760,32769,32768,105,104
32,5,-1,32854,32768,32769,14,21
16,6,-2,32737,32769,32768,9,21
32,3,1,32767,32768,32769,86,26
16,4,0,32758,32769,32768,105,104
32,5,-1,32852,32768,32769,14,21
16,6,-2,32735,32769,32768,9,21
32,5,-1,32761,32768,32769,26,30
32,3,1,32767,32768,32769,86,98
16,4,0,32758,32769,32768,105,104
32,5,-1,32852,32768,32769,14,21
16,6,-2,32735,32769,32768,9,21
32,5,-1,32761,32768,32769,98,102
32,3,1,32767,32768,32769,14,13
16,4,0,32758,32769,32768,105,104
32,5,-1,32852,32768,32769,13,21
16,6,-2,32735,32769,32768,9,21
32,3,1,32766,32768,32769,14,15
16,4,0,32757,32769,32768,105,104
32,5,-1,32852,32768,32769,15,21
16,6,-2,32735,32769,32768,9,21
32,3,1,32766,32768,32769,14,16
16,4,0,32757,32769,32768,105,104
32,5,-1,32852,32768,32769,16,21
16,6,-2,32735,32769,32768,9,21
32,3,1,32765,32768,32769,14,17
16,4,0,32756,32769,32768,105,104
32,5,-1,32852,32768,32769,17,21
16,6,-2,32735,32769,32768,9,21
32,3,1,32765,32768,32769,14,18
16,4,0,32756,32769,32768,105,104
32,5,-1,32852,32768,32769,18,21
16,6,-2,32735,32769,32768,9,21
32,5,-1,32765,32768,32769,18,54
16,6,-1,32768,32769,32768,55,51
32,7,-2,32770,32768,32769,54,102
16,8,-3,32664,32769,32768,104,102
32,7,-2,32770,32768,32769,54,6
16,8,-3,32655,32769,32768,9,6
32,3,1,32767,32768,32769,14,2
16,4,0,32758,32769,32768,105,104
32,5,-1,32761,32768,32769,2,6
32,3,1,32767,32768,32769,14,26
16,4,0,32758,32769,32768,105,104
32,5,-1,32761,32768,32769,26,30
32,3,1,32769,32768,32769,14,38
16,4,0,32760,32769,32768,105,104
32,3,1,32777,32768,32769,14,50
16,4,0,32768,32769,32768,105,104
32,5,-1,32765,32768,32769,50,54
16,6,-1,32768,32769,32768,55,51
32,7,-2,32770,32768,32769,54,102
16,8,-3,32664,32769,32768,104,102
32,7,-2,32770,32768,32769,54,6
16,8,-3,32655,32769,32768,9,6
32,3,1,32769,32768,32769,14,62
16,4,0,32760,32769,32768,105,104
32,3,1,32767,32768,32769,14,74
16,4,0,32758,32769,32768,105,104
32,5,-1,32761,32768,32769,74,78
32,3,1,32775,32768,32769,84,98
16,4,0,32766,32769,32768,105,104
32,5,-1,32860,32768,32769,14,21
16,6,-2,32743,32769,32768,9,21
32,3,1,32775,32768,32769,12,2
16,4,0,32766,32769,32768,105,104
32,5,-1,32860,32768,32769,14,21
16,6,-2,32743,32769,32768,9,21
32,3,1,32777,32768,32769,12,26
16,4,0,32768,32769,32768,105,104
32,5,-1,32862,32768,32769,14,21
16,6,-2,32745,32769,32768,9,21
32,3,1,32768,32768,32769,60,49
16,4,0,32759,32769,32768,105,104
32,5,-1,32853,32768,32769,14,21
16,6,-2,32736,32769,32768,9,21
32,3,1,32768,32768,32769,36,49
16,4,0,32759,32769,32768,105,104
32,5,-1,32853,32768,32769,14,21
16,6,-2,32736,32769,32768,9,21
32,3,1,32768,32768,32769,72,50
16,4,0,32759,32769,32768,105,104
32,5,-1,32853,32768,32769,14,21
16,6,-2,32736,32769,32768,9,21
32,3,1,32766,32768,32769,72,98
16,4,0,32757,32769,32768,105,104
32,5,-1,32851,32768,32769,14,21
16,6,-2,32734,32769,32768,9,21
32,3,1,32766,32768,32769,24,2
16,4,0,32757,32769,32768,105,104
32,5,-1,32851,32768,32769,14,21
16,6,-2,32734,32769,32768,9,21
32,3,1,32768,32768,32769,24,50
16,4,0,32759,32769,32768,105,104
32,5,-1,32853,32768,32769,14,21
16,6,-2,32736,32769,32768,9,21
32,3,1,32768,32768,32769,99,100
16,4,0,32759,32769,32768,105,104
32,5,-1,32853,32768,32769,14,21
16,6,-2,32736,32769,32768,9,21
32,3,1,32768,32768,32769,75,76
16,4,0,32759,32769,32768,105,104
32,5,-1,32853,32768,32769,14,21
16,6,-2,32736,32769,32768,9,21
32,3,1,32768,32768,32769,51,52
16,4,0,32770,32769,32768,55,52
16,4,0,32759,32769,32768,105,104
32,5,-1,32853,32768,32769,14,21
16,6,-2,32736,32769,32768,9,21
32,3,1,32768,32768,32769,27,28
16,4,0,32759,32769,32768,105,104
32,5,-1,32853,32768,32769,14,21
16,6,-2,32736,32769,32768,9,21
32,3,1,32768,32768,32769,3,4
16,4,0,32759,32769,32768,105,104
32,5,-1,32853,32768,32769,14,21
16,6,-2,32736,32769,32768,9,21
32,1,3,32776,32768,32769,96,98
16,2,2,32766,32769,32768,91,55
32,3,1,32776,32768,32769,84,74
16,4,0,32767,32769,32768,105,104
32,5,-1,32861,32768,32769,14,21
16,6,-2,32744,32769,32768,9,21
32,3,1,32860,32768,32769,14,21
16,4,0,32743,32769,32768,9,21
32,3,1,32764,32768,32769,48,49
16,4,0,32755,32769,32768,105,104
32,5,-1,32849,32768,32769,14,21
16,6,-2,32732,32769,32768,9,21
32,3,1,32767,32768,32769,98,97
16,4,0,32758,32769,32768,105,104
32,5,-1,32852,32768,32769,14,21
16,6,-2,32735,32769,32768,9,21
32,3,1,32775,32768,32769,0,1
16,4,0,32766,32769,32768,105,104
32,5,-1,32860,32768,32769,14,21
16,6,-2,32743,32769,32768,9,21
32,3,1,32774,32768,32769,0,2
16,4,0,32765,32769,32768,105,104
32,5,-1,32859,32768,32769,14,21
16,6,-2,32742,32769,32768,9,21
32,3,1,32766,32768,32769,86,85
16,4,0,32757,32769,32768,105,104
32,5,-1,32851,32768,32769,14,21
16,6,-2,32734,32769,32768,9,21
32,3,1,32765,32768,32769,86,87
16,4,0,32756,32769,32768,105,104
32,5,-1,32850,32768,32769,14,21
16,6,-2,32733,32769,32768,9,21
32,3,1,32765,32768,32769,86,88
16,4,0,32756,32769,32768,105,104
32,5,-1,32850,32768,32769,14,21
16,6,-2,32733,32769,32768,9,21
32,3,1,32764,32768,32769,86,89
16,4,0,32755,32769,32768,105,104
32,5,-1,32849,32768,32769,14,21
16,6,-2,32732,32769,32768,9,21
32,3,1,32764,32768,32769,86,90
16,4,0,32755,32769,32768,105,104
32,5,-1,32849,32768,32769,14,21
16,6,-2,32732,32769,32768,9,21
32,5,-1,32764,32768,32769,90,54
16,6,-1,32767,32769,32768,55,51
32,7,-2,32861,32768,32769,14,21
16,8,-3,32744,32769,32768,9,21
32,7,-2,32769,32768,32769,54,102
16,8,-3,32663,32769,32768,104,102
32,7,-2,32769,32768,32769,54,6
16,8,-3,32654,32769,32768,9,6
32,3,1,32764,32768,32769,86,91
16,4,0,32657,32769,32768,19,91
32,3,1,32764,32768,32769,86,92
16,4,0,32755,32769,32768,105,104
32,5,-1,32849,32768,32769,14,21
16,6,-2,32732,32769,32768,9,21
32,3,1,32766,32768,32769,86,74
16,4,0,32757,32769,32768,105,104
32,5,-1,32851,32768,32769,14,21
16,6,-2,32734,32769,32768,9,21
32,5,-1,32760,32768,32769,74,78
32,3,1,32768,32768,32769,86,62
16,4,0,32759,32769,32768,105,104
32,5,-1,32853,32768,32769,14,21
16,6,-2,32736,32769,32768,9,21
32,3,1,32776,32768,32769,86,50
16,4,0,32767,32769,32768,105,104
32,5,-1,32861,32768,32769,14,21
16,6,-2,32744,32769,32768,9,21
32,5,-1,32764,32768,32769,50,54
16,6,-1,32767,32769,32768,55,51
32,7,-2,32861,32768,32769,14,21
16,8,-3,32744,32769,32768,9,21
32,7,-2,32769,32768,32769,54,102
16,8,-3,32663,32769,32768,104,102
32,7,-2,32769,32768,32769,54,6
16,8,-3,32654,32769,32768,9,6
32,3,1,32768,32768,32769,86,38
16,4,0,32759,32769,32768,105,104
32,5,-1,32853,32768,32769,14,21
16,6,-2,32736,32769,32768,9,21
32,3,1,32766,32768,32769,86,26
16,4,0,32757,32769,32768,105,104
32,5,-1,32851,32768,32769,14,21
16,6,-2,32734,32769,32768,9,21
32,5,-1,32760,32768,32769,26,30
32,3,1,32766,32768,32769,14,13
16,4,0,32757,32769,32768,105,104
32,5,-1,32851,32768,32769,13,21
16,6,-2,32734,32769,32768,9,21
32,3,1,32765,32768,32769,14,15
16,4,0,32756,32769,32768,105,104
32,5,-1,32851,32768,32769,15,21
16,6,-2,32734,32769,32768,9,21
32,3,1,32765,32768,32769,14,16
16,4,0,32756,32769,32768,105,104
32,5,-1,32851,32768,32769,16,21
16,6,-2,32734,32769,32768,9,21
32,3,1,32764,32768,32769,14,17
16,4,0,32755,32769,32768,105,104
32,5,-1,32851,32768,32769,17,21
16,6,-2,32734,32769,32768,9,21
32,3,1,32764,32768,32769,14,18
16,4,0,32755,32769,32768,105,104
32,5,-1,32851,32768,32769,18,21
16,6,-2,32734,32769,32768,9,21
32,5,-1,32764,32768,32769,18,54
16,6,-1,32767,32769,32768,55,51
32,7,-2,32769,32768,32769,54,102
16,8,-3,32663,32769,32768,104,102
32,7,-2,32769,32768,32769,54,6
16,8,-3,32654,32769,32768,9,6
32,3,1,32766,32768,32769,14,2
16,4,0,32757,32769,32768,105,104
32,5,-1,32760,32768,32769,2,6
32,3,1,32766,32768,32769,14,26
16,4,0,32757,32769,32768,105,104
32,5,-1,32760,32768,32769,26,30
32,3,1,32768,32768,32769,14,38
16,4,0,32759,32769,32768,105,104
32,3,1,32776,32768,32769,14,50
16,4,0,32767,32769,32768,105,104
32,5,-1,32764,32768,32769,50,54
16,6,-1,32767,32769,32768,55,51
32,7,-2,32769,32768,32769,54,102
16,8,-3,32663,32769,32768,104,102
32,7,-2,32769,32768,32769,54,6
16,8,-3,32654,32769,32768,9,6
32,3,1,32768,32768,32769,14,62
16,4,0,32759,32769,32768,105,104
32,3,1,32766,32768,32769,14,74
16,4,0,32757,32769,32768,105,104
32,5,-1,32760,32768,32769,74,78
32,3,1,32774,32768,32769,12,2
16,4,0,32765,32769,32768,105,104
32,5,-1,32859,32768,32769,14,21
16,6,-2,32742,32769,32768,9,21
32,3,1,32776,32768,32769,12,26
16,4,0,32767,32769,32768,105,104
32,5,-1,32861,32768,32769,14,21
16,6,-2,32744,32769,32768,9,21
32,3,1,32767,32768,32769,60,49
16,4,0,32758,32769,32768,105,104
32,5,-1,32852,32768,32769,14,21
16,6,-2,32735,32769,32768,9,21
32,3,1,32767,32768,32769,36,49
16,4,0,32758,32769,32768,105,104
32,5,-1,32852,32768,32769,14,21
16,6,-2,32735,32769,32768,9,21
32,3,1,32767,32768,32769,72,50
16,4,0,32758,32769,32768,105,104
32,5,-1,32852,32768,32769,14,21
16,6,-2,32735,32769,32768,9,21
32,3,1,32765,32768,32769,24,2
16,4,0,32756,32769,32768,105,104
32,5,-1,32850,32768,32769,14,21
16,6,-2,32733,32769,32768,9,21
32,3,1,32767,32768,32769,24,50
16,4,0,32758,32769,32768,105,104
32,5,-1,32852,32768,32769,14,21
16,6,-2,32735,32769,32768,9,21
32,3,1,32767,32768,32769,99,100
16,4,0,32758,32769,32768,105,104
32,5,-1,32852,32768,32769,14,21
16,6,-2,32735,32769,32768,9,21
32,3,1,32767,32768,32769,75,76
16,4,0,32758,32769,32768,105,104
32,5,-1,32852,32768,32769,14,21
16,6,-2,32735,32769,32768,9,21
32,3,1,32767,32768,32769,51,52
16,4,0,32769,32769,32768,55,52
16,4,0,32758,32769,32768,105,104
32,5,-1,32852,32768,32769,14,21
16,6,-2,32735,32769,32768,9,21
32,3,1,32767,32768,32769,27,28
16,4,0,32758,32769,32768,105,104
32,5,-1,32852,32768,32769,14,21
16,6,-2,32735,32769,32768,9,21
32,3,1,32767,32768,32769,3,4
16,4,0,32758,32769,32768,105,104
32,5,-1,32852,32768,32769,14,21
16,6,-2,32735,32769,32768,9,21
32,1,3,32777,32768,32769,0,1
16,2,2,32767,32769,32768,91,55
32,3,1,32776,32768,32769,96,97
16,4,0,32767,32769,32768,105,104
32,5,-1,32861,32768,32769,14,21
16,6,-2,32744,32769,32768,9,21
32,3,1,32777,32768,32769,84,74
16,4,0,32768,32769,32768,105,104
32,5,-1,32862,32768,32769,14,21
16,6,-2,32745,32769,32768,9,21
32,3,1,32861,32768,32769,14,21
16,4,0,32744,32769,32768,9,21
32,3,1,32765,32768,32769,48,49
16,4,0,32756,32769,32768,105,104
32,5,-1,32850,32768,32769,14,21
16,6,-2,32733,32769,32768,9,21
32,3,1,32775,32768,32769,96,98
16,4,0,32766,32769,32768,105,104
32,5,-1,32860,32768,32769,14,21
16,6,-2,32743,32769,32768,9,21
32,3,1,32766,32768,32769,1,2
16,4,0,32757,32769,32768,105,104
32,5,-1,32851,32768,32769,14,21
16,6,-2,32734,32769,32768,9,21
32,3,1,32769,32768,32769,1,13
16,4,0,32540,32769,32768,19,13
32,3,1,32767,32768,32769,1,25
16,4,0,32758,32769,32768,105,104
32,5,-1,32852,32768,32769,14,21
16,6,-2,32735,32769,32768,9,21
32,3,1,32771,32768,32769,1,37
16,4,0,32762,32769,32768,105,104
32,5,-1,32856,32768,32769,14,21
16,6,-2,32739,32769,32768,9,21
32,5,-1,32800,32768,32769,37,45
16,6,-1,32567,32769,32768,57,45
32,7,-2,32661,32768,32769,14,21
16,8,-2,32544,32769,32768,9,21
32,3,1,32765,32768,32769,1,49
16,4,0,32756,32769,32768,105,104
32,5,-1,32850,32768,32769,14,21
16,6,-2,32733,32769,32768,9,21
32,3,1,32771,32768,32769,1,61
16,4,0,32762,32769,32768,105,104
32,5,-1,32856,32768,32769,14,21
16,6,-2,32739,32769,32768,9,21
32,5,-1,32800,32768,32769,61,69
16,6,-1,32567,32769,32768,57,69
32,7,-2,32661,32768,32769,14,21
32,3,1,32767,32768,32769,1,73
16,4,0,32758,32769,32768,105,104
32,5,-1,32852,32768,32769,14,21
16,6,-2,32735,32769,32768,9,21
32,3,1,32769,32768,32769,1,85
16,4,0,32760,32769,32768,105,104
32,5,-1,32854,32768,32769,14,21
16,6,-2,32737,32769,32768,9,21
32,3,1,32767,32768,32769,1,97
16,4,0,32758,32769,32768,105,104
32,5,-1,32852,32768,32769,14,21
16,6,-2,32735,32769,32768,9,21
32,3,1,32767,32768,32769,86,85
16,4,0,32758,32769,32768,105,104
32,5,-1,32852,32768,32769,14,21
16,6,-2,32735,32769,32768,9,21
32,3,1,32766,32768,32769,86,87
16,4,0,32757,32769,32768,105,104
32,5,-1,32851,32768,32769,14,21
16,6,-2,32734,32769,32768,9,21
32,3,1,32766,32768,32769,86,88
16,4,0,32757,32769,32768,105,104
32,5,-1,32851,32768,32769,14,21
16,6,-2,32734,32769,32768,9,21
32,3,1,32765,32768,32769,86,89
16,4,0,32756,32769,32768,105,104
32,5,-1,32850,32768,32769,14,21
16,6,-2,32733,32769,32768,9,21
32,3,1,32765,32768,32769,86,90
16,4,0,32756,32769,32768,105,104
32,5,-1,32850,32768,32769,14,21
16,6,-2,32733,32769,32768,9,21
32,5,-1,32765,32768,32769,90,54
16,6,-1,32768,32769,32768,55,51
32,7,-2,32862,32768,32769,14,21
16,8,-3,32745,32769,32768,9,21
32,7,-2,32770,32768,32769,54,102
16,8,-3,32664,32769,32768,104,102
32,7,-2,32770,32768,32769,54,6
16,8,-3,32655,32769,32768,9,6
32,3,1,32765,32768,32769,86,91
16,4,0,32658,32769,32768,19,91
32,3,1,32765,32768,32769,86,92
16,4,0,32756,32769,32768,105,104
32,5,-1,32850,32768,32769,14,21
16,6,-2,32733,32769,32768,9,21
32,3,1,32767,32768,32769,86,74
16,4,0,32758,32769,32768,105,104
32,5,-1,32852,32768,32769,14,21
16,6,-2,32735,32769,32768,9,21
32,5,-1,32761,32768,32769,74,78
32,3,1,32769,32768,32769,86,62
16,4,0,32760,32769,32768,105,104
32,5,-1,32854,32768,32769,14,21
16,6,-2,32737,32769,32768,9,21
32,3,1,32777,32768,32769,86,50
16,4,0,32768,32769,32768,105,104
32,5,-1,32862,32768,32769,14,21
16,6,-2,32745,32769,32768,9,21
32,5,-1,32765,32768,32769,50,54
16,6,-1,32768,32769,32768,55,51
32,7,-2,32862,32768,32769,14,21
16,8,-3,32745,32769,32768,9,21
32,7,-2,32770,32768,32769,54,102
16,8,-3,32664,32769,32768,104,102
32,7,-2,32770,32768,32769,54,6
16,8,-3,32655,32769,32768,9,6
32,3,1,32769,32768,32769,86,38
16,4,0,32760,32769,32768,105,104
32,5,-1,32854,32768,32769,14,21
16,6,-2,32737,32769,32768,9,21
32,3,1,32767,32768,32769,86,26
16,4,0,32758,32769,32768,105,104
32,5,-1,32852,32768,32769,14,21
16,6,-2,32735,32769,32768,9,21
32,5,-1,32761,32768,32769,26,30
32,3,1,32767,32768,32769,86,98
16,4,0,32758,32769,32768,105,104
32,5,-1,32852,32768,32769,14,21
16,6,-2,32735,32769,32768,9,21
32,5,-1,32761,32768,32769,98,102
32,3,1,32767,32768,32769,14,13
16,4,0,32758,32769,32768,105,104
32,5,-1,32852,32768,32769,13,21
16,6,-2,32735,32769,32768,9,21
32,3,1,32766,32768,32769,14,15
16,4,0,32757,32769,32768,105,104
32,5,-1,32852,32768,32769,15,21
16,6,-2,32735,32769,32768,9,21
32,3,1,32766,32768,32769,14,16
16,4,0,32757,32769,32768,105,104
32,5,-1,32852,32768,32769,16,21
16,6,-2,32735,32769,32768,9,21
32,3,1,32765,32768,32769,14,17
16,4,0,32756,32769,32768,105,104
32,5,-1,32852,32768,32769,17,21
16,6,-2,32735,32769,32768,9,21
32,3,1,32765,32768,32769,14,18
16,4,0,32756,32769,32768,105,104
32,5,-1,32852,32768,32769,18,21
16,6,-2,32735,32769,32768,9,21
32,5,-1,32765,32768,32769,18,54
16,6,-1,32768,32769,32768,55,51
32,7,-2,32770,32768,32769,54,102
16,8,-3,32664,32769,32768,104,102
32,7,-2,32770,32768,32769,54,6
16,8,-3,32655,32769,32768,9,6
32,3,1,32767,32768,32769,14,2
16,4,0,32758,32769,32768,105,104
32,5,-1,32761,32768,32769,2,6
32,3,1,32767,32768,32769,14,26
16,4,0,32758,32769,32768,105,104
32,5,-1,32761,32768,32769,26,30
32,3,1,32769,32768,32769,14,38
16,4,0,32760,32769,32768,105,104
32,3,1,32777,32768,32769,14,50
16,4,0,32768,32769,32768,105,104
32,5,-1,32765,32768,32769,50,54
16,6,-1,32768,32769,32768,55,51
32,7,-2,32770,32768,32769,54,102
16,8,-3,32664,32769,32768,104,102
32,7,-2,32770,32768,32769,54,6
16,8,-3,32655,32769,32768,9,6
32,3,1,32769,32768,32769,14,62
16,4,0,32760,32769,32768,105,104
32,3,1,32767,32768,32769,14,74
16,4,0,32758,32769,32768,105,104
32,5,-1,32761,32768,32769,74,78
32,3,1,32775,32768,32769,84,98
16,4,0,32766,32769,32768,105,104
32,5,-1,32860,32768,32769,14,21
16,6,-2,32743,32769,32768,9,21
32,3,1,32775,32768,32769,12,2
16,4,0,32766,32769,32768,105,104
32,5,-1,32860,32768,32769,14,21
16,6,-2,32743,32769,32768,9,21
32,3,1,32777,32768,32769,12,26
16,4,0,32768,32769,32768,105,104
32,5,-1,32862,32768,32769,14,21
16,6,-2,32745,32769,32768,9,21
32,3,1,32768,32768,32769,60,49
16,4,0,32759,32769,32768,105,104
32,5,-1,32853,32768,32769,14,21
16,6,-2,32736,32769,32768,9,21
32,3,1,32768,32768,32769,36,49
16,4,0,32759,32769,32768,105,104
32,5,-1,32853,32768,32769,14,21
16,6,-2,32736,32769,32768,9,21
32,3,1,32768,32768,32769,72,50
16,4,0,32759,32769,32768,105,104
32,5,-1,32853,32768,32769,14,21
16,6,-2,32736,32769,32768,9,21
32,3,1,32766,32768,32769,72,98
16,4,0,32757,32769,32768,105,104
32,5,-1,32851,32768,32769,14,21
16,6,-2,32734,32769,32768,9,21
32,3,1,32766,32768,32769,24,2
16,4,0,32757,32769,32768,105,104
32,5,-1,32851,32768,32769,14,21
16,6,-2,32734,32769,32768,9,21
32,3,1,32768,32768,32769,24,50
16,4,0,32759,32769,32768,105,104
32,5,-1,32853,32768,32769,14,21
16,6,-2,32736,32769,32768,9,21
32,3,1,32768,32768,32769,99,100
16,4,0,32759,32769,32768,105,104
32,5,-1,32853,32768,32769,14,21
16,6,-2,32736,32769,32768,9,21
32,3,1,32768,32768,32769,75,76
16,4,0,32759,32769,32768,105,104
32,5,-1,32853,32768,32769,14,21
16,6,-2,32736,32769,32768,9,21
32,3,1,32768,32768,32769,51,52
16,4,0,32770,32769,32768,55,52
16,4,0,32759,32769,32768,105,104
32,5,-1,32853,32768,32769,14,21
16,6,-2,32736,32769,32768,9,21
32,3,1,32768,32768,32769,27,28
16,4,0,32759,32769,32768,105,104
32,5,-1,32853,32768,32769,14,21
16,6,-2,32736,32769,32768,9,21
32,3,1,32768,32768,32769,3,4
16,4,0,32759,32769,32768,105,104
32,5,-1,32853,32768,32769,14,21
16,6,-2,32736,32769,32768,9,21
32,1,3,32776,32768,32769,0,2
16,2,2,32766,32769,32768,91,55
32,3,1,32775,32768,32769,96,97
16,4,0,32766,32769,32768,105,104
32,5,-1,32860,32768,32769,14,21
16,6,-2,32743,32769,32768,9,21
32,3,1,32776,32768,32769,84,74
16,4,0,32767,32769,32768,105,104
32,5,-1,32861,32768,32769,14,21
16,6,-2,32744,32769,32768,9,21
32,3,1,32860,32768,32769,14,21
16,4,0,32743,32769,32768,9,21
32,3,1,32764,32768,32769,48,49
16,4,0,32755,32769,32768,105,104
32,5,-1,32849,32768,32769,14,21
16,6,-2,32732,32769,32768,9,21
32,3,1,32774,32768,32769,96,98
16,4,0,32765,32769,32768,105,104
32,5,-1,32859,32768,32769,14,21
16,6,-2,32742,32769,32768,9,21
32,3,1,32767,32768,32769,2,1
16,4,0,32758,32769,32768,105,104
32,5,-1,32852,32768,32769,14,21
16,6,-2,32735,32769,32768,9,21
32,3,1,32766,32768,32769,86,85
16,4,0,32757,32769,32768,105,104
32,5,-1,32851,32768,32769,14,21
16,6,-2,32734,32769,32768,9,21
32,3,1,32765,32768,32769,86,87
16,4,0,32756,32769,32768,105,104
32,5,-1,32850,32768,32769,14,21
16,6,-2,32733,32769,32768,9,21
32,3,1,32765,32768,32769,86,88
16,4,0,32756,32769,32768,105,104
32,5,-1,32850,32768,32769,14,21
16,6,-2,32733,32769,32768,9,21
32,3,1,32764,32768,32769,86,89
16,4,0,32755,32769,32768,105,104
32,5,-1,32849,32768,32769,14,21
16,6,-2,32732,32769,32768,9,21
32,3,1,32764,32768,32769,86,90
16,4,0,32755,32769,32768,105,104
32,5,-1,32849,32768,32769,14,21
16,6,-2,32732,32769,32768,9,21
32,5,-1,32764,32768,32769,90,54
16,6,-1,32767,32769,32768,55,51
32,7,-2,32861,32768,32769,14,21
16,8,-3,32744,32769,32768,9,21
32,7,-2,32769,32768,32769,54,102
16,8,-3,32663,32769,32768,104,102
32,7,-2,32769,32768,32769,54,6
16,8,-3,32654,32769,32768,9,6
32,3,1,32764,32768,32769,86,91
16,4,0,32657,32769,32768,19,91
32,3,1,32764,32768,32769,86,92
16,4,0,32755,32769,32768,105,104
32,5,-1,32849,32768,32769,14,21
16,6,-2,32732,32769,32768,9,21
32,3,1,32766,32768,32769,86,74
16,4,0,32757,32769,32768,105,104
32,5,-1,32851,32768,32769,14,21
16,6,-2,32734,32769,32768,9,21
32,5,-1,32760,32768,32769,74,78
32,3,1,32768,32768,32769,86,62
16,4,0,32759,32769,32768,105,104
32,5,-1,32853,32768,32769,14,21
16,6,-2,32736,32769,32768,9,21
32,3,1,32776,32768,32769,86,50
16,4,0,32767,32769,32768,105,104
32,5,-1,32861,32768,32769,14,21
16,6,-2,32744,32769,32768,9,21
32,5,-1,32764,32768,32769,50,54
16,6,-1,32767,32769,32768,55,51
32,7,-2,32861,32768,32769,14,21
16,8,-3,32744,32769,32768,9,21
32,7,-2,32769,32768,32769,54,102
16,8,-3,32663,32769,32768,104,102
32,7,-2,32769,32768,32769,54,6
16,8,-3,32654,32769,32768,9,6
32,3,1,32768,32768,32769,86,38
16,4,0,32759,32769,32768,105,104
32,5,-1,32853,32768,32769,14,21
16,6,-2,32736,32769,32768,9,21
32,3,1,32766,32768,32769,86,26
16,4,0,32757,32769,32768,105,104
32,5,-1,32851,32768,32769,14,21
16,6,-2,32734,32769,32768,9,21
32,5,-1,32760,32768,32769,26,30
32,3,1,32766,32768,32769,86,98
16,4,0,32757,32769,32768,105,104
32,5,-1,32851,32768,32769,14,21
16,6,-2,32734,32769,32768,9,21
32,5,-1,32760,32768,32769,98,102
32,3,1,32766,32768,32769,14,13
16,4,0,32757,32769,32768,105,104
32,5,-1,32851,32768,32769,13,21
16,6,-2,32734,32769,32768,9,21
32,3,1,32765,32768,32769,14,15
16,4,0,32756,32769,32768,105,104
32,5,-1,32851,32768,32769,15,21
16,6,-2,32734,32769,32768,9,21
32,3,1,32765,32768,32769,14,16
16,4,0,32756,32769,32768,105,104
32,5,-1,32851,32768,32769,16,21
16,6,-2,32734,32769,32768,9,21
32,3,1,32764,32768,32769,14,17
16,4,0,32755,32769,32768,105,104
32,5,-1,32851,32768,32769,17,21
16,6,-2,32734,32769,32768,9,21
32,3,1,32764,32768,32769,14,18
16,4,0,32755,32769,32768,105,104
32,5,-1,32851,32768,32769,18,21
16,6,-2,32734,32769,32768,9,21
32,5,-1,32764,32768,32769,18,54
16,6,-1,32767,32769,32768,55,51
32,7,-2,32769,32768,32769,54,102
16,8,-3,32663,32769,32768,104,102
32,7,-2,32769,32768,32769,54,6
16,8,-3,32654,32769,32768,9,6
32,3,1,32766,32768,32769,14,26
16,4,0,32757,32769,32768,105,104
32,5,-1,32760,32768,32769,26,30
32,3,1,32768,32768,32769,14,38
16,4,0,32759,32769,32768,105,104
32,3,1,32776,32768,32769,14,50
16,4,0,32767,32769,32768,105,104
32,5,-1,32764,32768,32769,50,54
16,6,-1,32767,32769,32768,55,51
32,7,-2,32769,32768,32769,54,102
16,8,-3,32663,32769,32768,104,102
32,7,-2,32769,32768,32769,54,6
16,8,-3,32654,32769,32768,9,6
32,3,1,32768,32768,32769,14,62
16,4,0,32759,32769,32768,105,104
32,3,1,32766,32768,32769,14,74
16,4,0,32757,32769,32768,105,104
32,5,-1,32760,32768,32769,74,78
32,3,1,32774,32768,32769,84,98
16,4,0,32765,32769,32768,105,104
32,5,-1,32859,32768,32769,14,21
16,6,-2,32742,32769,32768,9,21
32,3,1,32776,32768,32769,12,26
16,4,0,32767,32769,32768,105,104
32,5,-1,32861,32768,32769,14,21
16,6,-2,32744,32769,32768,9,21
32,3,1,32767,32768,32769,60,49
16,4,0,32758,32769,32768,105,104
32,5,-1,32852,32768,32769,14,21
16,6,-2,32735,32769,32768,9,21
32,3,1,32767,32768,32769,36,49
16,4,0,32758,32769,32768,105,104
32,5,-1,32852,32768,32769,14,21
16,6,-2,32735,32769,32768,9,21
32,3,1,32767,32768,32769,72,50
16,4,0,32758,32769,32768,105,104
32,5,-1,32852,32768,32769,14,21
16,6,-2,32735,32769,32768,9,21
32,3,1,32765,32768,32769,72,98
16,4,0,32756,32769,32768,105,104
32,5,-1,32850,32768,32769,14,21
16,6,-2,32733,32769,32768,9,21
32,3,1,32767,32768,32769,24,50
16,4,0,32758,32769,32768,105,104
32,5,-1,32852,32768,32769,14,21
16,6,-2,32735,32769,32768,9,21
32,3,1,32767,32768,32769,99,100
16,4,0,32758,32769,32768,105,104
32,5,-1,32852,32768,32769,14,21
16,6,-2,32735,32769,32768,9,21
32,3,1,32767,32768,32769,75,76
16,4,0,32758,32769,32768,105,104
32,5,-1,32852,32768,32769,14,21
16,6,-2,32735,32769,32768,9,21
32,3,1,32767,32768,32769,51,52
16,4,0,32769,32769,32768,55,52
16,4,0,32758,32769,32768,105,104
32,5,-1,32852,32768,32769,14,21
16,6,-2,32735,32769,32768,9,21
32,3,1,32767,32768,32769,27,28
16,4,0,32758,32769,32768,105,104
32,5,-1,32852,32768,32769,14,21
16,6,-2,32735,32769,32768,9,21
32,3,1,32767,32768,32769,3,4
16,4,0,32758,32769,32768,105,104
32,5,-1,32852,32768,32769,14,21
16,6,-2,32735,32769,32768,9,21
32,1,3,32768,32768,32769,86,85
16,2,2,32758,32769,32768,91,55
32,3,1,32767,32768,32769,96,97
16,4,0,32758,32769,32768,105,104
32,5,-1,32852,32768,32769,14,21
16,6,-2,32735,32769,32768,9,21
32,3,1,32852,32768,32769,14,21
16,4,0,32735,32769,32768,9,21
32,3,1,32756,32768,32769,48,49
16,4,0,32747,32769,32768,105,104
32,5,-1,32841,32768,32769,14,21
16,6,-2,32724,32769,32768,9,21
32,3,1,32766,32768,32769,96,98
16,4,0,32757,32769,32768,105,104
32,5,-1,32851,32768,32769,14,21
16,6,-2,32734,32769,32768,9,21
32,3,1,32767,32768,32769,0,1
16,4,0,32758,32769,32768,105,104
32,5,-1,32852,32768,32769,14,21
16,6,-2,32735,32769,32768,9,21
32,3,1,32766,32768,32769,0,2
16,4,0,32757,32769,32768,105,104
32,5,-1,32851,32768,32769,14,21
16,6,-2,32734,32769,32768,9,21
32,3,1,32757,32768,32769,85,87
16,4,0,32748,32769,32768,105,104
32,5,-1,32842,32768,32769,14,21
16,6,-2,32725,32769,32768,9,21
32,3,1,32757,32768,32769,85,88
16,4,0,32748,32769,32768,105,104
32,5,-1,32842,32768,32769,14,21
16,6,-2,32725,32769,32768,9,21
32,3,1,32756,32768,32769,85,89
16,4,0,32747,32769,32768,105,104
32,5,-1,32841,32768,32769,14,21
16,6,-2,32724,32769,32768,9,21
32,3,1,32756,32768,32769,85,90
16,4,0,32747,32769,32768,105,104
32,5,-1,32841,32768,32769,14,21
16,6,-2,32724,32769,32768,9,21
32,5,-1,32756,32768,32769,90,54
16,6,-1,32759,32769,32768,55,51
32,7,-2,32853,32768,32769,14,21
16,8,-3,32736,32769,32768,9,21
32,7,-2,32761,32768,32769,54,102
32,7,-2,32761,32768,32769,54,6
32,3,1,32756,32768,32769,85,91
16,4,0,32649,32769,32768,19,91
32,3,1,32756,32768,32769,85,92
16,4,0,32747,32769,32768,105,104
32,5,-1,32841,32768,32769,14,21
16,6,-2,32724,32769,32768,9,21
32,3,1,32758,32768,32769,85,73
16,4,0,32749,32769,32768,105,104
32,5,-1,32843,32768,32769,14,21
16,6,-2,32726,32769,32768,9,21
32,5,-1,32752,32768,32769,73,78
32,3,1,32758,32768,32769,85,61
16,4,0,32749,32769,32768,105,104
32,5,-1,32843,32768,32769,14,21
16,6,-2,32726,32769,32768,9,21
32,3,1,32757,32768,32769,85,49
16,4,0,32748,32769,32768,105,104
32,5,-1,32842,32768,32769,14,21
16,6,-2,32725,32769,32768,9,21
32,5,-1,32756,32768,32769,49,54
16,6,-1,32759,32769,32768,55,51
32,7,-2,32853,32768,32769,14,21
16,8,-3,32736,32769,32768,9,21
32,7,-2,32761,32768,32769,54,102
32,7,-2,32761,32768,32769,54,6
32,3,1,32758,32768,32769,85,37
16,4,0,32749,32769,32768,105,104
32,5,-1,32843,32768,32769,14,21
16,6,-2,32726,32769,32768,9,21
32,3,1,32758,32768,32769,85,25
16,4,0,32749,32769,32768,105,104
32,5,-1,32843,32768,32769,14,21
16,6,-2,32726,32769,32768,9,21
32,5,-1,32752,32768,32769,25,30
32,3,1,32758,32768,32769,85,13
16,4,0,32651,32769,32768,19,13
32,3,1,32757,32768,32769,85,1
16,4,0,32748,32769,32768,105,104
32,5,-1,32842,32768,32769,14,21
16,6,-2,32725,32769,32768,9,21
32,5,-1,32752,32768,32769,1,6
32,3,1,32757,32768,32769,85,97
16,4,0,32748,32769,32768,105,104
32,5,-1,32842,32768,32769,14,21
16,6,-2,32725,32769,32768,9,21
32,5,-1,32752,32768,32769,97,102
32,3,1,32758,32768,32769,14,13
16,4,0,32749,32769,32768,105,104
32,5,-1,32843,32768,32769,13,21
16,6,-2,32726,32769,32768,9,21
32,3,1,32757,32768,32769,14,15
16,4,0,32748,32769,32768,105,104
32,5,-1,32843,32768,32769,15,21
16,6,-2,32726,32769,32768,9,21
32,3,1,32757,32768,32769,14,16
16,4,0,32748,32769,32768,105,104
32,5,-1,32843,32768,32769,16,21
16,6,-2,32726,32769,32768,9,21
32,3,1,32756,32768,32769,14,17
16,4,0,32747,32769,32768,105,104
32,5,-1,32843,32768,32769,17,21
16,6,-2,32726,32769,32768,9,21
32,3,1,32756,32768,32769,14,18
16,4,0,32747,32769,32768,105,104
32,5,-1,32843,32768,32769,18,21
16,6,-2,32726,32769,32768,9,21
32,5,-1,32756,32768,32769,18,54
16,6,-1,32759,32769,32768,55,51
32,7,-2,32761,32768,32769,54,102
32,7,-2,32761,32768,32769,54,6
32,3,1,32758,32768,32769,14,2
16,4,0,32749,32769,32768,105,104
32,5,-1,32752,32768,32769,2,6
32,3,1,32758,32768,32769,14,26
16,4,0,32749,32769,32768,105,104
32,5,-1,32752,32768,32769,26,30
32,3,1,32760,32768,32769,14,38
16,4,0,32751,32769,32768,105,104
32,3,1,32768,32768,32769,14,50
16,4,0,32759,32769,32768,105,104
32,5,-1,32756,32768,32769,50,54
16,6,-1,32759,32769,32768,55,51
32,7,-2,32761,32768,32769,54,102
32,7,-2,32761,32768,32769,54,6
32,3,1,32760,32768,32769,14,62
16,4,0,32751,32769,32768,105,104
32,3,1,32758,32768,32769,14,74
16,4,0,32749,32769,32768,105,104
32,5,-1,32752,32768,32769,74,78
32,3,1,32758,32768,32769,14,86
16,4,0,32749,32769,32768,105,104
32,5,-1,32843,32768,32769,85,93
16,6,-2,32846,32769,32768,55,51
16,4,0,32761,32769,32768,55,51
32,5,-1,32855,32768,32769,85,93
16,6,-2,32738,32769,32768,105,93
32,3,1,32758,32768,32769,14,98
16,4,0,32749,32769,32768,105,104
32,5,-1,32752,32768,32769,98,102
32,3,1,32766,32768,32769,12,2
16,4,0,32757,32769,32768,105,104
32,5,-1,32851,32768,32769,14,21
16,6,-2,32734,32769,32768,9,21
32,3,1,32768,32768,32769,12,26
16,4,0,32759,32769,32768,105,104
32,5,-1,32853,32768,32769,14,21
16,6,-2,32736,32769,32768,9,21
32,3,1,32759,32768,32769,60,49
16,4,0,32750,32769,32768,105,104
32,5,-1,32844,32768,32769,14,21
16,6,-2,32727,32769,32768,9,21
32,3,1,32759,32768,32769,36,49
16,4,0,32750,32769,32768,105,104
32,5,-1,32844,32768,32769,14,21
16,6,-2,32727,32769,32768,9,21
32,3,1,32759,32768,32769,72,50
16,4,0,32750,32769,32768,105,104
32,5,-1,32844,32768,32769,14,21
16,6,-2,32727,32769,32768,9,21
32,3,1,32757,32768,32769,24,2
16,4,0,32748,32769,32768,105,104
32,5,-1,32842,32768,32769,14,21
16,6,-2,32725,32769,32768,9,21
32,3,1,32759,32768,32769,24,50
16,4,0,32750,32769,32768,105,104
32,5,-1,32844,32768,32769,14,21
16,6,-2,32727,32769,32768,9,21
32,3,1,32759,32768,32769,99,100
16,4,0,32750,32769,32768,105,104
32,5,-1,32844,32768,32769,14,21
16,6,-2,32727,32769,32768,9,21
32,3,1,32759,32768,32769,75,76
16,4,0,32750,32769,32768,105,104
32,5,-1,32844,32768,32769,14,21
16,6,-2,32727,32769,32768,9,21
32,3,1,32759,32768,32769,51,52
16,4,0,32761,32769,32768,55,52
32,5,-1,32855,32768,32769,14,21
16,6,-2,32738,32769,32768,9,21
32,3,1,32759,32768,32769,27,28
16,4,0,32750,32769,32768,105,104
32,5,-1,32844,32768,32769,14,21
16,6,-2,32727,32769,32768,9,21
32,3,1,32759,32768,32769,3,4
16,4,0,32750,32769,32768,105,104
32,5,-1,32844,32768,32769,14,21
16,6,-2,32727,32769,32768,9,21
32,1,3,32767,32768,32769,86,87
16,2,2,32757,32769,32768,91,55
32,3,1,32766,32768,32769,96,97
16,4,0,32757,32769,32768,105,104
32,5,-1,32851,32768,32769,14,21
16,6,-2,32734,32769,32768,9,21
32,3,1,32767,32768,32769,84,74
16,4,0,32758,32769,32768,105,104
32,5,-1,32852,32768,32769,14,21
16,6,-2,32735,32769,32768,9,21
32,3,1,32851,32768,32769,14,21
16,4,0,32734,32769,32768,9,21
32,3,1,32755,32768,32769,48,49
16,4,0,32746,32769,32768,105,104
32,5,-1,32840,32768,32769,14,21
16,6,-2,32723,32769,32768,9,21
32,3,1,32765,32768,32769,96,98
16,4,0,32756,32769,32768,105,104
32,5,-1,32850,32768,32769,14,21
16,6,-2,32733,32769,32768,9,21
32,3,1,32766,32768,32769,0,1
16,4,0,32757,32769,32768,105,104
32,5,-1,32851,32768,32769,14,21
16,6,-2,32734,32769,32768,9,21
32,3,1,32765,32768,32769,0,2
16,4,0,32756,32769,32768,105,104
32,5,-1,32850,32768,32769,14,21
16,6,-2,32733,32769,32768,9,21
32,3,1,32758,32768,32769,87,85
16,4,0,32749,32769,32768,105,104
32,5,-1,32843,32768,32769,14,21
16,6,-2,32726,32769,32768,9,21
32,3,1,32757,32768,32769,87,88
16,4,0,32748,32769,32768,105,104
32,5,-1,32842,32768,32769,14,21
16,6,-2,32725,32769,32768,9,21
32,3,1,32756,32768,32769,87,89
16,4,0,32747,32769,32768,105,104
32,5,-1,32841,32768,32769,14,21
16,6,-2,32724,32769,32768,9,21
32,3,1,32756,32768,32769,87,90
16,4,0,32747,32769,32768,105,104
32,5,-1,32841,32768,32769,14,21
16,6,-2,32724,32769,32768,9,21
32,5,-1,32756,32768,32769,90,54
16,6,-1,32759,32769,32768,55,51
32,7,-2,32853,32768,32769,14,21
16,8,-3,32736,32769,32768,9,21
32,7,-2,32761,32768,32769,54,102
32,7,-2,32761,32768,32769,54,6
32,3,1,32756,32768,32769,87,91
16,4,0,32649,32769,32768,19,91
32,3,1,32756,32768,32769,87,92
16,4,0,32747,32769,32768,105,104
32,5,-1,32841,32768,32769,14,21
16,6,-2,32724,32769,32768,9,21
32,3,1,32757,32768,32769,14,13
16,4,0,32748,32769,32768,105,104
32,5,-1,32842,32768,32769,13,21
16,6,-2,32725,32769,32768,9,21
32,3,1,32756,32768,32769,14,15
16,4,0,32747,32769,32768,105,104
32,5,-1,32842,32768,32769,15,21
16,6,-2,32725,32769,32768,9,21
32,3,1,32756,32768,32769,14,16
16,4,0,32747,32769,32768,105,104
32,5,-1,32842,32768,32769,16,21
16,6,-2,32725,32769,32768,9,21
32,3,1,32755,32768,32769,14,17
16,4,0,32746,32769,32768,105,104
32,5,-1,32842,32768,32769,17,21
16,6,-2,32725,32769,32768,9,21
32,3,1,32755,32768,32769,14,18
16,4,0,32746,32769,32768,105,104
32,5,-1,32842,32768,32769,18,21
16,6,-2,32725,32769,32768,9,21
32,5,-1,32755,32768,32769,18,54
16,6,-1,32758,32769,32768,55,51
32,7,-2,32871,32768,32769,87,51
16,8,-2,32873,32769,32768,104,56
16,8,-2,32861,32769,32768,19,55
16,8,-2,32870,32769,32768,69,56
16,8,-2,32870,32769,32768,45,56
16,8,-2,32870,32769,32768,81,55
16,8,-2,32870,32769,32768,33,55
16,6,-1,32757,32769,32768,104,56
32,7,-2,32980,32768,32769,54,56
16,8,-3,32876,32769,32768,57,56
16,8,-3,32873,32769,32768,69,56
16,8,-3,32873,32769,32768,45,56
16,8,-3,32990,32769,32768,55,48
32,7,-2,32980,32768,32769,54,56
16,8,-3,32876,32769,32768,57,56
16,8,-3,32873,32769,32768,69,56
16,8,-3,32873,32769,32768,45,56
16,8,-3,32990,32769,32768,55,48
32,7,-2,32759,32768,32769,54,102
32,7,-2,32759,32768,32769,54,6
32,3,1,32757,32768,32769,14,2
16,4,0,32748,32769,32768,105,104
32,5,-1,32751,32768,32769,2,6
32,3,1,32757,32768,32769,14,26
16,4,0,32748,32769,32768,105,104
32,5,-1,32751,32768,32769,26,30
32,3,1,32759,32768,32769,14,38
16,4,0,32750,32769,32768,105,104
32,3,1,32767,32768,32769,14,50
16,4,0,32758,32769,32768,105,104
32,5,-1,32755,32768,32769,50,54
16,6,-1,32758,32769,32768,55,51
32,7,-2,32871,32768,32769,87,51
16,8,-2,32873,32769,32768,104,56
16,8,-2,32861,32769,32768,19,55
16,8,-2,32870,32769,32768,69,56
16,8,-2,32870,32769,32768,45,56
16,8,-2,32870,32769,32768,81,55
16,8,-2,32870,32769,32768,33,55
16,6,-1,32757,32769,32768,104,56
32,7,-2,32980,32768,32769,54,56
16,8,-3,32876,32769,32768,57,56
16,8,-3,32873,32769,32768,69,56
16,8,-3,32873,32769,32768,45,56
16,8,-3,32990,32769,32768,55,48
32,7,-2,32980,32768,32769,54,56
16,8,-3,32876,32769,32768,57,56
16,8,-3,32873,32769,32768,69,56
16,8,-3,32873,32769,32768,45,56
16,8,-3,32990,32769,32768,55,48
32,7,-2,32759,32768,32769,54,102
32,7,-2,32759,32768,32769,54,6
32,3,1,32759,32768,32769,14,62
16,4,0,32750,32769,32768,105,104
32,3,1,32757,32768,32769,14,74
16,4,0,32748,32769,32768,105,104
32,5,-1,32751,32768,32769,74,78
32,3,1,32757,32768,32769,14,86
16,4,0,32748,32769,32768,105,104
32,5,-1,32842,32768,32769,86,93
16,6,-2,32845,32769,32768,55,51
16,4,0,32760,32769,32768,55,51
32,5,-1,32873,32768,32769,87,51
16,6,-1,32863,32769,32768,19,55
16,6,-1,32872,32769,32768,69,56
16,6,-1,32872,32769,32768,45,56
16,6,-1,32872,32769,32768,81,55
16,6,-1,32872,32769,32768,33,55
16,4,0,32759,32769,32768,57,56
32,5,-1,32853,32768,32769,86,93
16,6,-2,32736,32769,32768,105,93
32,3,1,32757,32768,32769,14,98
16,4,0,32748,32769,32768,105,104
32,5,-1,32751,32768,32769,98,102
32,3,1,32765,32768,32769,84,98
16,4,0,32756,32769,32768,105,104
32,5,-1,32850,32768,32769,14,21
16,6,-2,32733,32769,32768,9,21
32,3,1,32765,32768,32769,12,2
16,4,0,32756,32769,32768,105,104
32,5,-1,32850,32768,32769,14,21
16,6,-2,32733,32769,32768,9,21
32,3,1,32767,32768,32769,12,26
16,4,0,32758,32769,32768,105,104
32,5,-1,32852,32768,32769,14,21
16,6,-2,32735,32769,32768,9,21
32,3,1,32758,32768,32769,60,49
16,4,0,32749,32769,32768,105,104
32,5,-1,32843,32768,32769,14,21
16,6,-2,32726,32769,32768,9,21
32,3,1,32758,32768,32769,36,49
16,4,0,32749,32769,32768,105,104
32,5,-1,32843,32768,32769,14,21
16,6,-2,32726,32769,32768,9,21
32,3,1,32758,32768,32769,72,50
16,4,0,32749,32769,32768,105,104
32,5,-1,32843,32768,32769,14,21
16,6,-2,32726,32769,32768,9,21
32,3,1,32756,32768,32769,72,98
16,4,0,32747,32769,32768,105,104
32,5,-1,32841,32768,32769,14,21
16,6,-2,32724,32769,32768,9,21
32,3,1,32756,32768,32769,24,2
16,4,0,32747,32769,32768,105,104
32,5,-1,32841,32768,32769,14,21
16,6,-2,32724,32769,32768,9,21
32,3,1,32758,32768,32769,24,50
16,4,0,32749,32769,32768,105,104
32,5,-1,32843,32768,32769,14,21
16,6,-2,32726,32769,32768,9,21
32,3,1,32758,32768,32769,99,100
16,4,0,32749,32769,32768,105,104
32,5,-1,32843,32768,32769,14,21
16,6,-2,32726,32769,32768,9,21
32,3,1,32758,32768,32769,75,76
16,4,0,32749,32769,32768,105,104
32,5,-1,32843,32768,32769,14,21
16,6,-2,32726,32769,32768,9,21
32,3,1,32758,32768,32769,51,52
16,4,0,32760,32769,32768,55,52
32,5,-1,32854,32768,32769,14,21
16,6,-2,32737,32769,32768,9,21
32,3,1,32758,32768,32769,27,28
16,4,0,32749,32769,32768,105,104
32,5,-1,32843,32768,32769,14,21
16,6,-2,32726,32769,32768,9,21
32,3,1,32758,32768,32769,3,4
16,4,0,32749,32769,32768,105,104
32,5,-1,32843,32768,32769,14,21
16,6,-2,32726,32769,32768,9,21
32,1,3,32767,32768,32769,86,88
16,2,2,32757,32769,32768,91,55
32,3,1,32766,32768,32769,96,97
16,4,0,32757,32769,32768,105,104
32,5,-1,32851,32768,32769,14,21
16,6,-2,32734,32769,32768,9,21
32,3,1,32767,32768,32769,84,74
16,4,0,32758,32769,32768,105,104
32,5,-1,32852,32768,32769,14,21
16,6,-2,32735,32769,32768,9,21
32,3,1,32851,32768,32769,14,21
16,4,0,32734,32769,32768,9,21
32,3,1,32755,32768,32769,48,49
16,4,0,32746,32769,32768,105,104
32,5,-1,32840,32768,32769,14,21
16,6,-2,32723,32769,32768,9,21
32,3,1,32765,32768,32769,96,98
16,4,0,32756,32769,32768,105,104
32,5,-1,32850,32768,32769,14,21
16,6,-2,32733,32769,32768,9,21
32,3,1,32766,32768,32769,0,1
16,4,0,32757,32769,32768,105,104
32,5,-1,32851,32768,32769,14,21
16,6,-2,32734,32769,32768,9,21
32,3,1,32765,32768,32769,0,2
16,4,0,32756,32769,32768,105,104
32,5,-1,32850,32768,32769,14,21
16,6,-2,32733,32769,32768,9,21
32,3,1,32757,32768,32769,88,87
16,4,0,32748,32769,32768,105,104
32,5,-1,32842,32768,32769,14,21
16,6,-2,32725,32769,32768,9,21
32,3,1,32758,32768,32769,88,85
16,4,0,32749,32769,32768,105,104
32,5,-1,32843,32768,32769,14,21
16,6,-2,32726,32769,32768,9,21
32,3,1,32756,32768,32769,88,89
16,4,0,32747,32769,32768,105,104
32,5,-1,32841,32768,32769,14,21
16,6,-2,32724,32769,32768,9,21
32,3,1,32756,32768,32769,88,90
16,4,0,32747,32769,32768,105,104
32,5,-1,32841,32768,32769,14,21
16,6,-2,32724,32769,32768,9,21
32,5,-1,32756,32768,32769,90,54
16,6,-1,32759,32769,32768,55,51
32,7,-2,32853,32768,32769,14,21
16,8,-3,32736,32769,32768,9,21
32,7,-2,32761,32768,32769,54,102
32,7,-2,32761,32768,32769,54,6
32,3,1,32756,32768,32769,88,91
16,4,0,32649,32769,32768,19,91
32,3,1,32756,32768,32769,88,92
16,4,0,32747,32769,32768,105,104
32,5,-1,32841,32768,32769,14,21
16,6,-2,32724,32769,32768,9,21
32,3,1,32757,32768,32769,88,76
16,4,0,32748,32769,32768,105,104
32,5,-1,32842,32768,32769,14,21
16,6,-2,32725,32769,32768,9,21
32,5,-1,32785,32768,32769,76,81
16,6,-1,32787,32769,32768,57,56
16,6,-1,32784,32769,32768,69,56
16,4,0,32759,32769,32768,57,56
32,5,-1,32853,32768,32769,14,21
16,6,-2,32736,32769,32768,9,21
32,5,-1,32796,32768,32769,76,81
16,6,-2,32702,32769,32768,19,12
32,7,-3,32819,32768,32769,0,12
16,6,-2,32799,32769,32768,55,51
16,4,0,32663,32769,32768,19,12
32,5,-1,32780,32768,32769,0,12
16,6,-2,32783,32769,32768,55,51
16,4,0,32760,32769,32768,55,51
32,5,-1,32797,32768,32769,76,81
16,6,-1,32799,32769,32768,57,56
16,6,-1,32796,32769,32768,69,56
16,4,0,32749,32769,32768,105,103
32,5,-1,32786,32768,32769,76,81
16,6,-1,32788,32769,32768,57,56
16,6,-1,32785,32769,32768,69,56
16,4,0,32748,32769,32768,9,8
32,5,-1,32785,32768,32769,76,81
16,6,-1,32787,32769,32768,57,56
16,6,-1,32784,32769,32768,69,56
16,4,0,32749,32769,32768,9,7
32,5,-1,32786,32768,32769,76,81
16,6,-1,32788,32769,32768,57,56
16,6,-1,32785,32769,32768,69,56
16,4,0,32768,32769,32768,55,56
32,5,-1,32805,32768,32769,76,81
16,4,0,32765,32769,32768,55,43
32,5,-1,32802,32768,32769,76,81
16,6,-1,32804,32769,32768,57,56
16,6,-1,32801,32769,32768,69,56
16,4,0,32767,32769,32768,55,31
32,5,-1,32804,32768,32769,76,81
16,6,-1,32806,32769,32768,57,56
16,6,-1,32803,32769,32768,69,56
16,4,0,32765,32769,32768,55,67
32,5,-1,32802,32768,32769,76,81
16,6,-1,32804,32769,32768,57,56
16,6,-1,32801,32769,32768,69,56
16,4,0,32767,32769,32768,55,79
32,5,-1,32875,32768,32769,76,79
16,6,-2,32758,32769,32768,93,79
32,5,-1,32861,32768,32769,14,21
16,6,-2,32744,32769,32768,9,21
32,5,-1,32875,32768,32769,76,79
16,6,-2,32758,32769,32768,93,79
32,3,1,32759,32768,32769,88,64
16,4,0,32750,32769,32768,105,104
32,5,-1,32844,32768,32769,14,21
16,6,-2,32727,32769,32768,9,21
32,3,1,32760,32768,32769,88,52
16,4,0,32658,32769,32768,55,52
32,5,0,32769,32768,32769,51,52
16,6,-1,32675,32769,32768,19,12
32,7,-2,32792,32768,32769,0,12
16,4,0,32751,32769,32768,105,104
32,5,-1,32845,32768,32769,14,21
16,6,-2,32728,32769,32768,9,21
32,5,-1,32867,32768,32769,52,55
16,6,-2,32758,32769,32768,81,55
32,3,1,32759,32768,32769,88,40
16,4,0,32750,32769,32768,105,104
32,5,-1,32844,32768,32769,14,21
16,6,-2,32727,32769,32768,9,21
32,3,1,32757,32768,32769,88,28
16,4,0,32748,32769,32768,105,104
32,5,-1,32842,32768,32769,14,21
16,6,-2,32725,32769,32768,9,21
32,5,-1,32785,32768,32769,28,33
16,6,-1,32787,32769,32768,57,56
16,6,-1,32784,32769,32768,45,56
16,4,0,32767,32769,32768,55,79
32,5,-1,32804,32768,32769,28,33
16,6,-1,32806,32769,32768,57,56
16,6,-1,32803,32769,32768,45,56
16,4,0,32663,32769,32768,19,12
32,5,-1,32780,32768,32769,0,12
16,6,-2,32783,32769,32768,55,51
16,4,0,32760,32769,32768,55,51
32,5,-1,32797,32768,32769,28,33
16,6,-1,32799,32769,32768,57,56
16,6,-1,32796,32769,32768,45,56
16,4,0,32759,32769,32768,57,56
32,5,-1,32796,32768,32769,28,33
16,6,-2,32702,32769,32768,19,12
32,7,-3,32819,32768,32769,0,12
16,6,-2,32799,32769,32768,55,51
16,4,0,32749,32769,32768,105,103
32,5,-1,32786,32768,32769,28,33
16,6,-1,32788,32769,32768,57,56
16,6,-1,32785,32769,32768,45,56
16,4,0,32748,32769,32768,9,8
32,5,-1,32785,32768,32769,28,33
16,6,-1,32787,32769,32768,57,56
16,6,-1,32784,32769,32768,45,56
16,4,0,32749,32769,32768,9,7
32,5,-1,32786,32768,32769,28,33
16,6,-1,32788,32769,32768,57,56
16,6,-1,32785,32769,32768,45,56
16,4,0,32768,32769,32768,55,56
32,5,-1,32805,32768,32769,28,33
16,4,0,32765,32769,32768,55,43
32,5,-1,32802,32768,32769,28,33
16,6,-1,32804,32769,32768,57,56
16,6,-1,32801,32769,32768,45,56
16,4,0,32767,32769,32768,55,31
32,5,-1,32875,32768,32769,28,31
16,6,-2,32758,32769,32768,21,31
32,5,-1,32875,32768,32769,28,31
16,6,-2,32758,32769,32768,21,31
32,5,-1,32861,32768,32769,14,21
16,6,-2,32744,32769,32768,9,21
32,3,1,32757,32768,32769,88,16
16,4,0,32748,32769,32768,105,104
32,5,-1,32855,32768,32769,14,19
16,6,-2,32858,32769,32768,55,51
16,4,0,32767,32769,32768,55,31
32,5,-1,32874,32768,32769,14,19
16,6,-2,32871,32769,32768,31,27
16,4,0,32650,32769,32768,19,14
32,3,1,32757,32768,32769,88,4
16,4,0,32748,32769,32768,105,104
32,5,-1,32968,32768,32769,4,9
16,6,-2,32874,32769,32768,19,12
16,6,-2,32971,32769,32768,55,51
16,4,0,32663,32769,32768,19,12
32,5,-1,32780,32768,32769,0,12
16,6,-2,32783,32769,32768,55,51
16,4,0,32760,32769,32768,55,51
32,5,-1,32980,32768,32769,4,9
16,6,-2,32886,32769,32768,19,12
16,6,-2,32978,32769,32768,51,99
16,6,-2,32978,32769,32768,51,3
16,4,0,32759,32769,32768,57,56
32,5,-1,32979,32768,32769,4,9
16,6,-2,32885,32769,32768,19,12
16,6,-2,32982,32769,32768,55,51
16,4,0,32749,32769,32768,105,103
32,5,-1,32969,32768,32769,4,9
16,6,-2,32875,32769,32768,19,12
16,6,-2,32972,32769,32768,55,51
16,4,0,32748,32769,32768,9,8
32,5,-1,32977,32768,32769,4,8
16,6,-2,32883,32769,32768,19,12
16,6,-2,32980,32769,32768,55,51
16,4,0,32749,32769,32768,9,7
32,5,-1,32977,32768,32769,4,7
16,6,-2,32879,32769,32768,55,7
16,6,-2,32861,32769,32768,21,7
16,6,-2,32870,32769,32768,33,7
16,6,-2,32870,32769,32768,33,7
16,6,-2,32861,32769,32768,21,7
16,6,-2,32879,32769,32768,55,7
16,6,-2,32883,32769,32768,19,12
16,6,-2,32980,32769,32768,55,51
16,4,0,32768,32769,32768,55,56
32,5,-1,32988,32768,32769,4,9
16,6,-2,32894,32769,32768,19,12
16,6,-2,32980,32769,32768,56,51
16,4,0,32765,32769,32768,55,43
32,5,-1,32985,32768,32769,4,9
16,6,-2,32891,32769,32768,19,12
16,4,0,32767,32769,32768,55,31
32,5,-1,32987,32768,32769,4,9
16,6,-2,32893,32769,32768,19,12
16,6,-2,32984,32769,32768,31,27
16,4,0,32765,32769,32768,55,67
32,5,-1,32985,32768,32769,4,9
16,6,-2,32891,32769,32768,19,12
16,4,0,32767,32769,32768,55,79
32,5,-1,32987,32768,32769,4,9
16,6,-2,32893,32769,32768,19,12
16,6,-2,32984,32769,32768,79,75
16,4,0,32767,32769,32768,55,91
32,5,-1,32987,32768,32769,4,9
16,6,-2,32893,32769,32768,19,12
16,4,0,32767,32769,32768,55,103
32,5,-1,32987,32768,32769,4,9
16,6,-2,32893,32769,32768,19,12
16,6,-2,32984,32769,32768,103,99
16,4,0,32758,32769,32768,19,18
32,5,-1,32978,32768,32769,4,9
16,6,-2,32883,32769,32768,18,12
16,6,-2,32981,32769,32768,55,51
16,4,0,32758,32769,32768,19,17
32,5,-1,32978,32768,32769,4,9
16,6,-2,32883,32769,32768,17,12
16,6,-2,32981,32769,32768,55,51
16,4,0,32759,32769,32768,19,16
32,5,-1,32979,32768,32769,4,9
16,6,-2,32883,32769,32768,16,12
16,6,-2,32982,32769,32768,55,51
16,4,0,32759,32769,32768,19,15
32,5,-1,32979,32768,32769,4,9
16,6,-2,32883,32769,32768,15,12
16,6,-2,32970,32769,32768,15,51
16,6,-2,32982,32769,32768,55,51
16,4,0,32757,32769,32768,19,20
32,5,-1,32977,32768,32769,4,9
16,6,-2,32883,32769,32768,20,12
16,6,-2,32980,32769,32768,55,51
16,4,0,32757,32769,32768,19,7
32,5,-1,32866,32768,32769,4,7
16,6,-2,32750,32769,32768,9,7
32,5,-1,32866,32768,32769,4,7
16,6,-2,32750,32769,32768,9,7
32,3,1,32757,32768,32769,88,100
16,4,0,32748,32769,32768,105,104
32,5,-1,32977,32768,32769,100,104
16,6,-2,32883,32769,32768,19,12
16,6,-2,32980,32769,32768,55,51
16,4,0,32757,32769,32768,19,7
32,5,-1,32977,32768,32769,100,105
16,6,-2,32980,32769,32768,55,51
16,6,-2,32974,32769,32768,7,3
16,4,0,32663,32769,32768,19,12
32,5,-1,32780,32768,32769,0,12
16,6,-2,32783,32769,32768,55,51
16,4,0,32760,32769,32768,55,51
32,5,-1,32980,32768,32769,100,105
16,6,-2,32886,32769,32768,19,12
16,6,-2,32978,32769,32768,51,99
16,6,-2,32978,32769,32768,51,3
16,4,0,32759,32769,32768,57,56
32,5,-1,32979,32768,32769,100,105
16,6,-2,32885,32769,32768,19,12
16,6,-2,32982,32769,32768,55,51
16,4,0,32749,32769,32768,105,103
32,5,-1,32977,32768,32769,100,103
16,6,-2,32869,32769,32768,19,103
16,6,-2,32861,32769,32768,93,103
16,6,-2,32870,32769,32768,81,103
16,6,-2,32870,32769,32768,81,103
16,6,-2,32861,32769,32768,93,103
16,6,-2,32869,32769,32768,19,103
16,6,-2,32883,32769,32768,19,12
16,6,-2,32980,32769,32768,55,51
16,4,0,32748,32769,32768,9,8
32,5,-1,32968,32768,32769,100,105
16,6,-2,32874,32769,32768,19,12
16,6,-2,32971,32769,32768,55,51
16,4,0,32749,32769,32768,9,7
32,5,-1,32969,32768,32769,100,105
16,6,-2,32875,32769,32768,19,12
16,6,-2,32972,32769,32768,55,51
16,4,0,32768,32769,32768,55,56
32,5,-1,32988,32768,32769,100,105
16,6,-2,32894,32769,32768,19,12
16,6,-2,32980,32769,32768,56,51
16,4,0,32765,32769,32768,55,43
32,5,-1,32985,32768,32769,100,105
16,6,-2,32891,32769,32768,19,12
16,4,0,32767,32769,32768,55,31
32,5,-1,32987,32768,32769,100,105
16,6,-2,32893,32769,32768,19,12
16,6,-2,32984,32769,32768,31,27
16,4,0,32765,32769,32768,55,67
32,5,-1,32985,32768,32769,100,105
16,6,-2,32891,32769,32768,19,12
16,4,0,32767,32769,32768,55,79
32,5,-1,32987,32768,32769,100,105
16,6,-2,32893,32769,32768,19,12
16,6,-2,32984,32769,32768,79,75
16,4,0,32767,32769,32768,55,91
32,5,-1,32987,32768,32769,100,105
16,6,-2,32893,32769,32768,19,12
16,4,0,32767,32769,32768,55,103
32,5,-1,32876,32768,32769,100,103
16,6,-2,32760,32769,32768,105,103
32,5,-1,32876,32768,32769,100,103
16,6,-2,32760,32769,32768,105,103
32,5,-1,32861,32768,32769,14,21
16,6,-2,32744,32769,32768,9,21
32,3,1,32757,32768,32769,14,13
16,4,0,32748,32769,32768,105,104
32,5,-1,32842,32768,32769,13,21
16,6,-2,32725,32769,32768,9,21
32,3,1,32756,32768,32769,14,15
16,4,0,32747,32769,32768,105,104
32,5,-1,32842,32768,32769,15,21
16,6,-2,32725,32769,32768,9,21
32,3,1,32756,32768,32769,14,16
16,4,0,32747,32769,32768,105,104
32,5,-1,32842,32768,32769,16,21
16,6,-2,32725,32769,32768,9,21
32,3,1,32755,32768,32769,14,17
16,4,0,32746,32769,32768,105,104
32,5,-1,32842,32768,32769,17,21
16,6,-2,32725,32769,32768,9,21
32,3,1,32755,32768,32769,14,18
16,4,0,32746,32769,32768,105,104
32,5,-1,32842,32768,32769,18,21
16,6,-2,32725,32769,32768,9,21
32,5,-1,32755,32768,32769,18,54
16,6,-1,32758,32769,32768,55,51
32,7,-2,32760,32768,32769,54,102
32,7,-2,32760,32768,32769,54,6
32,3,1,32757,32768,32769,14,2
16,4,0,32748,32769,32768,105,104
32,5,-1,32751,32768,32769,2,6
32,3,1,32757,32768,32769,14,26
16,4,0,32748,32769,32768,105,104
32,5,-1,32751,32768,32769,26,30
32,3,1,32759,32768,32769,14,38
16,4,0,32750,32769,32768,105,104
32,3,1,32767,32768,32769,14,50
16,4,0,32758,32769,32768,105,104
32,5,-1,32755,32768,32769,50,54
16,6,-1,32758,32769,32768,55,51
32,7,-2,32760,32768,32769,54,102
32,7,-2,32760,32768,32769,54,6
32,3,1,32759,32768,32769,14,62
16,4,0,32750,32769,32768,105,104
32,3,1,32757,32768,32769,14,74
16,4,0,32748,32769,32768,105,104
32,5,-1,32751,32768,32769,74,78
32,3,1,32757,32768,32769,14,86
16,4,0,32748,32769,32768,105,104
32,5,-1,32842,32768,32769,86,93
16,6,-2,32845,32769,32768,55,51
16,4,0,32767,32769,32768,55,103
32,5,-1,32861,32768,32769,86,93
16,6,-2,32744,32769,32768,105,93
32,3,1,32757,32768,32769,14,98
16,4,0,32767,32769,32768,55,103
32,5,-1,32770,32768,32769,98,102
16,6,-2,32767,32769,32768,103,99
32,7,-3,32882,32768,32769,96,99
16,4,0,32748,32769,32768,105,104
32,5,-1,32751,32768,32769,98,102
32,3,1,32765,32768,32769,84,98
16,4,0,32756,32769,32768,105,104
32,5,-1,32850,32768,32769,14,21
16,6,-2,32733,32769,32768,9,21
32,3,1,32765,32768,32769,12,2
16,4,0,32756,32769,32768,105,104
32,5,-1,32850,32768,32769,14,21
16,6,-2,32733,32769,32768,9,21
32,3,1,32767,32768,32769,12,26
16,4,0,32758,32769,32768,105,104
32,5,-1,32852,32768,32769,14,21
16,6,-2,32735,32769,32768,9,21
32,3,1,32758,32768,32769,60,49
16,4,0,32749,32769,32768,105,104
32,5,-1,32843,32768,32769,14,21
16,6,-2,32726,32769,32768,9,21
32,3,1,32758,32768,32769,36,49
16,4,0,32749,32769,32768,105,104
32,5,-1,32843,32768,32769,14,21
16,6,-2,32726,32769,32768,9,21
32,3,1,32758,32768,32769,72,50
16,4,0,32749,32769,32768,105,104
32,5,-1,32843,32768,32769,14,21
16,6,-2,32726,32769,32768,9,21
32,3,1,32756,32768,32769,72,98
16,4,0,32747,32769,32768,105,104
32,5,-1,32841,32768,32769,14,21
16,6,-2,32724,32769,32768,9,21
32,3,1,32756,32768,32769,24,2
16,4,0,32747,32769,32768,105,104
32,5,-1,32841,32768,32769,14,21
16,6,-2,32724,32769,32768,9,21
32,3,1,32758,32768,32769,24,50
16,4,0,32749,32769,32768,105,104
32,5,-1,32843,32768,32769,14,21
16,6,-2,32726,32769,32768,9,21
32,3,1,32758,32768,32769,99,100
16,4,0,32749,32769,32768,105,104
32,5,-1,32843,32768,32769,14,21
16,6,-2,32726,32769,32768,9,21
32,3,1,32758,32768,32769,75,76
16,4,0,32749,32769,32768,105,104
32,5,-1,32843,32768,32769,14,21
16,6,-2,32726,32769,32768,9,21
32,3,1,32758,32768,32769,51,52
16,4,0,32760,32769,32768,55,52
32,5,-1,32854,32768,32769,14,21
16,6,-2,32737,32769,32768,9,21
32,3,1,32758,32768,32769,27,28
16,4,0,32749,32769,32768,105,104
32,5,-1,32843,32768,32769,14,21
16,6,-2,32726,32769,32768,9,21
32,3,1,32758,32768,32769,3,4
16,4,0,32749,32769,32768,105,104
32,5,-1,32843,32768,32769,14,21
16,6,-2,32726,32769,32768,9,21
32,1,3,32766,32768,32769,86,89
16,2,2,32756,32769,32768,91,55
32,3,1,32765,32768,32769,96,97
16,4,0,32756,32769,32768,105,104
32,5,-1,32850,32768,32769,14,21
16,6,-2,32733,32769,32768,9,21
32,3,1,32766,32768,32769,84,74
16,4,0,32757,32769,32768,105,104
32,5,-1,32851,32768,32769,14,21
16,6,-2,32734,32769,32768,9,21
32,3,1,32850,32768,32769,14,21
16,4,0,32733,32769,32768,9,21
32,3,1,32754,32768,32769,48,49
16,4,0,32745,32769,32768,105,104
32,5,-1,32839,32768,32769,14,21
16,6,-2,32722,32769,32768,9,21
32,3,1,32764,32768,32769,96,98
16,4,0,32755,32769,32768,105,104
32,5,-1,32849,32768,32769,14,21
16,6,-2,32732,32769,32768,9,21
32,3,1,32765,32768,32769,0,1
16,4,0,32756,32769,32768,105,104
32,5,-1,32850,32768,32769,14,21
16,6,-2,32733,32769,32768,9,21
32,3,1,32764,32768,32769,0,2
16,4,0,32755,32769,32768,105,104
32,5,-1,32849,32768,32769,14,21
16,6,-2,32732,32769,32768,9,21
32,3,1,32757,32768,32769,89,88
16,4,0,32748,32769,32768,105,104
32,5,-1,32842,32768,32769,14,21
16,6,-2,32725,32769,32768,9,21
32,3,1,32757,32768,32769,89,87
16,4,0,32748,32769,32768,105,104
32,5,-1,32842,32768,32769,14,21
16,6,-2,32725,32769,32768,9,21
32,3,1,32758,32768,32769,89,85
16,4,0,32749,32769,32768,105,104
32,5,-1,32843,32768,32769,14,21
16,6,-2,32726,32769,32768,9,21
32,3,1,32756,32768,32769,89,90
16,4,0,32747,32769,32768,105,104
32,5,-1,32841,32768,32769,14,21
16,6,-2,32724,32769,32768,9,21
32,5,-1,32756,32768,32769,90,54
16,6,-1,32759,32769,32768,55,51
32,7,-2,32853,32768,32769,14,21
16,8,-3,32736,32769,32768,9,21
32,7,-2,32761,32768,32769,54,102
32,7,-2,32761,32768,32769,54,6
32,3,1,32756,32768,32769,89,91
16,4,0,32649,32769,32768,19,91
32,3,1,32756,32768,32769,89,92
16,4,0,32747,32769,32768,105,104
32,5,-1,32841,32768,32769,14,21
16,6,-2,32724,32769,32768,9,21
32,3,1,32756,32768,32769,89,77
16,4,0,32648,32769,32768,78,77
32,5,-1,32742,32768,32769,14,21
32,3,1,32758,32768,32769,89,65
16,4,0,32749,32769,32768,105,104
32,5,-1,32843,32768,32769,14,21
16,6,-2,32726,32769,32768,9,21
32,3,1,32759,32768,32769,89,53
16,4,0,32657,32769,32768,55,53
32,5,0,32667,32768,32769,14,50
32,5,0,32658,32768,32769,60,49
32,5,0,32658,32768,32769,36,49
32,5,0,32658,32768,32769,72,50
32,5,0,32658,32768,32769,24,50
32,3,1,32758,32768,32769,89,41
16,4,0,32749,32769,32768,105,104
32,5,-1,32843,32768,32769,14,21
16,6,-2,32726,32769,32768,9,21
32,3,1,32756,32768,32769,89,29
16,4,0,32648,32769,32768,30,29
32,5,-1,32742,32768,32769,14,21
32,3,1,32756,32768,32769,89,17
16,4,0,32747,32769,32768,105,104
32,5,-1,32854,32768,32769,14,19
16,6,-2,32857,32769,32768,55,51
16,4,0,32766,32769,32768,55,103
32,5,-1,32873,32768,32769,14,19
16,6,-2,32870,32769,32768,103,99
16,4,0,32649,32769,32768,19,14
32,3,1,32756,32768,32769,89,5
16,4,0,32648,32769,32768,6,5
32,5,-1,32742,32768,32769,14,21
32,3,1,32756,32768,32769,89,101
16,4,0,32648,32769,32768,102,101
32,5,-1,32742,32768,32769,14,21
32,3,1,32756,32768,32769,14,13
16,4,0,32747,32769,32768,105,104
32,5,-1,32841,32768,32769,13,21
16,6,-2,32724,32769,32768,9,21
32,3,1,32755,32768,32769,14,15
16,4,0,32746,32769,32768,105,104
32,5,-1,32841,32768,32769,15,21
16,6,-2,32724,32769,32768,9,21
32,3,1,32755,32768,32769,14,16
16,4,0,32746,32769,32768,105,104
32,5,-1,32841,32768,32769,16,21
16,6,-2,32724,32769,32768,9,21
32,3,1,32754,32768,32769,14,17
16,4,0,32745,32769,32768,105,104
32,5,-1,32841,32768,32769,17,21
16,6,-2,32724,32769,32768,9,21
32,3,1,32754,32768,32769,14,18
16,4,0,32745,32769,32768,105,104
32,5,-1,32841,32768,32769,18,21
16,6,-2,32724,32769,32768,9,21
32,5,-1,32754,32768,32769,18,54
16,6,-1,32757,32769,32768,55,51
32,7,-2,32759,32768,32769,54,102
32,7,-2,32759,32768,32769,54,6
32,3,1,32756,32768,32769,14,2
16,4,0,32747,32769,32768,105,104
32,5,-1,32750,32768,32769,2,6
32,3,1,32756,32768,32769,14,26
16,4,0,32747,32769,32768,105,104
32,5,-1,32750,32768,32769,26,30
32,3,1,32758,32768,32769,14,38
16,4,0,32749,32769,32768,105,104
32,3,1,32766,32768,32769,14,50
16,4,0,32757,32769,32768,105,104
32,5,-1,32754,32768,32769,50,54
16,6,-1,32757,32769,32768,55,51
32,7,-2,32759,32768,32769,54,102
32,7,-2,32759,32768,32769,54,6
32,3,1,32758,32768,32769,14,62
16,4,0,32749,32769,32768,105,104
32,3,1,32756,32768,32769,14,74
16,4,0,32747,32769,32768,105,104
32,5,-1,32750,32768,32769,74,78
32,3,1,32756,32768,32769,14,86
16,4,0,32747,32769,32768,105,104
32,5,-1,32841,32768,32769,86,93
16,6,-2,32844,32769,32768,55,51
16,4,0,32758,32769,32768,19,14
32,5,-1,32852,32768,32769,86,93
16,6,-2,32735,32769,32768,105,93
32,3,1,32756,32768,32769,14,98
16,4,0,32758,32769,32768,19,14
32,5,-1,32761,32768,32769,98,102
32,3,1,32764,32768,32769,84,98
16,4,0,32755,32769,32768,105,104
32,5,-1,32849,32768,32769,14,21
16,6,-2,32732,32769,32768,9,21
32,3,1,32764,32768,32769,12,2
16,4,0,32755,32769,32768,105,104
32,5,-1,32849,32768,32769,14,21
16,6,-2,32732,32769,32768,9,21
32,3,1,32766,32768,32769,12,26
16,4,0,32757,32769,32768,105,104
32,5,-1,32851,32768,32769,14,21
16,6,-2,32734,32769,32768,9,21
32,3,1,32757,32768,32769,60,49
16,4,0,32748,32769,32768,105,104
32,5,-1,32842,32768,32769,14,21
16,6,-2,32725,32769,32768,9,21
32,3,1,32757,32768,32769,36,49
16,4,0,32748,32769,32768,105,104
32,5,-1,32842,32768,32769,14,21
16,6,-2,32725,32769,32768,9,21
32,3,1,32757,32768,32769,72,50
16,4,0,32748,32769,32768,105,104
32,5,-1,32842,32768,32769,14,21
16,6,-2,32725,32769,32768,9,21
32,3,1,32755,32768,32769,72,98
16,4,0,32746,32769,32768,105,104
32,5,-1,32840,32768,32769,14,21
16,6,-2,32723,32769,32768,9,21
32,3,1,32755,32768,32769,24,2
16,4,0,32746,32769,32768,105,104
32,5,-1,32840,32768,32769,14,21
16,6,-2,32723,32769,32768,9,21
32,3,1,32757,32768,32769,24,50
16,4,0,32748,32769,32768,105,104
32,5,-1,32842,32768,32769,14,21
16,6,-2,32725,32769,32768,9,21
32,3,1,32757,32768,32769,99,100
16,4,0,32748,32769,32768,105,104
32,5,-1,32842,32768,32769,14,21
16,6,-2,32725,32769,32768,9,21
32,3,1,32757,32768,32769,75,76
16,4,0,32748,32769,32768,105,104
32,5,-1,32842,32768,32769,14,21
16,6,-2,32725,32769,32768,9,21
32,3,1,32757,32768,32769,51,52
16,4,0,32759,32769,32768,55,52
32,5,-1,32853,32768,32769,14,21
16,6,-2,32736,32769,32768,9,21
32,3,1,32757,32768,32769,27,28
16,4,0,32748,32769,32768,105,104
32,5,-1,32842,32768,32769,14,21
16,6,-2,32725,32769,32768,9,21
32,3,1,32757,32768,32769,3,4
16,4,0,32748,32769,32768,105,104
32,5,-1,32842,32768,32769,14,21
16,6,-2,32725,32769,32768,9,21
32,1,3,32766,32768,32769,86,90
16,2,2,32756,32769,32768,91,55
32,3,1,32765,32768,32769,96,97
16,4,0,32756,32769,32768,105,104
32,5,-1,32850,32768,32769,14,21
16,6,-2,32733,32769,32768,9,21
32,5,-1,32765,32768,32769,90,54
16,6,-1,32768,32769,32768,55,51
32,7,-2,32862,32768,32769,14,21
16,8,-3,32745,32769,32768,9,21
32,7,-2,32770,32768,32769,54,102
16,8,-3,32664,32769,32768,104,102
32,7,-2,32770,32768,32769,54,6
16,8,-3,32655,32769,32768,9,6
32,3,1,32766,32768,32769,84,74
16,4,0,32757,32769,32768,105,104
32,5,-1,32851,32768,32769,14,21
16,6,-2,32734,32769,32768,9,21
32,5,-1,32766,32768,32769,90,54
16,6,-1,32769,32769,32768,55,51
16,6,-1,32768,32769,32768,104,56
32,7,-2,32991,32768,32769,54,56
16,8,-3,32887,32769,32768,57,56
16,8,-3,32884,32769,32768,69,56
16,8,-3,32884,32769,32768,45,56
16,8,-3,33001,32769,32768,55,48
32,7,-2,32991,32768,32769,54,56
16,8,-3,32887,32769,32768,57,56
16,8,-3,32884,32769,32768,69,56
16,8,-3,32884,32769,32768,45,56
16,8,-3,33001,32769,32768,55,48
32,7,-2,32862,32768,32769,14,21
16,8,-3,32745,32769,32768,9,21
32,9,-4,32968,32768,32769,54,56
16,10,-5,32864,32769,32768,57,56
16,10,-5,32861,32769,32768,69,56
16,10,-5,32861,32769,32768,45,56
16,10,-5,32978,32769,32768,55,48
32,7,-2,32770,32768,32769,54,102
16,8,-3,32780,32769,32768,55,48
32,7,-2,32770,32768,32769,54,6
16,8,-3,32655,32769,32768,9,6
32,3,1,32850,32768,32769,14,21
16,4,0,32733,32769,32768,9,21
32,5,-1,32742,32768,32769,90,54
16,6,-1,32745,32769,32768,55,51
32,7,-2,32747,32768,32769,54,102
32,7,-2,32747,32768,32769,54,6
32,3,1,32765,32768,32769,90,54
16,4,1,32768,32769,32768,55,51
32,5,0,32862,32768,32769,14,21
16,6,-1,32745,32769,32768,9,21
32,7,-2,32747,32768,32769,54,102
32,7,-2,32747,32768,32769,54,6
32,5,0,32770,32768,32769,54,102
16,6,-1,32655,32769,32768,105,102
32,7,-2,32749,32768,32769,14,21
32,5,0,32770,32768,32769,54,6
16,6,-1,32655,32769,32768,9,6
32,7,-2,32749,32768,32769,14,21
32,5,0,32766,32768,32769,48,49
32,5,0,32777,32768,32769,96,97
16,6,-1,32683,32769,32768,19,12
32,7,-2,32800,32768,32769,0,12
16,6,-1,32775,32769,32768,51,99
16,6,-1,32775,32769,32768,51,3
16,4,1,32773,32769,32768,55,43
32,5,0,32782,32768,32769,96,97
16,6,-1,32688,32769,32768,19,12
32,7,-2,32805,32768,32769,0,12
16,4,1,32775,32769,32768,55,31
32,5,0,32784,32768,32769,96,97
16,6,-1,32690,32769,32768,19,12
32,7,-2,32807,32768,32769,0,12
16,6,-1,32781,32769,32768,31,27
16,4,1,32773,32769,32768,55,67
32,5,0,32782,32768,32769,96,97
16,6,-1,32688,32769,32768,19,12
32,7,-2,32805,32768,32769,0,12
16,4,1,32775,32769,32768,55,79
32,5,0,32784,32768,32769,96,97
16,6,-1,32690,32769,32768,19,12
32,7,-2,32807,32768,32769,0,12
16,6,-1,32781,32769,32768,79,75
16,4,1,32775,32769,32768,55,91
32,5,0,32784,32768,32769,96,97
16,6,-1,32690,32769,32768,19,12
32,7,-2,32807,32768,32769,0,12
16,4,1,32775,32769,32768,55,103
32,5,0,32784,32768,32769,96,97
16,6,-1,32690,32769,32768,19,12
32,7,-2,32807,32768,32769,0,12
16,6,-1,32781,32769,32768,103,99
16,4,1,32764,32769,32768,69,56
32,5,0,32798,32768,32769,54,56
16,6,-1,32694,32769,32768,57,56
32,7,-2,32788,32768,32769,14,21
16,8,-3,32671,32769,32768,9,21
32,5,0,32773,32768,32769,96,97
16,6,-1,32679,32769,32768,19,12
32,7,-2,32796,32768,32769,0,12
16,6,-1,32776,32769,32768,55,51
16,4,1,32764,32769,32768,45,56
32,5,0,32798,32768,32769,54,56
16,6,-1,32694,32769,32768,57,56
32,7,-2,32788,32768,32769,14,21
16,8,-3,32671,32769,32768,9,21
32,5,0,32773,32768,32769,96,97
16,6,-1,32679,32769,32768,19,12
32,7,-2,32796,32768,32769,0,12
16,6,-1,32776,32769,32768,55,51
16,2,2,32766,32769,32768,91,92
32,3,1,32775,32768,32769,96,97
16,4,0,32766,32769,32768,105,104
32,5,-1,32862,32768,32769,90,93
16,6,-2,32768,32769,32768,19,12
32,7,-3,32885,32768,32769,0,12
16,4,0,32681,32769,32768,92,84
32,5,-1,32775,32768,32769,14,21
16,6,-2,32658,32769,32768,9,21
32,5,-1,32690,32768,32769,90,54
32,3,1,32775,32768,32769,90,54
16,4,0,32766,32769,32768,105,104
32,5,-1,32860,32768,32769,14,21
16,6,-2,32743,32769,32768,9,21
32,5,-1,32768,32768,32769,54,102
32,5,-1,32768,32768,32769,54,6
32,3,1,32862,32768,32769,90,93
16,4,0,32745,32769,32768,105,93
32,5,-1,32839,32768,32769,14,21
16,6,-2,32722,32769,32768,9,21
32,3,1,32860,32768,32769,14,21
16,4,0,32743,32769,32768,9,21
32,5,-1,32839,32768,32769,90,93
16,6,-2,32722,32769,32768,105,93
32,5,-1,32752,32768,32769,90,54
32,3,1,32764,32768,32769,48,49
16,4,0,32755,32769,32768,105,104
32,5,-1,32851,32768,32769,90,93
16,6,-2,32757,32769,32768,19,12
32,7,-3,32874,32768,32769,0,12
16,4,0,32670,32769,32768,92,84
32,5,-1,32787,32768,32769,96,84
16,6,-2,32693,32769,32768,19,12
32,7,-3,32810,32768,32769,0,12
16,4,0,32670,32769,32768,19,12
32,5,-1,32787,32768,32769,0,12
16,6,-2,32693,32769,32768,92,84
32,7,-3,32810,32768,32769,96,84
16,4,0,32766,32769,32768,57,56
32,5,-1,32862,32768,32769,90,93
16,6,-2,32745,32769,32768,105,93
32,5,-1,32860,32768,32769,14,21
16,6,-2,32743,32769,32768,9,21
32,5,-1,32775,32768,32769,90,54
16,6,-2,32681,32769,32768,19,12
32,7,-3,32798,32768,32769,0,12
16,4,0,32756,32769,32768,105,103
32,5,-1,32852,32768,32769,90,93
16,6,-2,32758,32769,32768,19,12
32,7,-3,32875,32768,32769,0,12
16,4,0,32755,32769,32768,9,8
32,5,-1,32851,32768,32769,90,93
16,6,-2,32734,32769,32768,105,93
32,5,-1,32764,32768,32769,90,54
32,5,-1,32849,32768,32769,14,21
16,6,-2,32755,32769,32768,92,84
32,7,-3,32872,32768,32769,96,84
16,4,0,32756,32769,32768,9,7
32,5,-1,32852,32768,32769,90,93
16,6,-2,32735,32769,32768,105,93
32,5,-1,32850,32768,32769,14,21
16,6,-2,32756,32769,32768,92,84
32,7,-3,32873,32768,32769,96,84
16,4,0,32764,32769,32768,92,91
32,5,-1,32858,32768,32769,14,21
16,6,-2,32741,32769,32768,9,21
32,5,-1,32860,32768,32769,90,93
16,6,-2,32743,32769,32768,105,93
32,5,-1,32773,32768,32769,90,54
16,6,-2,32679,32769,32768,19,12
32,7,-3,32796,32768,32769,0,12
16,4,0,32764,32769,32768,92,80
32,5,-1,32858,32768,32769,14,21
16,6,-2,32741,32769,32768,9,21
32,5,-1,32773,32768,32769,90,54
16,6,-2,32679,32769,32768,19,12
32,7,-3,32796,32768,32769,0,12
16,6,-2,32770,32769,32768,80,75
16,4,0,32764,32769,32768,92,68
32,5,-1,32773,32768,32769,90,54
16,6,-2,32679,32769,32768,19,12
32,7,-3,32796,32768,32769,0,12
16,4,0,32765,32769,32768,92,56
32,5,-1,32774,32768,32769,90,54
16,6,-1,32766,32769,32768,56,51
32,7,-2,32860,32768,32769,14,21
16,8,-3,32743,32769,32768,9,21
32,7,-2,32768,32768,32769,54,102
32,7,-2,32768,32768,32769,54,6
32,5,-1,32859,32768,32769,14,21
16,6,-2,32742,32769,32768,9,21
32,3,1,32774,32768,32769,96,98
16,4,0,32765,32769,32768,105,104
32,5,-1,32774,32768,32769,90,54
16,6,-2,32680,32769,32768,19,12
32,7,-3,32797,32768,32769,0,12
16,4,0,32775,32769,32768,92,56
16,4,0,32680,32769,32768,92,84
32,5,-1,32689,32768,32769,90,54
32,5,-1,32774,32768,32769,14,21
16,6,-2,32657,32769,32768,9,21
32,3,1,32775,32768,32769,0,1
16,4,0,32766,32769,32768,105,104
32,5,-1,32775,32768,32769,90,54
16,6,-2,32681,32769,32768,19,12
32,7,-3,32683,32768,32769,54,102
32,7,-3,32683,32768,32769,54,6
32,5,-1,32860,32768,32769,14,21
16,6,-2,32743,32769,32768,9,21
32,5,-1,32862,32768,32769,90,93
16,6,-2,32768,32769,32768,19,12
32,7,-3,32804,32768,32769,93,69
16,8,-4,32699,32769,32768,57,69
32,3,1,32774,32768,32769,0,2
16,4,0,32765,32769,32768,105,104
32,5,-1,32774,32768,32769,90,54
16,6,-2,32680,32769,32768,19,12
32,7,-3,32682,32768,32769,54,102
32,7,-3,32682,32768,32769,54,6
32,5,-1,32859,32768,32769,14,21
16,6,-2,32742,32769,32768,9,21
32,5,-1,32861,32768,32769,90,93
16,6,-2,32767,32769,32768,19,12
32,7,-3,32803,32768,32769,93,69
16,8,-4,32698,32769,32768,57,69
32,3,1,32766,32768,32769,90,89
16,4,0,32757,32769,32768,105,104
32,5,-1,32851,32768,32769,14,21
16,6,-2,32734,32769,32768,9,21
32,5,-1,32853,32768,32769,89,93
16,6,-2,32759,32769,32768,19,12
32,7,-3,32876,32768,32769,0,12
16,4,0,32672,32769,32768,92,84
32,5,-1,32789,32768,32769,96,84
16,6,-2,32695,32769,32768,19,12
32,7,-3,32812,32768,32769,0,12
16,4,0,32672,32769,32768,19,12
32,5,-1,32789,32768,32769,0,12
16,6,-2,32695,32769,32768,92,84
32,7,-3,32812,32768,32769,96,84
16,4,0,32768,32769,32768,57,56
32,5,-1,32864,32768,32769,89,93
16,6,-2,32747,32769,32768,105,93
32,5,-1,32862,32768,32769,14,21
16,6,-2,32745,32769,32768,9,21
32,3,1,32767,32768,32769,90,88
16,4,0,32758,32769,32768,105,104
32,5,-1,32853,32768,32769,88,93
16,6,-2,32759,32769,32768,19,12
32,7,-3,32876,32768,32769,0,12
16,4,0,32769,32769,32768,57,56
16,4,0,32673,32769,32768,92,84
32,5,-1,32790,32768,32769,96,84
16,6,-2,32696,32769,32768,19,12
32,7,-3,32813,32768,32769,0,12
16,4,0,32673,32769,32768,19,12
32,5,-1,32790,32768,32769,0,12
16,6,-2,32696,32769,32768,92,84
32,7,-3,32813,32768,32769,96,84
16,4,0,32759,32769,32768,105,103
32,5,-1,32854,32768,32769,88,93
16,6,-2,32760,32769,32768,19,12
32,7,-3,32877,32768,32769,0,12
16,4,0,32758,32769,32768,9,8
32,5,-1,32853,32768,32769,88,93
16,6,-2,32736,32769,32768,105,93
32,5,-1,32852,32768,32769,14,21
16,6,-2,32758,32769,32768,92,84
32,7,-3,32875,32768,32769,96,84
16,4,0,32759,32769,32768,9,7
32,5,-1,32854,32768,32769,88,93
16,6,-2,32737,32769,32768,105,93
32,5,-1,32853,32768,32769,14,21
16,6,-2,32759,32769,32768,92,84
32,7,-3,32876,32768,32769,96,84
16,4,0,32767,32769,32768,92,91
32,5,-1,32861,32768,32769,14,21
16,6,-2,32744,32769,32768,9,21
32,5,-1,32862,32768,32769,88,93
16,6,-2,32745,32769,32768,105,93
32,3,1,32767,32768,32769,90,87
16,4,0,32758,32769,32768,105,104
32,5,-1,32852,32768,32769,14,21
16,6,-2,32735,32769,32768,9,21
32,5,-1,32853,32768,32769,87,93
16,6,-2,32759,32769,32768,19,12
32,7,-3,32876,32768,32769,0,12
16,4,0,32767,32769,32768,92,91
32,5,-1,32861,32768,32769,14,21
16,6,-2,32744,32769,32768,9,21
32,5,-1,32862,32768,32769,87,93
16,6,-2,32745,32769,32768,105,93
32,3,1,32768,32768,32769,90,85
16,4,0,32768,32769,32768,92,91
32,5,-1,32862,32768,32769,14,21
16,6,-2,32745,32769,32768,9,21
32,5,-1,32862,32768,32769,85,93
16,6,-2,32745,32769,32768,105,93
32,3,1,32766,32768,32769,90,91
16,4,0,32757,32769,32768,105,104
32,5,-1,32851,32768,32769,14,21
16,6,-2,32734,32769,32768,9,21
32,5,-1,32853,32768,32769,91,93
16,6,-2,32759,32769,32768,19,12
32,7,-3,32876,32768,32769,0,12
16,4,0,32672,32769,32768,92,84
32,5,-1,32789,32768,32769,96,84
16,6,-2,32695,32769,32768,19,12
32,7,-3,32812,32768,32769,0,12
16,4,0,32672,32769,32768,19,12
32,5,-1,32789,32768,32769,0,12
16,6,-2,32695,32769,32768,92,84
32,7,-3,32812,32768,32769,96,84
16,4,0,32768,32769,32768,57,56
32,5,-1,32862,32768,32769,14,21
16,6,-2,32745,32769,32768,9,21
32,5,-1,32864,32768,32769,91,93
16,6,-2,32747,32769,32768,105,93
32,3,1,32766,32768,32769,14,13
16,4,0,32766,32769,32768,92,91
32,5,-1,32862,32768,32769,90,93
16,6,-2,32745,32769,32768,105,93
32,5,-1,32860,32768,32769,13,21
16,6,-2,32743,32769,32768,9,21
32,5,-1,32775,32768,32769,90,54
16,6,-2,32681,32769,32768,19,12
32,7,-3,32798,32768,32769,0,12
16,4,0,32768,32769,32768,57,56
32,5,-1,32777,32768,32769,90,54
16,6,-2,32683,32769,32768,19,12
32,7,-3,32800,32768,32769,0,12
16,4,0,32672,32769,32768,92,84
32,5,-1,32789,32768,32769,96,84
16,6,-2,32695,32769,32768,19,12
32,7,-3,32812,32768,32769,0,12
16,4,0,32672,32769,32768,19,12
32,5,-1,32789,32768,32769,0,12
16,6,-2,32695,32769,32768,92,84
32,7,-3,32812,32768,32769,96,84
16,4,0,32757,32769,32768,105,104
32,5,-1,32766,32768,32769,90,54
32,5,-1,32853,32768,32769,90,93
16,6,-2,32759,32769,32768,19,12
32,7,-3,32876,32768,32769,0,12
16,4,0,32758,32769,32768,105,103
32,5,-1,32767,32768,32769,90,54
32,5,-1,32854,32768,32769,90,93
16,6,-2,32760,32769,32768,19,12
32,7,-3,32877,32768,32769,0,12
16,4,0,32757,32769,32768,9,8
32,5,-1,32853,32768,32769,90,93
16,6,-2,32736,32769,32768,105,93
32,5,-1,32766,32768,32769,90,54
32,5,-1,32851,32768,32769,13,21
16,6,-2,32757,32769,32768,92,84
32,7,-3,32874,32768,32769,96,84
16,4,0,32758,32769,32768,9,7
32,5,-1,32854,32768,32769,90,93
16,6,-2,32737,32769,32768,105,93
32,5,-1,32852,32768,32769,13,21
16,6,-2,32758,32769,32768,92,84
32,7,-3,32875,32768,32769,96,84
16,4,0,32766,32769,32768,92,80
32,5,-1,32860,32768,32769,13,21
16,6,-2,32743,32769,32768,9,21
32,5,-1,32775,32768,32769,90,54
16,6,-2,32681,32769,32768,19,12
32,7,-3,32798,32768,32769,0,12
16,6,-2,32772,32769,32768,80,75
16,4,0,32766,32769,32768,92,68
32,5,-1,32860,32768,32769,13,21
16,6,-2,32743,32769,32768,9,21
32,5,-1,32775,32768,32769,90,54
16,6,-2,32681,32769,32768,19,12
32,7,-3,32798,32768,32769,0,12
16,4,0,32767,32769,32768,92,56
32,5,-1,32776,32768,32769,90,54
16,6,-1,32768,32769,32768,56,51
32,7,-2,32862,32768,32769,13,21
16,8,-3,32745,32769,32768,9,21
32,7,-2,32770,32768,32769,54,102
16,8,-3,32655,32769,32768,105,102
32,7,-2,32770,32768,32769,54,6
16,8,-3,32655,32769,32768,9,6
32,5,-1,32861,32768,32769,13,21
16,6,-2,32744,32769,32768,9,21
32,3,1,32765,32768,32769,14,15
16,4,0,32765,32769,32768,92,91
32,5,-1,32774,32768,32769,90,54
16,6,-2,32680,32769,32768,19,12
32,7,-3,32797,32768,32769,0,12
16,4,0,32766,32769,32768,92,56
32,5,-1,32775,32768,32769,90,54
16,6,-1,32767,32769,32768,56,51
32,7,-2,32880,32768,32769,15,51
16,8,-2,32870,32769,32768,19,55
16,8,-2,32879,32769,32768,69,56
16,8,-2,32879,32769,32768,45,56
16,8,-2,32879,32769,32768,81,55
16,8,-2,32879,32769,32768,33,55
16,6,-1,32774,32769,32768,56,44
16,6,-1,32774,32769,32768,56,32
16,6,-1,32774,32769,32768,56,20
16,6,-1,32775,32769,32768,56,8
16,6,-1,32774,32769,32768,56,68
16,6,-1,32774,32769,32768,56,80
16,6,-1,32774,32769,32768,56,92
16,6,-1,32775,32769,32768,56,104
16,6,-1,32765,32769,32768,19,55
32,7,-2,32869,32768,32769,54,56
16,8,-3,32765,32769,32768,57,56
32,7,-2,32767,32768,32769,54,102
32,7,-2,32767,32768,32769,54,6
32,5,-1,32861,32768,32769,15,21
16,6,-2,32744,32769,32768,9,21
32,3,1,32765,32768,32769,14,16
16,4,0,32766,32769,32768,92,56
32,5,-1,32775,32768,32769,90,54
16,6,-1,32767,32769,32768,56,51
32,7,-2,32862,32768,32769,16,21
16,8,-3,32745,32769,32768,9,21
32,7,-2,32769,32768,32769,54,102
16,8,-3,32654,32769,32768,105,102
32,7,-2,32769,32768,32769,54,6
16,8,-3,32654,32769,32768,9,6
32,5,-1,32861,32768,32769,16,21
16,6,-2,32744,32769,32768,9,21
32,3,1,32764,32768,32769,14,17
16,4,0,32765,32769,32768,92,56
32,5,-1,32774,32768,32769,90,54
16,6,-1,32766,32769,32768,56,51
32,7,-2,32862,32768,32769,17,21
16,8,-3,32745,32769,32768,9,21
32,7,-2,32768,32768,32769,54,102
32,7,-2,32768,32768,32769,54,6
32,5,-1,32861,32768,32769,17,21
16,6,-2,32744,32769,32768,9,21
32,3,1,32764,32768,32769,14,18
16,4,0,32765,32769,32768,92,56
32,5,-1,32774,32768,32769,90,54
16,6,-1,32766,32769,32768,56,51
32,7,-2,32862,32768,32769,18,21
16,8,-3,32745,32769,32768,9,21
32,7,-2,32768,32768,32769,54,102
32,5,-1,32861,32768,32769,18,21
16,6,-2,32744,32769,32768,9,21
32,5,-1,32774,32768,32769,18,54
16,6,-1,32766,32769,32768,56,51
32,7,-2,32768,32768,32769,54,6
32,3,1,32766,32768,32769,14,2
16,4,0,32767,32769,32768,92,56
32,5,-1,32776,32768,32769,90,54
16,6,-1,32768,32769,32768,56,51
32,7,-2,32770,32768,32769,54,102
16,8,-3,32655,32769,32768,105,102
32,7,-2,32771,32768,32769,2,6
16,8,-3,32656,32769,32768,9,6
32,9,-4,32881,32768,32769,54,6
16,8,-3,32769,32769,32768,51,99
16,8,-3,32769,32769,32768,51,3
16,6,-1,32775,32769,32768,56,44
16,6,-1,32775,32769,32768,56,32
16,6,-1,32775,32769,32768,56,20
16,6,-1,32776,32769,32768,56,8
16,6,-1,32775,32769,32768,56,68
16,6,-1,32775,32769,32768,56,80
16,6,-1,32775,32769,32768,56,92
16,6,-1,32776,32769,32768,56,104
16,6,-1,32766,32769,32768,19,55
32,7,-2,32769,32768,32769,2,6
16,8,-3,32654,32769,32768,9,6
32,9,-4,32879,32768,32769,54,6
16,10,-5,32889,32769,32768,55,48
32,9,-4,32879,32768,32769,54,6
16,10,-5,32889,32769,32768,55,48
32,7,-2,32870,32768,32769,54,56
16,8,-3,32766,32769,32768,57,56
32,7,-2,32768,32768,32769,54,102
32,7,-2,32768,32768,32769,54,6
32,5,-1,32770,32768,32769,2,6
16,6,-2,32655,32769,32768,9,6
32,3,1,32766,32768,32769,14,26
16,4,0,32767,32769,32768,92,56
32,5,-1,32776,32768,32769,90,54
16,6,-1,32768,32769,32768,56,51
32,7,-2,32770,32768,32769,54,102
16,8,-3,32655,32769,32768,105,102
32,7,-2,32771,32768,32769,26,30
16,8,-3,32769,32769,32768,51,99
16,8,-3,32769,32769,32768,51,3
16,6,-1,32775,32769,32768,56,44
16,6,-1,32775,32769,32768,56,32
16,6,-1,32775,32769,32768,56,20
16,6,-1,32776,32769,32768,56,8
16,6,-1,32775,32769,32768,56,68
16,6,-1,32775,32769,32768,56,80
16,6,-1,32775,32769,32768,56,92
16,6,-1,32776,32769,32768,56,104
16,6,-1,32766,32769,32768,19,55
32,7,-2,32769,32768,32769,26,30
16,8,-3,32772,32769,32768,55,51
16,6,-1,32775,32769,32768,81,55
16,6,-1,32775,32769,32768,33,55
16,4,0,32766,32769,32768,92,91
32,5,-1,32775,32768,32769,90,54
16,4,0,32672,32769,32768,92,84
32,5,-1,32789,32768,32769,96,84
16,4,0,32768,32769,32768,57,56
32,5,-1,32777,32768,32769,90,54
16,4,0,32757,32769,32768,105,104
32,5,-1,32766,32768,32769,90,54
32,5,-1,32853,32768,32769,90,93
16,4,0,32758,32769,32768,105,103
32,5,-1,32767,32768,32769,90,54
32,5,-1,32854,32768,32769,90,93
16,4,0,32757,32769,32768,9,8
32,5,-1,32853,32768,32769,90,93
16,6,-2,32736,32769,32768,105,93
32,7,-3,32739,32768,32769,26,30
32,5,-1,32766,32768,32769,90,54
32,5,-1,32760,32768,32769,26,30
32,3,1,32768,32768,32769,14,38
16,4,0,32769,32769,32768,92,56
16,4,0,32759,32769,32768,9,8
32,5,-1,32855,32768,32769,90,93
16,6,-2,32738,32769,32768,105,93
32,5,-1,32768,32768,32769,90,54
32,3,1,32776,32768,32769,14,50
16,4,0,32767,32769,32768,9,8
32,5,-1,32863,32768,32769,90,93
16,6,-2,32746,32769,32768,105,93
32,5,-1,32776,32768,32769,90,54
16,4,0,32777,32769,32768,92,56
16,4,0,32682,32769,32768,92,84
32,5,-1,32799,32768,32769,96,84
16,4,0,32778,32769,32768,57,56
16,4,0,32767,32769,32768,105,104
32,5,-1,32776,32768,32769,90,54
16,4,0,32768,32769,32768,105,103
32,5,-1,32777,32768,32769,90,54
16,4,0,32768,32769,32768,9,7
32,5,-1,32777,32768,32769,90,54
16,4,0,32776,32769,32768,92,91
16,4,0,32776,32769,32768,92,80
16,4,0,32776,32769,32768,92,68
16,4,0,32776,32769,32768,92,44
16,4,0,32776,32769,32768,92,32
16,4,0,32776,32769,32768,92,20
16,4,0,32777,32769,32768,92,8
16,4,0,32777,32769,32768,92,104
16,4,0,32777,32769,32768,19,18
16,4,0,32777,32769,32768,19,17
16,4,0,32778,32769,32768,19,16
16,4,0,32778,32769,32768,19,15
16,4,0,32778,32769,32768,19,14
16,4,0,32778,32769,32768,19,13
16,4,0,32776,32769,32768,19,20
16,4,0,32776,32769,32768,19,7
16,4,0,32776,32769,32768,19,31
16,4,0,32774,32769,32768,19,43
16,4,0,32766,32769,32768,19,55
32,5,-1,32775,32768,32769,90,54
16,6,-1,32778,32769,32768,55,51
32,7,-1,32770,32768,32769,50,38
16,8,-2,32768,32769,32768,51,99
32,9,-3,32883,32768,32769,96,99
16,8,-2,32768,32769,32768,51,3
32,9,-3,32883,32768,32769,0,3
16,6,-1,32776,32769,32768,92,56
16,6,-1,32783,32769,32768,55,43
16,6,-1,32785,32769,32768,55,31
16,6,-1,32785,32769,32768,55,19
16,6,-1,32785,32769,32768,55,7
16,6,-1,32783,32769,32768,55,67
16,6,-1,32785,32769,32768,55,79
16,6,-1,32785,32769,32768,55,91
16,6,-1,32785,32769,32768,55,103
16,6,-1,32774,32769,32768,69,56
16,6,-1,32774,32769,32768,45,56
16,4,0,32774,32769,32768,19,67
16,4,0,32776,32769,32768,19,79
16,4,0,32776,32769,32768,19,91
16,4,0,32776,32769,32768,19,103
16,4,0,32768,32769,32768,21,7
32,5,-1,32777,32768,32769,90,54
16,4,0,32766,32769,32768,21,31
32,5,-1,32775,32768,32769,90,54
16,6,-2,32659,32769,32768,31,54
32,7,-3,32762,32768,32769,50,54
32,5,-1,32862,32768,32769,90,93
16,6,-2,32745,32769,32768,105,93
32,5,-1,32763,32768,32769,50,54
32,3,1,32768,32768,32769,14,62
16,4,0,32759,32769,32768,9,8
32,5,-1,32768,32768,32769,90,54
32,5,-1,32855,32768,32769,90,93
16,6,-2,32738,32769,32768,105,93
32,3,1,32766,32768,32769,14,74
16,4,0,32757,32769,32768,9,8
32,5,-1,32766,32768,32769,90,54
32,5,-1,32853,32768,32769,90,93
16,6,-2,32736,32769,32768,105,93
32,5,-1,32760,32768,32769,74,78
32,3,1,32766,32768,32769,14,86
16,4,0,32659,32769,32768,92,86
32,5,-1,32668,32768,32769,90,54
32,3,1,32766,32768,32769,14,98
16,4,0,32757,32769,32768,9,8
32,5,-1,32766,32768,32769,90,54
32,5,-1,32853,32768,32769,90,93
16,6,-2,32736,32769,32768,105,93
32,5,-1,32760,32768,32769,98,102
32,3,1,32776,32768,32769,84,74
16,4,0,32767,32769,32768,9,8
32,5,-1,32776,32768,32769,90,54
16,6,-2,32682,32769,32768,19,12
32,7,-3,32799,32768,32769,0,12
16,4,0,32766,32769,32768,21,31
32,5,-1,32775,32768,32769,90,54
16,6,-2,32659,32769,32768,31,54
32,5,-1,32862,32768,32769,90,93
16,6,-2,32745,32769,32768,105,93
32,3,1,32774,32768,32769,84,98
16,4,0,32764,32769,32768,21,31
32,5,-1,32773,32768,32769,90,54
16,6,-2,32657,32769,32768,31,54
32,5,-1,32860,32768,32769,90,93
16,6,-2,32743,32769,32768,105,93
32,3,1,32774,32768,32769,12,2
16,4,0,32764,32769,32768,21,31
32,5,-1,32773,32768,32769,90,54
16,6,-2,32657,32769,32768,31,54
32,5,-1,32860,32768,32769,90,93
16,6,-2,32743,32769,32768,105,93
32,3,1,32776,32768,32769,12,26
16,4,0,32766,32769,32768,21,31
32,5,-1,32775,32768,32769,90,54
16,6,-2,32659,32769,32768,31,54
32,5,-1,32862,32768,32769,90,93
16,6,-2,32745,32769,32768,105,93
32,3,1,32767,32768,32769,60,49
16,4,0,32757,32769,32768,21,31
32,5,-1,32766,32768,32769,90,54
32,5,-1,32853,32768,32769,90,93
16,6,-2,32736,32769,32768,105,93
32,3,1,32767,32768,32769,36,49
16,4,0,32757,32769,32768,21,31
32,5,-1,32766,32768,32769,90,54
32,5,-1,32853,32768,32769,90,93
16,6,-2,32736,32769,32768,105,93
32,3,1,32767,32768,32769,72,50
16,4,0,32757,32769,32768,21,31
32,5,-1,32766,32768,32769,90,54
32,5,-1,32853,32768,32769,90,93
16,6,-2,32736,32769,32768,105,93
32,3,1,32765,32768,32769,72,98
16,4,0,32755,32769,32768,21,31
32,5,-1,32764,32768,32769,90,54
32,5,-1,32851,32768,32769,90,93
16,6,-2,32734,32769,32768,105,93
32,3,1,32765,32768,32769,24,2
16,4,0,32755,32769,32768,21,31
32,5,-1,32764,32768,32769,90,54
32,5,-1,32851,32768,32769,90,93
16,6,-2,32734,32769,32768,105,93
32,3,1,32767,32768,32769,24,50
16,4,0,32757,32769,32768,21,31
32,5,-1,32766,32768,32769,90,54
32,5,-1,32853,32768,32769,90,93
16,6,-2,32736,32769,32768,105,93
32,3,1,32767,32768,32769,99,100
16,4,0,32757,32769,32768,21,31
32,5,-1,32766,32768,32769,90,54
32,5,-1,32853,32768,32769,90,93
16,6,-2,32736,32769,32768,105,93
32,3,1,32767,32768,32769,75,76
16,4,0,32757,32769,32768,21,31
32,5,-1,32766,32768,32769,90,54
32,5,-1,32853,32768,32769,90,93
16,6,-2,32736,32769,32768,105,93
32,3,1,32767,32768,32769,51,52
16,4,0,32757,32769,32768,21,31
32,5,-1,32766,32768,32769,90,54
32,5,-1,32853,32768,32769,90,93
16,6,-2,32736,32769,32768,105,93
32,3,1,32767,32768,32769,27,28
16,4,0,32757,32769,32768,21,31
32,5,-1,32766,32768,32769,90,54
32,5,-1,32853,32768,32769,90,93
16,6,-2,32736,32769,32768,105,93
32,3,1,32767,32768,32769,3,4
16,4,0,32757,32769,32768,21,31
32,5,-1,32766,32768,32769,90,54
32,5,-1,32853,32768,32769,90,93
16,6,-2,32736,32769,32768,105,93
32,1,3,32862,32768,32769,86,93
16,2,2,32745,32769,32768,105,93
32,3,1,32754,32768,32769,96,97
16,4,0,32744,32769,32768,21,31
32,3,1,32839,32768,32769,14,21
16,4,0,32722,32769,32768,9,21
32,3,1,32743,32768,32769,48,49
16,4,0,32733,32769,32768,21,31
32,3,1,32753,32768,32769,96,98
16,4,0,32743,32769,32768,21,31
32,3,1,32754,32768,32769,0,1
16,4,0,32744,32769,32768,21,31
32,3,1,32753,32768,32769,0,2
16,4,0,32743,32769,32768,21,31
32,3,1,32745,32768,32769,14,13
16,4,0,32735,32769,32768,21,31
32,3,1,32744,32768,32769,14,15
16,4,0,32734,32769,32768,21,31
32,3,1,32744,32768,32769,14,16
16,4,0,32734,32769,32768,21,31
32,3,1,32743,32768,32769,14,17
16,4,0,32733,32769,32768,21,31
32,3,1,32743,32768,32769,14,18
16,4,0,32733,32769,32768,21,31
32,5,-1,32742,32768,32769,18,54
32,3,1,32745,32768,32769,14,2
16,4,0,32735,32769,32768,21,31
32,5,-1,32738,32768,32769,2,6
32,3,1,32745,32768,32769,14,26
16,4,0,32735,32769,32768,21,31
32,5,-1,32738,32768,32769,26,30
32,3,1,32747,32768,32769,14,38
16,4,0,32737,32769,32768,21,31
32,3,1,32755,32768,32769,14,50
16,4,0,32745,32769,32768,21,31
32,5,-1,32742,32768,32769,50,54
32,3,1,32747,32768,32769,14,62
16,4,0,32737,32769,32768,21,31
32,3,1,32745,32768,32769,14,74
16,4,0,32735,32769,32768,21,31
32,5,-1,32738,32768,32769,74,78
32,3,1,32745,32768,32769,14,86
16,4,0,32735,32769,32768,21,31
32,5,-1,32963,32768,32769,86,93
16,4,0,32736,32769,32768,9,8
32,5,-1,32964,32768,32769,86,93
16,4,0,32651,32769,32768,91,84
32,5,-1,32768,32768,32769,96,84
32,5,-1,32768,32768,32769,96,84
32,3,1,32745,32768,32769,14,98
16,4,0,32735,32769,32768,21,31
32,5,-1,32738,32768,32769,98,102
32,3,1,32755,32768,32769,84,74
16,4,0,32745,32769,32768,21,31
32,3,1,32753,32768,32769,84,98
16,4,0,32743,32769,32768,21,31
32,3,1,32753,32768,32769,12,2
16,4,0,32743,32769,32768,21,31
32,3,1,32755,32768,32769,12,26
16,4,0,32745,32769,32768,21,31
32,3,1,32746,32768,32769,60,49
16,4,0,32736,32769,32768,21,31
32,3,1,32746,32768,32769,36,49
16,4,0,32736,32769,32768,21,31
32,3,1,32746,32768,32769,72,50
16,4,0,32736,32769,32768,21,31
32,3,1,32744,32768,32769,72,98
16,4,0,32734,32769,32768,21,31
32,3,1,32744,32768,32769,24,2
16,4,0,32734,32769,32768,21,31
32,3,1,32746,32768,32769,24,50
16,4,0,32736,32769,32768,21,31
32,3,1,32746,32768,32769,99,100
16,4,0,32736,32769,32768,21,31
32,3,1,32746,32768,32769,75,76
16,4,0,32736,32769,32768,21,31
32,3,1,32746,32768,32769,51,52
16,4,0,32736,32769,32768,21,31
32,3,1,32746,32768,32769,27,28
16,4,0,32736,32769,32768,21,31
32,3,1,32746,32768,32769,3,4
16,4,0,32736,32769,32768,21,31
32,1,3,32768,32768,32769,86,74
16,2,2,32768,32769,32768,91,92
32,3,1,32777,32768,32769,96,97
16,4,0,32767,32769,32768,21,31
32,5,-1,32770,32768,32769,74,78
16,6,-2,32676,32769,32768,19,12
32,7,-3,32793,32768,32769,0,12
16,4,0,32683,32769,32768,19,12
32,5,-1,32800,32768,32769,0,12
16,4,0,32779,32769,32768,57,56
16,4,0,32768,32769,32768,105,104
32,5,-1,32771,32768,32769,74,78
16,6,-2,32677,32769,32768,19,12
32,7,-3,32794,32768,32769,0,12
16,4,0,32769,32769,32768,105,103
16,4,0,32768,32769,32768,9,8
32,5,-1,32771,32768,32769,74,78
16,6,-2,32677,32769,32768,19,12
32,7,-3,32794,32768,32769,0,12
16,4,0,32769,32769,32768,9,7
16,4,0,32777,32769,32768,92,91
16,4,0,32778,32769,32768,92,90
16,4,0,32778,32769,32768,92,89
16,4,0,32779,32769,32768,92,88
16,4,0,32779,32769,32768,92,87
16,4,0,32779,32769,32768,92,86
16,4,0,32779,32769,32768,92,85
16,4,0,32777,32769,32768,92,80
16,4,0,32777,32769,32768,92,68
16,4,0,32778,32769,32768,92,56
16,4,0,32777,32769,32768,92,44
16,4,0,32777,32769,32768,92,32
16,4,0,32777,32769,32768,92,20
16,4,0,32778,32769,32768,92,8
16,4,0,32778,32769,32768,92,104
16,4,0,32778,32769,32768,19,18
16,4,0,32778,32769,32768,19,17
16,4,0,32779,32769,32768,19,16
16,4,0,32779,32769,32768,19,15
16,4,0,32777,32769,32768,19,20
16,4,0,32777,32769,32768,19,7
16,4,0,32777,32769,32768,19,31
16,4,0,32775,32769,32768,19,43
16,4,0,32767,32769,32768,19,55
32,5,-1,32770,32768,32769,74,78
16,6,-2,32773,32769,32768,55,51
16,4,0,32775,32769,32768,19,67
16,4,0,32777,32769,32768,19,79
16,4,0,32777,32769,32768,19,91
16,4,0,32777,32769,32768,19,103
16,4,0,32769,32769,32768,21,7
16,4,0,32776,32769,32768,69,56
16,4,0,32776,32769,32768,45,56
16,4,0,32776,32769,32768,81,55
16,4,0,32778,32769,32768,33,7
16,4,0,32776,32769,32768,33,55
16,4,0,32776,32769,32768,102,101
16,4,0,32776,32769,32768,78,77
16,4,0,32776,32769,32768,54,53
16,4,0,32776,32769,32768,30,29
16,4,0,32776,32769,32768,6,5
16,2,2,32758,32769,32768,91,55
32,3,1,32767,32768,32769,96,97
16,4,0,32757,32769,32768,21,31
32,5,-1,32760,32768,32769,74,78
32,3,1,32852,32768,32769,14,21
16,4,0,32735,32769,32768,9,21
32,5,-1,32738,32768,32769,74,78
32,3,1,32761,32768,32769,74,78
16,4,0,32751,32769,32768,21,31
32,5,-1,32756,32768,32769,78,30
32,3,1,32756,32768,32769,48,49
16,4,0,32746,32769,32768,21,31
32,5,-1,32749,32768,32769,74,78
32,3,1,32766,32768,32769,96,98
16,4,0,32756,32769,32768,21,31
32,5,-1,32759,32768,32769,74,78
32,3,1,32767,32768,32769,0,1
16,4,0,32757,32769,32768,21,31
32,5,-1,32760,32768,32769,74,78
32,3,1,32766,32768,32769,0,2
16,4,0,32756,32769,32768,21,31
32,5,-1,32759,32768,32769,74,78
32,3,1,32758,32768,32769,74,73
16,4,0,32748,32769,32768,21,31
32,5,-1,32751,32768,32769,73,78
32,3,1,32760,32768,32769,74,62
16,4,0,32750,32769,32768,21,31
32,3,1,32768,32768,32769,74,50
16,4,0,32758,32769,32768,21,31
32,5,-1,32755,32768,32769,50,54
16,6,-1,32639,32769,32768,31,54
32,3,1,32760,32768,32769,74,38
16,4,0,32750,32769,32768,21,31
32,3,1,32758,32768,32769,74,26
16,4,0,32748,32769,32768,21,31
32,5,-1,32751,32768,32769,26,30
32,3,1,32758,32768,32769,74,98
16,4,0,32748,32769,32768,21,31
32,5,-1,32751,32768,32769,98,102
32,3,1,32758,32768,32769,14,13
16,4,0,32748,32769,32768,21,31
32,5,-1,32751,32768,32769,74,78
32,3,1,32757,32768,32769,14,15
16,4,0,32747,32769,32768,21,31
32,5,-1,32750,32768,32769,74,78
32,3,1,32757,32768,32769,14,16
16,4,0,32747,32769,32768,21,31
32,5,-1,32750,32768,32769,74,78
32,3,1,32756,32768,32769,14,17
16,4,0,32746,32769,32768,21,31
32,5,-1,32749,32768,32769,74,78
32,3,1,32756,32768,32769,14,18
16,4,0,32746,32769,32768,21,31
32,5,-1,32749,32768,32769,74,78
32,5,-1,32755,32768,32769,18,54
16,6,-1,32639,32769,32768,31,54
32,7,-2,32642,32768,32769,74,78
32,3,1,32758,32768,32769,14,2
16,4,0,32748,32769,32768,21,31
32,5,-1,32751,32768,32769,74,78
32,5,-1,32751,32768,32769,2,6
32,3,1,32758,32768,32769,14,26
16,4,0,32748,32769,32768,21,31
32,5,-1,32751,32768,32769,74,78
32,5,-1,32751,32768,32769,26,30
32,3,1,32760,32768,32769,14,38
16,4,0,32750,32769,32768,21,31
32,5,-1,32753,32768,32769,74,78
32,3,1,32768,32768,32769,14,50
16,4,0,32758,32769,32768,21,31
32,5,-1,32761,32768,32769,74,78
32,5,-1,32755,32768,32769,50,54
16,6,-1,32639,32769,32768,31,54
32,7,-2,32642,32768,32769,74,78
32,3,1,32760,32768,32769,14,62
16,4,0,32750,32769,32768,21,31
32,5,-1,32753,32768,32769,74,78
32,3,1,32766,32768,32769,84,98
16,4,0,32756,32769,32768,21,31
32,5,-1,32759,32768,32769,74,78
32,3,1,32766,32768,32769,12,2
16,4,0,32756,32769,32768,21,31
32,5,-1,32759,32768,32769,74,78
32,3,1,32768,32768,32769,12,26
16,4,0,32758,32769,32768,21,31
32,5,-1,32761,32768,32769,74,78
32,3,1,32759,32768,32769,60,49
16,4,0,32749,32769,32768,21,31
32,5,-1,32752,32768,32769,74,78
32,3,1,32759,32768,32769,36,49
16,4,0,32749,32769,32768,21,31
32,5,-1,32752,32768,32769,74,78
32,3,1,32759,32768,32769,72,50
16,4,0,32749,32769,32768,21,31
32,5,-1,32752,32768,32769,74,78
32,3,1,32757,32768,32769,72,98
16,4,0,32747,32769,32768,21,31
32,5,-1,32750,32768,32769,74,78
32,3,1,32757,32768,32769,24,2
16,4,0,32747,32769,32768,21,31
32,5,-1,32750,32768,32769,74,78
32,3,1,32759,32768,32769,24,50
16,4,0,32749,32769,32768,21,31
32,5,-1,32752,32768,32769,74,78
32,3,1,32759,32768,32769,99,100
16,4,0,32749,32769,32768,21,31
32,5,-1,32752,32768,32769,74,78
32,3,1,32759,32768,32769,75,76
16,4,0,32749,32769,32768,21,31
32,5,-1,32752,32768,32769,74,78
32,3,1,32759,32768,32769,51,52
16,4,0,32761,32769,32768,55,52
32,5,-1,32764,32768,32769,74,78
32,5,-1,32855,32768,32769,14,21
16,6,-2,32738,32769,32768,9,21
32,3,1,32759,32768,32769,27,28
16,4,0,32749,32769,32768,21,31
32,5,-1,32752,32768,32769,74,78
32,3,1,32759,32768,32769,3,4
16,4,0,32749,32769,32768,21,31
32,5,-1,32752,32768,32769,74,78
32,1,3,32770,32768,32769,86,62
16,2,2,32760,32769,32768,91,55
32,3,1,32769,32768,32769,96,97
16,4,0,32759,32769,32768,21,31
32,3,1,32854,32768,32769,14,21
16,4,0,32737,32769,32768,9,21
32,3,1,32758,32768,32769,48,49
16,4,0,32748,32769,32768,21,31
32,3,1,32768,32768,32769,96,98
16,4,0,32758,32769,32768,21,31
32,3,1,32769,32768,32769,0,1
16,4,0,32759,32769,32768,21,31
32,3,1,32768,32768,32769,0,2
16,4,0,32758,32769,32768,21,31
32,3,1,32758,32768,32769,62,61
16,4,0,32748,32769,32768,21,31
32,3,1,32759,32768,32769,62,63
16,4,0,32749,32769,32768,21,31
32,3,1,32759,32768,32769,62,64
16,4,0,32749,32769,32768,21,31
32,3,1,32758,32768,32769,62,65
16,4,0,32748,32769,32768,21,31
32,3,1,32757,32768,32769,62,66
16,4,0,32747,32769,32768,21,31
32,5,-1,32751,32768,32769,66,102
32,5,-1,32751,32768,32769,66,30
32,3,1,32756,32768,32769,62,67
16,4,0,32647,32769,32768,19,67
32,3,1,32755,32768,32769,62,68
16,4,0,32745,32769,32768,21,31
32,3,1,32768,32768,32769,62,50
16,4,0,32758,32769,32768,21,31
32,5,-1,32755,32768,32769,50,54
16,6,-1,32639,32769,32768,31,54
32,3,1,32760,32768,32769,62,38
16,4,0,32750,32769,32768,21,31
32,3,1,32758,32768,32769,62,26
16,4,0,32748,32769,32768,21,31
32,5,-1,32751,32768,32769,26,30
32,3,1,32758,32768,32769,62,74
16,4,0,32748,32769,32768,21,31
32,5,-1,32751,32768,32769,74,78
32,3,1,32758,32768,32769,62,98
16,4,0,32748,32769,32768,21,31
32,5,-1,32751,32768,32769,98,102
32,3,1,32760,32768,32769,14,13
16,4,0,32750,32769,32768,21,31
32,3,1,32759,32768,32769,14,15
16,4,0,32749,32769,32768,21,31
32,3,1,32759,32768,32769,14,16
16,4,0,32749,32769,32768,21,31
32,3,1,32758,32768,32769,14,17
16,4,0,32748,32769,32768,21,31
32,3,1,32758,32768,32769,14,18
16,4,0,32748,32769,32768,21,31
32,5,-1,32757,32768,32769,18,54
16,6,-1,32641,32769,32768,31,54
32,3,1,32760,32768,32769,14,2
16,4,0,32750,32769,32768,21,31
32,5,-1,32753,32768,32769,2,6
32,3,1,32760,32768,32769,14,26
16,4,0,32750,32769,32768,21,31
32,5,-1,32753,32768,32769,26,30
32,3,1,32762,32768,32769,14,38
16,4,0,32752,32769,32768,21,31
32,3,1,32770,32768,32769,14,50
16,4,0,32760,32769,32768,21,31
32,5,-1,32757,32768,32769,50,54
16,6,-1,32641,32769,32768,31,54
32,3,1,32770,32768,32769,84,74
16,4,0,32760,32769,32768,21,31
32,3,1,32768,32768,32769,84,98
16,4,0,32758,32769,32768,21,31
32,3,1,32768,32768,32769,12,2
16,4,0,32758,32769,32768,21,31
32,3,1,32770,32768,32769,12,26
16,4,0,32760,32769,32768,21,31
32,3,1,32761,32768,32769,60,49
16,4,0,32751,32769,32768,21,31
32,3,1,32761,32768,32769,36,49
16,4,0,32751,32769,32768,21,31
32,3,1,32761,32768,32769,72,50
16,4,0,32751,32769,32768,21,31
32,3,1,32759,32768,32769,72,98
16,4,0,32749,32769,32768,21,31
32,3,1,32759,32768,32769,24,2
16,4,0,32749,32769,32768,21,31
32,3,1,32761,32768,32769,24,50
16,4,0,32751,32769,32768,21,31
32,3,1,32761,32768,32769,99,100
16,4,0,32751,32769,32768,21,31
32,3,1,32761,32768,32769,75,76
16,4,0,32751,32769,32768,21,31
32,3,1,32761,32768,32769,51,52
16,4,0,32763,32769,32768,55,52
32,5,-1,32857,32768,32769,14,21
16,6,-2,32740,32769,32768,9,21
32,3,1,32761,32768,32769,27,28
16,4,0,32751,32769,32768,21,31
32,3,1,32761,32768,32769,3,4
16,4,0,32751,32769,32768,21,31
32,1,3,32770,32768,32769,86,38
16,2,2,32760,32769,32768,91,55
32,3,1,32769,32768,32769,96,97
16,4,0,32759,32769,32768,21,31
32,3,1,32854,32768,32769,14,21
16,4,0,32737,32769,32768,9,21
32,3,1,32758,32768,32769,48,49
16,4,0,32748,32769,32768,21,31
32,3,1,32768,32768,32769,96,98
16,4,0,32758,32769,32768,21,31
32,3,1,32769,32768,32769,0,1
16,4,0,32759,32769,32768,21,31
32,3,1,32768,32768,32769,0,2
16,4,0,32758,32769,32768,21,31
32,3,1,32758,32768,32769,38,37
16,4,0,32748,32769,32768,21,31
32,3,1,32759,32768,32769,38,39
16,4,0,32749,32769,32768,21,31
32,3,1,32759,32768,32769,38,40
16,4,0,32749,32769,32768,21,31
32,3,1,32758,32768,32769,38,41
16,4,0,32748,32769,32768,21,31
32,3,1,32757,32768,32769,38,42
16,4,0,32747,32769,32768,21,31
32,5,-1,32751,32768,32769,42,78
32,5,-1,32751,32768,32769,42,6
32,3,1,32756,32768,32769,38,43
16,4,0,32746,32769,32768,21,31
32,5,-1,32855,32768,32769,43,19
16,6,-2,32758,32769,32768,55,19
32,3,1,32755,32768,32769,38,44
16,4,0,32745,32769,32768,21,31
32,3,1,32758,32768,32769,38,26
16,4,0,32748,32769,32768,21,31
32,5,-1,32751,32768,32769,26,30
32,3,1,32768,32768,32769,38,50
16,4,0,32758,32769,32768,21,31
32,5,-1,32755,32768,32769,50,54
16,6,-1,32639,32769,32768,31,54
32,3,1,32760,32768,32769,38,62
16,4,0,32750,32769,32768,21,31
32,3,1,32758,32768,32769,38,74
16,4,0,32748,32769,32768,21,31
32,5,-1,32751,32768,32769,74,78
32,3,1,32758,32768,32769,38,98
16,4,0,32748,32769,32768,21,31
32,5,-1,32751,32768,32769,98,102
32,3,1,32760,32768,32769,14,13
16,4,0,32750,32769,32768,21,31
32,3,1,32759,32768,32769,14,15
16,4,0,32749,32769,32768,21,31
32,3,1,32759,32768,32769,14,16
16,4,0,32749,32769,32768,21,31
32,3,1,32758,32768,32769,14,17
16,4,0,32748,32769,32768,21,31
32,3,1,32758,32768,32769,14,18
16,4,0,32748,32769,32768,21,31
32,5,-1,32757,32768,32769,18,54
16,6,-1,32641,32769,32768,31,54
32,3,1,32760,32768,32769,14,2
16,4,0,32750,32769,32768,21,31
32,5,-1,32753,32768,32769,2,6
32,3,1,32760,32768,32769,14,26
16,4,0,32750,32769,32768,21,31
32,5,-1,32753,32768,32769,26,30
32,3,1,32770,32768,32769,84,74
16,4,0,32760,32769,32768,21,31
32,3,1,32768,32768,32769,84,98
16,4,0,32758,32769,32768,21,31
32,3,1,32768,32768,32769,12,2
16,4,0,32758,32769,32768,21,31
32,3,1,32770,32768,32769,12,26
16,4,0,32760,32769,32768,21,31
32,3,1,32761,32768,32769,60,49
16,4,0,32751,32769,32768,21,31
32,3,1,32761,32768,32769,36,49
16,4,0,32751,32769,32768,21,31
32,3,1,32761,32768,32769,72,50
16,4,0,32751,32769,32768,21,31
32,3,1,32759,32768,32769,72,98
16,4,0,32749,32769,32768,21,31
32,3,1,32759,32768,32769,24,2
16,4,0,32749,32769,32768,21,31
32,3,1,32761,32768,32769,24,50
16,4,0,32751,32769,32768,21,31
32,3,1,32761,32768,32769,99,100
16,4,0,32751,32769,32768,21,31
32,3,1,32761,32768,32769,75,76
16,4,0,32751,32769,32768,21,31
32,3,1,32761,32768,32769,51,52
16,4,0,32763,32769,32768,55,52
32,5,-1,32857,32768,32769,14,21
16,6,-2,32740,32769,32768,9,21
32,3,1,32761,32768,32769,27,28
16,4,0,32751,32769,32768,21,31
32,3,1,32761,32768,32769,3,4
16,4,0,32751,32769,32768,21,31
32,1,3,32768,32768,32769,86,26
16,2,2,32758,32769,32768,91,55
32,3,1,32767,32768,32769,96,97
16,4,0,32757,32769,32768,21,31
32,5,-1,32760,32768,32769,26,30
32,3,1,32852,32768,32769,14,21
16,4,0,32735,32769,32768,9,21
32,5,-1,32738,32768,32769,26,30
32,3,1,32761,32768,32769,26,30
16,4,0,32751,32769,32768,21,31
32,5,-1,32789,32768,32769,30,33
16,6,-1,32676,32769,32768,9,33
32,5,-1,32756,32768,32769,30,78
32,3,1,32756,32768,32769,48,49
16,4,0,32746,32769,32768,21,31
32,5,-1,32749,32768,32769,26,30
32,3,1,32766,32768,32769,96,98
16,4,0,32756,32769,32768,21,31
32,5,-1,32759,32768,32769,26,30
32,3,1,32767,32768,32769,0,1
16,4,0,32757,32769,32768,21,31
32,5,-1,32760,32768,32769,26,30
32,3,1,32766,32768,32769,0,2
16,4,0,32756,32769,32768,21,31
32,5,-1,32759,32768,32769,26,30
32,3,1,32758,32768,32769,26,25
16,4,0,32748,32769,32768,21,31
32,5,-1,32751,32768,32769,25,30
32,3,1,32760,32768,32769,26,38
16,4,0,32750,32769,32768,21,31
32,3,1,32768,32768,32769,26,50
16,4,0,32758,32769,32768,21,31
32,5,-1,32755,32768,32769,50,54
16,6,-1,32639,32769,32768,31,54
32,3,1,32760,32768,32769,26,62
16,4,0,32750,32769,32768,21,31
32,3,1,32758,32768,32769,26,74
16,4,0,32748,32769,32768,21,31
32,5,-1,32751,32768,32769,74,78
32,3,1,32758,32768,32769,26,98
16,4,0,32748,32769,32768,21,31
32,5,-1,32751,32768,32769,98,102
32,3,1,32758,32768,32769,14,13
16,4,0,32748,32769,32768,21,31
32,5,-1,32751,32768,32769,26,30
32,3,1,32757,32768,32769,14,15
16,4,0,32747,32769,32768,21,31
32,5,-1,32750,32768,32769,26,30
32,3,1,32757,32768,32769,14,16
16,4,0,32747,32769,32768,21,31
32,5,-1,32750,32768,32769,26,30
32,3,1,32756,32768,32769,14,17
16,4,0,32746,32769,32768,21,31
32,5,-1,32749,32768,32769,26,30
32,3,1,32756,32768,32769,14,18
16,4,0,32746,32769,32768,21,31
32,5,-1,32755,32768,32769,18,54
16,6,-1,32639,32769,32768,31,54
32,7,-2,32642,32768,32769,26,30
32,5,-1,32749,32768,32769,26,30
32,3,1,32758,32768,32769,14,2
16,4,0,32748,32769,32768,21,31
32,5,-1,32751,32768,32769,26,30
32,5,-1,32751,32768,32769,2,6
32,3,1,32768,32768,32769,84,74
16,4,0,32758,32769,32768,21,31
32,5,-1,32761,32768,32769,26,30
32,3,1,32766,32768,32769,84,98
16,4,0,32756,32769,32768,21,31
32,5,-1,32759,32768,32769,26,30
32,3,1,32766,32768,32769,12,2
16,4,0,32756,32769,32768,21,31
32,5,-1,32759,32768,32769,26,30
32,3,1,32759,32768,32769,60,49
16,4,0,32749,32769,32768,21,31
32,5,-1,32752,32768,32769,26,30
32,3,1,32759,32768,32769,36,49
16,4,0,32749,32769,32768,21,31
32,5,-1,32752,32768,32769,26,30
32,3,1,32759,32768,32769,72,50
16,4,0,32749,32769,32768,21,31
32,5,-1,32752,32768,32769,26,30
32,3,1,32757,32768,32769,72,98
16,4,0,32747,32769,32768,21,31
32,5,-1,32750,32768,32769,26,30
32,3,1,32757,32768,32769,24,2
16,4,0,32747,32769,32768,21,31
32,5,-1,32750,32768,32769,26,30
32,3,1,32759,32768,32769,24,50
16,4,0,32749,32769,32768,21,31
32,5,-1,32752,32768,32769,26,30
32,3,1,32759,32768,32769,99,100
16,4,0,32749,32769,32768,21,31
32,5,-1,32752,32768,32769,26,30
32,3,1,32759,32768,32769,75,76
16,4,0,32749,32769,32768,21,31
32,5,-1,32752,32768,32769,26,30
32,3,1,32759,32768,32769,51,52
16,4,0,32761,32769,32768,55,52
32,5,-1,32855,32768,32769,14,21
16,6,-2,32738,32769,32768,9,21
32,7,-3,32741,32768,32769,26,30
32,5,-1,32764,32768,32769,26,30
32,3,1,32759,32768,32769,27,28
16,4,0,32749,32769,32768,21,31
32,5,-1,32752,32768,32769,26,30
32,3,1,32759,32768,32769,3,4
16,4,0,32749,32769,32768,21,31
32,5,-1,32752,32768,32769,26,30
32,1,3,32768,32768,32769,86,98
16,2,2,32758,32769,32768,91,55
32,3,1,32767,32768,32769,96,97
16,4,0,32757,32769,32768,21,31
32,5,-1,32760,32768,32769,98,102
32,3,1,32852,32768,32769,14,21
16,4,0,32735,32769,32768,9,21
32,5,-1,32738,32768,32769,98,102
32,3,1,32761,32768,32769,98,102
16,4,0,32646,32769,32768,105,102
32,5,-1,32740,32768,32769,14,21
32,3,1,32756,32768,32769,48,49
16,4,0,32746,32769,32768,21,31
32,5,-1,32749,32768,32769,98,102
32,3,1,32767,32768,32769,0,1
16,4,0,32757,32769,32768,21,31
32,5,-1,32760,32768,32769,98,102
32,3,1,32766,32768,32769,0,2
16,4,0,32756,32769,32768,21,31
32,5,-1,32759,32768,32769,98,102
32,3,1,32757,32768,32769,98,97
16,4,0,32747,32769,32768,21,31
32,5,-1,32751,32768,32769,97,102
32,3,1,32758,32768,32769,98,74
16,4,0,32748,32769,32768,21,31
32,5,-1,32751,32768,32769,74,78
32,3,1,32760,32768,32769,98,62
16,4,0,32750,32769,32768,21,31
32,3,1,32768,32768,32769,98,50
16,4,0,32758,32769,32768,21,31
32,5,-1,32755,32768,32769,50,54
16,6,-1,32639,32769,32768,31,54
32,3,1,32760,32768,32769,98,38
16,4,0,32750,32769,32768,21,31
32,3,1,32758,32768,32769,98,26
16,4,0,32748,32769,32768,21,31
32,5,-1,32751,32768,32769,26,30
32,3,1,32758,32768,32769,14,13
16,4,0,32748,32769,32768,21,31
32,5,-1,32751,32768,32769,98,102
32,3,1,32757,32768,32769,14,15
16,4,0,32747,32769,32768,21,31
32,5,-1,32750,32768,32769,98,102
32,3,1,32757,32768,32769,14,16
16,4,0,32747,32769,32768,21,31
32,5,-1,32750,32768,32769,98,102
32,3,1,32756,32768,32769,14,17
16,4,0,32746,32769,32768,21,31
32,5,-1,32749,32768,32769,98,102
32,3,1,32756,32768,32769,14,18
16,4,0,32746,32769,32768,21,31
32,5,-1,32749,32768,32769,98,102
32,5,-1,32755,32768,32769,18,54
16,6,-1,32639,32769,32768,31,54
32,7,-2,32642,32768,32769,98,102
32,3,1,32758,32768,32769,14,2
16,4,0,32748,32769,32768,21,31
32,5,-1,32751,32768,32769,98,102
32,5,-1,32751,32768,32769,2,6
32,3,1,32758,32768,32769,14,26
16,4,0,32748,32769,32768,21,31
32,5,-1,32751,32768,32769,98,102
32,5,-1,32751,32768,32769,26,30
32,3,1,32760,32768,32769,14,38
16,4,0,32750,32769,32768,21,31
32,5,-1,32753,32768,32769,98,102
32,3,1,32768,32768,32769,14,50
16,4,0,32758,32769,32768,21,31
32,5,-1,32761,32768,32769,98,102
32,5,-1,32755,32768,32769,50,54
16,6,-1,32639,32769,32768,31,54
32,7,-2,32642,32768,32769,98,102
32,3,1,32760,32768,32769,14,62
16,4,0,32750,32769,32768,21,31
32,5,-1,32753,32768,32769,98,102
32,3,1,32758,32768,32769,14,74
16,4,0,32748,32769,32768,21,31
32,5,-1,32751,32768,32769,74,78
32,5,-1,32751,32768,32769,98,102
32,3,1,32758,32768,32769,14,86
16,4,0,32748,32769,32768,21,31
32,5,-1,32751,32768,32769,98,102
32,3,1,32768,32768,32769,84,74
16,4,0,32758,32769,32768,21,31
32,5,-1,32761,32768,32769,98,102
32,3,1,32766,32768,32769,12,2
16,4,0,32756,32769,32768,21,31
32,5,-1,32759,32768,32769,98,102
32,3,1,32768,32768,32769,12,26
16,4,0,32758,32769,32768,21,31
32,5,-1,32761,32768,32769,98,102
32,3,1,32759,32768,32769,60,49
16,4,0,32749,32769,32768,21,31
32,5,-1,32752,32768,32769,98,102
32,3,1,32759,32768,32769,36,49
16,4,0,32749,32769,32768,21,31
32,5,-1,32752,32768,32769,98,102
32,3,1,32759,32768,32769,72,50
16,4,0,32749,32769,32768,21,31
32,5,-1,32752,32768,32769,98,102
32,3,1,32757,32768,32769,24,2
16,4,0,32747,32769,32768,21,31
32,5,-1,32750,32768,32769,98,102
32,3,1,32759,32768,32769,24,50
16,4,0,32749,32769,32768,21,31
32,5,-1,32752,32768,32769,98,102
32,3,1,32759,32768,32769,99,100
16,4,0,32749,32769,32768,21,31
32,5,-1,32752,32768,32769,98,102
32,3,1,32759,32768,32769,75,76
16,4,0,32749,32769,32768,21,31
32,5,-1,32752,32768,32769,98,102
32,3,1,32759,32768,32769,51,52
16,4,0,32761,32769,32768,55,52
32,5,-1,32855,32768,32769,14,21
16,6,-2,32738,32769,32768,9,21
32,5,-1,32764,32768,32769,98,102
32,3,1,32759,32768,32769,27,28
16,4,0,32749,32769,32768,21,31
32,5,-1,32752,32768,32769,98,102
32,3,1,32759,32768,32769,3,4
16,4,0,32749,32769,32768,21,31
32,5,-1,32752,32768,32769,98,102
32,1,3,32768,32768,32769,14,13
16,2,2,32758,32769,32768,91,55
32,3,1,32767,32768,32769,96,97
16,4,0,32757,32769,32768,21,31
32,3,1,32852,32768,32769,13,21
16,4,0,32735,32769,32768,9,21
32,3,1,32756,32768,32769,48,49
16,4,0,32746,32769,32768,21,31
32,3,1,32766,32768,32769,96,98
16,4,0,32756,32769,32768,21,31
32,3,1,32767,32768,32769,0,1
16,4,0,32757,32769,32768,21,31
32,3,1,32766,32768,32769,0,2
16,4,0,32756,32769,32768,21,31
32,3,1,32758,32768,32769,86,85
16,4,0,32748,32769,32768,21,31
32,3,1,32757,32768,32769,86,87
16,4,0,32747,32769,32768,21,31
32,3,1,32757,32768,32769,86,88
16,4,0,32747,32769,32768,21,31
32,3,1,32756,32768,32769,86,89
16,4,0,32746,32769,32768,21,31
32,3,1,32756,32768,32769,86,90
16,4,0,32746,32769,32768,21,31
32,5,-1,32755,32768,32769,90,54
16,6,-1,32639,32769,32768,31,54
32,3,1,32756,32768,32769,86,91
16,4,0,32649,32769,32768,19,91
32,3,1,32756,32768,32769,86,92
16,4,0,32746,32769,32768,21,31
32,3,1,32758,32768,32769,86,74
16,4,0,32748,32769,32768,21,31
32,5,-1,32751,32768,32769,74,78
32,3,1,32760,32768,32769,86,62
16,4,0,32750,32769,32768,21,31
32,3,1,32768,32768,32769,86,50
16,4,0,32758,32769,32768,21,31
32,5,-1,32755,32768,32769,50,54
16,6,-1,32639,32769,32768,31,54
32,3,1,32760,32768,32769,86,38
16,4,0,32750,32769,32768,21,31
32,3,1,32758,32768,32769,86,26
16,4,0,32748,32769,32768,21,31
32,5,-1,32751,32768,32769,26,30
32,3,1,32758,32768,32769,86,14
16,4,0,32748,32769,32768,21,31
32,5,-1,32855,32768,32769,13,19
16,6,-2,32758,32769,32768,55,19
32,3,1,32758,32768,32769,86,2
16,4,0,32748,32769,32768,21,31
32,5,-1,32751,32768,32769,2,6
32,3,1,32758,32768,32769,86,98
16,4,0,32748,32769,32768,21,31
32,5,-1,32751,32768,32769,98,102
32,3,1,32757,32768,32769,13,15
16,4,0,32747,32769,32768,21,31
32,3,1,32757,32768,32769,13,16
16,4,0,32747,32769,32768,21,31
32,3,1,32756,32768,32769,13,17
16,4,0,32746,32769,32768,21,31
32,3,1,32756,32768,32769,13,18
16,4,0,32746,32769,32768,21,31
32,5,-1,32755,32768,32769,18,54
16,6,-1,32639,32769,32768,31,54
32,3,1,32757,32768,32769,13,1
16,4,0,32747,32769,32768,21,31
32,5,-1,32751,32768,32769,1,6
32,3,1,32758,32768,32769,13,25
16,4,0,32748,32769,32768,21,31
32,5,-1,32751,32768,32769,25,30
32,3,1,32758,32768,32769,13,37
16,4,0,32748,32769,32768,21,31
32,3,1,32757,32768,32769,13,49
16,4,0,32747,32769,32768,21,31
32,5,-1,32755,32768,32769,49,54
16,6,-1,32639,32769,32768,31,54
32,3,1,32758,32768,32769,13,61
16,4,0,32748,32769,32768,21,31
32,3,1,32758,32768,32769,13,73
16,4,0,32748,32769,32768,21,31
32,5,-1,32751,32768,32769,73,78
32,3,1,32758,32768,32769,13,85
16,4,0,32748,32769,32768,21,31
32,5,-1,32842,32768,32769,85,93
16,6,-2,32725,32769,32768,105,93
32,3,1,32757,32768,32769,13,97
16,4,0,32747,32769,32768,21,31
32,5,-1,32751,32768,32769,97,102
32,3,1,32768,32768,32769,84,74
16,4,0,32758,32769,32768,21,31
32,3,1,32766,32768,32769,84,98
16,4,0,32756,32769,32768,21,31
32,3,1,32759,32768,32769,60,49
16,4,0,32749,32769,32768,21,31
32,3,1,32759,32768,32769,36,49
16,4,0,32749,32769,32768,21,31
32,3,1,32759,32768,32769,72,50
16,4,0,32749,32769,32768,21,31
32,3,1,32757,32768,32769,72,98
16,4,0,32747,32769,32768,21,31
32,3,1,32759,32768,32769,24,50
16,4,0,32749,32769,32768,21,31
32,3,1,32759,32768,32769,99,100
16,4,0,32749,32769,32768,21,31
32,3,1,32759,32768,32769,75,76
16,4,0,32749,32769,32768,21,31
32,3,1,32759,32768,32769,51,52
16,4,0,32761,32769,32768,55,52
32,5,-1,32855,32768,32769,13,21
16,6,-2,32738,32769,32768,9,21
32,3,1,32759,32768,32769,27,28
16,4,0,32749,32769,32768,21,31
32,3,1,32759,32768,32769,3,4
16,4,0,32749,32769,32768,21,31
32,1,3,32767,32768,32769,14,15
16,2,2,32757,32769,32768,91,55
32,3,1,32766,32768,32769,96,97
16,4,0,32756,32769,32768,21,31
32,3,1,32852,32768,32769,15,21
16,4,0,32735,32769,32768,9,21
32,3,1,32755,32768,32769,48,49
16,4,0,32745,32769,32768,21,31
32,3,1,32765,32768,32769,96,98
16,4,0,32755,32769,32768,21,31
32,3,1,32766,32768,32769,0,1
16,4,0,32756,32769,32768,21,31
32,3,1,32765,32768,32769,0,2
16,4,0,32755,32769,32768,21,31
32,3,1,32757,32768,32769,86,85
16,4,0,32747,32769,32768,21,31
32,3,1,32756,32768,32769,86,87
16,4,0,32746,32769,32768,21,31
32,3,1,32756,32768,32769,86,88
16,4,0,32746,32769,32768,21,31
32,3,1,32755,32768,32769,86,89
16,4,0,32745,32769,32768,21,31
32,3,1,32755,32768,32769,86,90
16,4,0,32745,32769,32768,21,31
32,5,-1,32754,32768,32769,90,54
16,6,-1,32638,32769,32768,31,54
32,3,1,32755,32768,32769,86,91
16,4,0,32648,32769,32768,19,91
32,3,1,32755,32768,32769,86,92
16,4,0,32745,32769,32768,21,31
32,3,1,32757,32768,32769,86,74
16,4,0,32747,32769,32768,21,31
32,5,-1,32750,32768,32769,74,78
32,3,1,32759,32768,32769,86,62
16,4,0,32749,32769,32768,21,31
32,3,1,32767,32768,32769,86,50
16,4,0,32757,32769,32768,21,31
32,5,-1,32754,32768,32769,50,54
16,6,-1,32638,32769,32768,31,54
32,3,1,32759,32768,32769,86,38
16,4,0,32749,32769,32768,21,31
32,3,1,32757,32768,32769,86,26
16,4,0,32747,32769,32768,21,31
32,5,-1,32750,32768,32769,26,30
32,3,1,32757,32768,32769,86,14
16,4,0,32650,32769,32768,19,14
32,3,1,32757,32768,32769,86,2
16,4,0,32747,32769,32768,21,31
32,5,-1,32750,32768,32769,2,6
32,3,1,32757,32768,32769,86,98
16,4,0,32747,32769,32768,21,31
32,5,-1,32750,32768,32769,98,102
32,3,1,32758,32768,32769,15,13
16,4,0,32748,32769,32768,21,31
32,3,1,32757,32768,32769,15,16
16,4,0,32747,32769,32768,21,31
32,3,1,32756,32768,32769,15,17
16,4,0,32746,32769,32768,21,31
32,3,1,32756,32768,32769,15,18
16,4,0,32746,32769,32768,21,31
32,5,-1,32755,32768,32769,18,54
16,6,-1,32639,32769,32768,31,54
32,3,1,32767,32768,32769,84,74
16,4,0,32757,32769,32768,21,31
32,3,1,32765,32768,32769,84,98
16,4,0,32755,32769,32768,21,31
32,3,1,32765,32768,32769,12,2
16,4,0,32755,32769,32768,21,31
32,3,1,32767,32768,32769,12,26
16,4,0,32757,32769,32768,21,31
32,3,1,32758,32768,32769,60,49
16,4,0,32748,32769,32768,21,31
32,3,1,32758,32768,32769,36,49
16,4,0,32748,32769,32768,21,31
32,3,1,32758,32768,32769,72,50
16,4,0,32748,32769,32768,21,31
32,3,1,32756,32768,32769,72,98
16,4,0,32746,32769,32768,21,31
32,3,1,32756,32768,32769,24,2
16,4,0,32746,32769,32768,21,31
32,3,1,32758,32768,32769,24,50
16,4,0,32748,32769,32768,21,31
32,3,1,32758,32768,32769,99,100
16,4,0,32748,32769,32768,21,31
32,3,1,32758,32768,32769,75,76
16,4,0,32748,32769,32768,21,31
32,3,1,32758,32768,32769,51,52
16,4,0,32760,32769,32768,55,52
32,5,-1,32855,32768,32769,15,21
16,6,-2,32738,32769,32768,9,21
32,3,1,32758,32768,32769,27,28
16,4,0,32748,32769,32768,21,31
32,3,1,32758,32768,32769,3,4
16,4,0,32748,32769,32768,21,31
32,1,3,32767,32768,32769,14,16
16,2,2,32757,32769,32768,91,55
32,3,1,32766,32768,32769,96,97
16,4,0,32756,32769,32768,21,31
32,3,1,32852,32768,32769,16,21
16,4,0,32735,32769,32768,9,21
32,3,1,32755,32768,32769,48,49
16,4,0,32745,32769,32768,21,31
32,3,1,32765,32768,32769,96,98
16,4,0,32755,32769,32768,21,31
32,3,1,32766,32768,32769,0,1
16,4,0,32756,32769,32768,21,31
32,3,1,32765,32768,32769,0,2
16,4,0,32755,32769,32768,21,31
32,3,1,32757,32768,32769,86,85
16,4,0,32747,32769,32768,21,31
32,3,1,32756,32768,32769,86,87
16,4,0,32746,32769,32768,21,31
32,3,1,32756,32768,32769,86,88
16,4,0,32746,32769,32768,21,31
32,3,1,32755,32768,32769,86,89
16,4,0,32745,32769,32768,21,31
32,3,1,32755,32768,32769,86,90
16,4,0,32745,32769,32768,21,31
32,5,-1,32754,32768,32769,90,54
16,6,-1,32638,32769,32768,31,54
32,3,1,32755,32768,32769,86,91
16,4,0,32648,32769,32768,19,91
32,3,1,32755,32768,32769,86,92
16,4,0,32745,32769,32768,21,31
32,3,1,32757,32768,32769,86,74
16,4,0,32747,32769,32768,21,31
32,5,-1,32750,32768,32769,74,78
32,3,1,32759,32768,32769,86,62
16,4,0,32749,32769,32768,21,31
32,3,1,32767,32768,32769,86,50
16,4,0,32757,32769,32768,21,31
32,5,-1,32754,32768,32769,50,54
16,6,-1,32638,32769,32768,31,54
32,3,1,32759,32768,32769,86,38
16,4,0,32749,32769,32768,21,31
32,3,1,32757,32768,32769,86,26
16,4,0,32747,32769,32768,21,31
32,5,-1,32750,32768,32769,26,30
32,3,1,32757,32768,32769,86,14
16,4,0,32650,32769,32768,19,14
32,3,1,32757,32768,32769,86,2
16,4,0,32747,32769,32768,21,31
32,5,-1,32750,32768,32769,2,6
32,3,1,32757,32768,32769,86,98
16,4,0,32747,32769,32768,21,31
32,5,-1,32750,32768,32769,98,102
32,3,1,32757,32768,32769,16,15
16,4,0,32747,32769,32768,21,31
32,3,1,32758,32768,32769,16,13
16,4,0,32748,32769,32768,21,31
32,3,1,32756,32768,32769,16,17
16,4,0,32746,32769,32768,21,31
32,3,1,32756,32768,32769,16,18
16,4,0,32746,32769,32768,21,31
32,5,-1,32755,32768,32769,18,54
16,6,-1,32639,32769,32768,31,54
32,3,1,32757,32768,32769,16,4
16,4,0,32747,32769,32768,21,31
32,5,-1,32967,32768,32769,4,9
16,6,-2,32970,32769,32768,55,51
16,4,0,32760,32769,32768,55,51
32,5,-1,32980,32768,32769,4,9
16,6,-2,32978,32769,32768,51,99
16,6,-2,32978,32769,32768,51,3
16,4,0,32759,32769,32768,57,56
32,5,-1,32979,32768,32769,4,9
16,6,-2,32982,32769,32768,55,51
16,4,0,32748,32769,32768,105,104
32,5,-1,32968,32768,32769,4,9
16,6,-2,32971,32769,32768,55,51
16,4,0,32749,32769,32768,105,103
32,5,-1,32969,32768,32769,4,9
16,6,-2,32972,32769,32768,55,51
16,4,0,32748,32769,32768,9,8
32,5,-1,32977,32768,32769,4,8
16,6,-2,32980,32769,32768,55,51
16,4,0,32749,32769,32768,9,7
32,5,-1,32977,32768,32769,4,7
16,6,-2,32879,32769,32768,55,7
16,6,-2,32861,32769,32768,21,7
16,6,-2,32870,32769,32768,33,7
16,6,-2,32870,32769,32768,33,7
16,6,-2,32861,32769,32768,21,7
16,6,-2,32879,32769,32768,55,7
16,6,-2,32980,32769,32768,55,51
16,4,0,32768,32769,32768,55,56
32,5,-1,32988,32768,32769,4,9
16,6,-2,32980,32769,32768,56,51
16,4,0,32765,32769,32768,55,43
32,5,-1,32985,32768,32769,4,9
16,4,0,32767,32769,32768,55,31
32,5,-1,32987,32768,32769,4,9
16,6,-2,32984,32769,32768,31,27
16,4,0,32765,32769,32768,55,67
32,5,-1,32985,32768,32769,4,9
16,4,0,32767,32769,32768,55,79
32,5,-1,32987,32768,32769,4,9
16,6,-2,32984,32769,32768,79,75
16,4,0,32767,32769,32768,55,91
32,5,-1,32987,32768,32769,4,9
16,6,-2,32893,32769,32768,91,84
16,4,0,32767,32769,32768,55,103
32,5,-1,32987,32768,32769,4,9
16,6,-2,32984,32769,32768,103,99
16,4,0,32758,32769,32768,19,18
32,5,-1,32978,32768,32769,4,9
16,6,-2,32981,32769,32768,55,51
16,4,0,32758,32769,32768,19,17
32,5,-1,32978,32768,32769,4,9
16,6,-2,32981,32769,32768,55,51
16,4,0,32759,32769,32768,19,16
32,5,-1,32979,32768,32769,4,9
16,6,-2,32982,32769,32768,55,51
16,4,0,32759,32769,32768,19,15
32,5,-1,32979,32768,32769,4,9
16,6,-2,32970,32769,32768,15,51
16,6,-2,32982,32769,32768,55,51
16,4,0,32759,32769,32768,19,14
32,5,-1,32979,32768,32769,4,9
16,6,-2,32982,32769,32768,55,51
16,4,0,32759,32769,32768,19,13
32,5,-1,32979,32768,32769,4,9
16,6,-2,32982,32769,32768,55,51
16,4,0,32757,32769,32768,19,20
32,5,-1,32977,32768,32769,4,9
16,6,-2,32980,32769,32768,55,51
16,4,0,32757,32769,32768,19,7
32,5,-1,32866,32768,32769,4,7
16,6,-2,32750,32769,32768,9,7
32,5,-1,32866,32768,32769,4,7
16,6,-2,32750,32769,32768,9,7
32,3,1,32757,32768,32769,16,28
16,4,0,32747,32769,32768,21,31
32,5,-1,32852,32768,32769,28,31
16,6,-2,32855,32769,32768,55,51
16,4,0,32757,32769,32768,19,7
32,5,-1,32794,32768,32769,28,33
16,6,-1,32796,32769,32768,57,56
16,6,-1,32793,32769,32768,45,56
16,4,0,32760,32769,32768,55,51
32,5,-1,32797,32768,32769,28,33
16,6,-1,32799,32769,32768,57,56
16,6,-1,32796,32769,32768,45,56
16,4,0,32759,32769,32768,57,56
32,5,-1,32796,32768,32769,28,33
16,6,-2,32799,32769,32768,55,51
16,4,0,32748,32769,32768,105,104
32,5,-1,32785,32768,32769,28,33
16,6,-1,32787,32769,32768,57,56
16,6,-1,32784,32769,32768,45,56
16,4,0,32749,32769,32768,105,103
32,5,-1,32786,32768,32769,28,33
16,6,-1,32788,32769,32768,57,56
16,6,-1,32785,32769,32768,45,56
16,4,0,32748,32769,32768,9,8
32,5,-1,32785,32768,32769,28,33
16,6,-1,32787,32769,32768,57,56
16,6,-1,32784,32769,32768,45,56
16,4,0,32749,32769,32768,9,7
32,5,-1,32786,32768,32769,28,33
16,6,-1,32788,32769,32768,57,56
16,6,-1,32785,32769,32768,45,56
16,4,0,32768,32769,32768,55,56
32,5,-1,32805,32768,32769,28,33
16,4,0,32765,32769,32768,55,43
32,5,-1,32802,32768,32769,28,33
16,6,-1,32804,32769,32768,57,56
16,6,-1,32801,32769,32768,45,56
16,4,0,32767,32769,32768,55,31
32,5,-1,32875,32768,32769,28,31
16,6,-2,32758,32769,32768,21,31
32,5,-1,32875,32768,32769,28,31
16,6,-2,32758,32769,32768,21,31
32,3,1,32759,32768,32769,16,40
16,4,0,32749,32769,32768,21,31
32,3,1,32760,32768,32769,16,52
16,4,0,32658,32769,32768,55,52
32,5,0,32769,32768,32769,51,52
16,4,0,32750,32769,32768,21,31
32,5,-1,32866,32768,32769,52,55
16,6,-2,32748,32769,32768,19,55
32,3,1,32759,32768,32769,16,64
16,4,0,32749,32769,32768,21,31
32,3,1,32757,32768,32769,16,76
16,4,0,32747,32769,32768,21,31
32,5,-1,32784,32768,32769,76,81
16,6,-1,32786,32769,32768,57,56
16,6,-1,32783,32769,32768,69,56
16,4,0,32767,32769,32768,55,31
32,5,-1,32804,32768,32769,76,81
16,6,-1,32806,32769,32768,57,56
16,6,-1,32803,32769,32768,69,56
16,4,0,32760,32769,32768,55,51
32,5,-1,32797,32768,32769,76,81
16,6,-1,32799,32769,32768,57,56
16,6,-1,32796,32769,32768,69,56
16,4,0,32759,32769,32768,57,56
32,5,-1,32796,32768,32769,76,81
16,6,-2,32799,32769,32768,55,51
16,4,0,32748,32769,32768,105,104
32,5,-1,32785,32768,32769,76,81
16,6,-1,32787,32769,32768,57,56
16,6,-1,32784,32769,32768,69,56
16,4,0,32749,32769,32768,105,103
32,5,-1,32786,32768,32769,76,81
16,6,-1,32788,32769,32768,57,56
16,6,-1,32785,32769,32768,69,56
16,4,0,32748,32769,32768,9,8
32,5,-1,32785,32768,32769,76,81
16,6,-1,32787,32769,32768,57,56
16,6,-1,32784,32769,32768,69,56
16,4,0,32749,32769,32768,9,7
32,5,-1,32786,32768,32769,76,81
16,6,-1,32788,32769,32768,57,56
16,6,-1,32785,32769,32768,69,56
16,4,0,32768,32769,32768,55,56
32,5,-1,32805,32768,32769,76,81
16,4,0,32765,32769,32768,55,43
32,5,-1,32802,32768,32769,76,81
16,6,-1,32804,32769,32768,57,56
16,6,-1,32801,32769,32768,69,56
16,4,0,32765,32769,32768,55,67
32,5,-1,32802,32768,32769,76,81
16,6,-1,32804,32769,32768,57,56
16,6,-1,32801,32769,32768,69,56
16,4,0,32767,32769,32768,55,79
32,5,-1,32875,32768,32769,76,79
16,6,-2,32758,32769,32768,93,79
32,5,-1,32875,32768,32769,76,79
16,6,-2,32758,32769,32768,93,79
32,3,1,32757,32768,32769,16,88
16,4,0,32747,32769,32768,21,31
32,5,-1,32841,32768,32769,86,93
16,6,-2,32724,32769,32768,105,93
32,3,1,32757,32768,32769,16,100
16,4,0,32747,32769,32768,21,31
32,5,-1,32967,32768,32769,100,105
16,6,-2,32970,32769,32768,55,51
16,4,0,32767,32769,32768,55,79
32,5,-1,32987,32768,32769,100,105
16,6,-2,32984,32769,32768,79,75
16,4,0,32760,32769,32768,55,51
32,5,-1,32980,32768,32769,100,105
16,6,-2,32978,32769,32768,51,99
16,6,-2,32978,32769,32768,51,3
16,4,0,32759,32769,32768,57,56
32,5,-1,32979,32768,32769,100,105
16,6,-2,32982,32769,32768,55,51
16,4,0,32748,32769,32768,105,104
32,5,-1,32977,32768,32769,100,104
16,6,-2,32980,32769,32768,55,51
16,4,0,32749,32769,32768,105,103
32,5,-1,32977,32768,32769,100,103
16,6,-2,32869,32769,32768,19,103
16,6,-2,32861,32769,32768,93,103
16,6,-2,32870,32769,32768,81,103
16,6,-2,32870,32769,32768,81,103
16,6,-2,32861,32769,32768,93,103
16,6,-2,32869,32769,32768,19,103
16,6,-2,32980,32769,32768,55,51
16,4,0,32748,32769,32768,9,8
32,5,-1,32968,32768,32769,100,105
16,6,-2,32971,32769,32768,55,51
16,4,0,32749,32769,32768,9,7
32,5,-1,32969,32768,32769,100,105
16,6,-2,32972,32769,32768,55,51
16,4,0,32768,32769,32768,55,56
32,5,-1,32988,32768,32769,100,105
16,6,-2,32980,32769,32768,56,51
16,4,0,32765,32769,32768,55,43
32,5,-1,32985,32768,32769,100,105
16,4,0,32767,32769,32768,55,31
32,5,-1,32987,32768,32769,100,105
16,6,-2,32984,32769,32768,31,27
16,4,0,32765,32769,32768,55,67
32,5,-1,32985,32768,32769,100,105
16,4,0,32767,32769,32768,55,91
32,5,-1,32987,32768,32769,100,105
16,6,-2,32893,32769,32768,91,84
16,4,0,32767,32769,32768,55,103
32,5,-1,32876,32768,32769,100,103
16,6,-2,32760,32769,32768,105,103
32,5,-1,32876,32768,32769,100,103
16,6,-2,32760,32769,32768,105,103
32,3,1,32767,32768,32769,84,74
16,4,0,32757,32769,32768,21,31
32,3,1,32765,32768,32769,84,98
16,4,0,32755,32769,32768,21,31
32,3,1,32765,32768,32769,12,2
16,4,0,32755,32769,32768,21,31
32,3,1,32767,32768,32769,12,26
16,4,0,32757,32769,32768,21,31
32,3,1,32758,32768,32769,60,49
16,4,0,32748,32769,32768,21,31
32,3,1,32758,32768,32769,36,49
16,4,0,32748,32769,32768,21,31
32,3,1,32758,32768,32769,72,50
16,4,0,32748,32769,32768,21,31
32,3,1,32756,32768,32769,72,98
16,4,0,32746,32769,32768,21,31
32,3,1,32756,32768,32769,24,2
16,4,0,32746,32769,32768,21,31
32,3,1,32758,32768,32769,24,50
16,4,0,32748,32769,32768,21,31
32,3,1,32758,32768,32769,99,100
16,4,0,32748,32769,32768,21,31
32,3,1,32758,32768,32769,75,76
16,4,0,32748,32769,32768,21,31
32,3,1,32758,32768,32769,51,52
16,4,0,32760,32769,32768,55,52
32,5,-1,32855,32768,32769,16,21
16,6,-2,32738,32769,32768,9,21
32,3,1,32758,32768,32769,27,28
16,4,0,32748,32769,32768,21,31
32,3,1,32758,32768,32769,3,4
16,4,0,32748,32769,32768,21,31
32,1,3,32766,32768,32769,14,17
16,2,2,32756,32769,32768,91,55
32,3,1,32765,32768,32769,96,97
16,4,0,32755,32769,32768,21,31
32,3,1,32852,32768,32769,17,21
16,4,0,32735,32769,32768,9,21
32,3,1,32754,32768,32769,48,49
16,4,0,32744,32769,32768,21,31
32,3,1,32764,32768,32769,96,98
16,4,0,32754,32769,32768,21,31
32,3,1,32765,32768,32769,0,1
16,4,0,32755,32769,32768,21,31
32,3,1,32764,32768,32769,0,2
16,4,0,32754,32769,32768,21,31
32,3,1,32756,32768,32769,86,85
16,4,0,32746,32769,32768,21,31
32,3,1,32755,32768,32769,86,87
16,4,0,32745,32769,32768,21,31
32,3,1,32755,32768,32769,86,88
16,4,0,32745,32769,32768,21,31
32,3,1,32754,32768,32769,86,89
16,4,0,32744,32769,32768,21,31
32,3,1,32754,32768,32769,86,90
16,4,0,32744,32769,32768,21,31
32,5,-1,32753,32768,32769,90,54
16,6,-1,32637,32769,32768,31,54
32,3,1,32754,32768,32769,86,91
16,4,0,32647,32769,32768,19,91
32,3,1,32754,32768,32769,86,92
16,4,0,32744,32769,32768,21,31
32,3,1,32756,32768,32769,86,74
16,4,0,32746,32769,32768,21,31
32,5,-1,32749,32768,32769,74,78
32,3,1,32758,32768,32769,86,62
16,4,0,32748,32769,32768,21,31
32,3,1,32766,32768,32769,86,50
16,4,0,32756,32769,32768,21,31
32,5,-1,32753,32768,32769,50,54
16,6,-1,32637,32769,32768,31,54
32,3,1,32758,32768,32769,86,38
16,4,0,32748,32769,32768,21,31
32,3,1,32756,32768,32769,86,26
16,4,0,32746,32769,32768,21,31
32,5,-1,32749,32768,32769,26,30
32,3,1,32756,32768,32769,86,14
16,4,0,32649,32769,32768,19,14
32,3,1,32756,32768,32769,86,2
16,4,0,32746,32769,32768,21,31
32,5,-1,32749,32768,32769,2,6
32,3,1,32756,32768,32769,86,98
16,4,0,32746,32769,32768,21,31
32,5,-1,32749,32768,32769,98,102
32,3,1,32757,32768,32769,17,16
16,4,0,32747,32769,32768,21,31
32,3,1,32757,32768,32769,17,15
16,4,0,32747,32769,32768,21,31
32,3,1,32758,32768,32769,17,13
16,4,0,32748,32769,32768,21,31
32,3,1,32756,32768,32769,17,18
16,4,0,32746,32769,32768,21,31
32,5,-1,32755,32768,32769,18,54
16,6,-1,32639,32769,32768,31,54
32,3,1,32756,32768,32769,17,5
16,4,0,32648,32769,32768,6,5
32,3,1,32756,32768,32769,17,29
16,4,0,32648,32769,32768,30,29
32,3,1,32758,32768,32769,17,41
16,4,0,32748,32769,32768,21,31
32,3,1,32759,32768,32769,17,53
16,4,0,32657,32769,32768,55,53
32,5,0,32667,32768,32769,86,50
32,5,0,32658,32768,32769,60,49
32,5,0,32658,32768,32769,36,49
32,5,0,32658,32768,32769,72,50
32,5,0,32658,32768,32769,24,50
32,3,1,32758,32768,32769,17,65
16,4,0,32748,32769,32768,21,31
32,3,1,32756,32768,32769,17,77
16,4,0,32648,32769,32768,78,77
32,3,1,32756,32768,32769,17,89
16,4,0,32746,32769,32768,21,31
32,5,-1,32840,32768,32769,86,93
16,6,-2,32723,32769,32768,105,93
32,3,1,32756,32768,32769,17,101
16,4,0,32648,32769,32768,102,101
32,3,1,32766,32768,32769,84,74
16,4,0,32756,32769,32768,21,31
32,3,1,32764,32768,32769,84,98
16,4,0,32754,32769,32768,21,31
32,3,1,32764,32768,32769,12,2
16,4,0,32754,32769,32768,21,31
32,3,1,32766,32768,32769,12,26
16,4,0,32756,32769,32768,21,31
32,3,1,32757,32768,32769,60,49
16,4,0,32747,32769,32768,21,31
32,3,1,32757,32768,32769,36,49
16,4,0,32747,32769,32768,21,31
32,3,1,32757,32768,32769,72,50
16,4,0,32747,32769,32768,21,31
32,3,1,32755,32768,32769,72,98
16,4,0,32745,32769,32768,21,31
32,3,1,32755,32768,32769,24,2
16,4,0,32745,32769,32768,21,31
32,3,1,32757,32768,32769,24,50
16,4,0,32747,32769,32768,21,31
32,3,1,32757,32768,32769,99,100
16,4,0,32747,32769,32768,21,31
32,3,1,32757,32768,32769,75,76
16,4,0,32747,32769,32768,21,31
32,3,1,32757,32768,32769,51,52
16,4,0,32759,32769,32768,55,52
32,5,-1,32855,32768,32769,17,21
16,6,-2,32738,32769,32768,9,21
32,3,1,32757,32768,32769,27,28
16,4,0,32747,32769,32768,21,31
32,3,1,32757,32768,32769,3,4
16,4,0,32747,32769,32768,21,31
32,1,3,32766,32768,32769,14,18
16,2,2,32756,32769,32768,91,55
32,3,1,32765,32768,32769,96,97
16,4,0,32755,32769,32768,21,31
32,5,-1,32764,32768,32769,18,54
16,6,-1,32648,32769,32768,31,54
32,3,1,32852,32768,32769,18,21
16,4,0,32735,32769,32768,9,21
32,3,1,32765,32768,32769,18,54
16,4,1,32775,32769,32768,55,103
32,5,0,32777,32768,32769,54,102
16,6,-1,32774,32769,32768,103,99
16,4,1,32768,32769,32768,55,51
32,5,0,32770,32768,32769,54,102
16,6,-1,32655,32769,32768,105,102
32,5,0,32770,32768,32769,54,6
16,6,-1,32655,32769,32768,9,6
32,5,0,32766,32768,32769,48,49
32,5,0,32777,32768,32769,96,97
16,6,-1,32775,32769,32768,51,99
16,6,-1,32775,32769,32768,51,3
16,4,1,32773,32769,32768,55,43
32,5,0,32782,32768,32769,96,97
16,4,1,32775,32769,32768,55,31
32,5,0,32784,32768,32769,96,97
16,6,-1,32781,32769,32768,31,27
16,4,1,32773,32769,32768,55,67
32,5,0,32782,32768,32769,96,97
16,4,1,32775,32769,32768,55,79
32,5,0,32784,32768,32769,96,97
16,6,-1,32781,32769,32768,79,75
16,4,1,32775,32769,32768,55,91
32,5,0,32784,32768,32769,96,97
16,6,-1,32690,32769,32768,91,84
32,7,-2,32692,32768,32769,54,102
32,7,-2,32692,32768,32769,54,6
32,5,0,32869,32768,32769,86,93
16,6,-1,32752,32769,32768,105,93
32,7,-2,32754,32768,32769,54,102
32,7,-2,32754,32768,32769,54,6
32,5,0,32777,32768,32769,54,102
16,6,-1,32662,32769,32768,105,102
32,7,-2,32756,32768,32769,86,93
32,5,0,32777,32768,32769,54,6
16,6,-1,32662,32769,32768,9,6
32,7,-2,32756,32768,32769,86,93
32,5,0,32773,32768,32769,48,49
16,6,-1,32679,32769,32768,91,84
32,7,-2,32796,32768,32769,96,84
16,4,1,32764,32769,32768,69,56
32,5,0,32798,32768,32769,54,56
16,6,-1,32694,32769,32768,57,56
32,5,0,32773,32768,32769,96,97
16,6,-1,32776,32769,32768,55,51
16,4,1,32764,32769,32768,45,56
32,5,0,32798,32768,32769,54,56
16,6,-1,32694,32769,32768,57,56
32,5,0,32773,32768,32769,96,97
16,6,-1,32776,32769,32768,55,51
16,2,2,32766,32769,32768,91,92
32,3,1,32775,32768,32769,96,97
16,4,0,32765,32769,32768,21,31
32,5,-1,32859,32768,32769,86,93
16,6,-2,32742,32769,32768,105,93
32,5,-1,32774,32768,32769,18,54
16,6,-2,32658,32769,32768,31,54
32,3,1,32775,32768,32769,18,54
16,4,0,32765,32769,32768,21,31
32,5,-1,32859,32768,32769,86,93
16,6,-2,32742,32769,32768,105,93
32,5,-1,32767,32768,32769,54,102
32,5,-1,32767,32768,32769,54,6
32,3,1,32860,32768,32769,86,93
16,4,0,32743,32769,32768,105,93
32,5,-1,32839,32768,32769,18,21
16,6,-2,32722,32769,32768,9,21
32,5,-1,32752,32768,32769,18,54
32,3,1,32862,32768,32769,18,21
16,4,0,32745,32769,32768,9,21
32,5,-1,32839,32768,32769,86,93
16,6,-2,32722,32769,32768,105,93
32,3,1,32764,32768,32769,48,49
16,4,0,32754,32769,32768,21,31
32,5,-1,32848,32768,32769,86,93
16,6,-2,32731,32769,32768,105,93
32,5,-1,32763,32768,32769,18,54
32,3,1,32774,32768,32769,96,98
16,4,0,32764,32769,32768,21,31
32,5,-1,32858,32768,32769,86,93
16,6,-2,32741,32769,32768,105,93
32,5,-1,32773,32768,32769,18,54
16,6,-2,32657,32769,32768,31,54
32,3,1,32775,32768,32769,0,1
16,4,0,32765,32769,32768,21,31
32,5,-1,32859,32768,32769,86,93
16,6,-2,32742,32769,32768,105,93
32,5,-1,32774,32768,32769,18,54
16,6,-2,32658,32769,32768,31,54
32,3,1,32774,32768,32769,0,2
16,4,0,32764,32769,32768,21,31
32,5,-1,32858,32768,32769,86,93
16,6,-2,32741,32769,32768,105,93
32,5,-1,32773,32768,32769,18,54
16,6,-2,32657,32769,32768,31,54
32,3,1,32766,32768,32769,86,85
16,4,0,32756,32769,32768,21,31
32,5,-1,32850,32768,32769,85,93
16,6,-2,32733,32769,32768,105,93
32,5,-1,32765,32768,32769,18,54
32,3,1,32765,32768,32769,86,87
16,4,0,32755,32769,32768,21,31
32,5,-1,32850,32768,32769,87,93
16,6,-2,32733,32769,32768,105,93
32,5,-1,32764,32768,32769,18,54
32,3,1,32765,32768,32769,86,88
16,4,0,32755,32769,32768,21,31
32,5,-1,32850,32768,32769,88,93
16,6,-2,32733,32769,32768,105,93
32,5,-1,32764,32768,32769,18,54
32,3,1,32764,32768,32769,86,89
16,4,0,32754,32769,32768,21,31
32,5,-1,32850,32768,32769,89,93
16,6,-2,32733,32769,32768,105,93
32,5,-1,32763,32768,32769,18,54
32,3,1,32764,32768,32769,86,90
16,4,0,32754,32769,32768,21,31
32,5,-1,32850,32768,32769,90,93
16,6,-2,32733,32769,32768,105,93
32,5,-1,32763,32768,32769,18,54
32,5,-1,32763,32768,32769,90,54
32,3,1,32764,32768,32769,86,91
16,4,0,32754,32769,32768,21,31
32,5,-1,32863,32768,32769,91,19
16,4,0,32670,32769,32768,92,84
32,5,-1,32787,32768,32769,96,84
16,6,-2,32693,32769,32768,19,12
32,7,-3,32810,32768,32769,0,12
16,4,0,32670,32769,32768,19,12
32,5,-1,32787,32768,32769,0,12
16,6,-2,32693,32769,32768,92,84
32,7,-3,32810,32768,32769,96,84
16,4,0,32766,32769,32768,57,56
32,5,-1,32862,32768,32769,91,93
16,6,-2,32745,32769,32768,105,93
32,5,-1,32862,32768,32769,18,21
16,6,-2,32745,32769,32768,9,21
32,5,-1,32775,32768,32769,18,54
16,6,-2,32681,32769,32768,92,84
32,7,-3,32798,32768,32769,96,84
16,4,0,32755,32769,32768,105,104
32,5,-1,32764,32768,32769,18,54
32,5,-1,32851,32768,32769,91,93
16,6,-2,32757,32769,32768,19,12
32,7,-3,32874,32768,32769,0,12
16,4,0,32756,32769,32768,105,103
32,5,-1,32852,32768,32769,91,93
16,6,-2,32758,32769,32768,19,12
32,7,-3,32875,32768,32769,0,12
16,4,0,32755,32769,32768,9,8
32,5,-1,32851,32768,32769,91,93
16,6,-2,32734,32769,32768,105,93
32,5,-1,32851,32768,32769,18,21
16,6,-2,32757,32769,32768,92,84
32,7,-3,32874,32768,32769,96,84
16,4,0,32756,32769,32768,9,7
32,5,-1,32985,32768,32769,91,7
16,6,-2,32869,32769,32768,21,7
16,6,-2,32878,32769,32768,33,7
16,6,-2,32891,32769,32768,19,12
16,6,-2,32878,32769,32768,33,7
16,6,-2,32869,32769,32768,21,7
16,4,0,32764,32769,32768,92,80
32,5,-1,32860,32768,32769,18,21
16,6,-2,32743,32769,32768,9,21
32,5,-1,32773,32768,32769,18,54
16,6,-2,32770,32769,32768,80,75
16,4,0,32764,32769,32768,92,68
32,5,-1,32773,32768,32769,18,54
16,4,0,32765,32769,32768,92,56
32,5,-1,32774,32768,32769,18,54
16,6,-1,32766,32769,32768,56,51
32,7,-2,32768,32768,32769,54,102
32,7,-2,32768,32768,32769,54,6
32,5,-1,32861,32768,32769,18,21
16,6,-2,32744,32769,32768,9,21
32,3,1,32766,32768,32769,86,74
16,4,0,32756,32769,32768,21,31
32,5,-1,32765,32768,32769,18,54
32,5,-1,32759,32768,32769,74,78
32,3,1,32768,32768,32769,86,62
16,4,0,32758,32769,32768,21,31
32,5,-1,32767,32768,32769,18,54
32,3,1,32776,32768,32769,86,50
16,4,0,32766,32769,32768,21,31
32,5,-1,32775,32768,32769,18,54
16,6,-2,32659,32769,32768,31,54
32,7,-3,32762,32768,32769,50,54
32,5,-1,32763,32768,32769,50,54
32,3,1,32768,32768,32769,86,38
16,4,0,32758,32769,32768,21,31
32,5,-1,32767,32768,32769,18,54
32,3,1,32766,32768,32769,86,26
16,4,0,32756,32769,32768,21,31
32,5,-1,32765,32768,32769,18,54
32,5,-1,32759,32768,32769,26,30
32,3,1,32766,32768,32769,86,14
16,4,0,32659,32769,32768,19,14
32,5,-1,32668,32768,32769,18,54
32,3,1,32766,32768,32769,86,2
16,4,0,32756,32769,32768,21,31
32,5,-1,32765,32768,32769,18,54
32,5,-1,32759,32768,32769,2,6
32,3,1,32766,32768,32769,86,98
16,4,0,32756,32769,32768,21,31
32,5,-1,32765,32768,32769,18,54
32,5,-1,32759,32768,32769,98,102
32,3,1,32766,32768,32769,18,17
16,4,0,32756,32769,32768,21,31
32,5,-1,32850,32768,32769,86,93
16,6,-2,32733,32769,32768,105,93
32,3,1,32767,32768,32769,18,16
16,4,0,32757,32769,32768,21,31
32,5,-1,32851,32768,32769,86,93
16,6,-2,32734,32769,32768,105,93
32,3,1,32767,32768,32769,18,15
16,4,0,32757,32769,32768,21,31
32,5,-1,32851,32768,32769,86,93
16,6,-2,32734,32769,32768,105,93
32,3,1,32768,32768,32769,18,13
16,4,0,32758,32769,32768,21,31
32,5,-1,32852,32768,32769,86,93
16,6,-2,32735,32769,32768,105,93
32,3,1,32776,32768,32769,84,74
16,4,0,32766,32769,32768,21,31
32,5,-1,32775,32768,32769,18,54
16,6,-2,32659,32769,32768,31,54
32,5,-1,32860,32768,32769,86,93
16,6,-2,32743,32769,32768,105,93
32,3,1,32774,32768,32769,84,98
16,4,0,32764,32769,32768,21,31
32,5,-1,32773,32768,32769,18,54
16,6,-2,32657,32769,32768,31,54
32,5,-1,32858,32768,32769,86,93
16,6,-2,32741,32769,32768,105,93
32,3,1,32774,32768,32769,12,2
16,4,0,32764,32769,32768,21,31
32,5,-1,32773,32768,32769,18,54
16,6,-2,32657,32769,32768,31,54
32,5,-1,32858,32768,32769,86,93
16,6,-2,32741,32769,32768,105,93
32,3,1,32776,32768,32769,12,26
16,4,0,32766,32769,32768,21,31
32,5,-1,32775,32768,32769,18,54
16,6,-2,32659,32769,32768,31,54
32,5,-1,32860,32768,32769,86,93
16,6,-2,32743,32769,32768,105,93
32,3,1,32767,32768,32769,60,49
16,4,0,32757,32769,32768,21,31
32,5,-1,32766,32768,32769,18,54
32,5,-1,32851,32768,32769,86,93
16,6,-2,32734,32769,32768,105,93
32,3,1,32767,32768,32769,36,49
16,4,0,32757,32769,32768,21,31
32,5,-1,32766,32768,32769,18,54
32,5,-1,32851,32768,32769,86,93
16,6,-2,32734,32769,32768,105,93
32,3,1,32767,32768,32769,72,50
16,4,0,32757,32769,32768,21,31
32,5,-1,32766,32768,32769,18,54
32,5,-1,32851,32768,32769,86,93
16,6,-2,32734,32769,32768,105,93
32,3,1,32765,32768,32769,72,98
16,4,0,32755,32769,32768,21,31
32,5,-1,32764,32768,32769,18,54
32,5,-1,32849,32768,32769,86,93
16,6,-2,32732,32769,32768,105,93
32,3,1,32765,32768,32769,24,2
16,4,0,32755,32769,32768,21,31
32,5,-1,32764,32768,32769,18,54
32,5,-1,32849,32768,32769,86,93
16,6,-2,32732,32769,32768,105,93
32,3,1,32767,32768,32769,24,50
16,4,0,32757,32769,32768,21,31
32,5,-1,32766,32768,32769,18,54
32,5,-1,32851,32768,32769,86,93
16,6,-2,32734,32769,32768,105,93
32,3,1,32767,32768,32769,99,100
16,4,0,32757,32769,32768,21,31
32,5,-1,32766,32768,32769,18,54
32,5,-1,32851,32768,32769,86,93
16,6,-2,32734,32769,32768,105,93
32,3,1,32767,32768,32769,75,76
16,4,0,32757,32769,32768,21,31
32,5,-1,32766,32768,32769,18,54
32,5,-1,32851,32768,32769,86,93
16,6,-2,32734,32769,32768,105,93
32,3,1,32767,32768,32769,51,52
16,4,0,32757,32769,32768,21,31
32,5,-1,32766,32768,32769,18,54
32,5,-1,32851,32768,32769,86,93
16,6,-2,32734,32769,32768,105,93
32,3,1,32767,32768,32769,27,28
16,4,0,32757,32769,32768,21,31
32,5,-1,32766,32768,32769,18,54
32,5,-1,32851,32768,32769,86,93
16,6,-2,32734,32769,32768,105,93
32,3,1,32767,32768,32769,3,4
16,4,0,32757,32769,32768,21,31
32,5,-1,32766,32768,32769,18,54
32,5,-1,32851,32768,32769,86,93
16,6,-2,32734,32769,32768,105,93
32,1,3,32862,32768,32769,14,21
16,2,2,32745,32769,32768,9,21
32,3,1,32754,32768,32769,96,97
16,4,0,32660,32769,32768,91,84
32,3,1,32839,32768,32769,86,93
16,4,0,32722,32769,32768,105,93
32,3,1,32743,32768,32769,48,49
16,4,0,32649,32769,32768,91,84
32,5,-1,32766,32768,32769,96,84
32,5,-1,32766,32768,32769,96,84
32,3,1,32753,32768,32769,96,98
16,4,0,32659,32769,32768,91,84
32,3,1,32754,32768,32769,0,1
16,4,0,32660,32769,32768,91,84
32,5,-1,32777,32768,32769,96,84
16,4,0,32756,32769,32768,57,56
32,5,-1,32850,32768,32769,86,93
16,6,-2,32733,32769,32768,105,93
32,3,1,32753,32768,32769,0,2
16,4,0,32659,32769,32768,91,84
32,5,-1,32776,32768,32769,96,84
16,4,0,32755,32769,32768,57,56
32,5,-1,32849,32768,32769,86,93
16,6,-2,32732,32769,32768,105,93
32,3,1,32745,32768,32769,86,85
16,4,0,32747,32769,32768,57,56
32,5,-1,32841,32768,32769,85,93
16,6,-2,32724,32769,32768,105,93
32,3,1,32744,32768,32769,86,87
16,4,0,32746,32769,32768,57,56
32,5,-1,32841,32768,32769,87,93
16,6,-2,32724,32769,32768,105,93
32,3,1,32744,32768,32769,86,88
16,4,0,32746,32769,32768,57,56
32,5,-1,32841,32768,32769,88,93
16,6,-2,32724,32769,32768,105,93
32,3,1,32743,32768,32769,86,89
16,4,0,32745,32769,32768,57,56
32,5,-1,32841,32768,32769,89,93
16,6,-2,32724,32769,32768,105,93
32,3,1,32743,32768,32769,86,90
16,4,0,32745,32769,32768,57,56
32,5,-1,32841,32768,32769,90,93
16,6,-2,32724,32769,32768,105,93
32,5,-1,32754,32768,32769,90,54
32,3,1,32745,32768,32769,86,74
16,4,0,32747,32769,32768,57,56
32,5,-1,32750,32768,32769,74,78
32,3,1,32747,32768,32769,86,62
16,4,0,32749,32769,32768,57,56
32,3,1,32755,32768,32769,86,50
16,4,0,32757,32769,32768,57,56
32,5,-1,32754,32768,32769,50,54
32,3,1,32747,32768,32769,86,38
16,4,0,32749,32769,32768,57,56
32,3,1,32745,32768,32769,86,26
16,4,0,32747,32769,32768,57,56
32,5,-1,32750,32768,32769,26,30
32,3,1,32745,32768,32769,86,14
16,4,0,32747,32769,32768,57,56
32,5,-1,32975,32768,32769,14,21
16,4,0,32651,32769,32768,19,12
32,5,-1,32768,32768,32769,0,12
32,5,-1,32768,32768,32769,0,12
32,3,1,32745,32768,32769,86,2
16,4,0,32747,32769,32768,57,56
32,5,-1,32750,32768,32769,2,6
32,3,1,32745,32768,32769,86,98
16,4,0,32747,32769,32768,57,56
32,5,-1,32750,32768,32769,98,102
32,3,1,32755,32768,32769,84,74
16,4,0,32757,32769,32768,57,56
32,5,-1,32851,32768,32769,86,93
16,6,-2,32734,32769,32768,105,93
32,3,1,32753,32768,32769,84,98
16,4,0,32755,32769,32768,57,56
32,5,-1,32849,32768,32769,86,93
16,6,-2,32732,32769,32768,105,93
32,3,1,32753,32768,32769,12,2
16,4,0,32755,32769,32768,57,56
32,5,-1,32849,32768,32769,86,93
16,6,-2,32732,32769,32768,105,93
32,3,1,32755,32768,32769,12,26
16,4,0,32757,32769,32768,57,56
32,5,-1,32851,32768,32769,86,93
16,6,-2,32734,32769,32768,105,93
32,3,1,32746,32768,32769,60,49
16,4,0,32748,32769,32768,57,56
32,5,-1,32842,32768,32769,86,93
16,6,-2,32725,32769,32768,105,93
32,3,1,32746,32768,32769,36,49
16,4,0,32748,32769,32768,57,56
32,5,-1,32842,32768,32769,86,93
16,6,-2,32725,32769,32768,105,93
32,3,1,32746,32768,32769,72,50
16,4,0,32748,32769,32768,57,56
32,5,-1,32842,32768,32769,86,93
16,6,-2,32725,32769,32768,105,93
32,3,1,32744,32768,32769,72,98
16,4,0,32746,32769,32768,57,56
32,5,-1,32840,32768,32769,86,93
16,6,-2,32723,32769,32768,105,93
32,3,1,32744,32768,32769,24,2
16,4,0,32746,32769,32768,57,56
32,5,-1,32840,32768,32769,86,93
16,6,-2,32723,32769,32768,105,93
32,3,1,32746,32768,32769,24,50
16,4,0,32748,32769,32768,57,56
32,5,-1,32842,32768,32769,86,93
16,6,-2,32725,32769,32768,105,93
32,3,1,32746,32768,32769,99,100
16,4,0,32748,32769,32768,57,56
32,5,-1,32842,32768,32769,86,93
16,6,-2,32725,32769,32768,105,93
32,3,1,32746,32768,32769,75,76
16,4,0,32748,32769,32768,57,56
32,5,-1,32842,32768,32769,86,93
16,6,-2,32725,32769,32768,105,93
32,3,1,32746,32768,32769,51,52
16,4,0,32748,32769,32768,57,56
32,5,-1,32842,32768,32769,86,93
16,6,-2,32725,32769,32768,105,93
32,3,1,32746,32768,32769,27,28
16,4,0,32748,32769,32768,57,56
32,5,-1,32842,32768,32769,86,93
16,6,-2,32725,32769,32768,105,93
32,3,1,32746,32768,32769,3,4
16,4,0,32748,32769,32768,57,56
32,5,-1,32842,32768,32769,86,93
16,6,-2,32725,32769,32768,105,93
32,1,3,32768,32768,32769,14,2
16,2,2,32768,32769,32768,91,92
32,3,1,32777,32768,32769,96,97
16,4,0,32779,32769,32768,57,56
16,4,0,32683,32769,32768,92,84
32,5,-1,32686,32768,32769,2,6
32,3,1,32862,32768,32769,86,93
16,4,0,32745,32769,32768,105,93
32,5,-1,32748,32768,32769,2,6
32,3,1,32771,32768,32769,2,6
16,4,0,32656,32769,32768,9,6
32,5,-1,32750,32768,32769,86,93
32,3,1,32766,32768,32769,48,49
16,4,0,32768,32769,32768,57,56
32,5,-1,32862,32768,32769,86,93
16,6,-2,32745,32769,32768,105,93
32,5,-1,32771,32768,32769,2,6
16,6,-2,32656,32769,32768,9,6
32,3,1,32776,32768,32769,96,98
16,4,0,32778,32769,32768,57,56
16,4,0,32682,32769,32768,92,84
32,5,-1,32685,32768,32769,2,6
32,3,1,32777,32768,32769,0,1
16,4,0,32683,32769,32768,92,84
32,5,-1,32800,32768,32769,96,84
16,4,0,32779,32769,32768,57,56
16,4,0,32768,32769,32768,105,104
32,5,-1,32862,32768,32769,86,93
16,4,0,32769,32769,32768,105,103
16,4,0,32768,32769,32768,9,8
32,5,-1,32862,32768,32769,86,93
16,6,-2,32745,32769,32768,105,93
32,5,-1,32771,32768,32769,2,6
16,6,-2,32665,32769,32768,8,6
32,3,1,32768,32768,32769,86,85
16,4,0,32674,32769,32768,92,84
32,5,-1,32791,32768,32769,96,84
16,4,0,32759,32769,32768,9,8
32,5,-1,32853,32768,32769,85,93
16,6,-2,32736,32769,32768,105,93
32,5,-1,32762,32768,32769,2,6
32,3,1,32767,32768,32769,86,87
16,4,0,32758,32769,32768,9,8
32,5,-1,32853,32768,32769,87,93
16,6,-2,32736,32769,32768,105,93
32,5,-1,32761,32768,32769,2,6
32,3,1,32767,32768,32769,86,88
16,4,0,32758,32769,32768,9,8
32,5,-1,32853,32768,32769,88,93
16,6,-2,32736,32769,32768,105,93
32,5,-1,32761,32768,32769,2,6
32,3,1,32766,32768,32769,86,89
16,4,0,32757,32769,32768,9,8
32,5,-1,32853,32768,32769,89,93
16,6,-2,32736,32769,32768,105,93
32,5,-1,32760,32768,32769,2,6
32,3,1,32766,32768,32769,86,90
16,4,0,32757,32769,32768,9,8
32,5,-1,32853,32768,32769,90,93
16,6,-2,32736,32769,32768,105,93
32,5,-1,32766,32768,32769,90,54
32,5,-1,32760,32768,32769,2,6
32,3,1,32766,32768,32769,86,91
16,4,0,32757,32769,32768,9,8
32,5,-1,32853,32768,32769,91,93
16,6,-2,32736,32769,32768,105,93
32,5,-1,32760,32768,32769,2,6
32,3,1,32768,32768,32769,86,74
16,4,0,32759,32769,32768,9,8
32,5,-1,32762,32768,32769,74,78
32,5,-1,32762,32768,32769,2,6
32,3,1,32770,32768,32769,86,62
16,4,0,32761,32769,32768,9,8
32,5,-1,32764,32768,32769,2,6
32,3,1,32778,32768,32769,86,50
16,4,0,32769,32769,32768,9,8
16,4,0,32780,32769,32768,57,56
16,4,0,32769,32769,32768,105,104
16,4,0,32770,32769,32768,105,103
16,4,0,32770,32769,32768,9,7
16,4,0,32778,32769,32768,92,91
16,4,0,32779,32769,32768,92,90
16,4,0,32779,32769,32768,92,89
16,4,0,32780,32769,32768,92,88
16,4,0,32780,32769,32768,92,87
16,4,0,32780,32769,32768,92,86
16,4,0,32780,32769,32768,92,85
16,4,0,32778,32769,32768,92,80
16,4,0,32778,32769,32768,92,68
16,4,0,32779,32769,32768,92,56
16,4,0,32778,32769,32768,92,44
16,4,0,32778,32769,32768,92,32
16,4,0,32778,32769,32768,92,20
16,4,0,32779,32769,32768,92,8
16,4,0,32779,32769,32768,92,104
16,4,0,32779,32769,32768,19,18
16,4,0,32779,32769,32768,19,17
16,4,0,32780,32769,32768,19,16
16,4,0,32780,32769,32768,19,15
16,4,0,32780,32769,32768,19,14
16,4,0,32780,32769,32768,19,13
16,4,0,32778,32769,32768,19,20
16,4,0,32778,32769,32768,19,7
16,4,0,32778,32769,32768,19,31
16,4,0,32776,32769,32768,19,43
16,4,0,32768,32769,32768,19,55
32,5,-1,32765,32768,32769,50,54
16,6,-1,32768,32769,32768,55,51
32,7,-2,32770,32768,32769,54,102
16,8,-3,32655,32769,32768,105,102
32,7,-2,32771,32768,32769,2,6
16,8,-3,32656,32769,32768,9,6
32,9,-4,32881,32768,32769,54,6
16,8,-3,32769,32769,32768,51,99
16,8,-3,32769,32769,32768,51,3
16,6,-1,32766,32769,32768,92,56
32,7,-2,32870,32768,32769,54,56
16,8,-3,32766,32769,32768,57,56
32,7,-2,32769,32768,32769,2,6
16,8,-3,32654,32769,32768,9,6
32,9,-4,32879,32768,32769,54,6
16,10,-5,32889,32769,32768,55,48
32,9,-4,32879,32768,32769,54,6
16,10,-5,32889,32769,32768,55,48
32,7,-2,32870,32768,32769,54,56
16,8,-3,32766,32769,32768,57,56
32,7,-2,32768,32768,32769,54,102
32,7,-2,32768,32768,32769,54,6
32,5,-1,32771,32768,32769,2,6
16,6,-2,32656,32769,32768,9,6
32,3,1,32770,32768,32769,86,38
16,4,0,32761,32769,32768,9,8
32,5,-1,32764,32768,32769,2,6
32,3,1,32768,32768,32769,86,26
16,4,0,32759,32769,32768,9,8
32,5,-1,32762,32768,32769,26,30
32,5,-1,32762,32768,32769,2,6
32,3,1,32768,32768,32769,86,14
16,4,0,32759,32769,32768,9,8
32,5,-1,32853,32768,32769,14,21
16,4,0,32758,32769,32768,19,55
32,5,-1,32761,32768,32769,2,6
32,3,1,32768,32768,32769,86,98
16,4,0,32758,32769,32768,19,55
32,5,-1,32761,32768,32769,98,102
32,5,-1,32761,32768,32769,2,6
32,3,1,32767,32768,32769,2,1
16,4,0,32757,32769,32768,19,55
32,5,-1,32851,32768,32769,86,93
16,6,-2,32734,32769,32768,105,93
32,5,-1,32761,32768,32769,1,6
32,3,1,32768,32768,32769,2,26
16,4,0,32758,32769,32768,19,55
32,5,-1,32852,32768,32769,86,93
16,6,-2,32735,32769,32768,105,93
32,7,-3,32738,32768,32769,26,30
32,5,-1,32761,32768,32769,26,30
32,3,1,32770,32768,32769,2,38
16,4,0,32760,32769,32768,19,55
32,5,-1,32854,32768,32769,86,93
16,6,-2,32737,32769,32768,105,93
32,3,1,32778,32768,32769,2,50
16,4,0,32768,32769,32768,19,55
32,5,-1,32862,32768,32769,86,93
16,6,-2,32745,32769,32768,105,93
32,5,-1,32765,32768,32769,50,54
16,6,-1,32768,32769,32768,55,51
32,7,-2,32862,32768,32769,86,93
16,8,-3,32745,32769,32768,105,93
32,7,-2,32770,32768,32769,54,102
16,8,-3,32655,32769,32768,105,102
32,7,-2,32770,32768,32769,54,6
16,8,-3,32655,32769,32768,9,6
32,3,1,32770,32768,32769,2,62
16,4,0,32760,32769,32768,19,55
32,5,-1,32854,32768,32769,86,93
16,6,-2,32737,32769,32768,105,93
32,3,1,32768,32768,32769,2,74
16,4,0,32758,32769,32768,19,55
32,5,-1,32852,32768,32769,86,93
16,6,-2,32735,32769,32768,105,93
32,5,-1,32761,32768,32769,74,78
32,3,1,32778,32768,32769,84,74
16,4,0,32768,32769,32768,19,55
32,5,-1,32862,32768,32769,86,93
16,6,-2,32745,32769,32768,105,93
32,7,-3,32748,32768,32769,2,6
32,5,-1,32771,32768,32769,2,6
16,6,-2,32656,32769,32768,9,6
32,3,1,32776,32768,32769,84,98
16,4,0,32766,32769,32768,19,55
32,5,-1,32860,32768,32769,86,93
16,6,-2,32743,32769,32768,105,93
32,7,-3,32746,32768,32769,2,6
32,5,-1,32769,32768,32769,2,6
16,6,-2,32654,32769,32768,9,6
32,3,1,32778,32768,32769,12,26
16,4,0,32768,32769,32768,19,55
32,5,-1,32862,32768,32769,86,93
16,6,-2,32745,32769,32768,105,93
32,7,-3,32748,32768,32769,2,6
32,5,-1,32771,32768,32769,2,6
16,6,-2,32656,32769,32768,9,6
32,3,1,32769,32768,32769,60,49
16,4,0,32759,32769,32768,19,55
32,5,-1,32853,32768,32769,86,93
16,6,-2,32736,32769,32768,105,93
32,7,-3,32739,32768,32769,2,6
32,5,-1,32762,32768,32769,2,6
32,3,1,32769,32768,32769,36,49
16,4,0,32759,32769,32768,19,55
32,5,-1,32853,32768,32769,86,93
16,6,-2,32736,32769,32768,105,93
32,7,-3,32739,32768,32769,2,6
32,5,-1,32762,32768,32769,2,6
32,3,1,32769,32768,32769,72,50
16,4,0,32759,32769,32768,19,55
32,5,-1,32853,32768,32769,86,93
16,6,-2,32736,32769,32768,105,93
32,7,-3,32739,32768,32769,2,6
32,5,-1,32762,32768,32769,2,6
32,3,1,32767,32768,32769,72,98
16,4,0,32757,32769,32768,19,55
32,5,-1,32851,32768,32769,86,93
16,6,-2,32734,32769,32768,105,93
32,7,-3,32737,32768,32769,2,6
32,5,-1,32760,32768,32769,2,6
32,3,1,32769,32768,32769,24,50
16,4,0,32759,32769,32768,19,55
32,5,-1,32853,32768,32769,86,93
16,6,-2,32736,32769,32768,105,93
32,7,-3,32739,32768,32769,2,6
32,5,-1,32762,32768,32769,2,6
32,3,1,32769,32768,32769,99,100
16,4,0,32759,32769,32768,19,55
32,5,-1,32853,32768,32769,86,93
16,6,-2,32736,32769,32768,105,93
32,7,-3,32739,32768,32769,2,6
32,5,-1,32762,32768,32769,2,6
32,3,1,32769,32768,32769,75,76
16,4,0,32759,32769,32768,19,55
32,5,-1,32853,32768,32769,86,93
16,6,-2,32736,32769,32768,105,93
32,7,-3,32739,32768,32769,2,6
32,5,-1,32762,32768,32769,2,6
32,3,1,32769,32768,32769,51,52
16,4,0,32759,32769,32768,19,55
32,5,-1,32853,32768,32769,86,93
16,6,-2,32736,32769,32768,105,93
32,7,-3,32739,32768,32769,2,6
32,5,-1,32762,32768,32769,2,6
32,3,1,32769,32768,32769,27,28
16,4,0,32759,32769,32768,19,55
32,5,-1,32853,32768,32769,86,93
16,6,-2,32736,32769,32768,105,93
32,7,-3,32739,32768,32769,2,6
32,5,-1,32762,32768,32769,2,6
32,3,1,32769,32768,32769,3,4
16,4,0,32759,32769,32768,19,55
32,5,-1,32853,32768,32769,86,93
16,6,-2,32736,32769,32768,105,93
32,7,-3,32739,32768,32769,2,6
32,5,-1,32762,32768,32769,2,6
32,1,3,32768,32768,32769,14,26
16,2,2,32768,32769,32768,91,92
32,3,1,32777,32768,32769,96,97
16,4,0,32767,32769,32768,19,55
32,5,-1,32861,32768,32769,86,93
16,6,-2,32744,32769,32768,105,93
32,7,-3,32747,32768,32769,26,30
32,5,-1,32770,32768,32769,26,30
16,6,-2,32676,32769,32768,92,84
32,7,-3,32681,32768,32769,30,78
32,3,1,32862,32768,32769,86,93
16,4,0,32745,32769,32768,105,93
32,5,-1,32748,32768,32769,26,30
32,3,1,32771,32768,32769,26,30
16,4,0,32761,32769,32768,19,55
32,5,-1,32855,32768,32769,86,93
16,6,-2,32738,32769,32768,105,93
32,5,-1,32766,32768,32769,30,78
32,3,1,32766,32768,32769,48,49
16,4,0,32756,32769,32768,19,55
32,5,-1,32850,32768,32769,86,93
16,6,-2,32733,32769,32768,105,93
32,7,-3,32736,32768,32769,26,30
32,5,-1,32759,32768,32769,26,30
32,3,1,32776,32768,32769,96,98
16,4,0,32766,32769,32768,19,55
32,5,-1,32860,32768,32769,86,93
16,6,-2,32743,32769,32768,105,93
32,7,-3,32746,32768,32769,26,30
32,5,-1,32769,32768,32769,26,30
16,6,-2,32675,32769,32768,92,84
32,7,-3,32680,32768,32769,30,78
32,3,1,32777,32768,32769,0,1
16,4,0,32767,32769,32768,19,55
32,5,-1,32861,32768,32769,86,93
16,6,-2,32744,32769,32768,105,93
32,7,-3,32747,32768,32769,26,30
32,5,-1,32770,32768,32769,26,30
16,6,-2,32676,32769,32768,92,84
32,7,-3,32793,32768,32769,96,84
16,6,-2,32773,32769,32768,55,51
16,4,0,32768,32769,32768,9,8
32,5,-1,32771,32768,32769,26,30
16,6,-2,32677,32769,32768,92,84
32,7,-3,32794,32768,32769,96,84
16,4,0,32683,32769,32768,92,84
32,5,-1,32800,32768,32769,96,84
16,4,0,32779,32769,32768,57,56
16,4,0,32768,32769,32768,105,104
32,5,-1,32771,32768,32769,26,30
16,6,-2,32677,32769,32768,92,84
32,7,-3,32794,32768,32769,96,84
16,4,0,32769,32769,32768,105,103
16,4,0,32769,32769,32768,9,7
16,4,0,32777,32769,32768,92,91
16,4,0,32778,32769,32768,92,90
16,4,0,32778,32769,32768,92,89
16,4,0,32779,32769,32768,92,88
16,4,0,32779,32769,32768,92,87
16,4,0,32777,32769,32768,92,80
16,4,0,32777,32769,32768,92,68
16,4,0,32778,32769,32768,92,56
16,4,0,32777,32769,32768,92,44
16,4,0,32777,32769,32768,92,32
16,4,0,32777,32769,32768,92,20
16,4,0,32778,32769,32768,92,8
16,4,0,32778,32769,32768,92,104
16,4,0,32778,32769,32768,19,18
16,4,0,32778,32769,32768,19,17
16,4,0,32779,32769,32768,19,16
16,4,0,32779,32769,32768,19,15
16,4,0,32779,32769,32768,19,14
16,4,0,32779,32769,32768,19,13
16,4,0,32777,32769,32768,19,20
16,4,0,32777,32769,32768,19,7
16,4,0,32777,32769,32768,19,31
16,4,0,32775,32769,32768,19,43
16,4,0,32775,32769,32768,19,67
16,4,0,32777,32769,32768,19,79
16,4,0,32777,32769,32768,19,91
16,4,0,32777,32769,32768,19,103
16,4,0,32769,32769,32768,21,7
16,4,0,32767,32769,32768,21,31
32,5,-1,32770,32768,32769,26,30
16,6,-2,32676,32769,32768,92,84
32,7,-3,32793,32768,32769,96,84
16,4,0,32776,32769,32768,69,56
16,4,0,32776,32769,32768,45,56
16,4,0,32776,32769,32768,81,55
16,4,0,32778,32769,32768,33,7
16,4,0,32776,32769,32768,33,55
16,4,0,32776,32769,32768,102,101
16,4,0,32776,32769,32768,78,77
16,4,0,32776,32769,32768,54,53
16,4,0,32776,32769,32768,30,29
16,4,0,32776,32769,32768,6,5
16,2,2,32758,32767,32768,91,55
32,3,1,32767,32768,32767,96,97
16,4,0,32758,32767,32768,9,8
32,5,-1,32761,32768,32767,26,30
32,3,1,32767,32768,32767,0,1
16,4,0,32758,32767,32768,9,8
32,5,-1,32761,32768,32767,26,30
32,3,1,32761,32768,32767,26,30
16,4,0,32752,32767,32768,9,8
32,5,-1,32757,32768,32767,30,78
32,3,1,32756,32768,32767,48,49
16,4,0,32747,32767,32768,9,8
32,5,-1,32750,32768,32767,26,30
32,3,1,32766,32768,32767,96,98
16,4,0,32757,32767,32768,9,8
32,5,-1,32760,32768,32767,26,30
32,3,1,32766,32768,32767,0,2
16,4,0,32757,32767,32768,9,8
32,5,-1,32760,32768,32767,26,30
32,3,1,32758,32768,32767,86,85
16,4,0,32749,32767,32768,9,8
32,5,-1,32752,32768,32767,26,30
32,3,1,32757,32768,32767,86,87
16,4,0,32748,32767,32768,9,8
32,5,-1,32751,32768,32767,26,30
32,3,1,32757,32768,32767,86,88
16,4,0,32748,32767,32768,9,8
32,5,-1,32751,32768,32767,26,30
32,3,1,32756,32768,32767,86,89
16,4,0,32747,32767,32768,9,8
32,5,-1,32750,32768,32767,26,30
32,3,1,32756,32768,32767,86,90
16,4,0,32747,32767,32768,9,8
32,5,-1,32750,32768,32767,26,30
32,5,-1,32756,32768,32767,90,54
16,6,-1,32759,32767,32768,55,51
32,7,-2,32762,32768,32767,26,30
32,7,-2,32761,32768,32767,54,102
32,7,-2,32761,32768,32767,54,6
32,3,1,32756,32768,32767,86,91
16,4,0,32649,32767,32768,19,91
32,5,-1,32652,32768,32767,26,30
32,3,1,32756,32768,32767,86,92
16,4,0,32747,32767,32768,9,8
32,5,-1,32750,32768,32767,26,30
32,3,1,32758,32768,32767,86,74
16,4,0,32749,32767,32768,9,8
32,5,-1,32752,32768,32767,26,30
32,5,-1,32752,32768,32767,74,78
32,3,1,32760,32768,32767,86,62
16,4,0,32751,32767,32768,9,8
32,5,-1,32754,32768,32767,26,30
32,3,1,32768,32768,32767,86,50
16,4,0,32759,32767,32768,9,8
32,5,-1,32762,32768,32767,26,30
32,5,-1,32756,32768,32767,50,54
16,6,-1,32759,32767,32768,55,51
32,7,-2,32762,32768,32767,26,30
32,7,-2,32761,32768,32767,54,102
32,7,-2,32761,32768,32767,54,6
32,3,1,32760,32768,32767,86,38
16,4,0,32751,32767,32768,9,8
32,5,-1,32754,32768,32767,26,30
32,3,1,32758,32768,32767,86,98
16,4,0,32749,32767,32768,9,8
32,5,-1,32752,32768,32767,26,30
32,5,-1,32752,32768,32767,98,102
32,3,1,32758,32768,32767,26,25
16,4,0,32749,32767,32768,9,8
32,5,-1,32752,32768,32767,25,30
32,3,1,32758,32768,32767,26,2
16,4,0,32749,32767,32768,9,8
32,5,-1,32752,32768,32767,2,6
32,3,1,32760,32768,32767,26,38
16,4,0,32751,32767,32768,9,8
32,3,1,32768,32768,32767,26,50
16,4,0,32759,32767,32768,9,8
32,5,-1,32756,32768,32767,50,54
16,6,-1,32759,32767,32768,55,51
32,7,-2,32761,32768,32767,54,102
32,7,-2,32761,32768,32767,54,6
32,3,1,32760,32768,32767,26,62
16,4,0,32751,32767,32768,9,8
32,3,1,32758,32768,32767,26,74
16,4,0,32749,32767,32768,9,8
32,5,-1,32752,32768,32767,74,78
32,3,1,32768,32768,32767,84,74
16,4,0,32759,32767,32768,9,8
32,5,-1,32762,32768,32767,26,30
32,3,1,32766,32768,32767,84,98
16,4,0,32757,32767,32768,9,8
32,5,-1,32760,32768,32767,26,30
32,3,1,32766,32768,32767,12,2
16,4,0,32757,32767,32768,9,8
32,5,-1,32760,32768,32767,26,30
32,3,1,32759,32768,32767,60,49
16,4,0,32750,32767,32768,9,8
32,5,-1,32753,32768,32767,26,30
32,3,1,32759,32768,32767,36,49
16,4,0,32750,32767,32768,9,8
32,5,-1,32753,32768,32767,26,30
32,3,1,32759,32768,32767,72,50
16,4,0,32750,32767,32768,9,8
32,5,-1,32753,32768,32767,26,30
32,3,1,32757,32768,32767,72,98
16,4,0,32748,32767,32768,9,8
32,5,-1,32751,32768,32767,26,30
32,3,1,32757,32768,32767,24,2
16,4,0,32748,32767,32768,9,8
32,5,-1,32751,32768,32767,26,30
32,3,1,32759,32768,32767,24,50
16,4,0,32750,32767,32768,9,8
32,5,-1,32753,32768,32767,26,30
32,3,1,32759,32768,32767,99,100
16,4,0,32750,32767,32768,9,8
32,5,-1,32753,32768,32767,26,30
32,3,1,32759,32768,32767,75,76
16,4,0,32750,32767,32768,9,8
32,5,-1,32753,32768,32767,26,30
32,3,1,32759,32768,32767,51,52
16,4,0,32761,32767,32768,55,52
32,5,-1,32764,32768,32767,26,30
32,3,1,32759,32768,32767,27,28
16,4,0,32750,32767,32768,9,8
32,5,-1,32753,32768,32767,26,30
32,3,1,32759,32768,32767,3,4
16,4,0,32750,32767,32768,9,8
32,5,-1,32753,32768,32767,26,30
32,1,3,32770,32768,32769,14,38
16,2,2,32760,32769,32768,91,55
32,3,1,32769,32768,32769,96,97
16,4,0,32760,32769,32768,9,8
32,3,1,32769,32768,32769,0,1
16,4,0,32760,32769,32768,9,8
32,3,1,32758,32768,32769,48,49
16,4,0,32749,32769,32768,9,8
32,3,1,32768,32768,32769,96,98
16,4,0,32759,32769,32768,9,8
32,3,1,32768,32768,32769,0,2
16,4,0,32759,32769,32768,9,8
32,3,1,32760,32768,32769,86,85
16,4,0,32751,32769,32768,9,8
32,3,1,32759,32768,32769,86,87
16,4,0,32750,32769,32768,9,8
32,3,1,32759,32768,32769,86,88
16,4,0,32750,32769,32768,9,8
32,3,1,32758,32768,32769,86,89
16,4,0,32749,32769,32768,9,8
32,3,1,32758,32768,32769,86,90
16,4,0,32749,32769,32768,9,8
32,5,-1,32758,32768,32769,90,54
16,6,-1,32761,32769,32768,55,51
32,7,-2,32763,32768,32769,54,102
32,7,-2,32763,32768,32769,54,6
32,3,1,32758,32768,32769,86,91
16,4,0,32651,32769,32768,19,91
32,3,1,32758,32768,32769,86,92
16,4,0,32749,32769,32768,9,8
32,3,1,32760,32768,32769,86,74
16,4,0,32751,32769,32768,9,8
32,5,-1,32754,32768,32769,74,78
32,3,1,32762,32768,32769,86,62
16,4,0,32753,32769,32768,9,8
32,3,1,32770,32768,32769,86,50
16,4,0,32761,32769,32768,9,8
32,5,-1,32758,32768,32769,50,54
16,6,-1,32761,32769,32768,55,51
32,7,-2,32763,32768,32769,54,102
32,7,-2,32763,32768,32769,54,6
32,3,1,32760,32768,32769,86,98
16,4,0,32751,32769,32768,9,8
32,5,-1,32754,32768,32769,98,102
32,3,1,32758,32768,32769,38,37
16,4,0,32749,32769,32768,9,8
32,3,1,32759,32768,32769,38,39
16,4,0,32750,32769,32768,9,8
32,3,1,32759,32768,32769,38,40
16,4,0,32750,32769,32768,9,8
32,3,1,32758,32768,32769,38,41
16,4,0,32749,32769,32768,9,8
32,3,1,32757,32768,32769,38,42
16,4,0,32748,32769,32768,9,8
32,5,-1,32752,32768,32769,42,78
32,5,-1,32752,32768,32769,42,6
32,3,1,32756,32768,32769,38,43
16,4,0,32747,32769,32768,9,8
32,3,1,32755,32768,32769,38,44
16,4,0,32746,32769,32768,9,8
32,3,1,32758,32768,32769,38,26
16,4,0,32749,32769,32768,9,8
32,5,-1,32752,32768,32769,26,30
32,3,1,32758,32768,32769,38,2
16,4,0,32749,32769,32768,9,8
32,5,-1,32752,32768,32769,2,6
32,3,1,32768,32768,32769,38,50
16,4,0,32759,32769,32768,9,8
32,5,-1,32756,32768,32769,50,54
16,6,-1,32759,32769,32768,55,51
32,7,-2,32761,32768,32769,54,102
32,7,-2,32761,32768,32769,54,6
32,3,1,32760,32768,32769,38,62
16,4,0,32751,32769,32768,9,8
32,3,1,32758,32768,32769,38,74
16,4,0,32749,32769,32768,9,8
32,5,-1,32752,32768,32769,74,78
32,3,1,32770,32768,32769,84,74
16,4,0,32761,32769,32768,9,8
32,3,1,32768,32768,32769,84,98
16,4,0,32759,32769,32768,9,8
32,3,1,32768,32768,32769,12,2
16,4,0,32759,32769,32768,9,8
32,3,1,32770,32768,32769,12,26
16,4,0,32761,32769,32768,9,8
32,3,1,32761,32768,32769,60,49
16,4,0,32752,32769,32768,9,8
32,3,1,32761,32768,32769,36,49
16,4,0,32752,32769,32768,9,8
32,3,1,32761,32768,32769,72,50
16,4,0,32752,32769,32768,9,8
32,3,1,32759,32768,32769,72,98
16,4,0,32750,32769,32768,9,8
32,3,1,32759,32768,32769,24,2
16,4,0,32750,32769,32768,9,8
32,3,1,32761,32768,32769,24,50
16,4,0,32752,32769,32768,9,8
32,3,1,32761,32768,32769,99,100
16,4,0,32752,32769,32768,9,8
32,3,1,32761,32768,32769,75,76
16,4,0,32752,32769,32768,9,8
32,3,1,32761,32768,32769,51,52
16,4,0,32763,32769,32768,55,52
32,3,1,32761,32768,32769,27,28
16,4,0,32752,32769,32768,9,8
32,3,1,32761,32768,32769,3,4
16,4,0,32752,32769,32768,9,8
32,1,3,32778,32768,32769,14,50
16,2,2,32768,32769,32768,91,55
32,3,1,32777,32768,32769,96,97
16,4,0,32768,32769,32768,9,8
32,5,-1,32765,32768,32769,50,54
16,6,-1,32768,32769,32768,55,51
32,7,-2,32770,32768,32769,54,102
16,8,-3,32655,32769,32768,105,102
32,7,-2,32770,32768,32769,54,6
16,8,-3,32664,32769,32768,8,6
32,3,1,32777,32768,32769,0,1
16,4,0,32768,32769,32768,9,8
32,5,-1,32765,32768,32769,50,54
16,6,-1,32768,32769,32768,55,51
32,7,-2,32770,32768,32769,54,102
16,8,-3,32655,32769,32768,105,102
32,7,-2,32770,32768,32769,54,6
16,8,-3,32664,32769,32768,8,6
32,3,1,32765,32768,32769,50,54
16,4,1,32768,32769,32768,55,51
32,5,0,32770,32768,32769,54,102
16,6,-1,32655,32769,32768,105,102
32,5,0,32770,32768,32769,54,6
16,6,-1,32655,32769,32768,9,6
32,5,0,32766,32768,32769,48,49
32,5,0,32777,32768,32769,96,97
16,6,-1,32775,32769,32768,51,99
16,6,-1,32775,32769,32768,51,3
16,4,1,32773,32769,32768,55,43
32,5,0,32782,32768,32769,96,97
16,4,1,32775,32769,32768,55,31
32,5,0,32784,32768,32769,96,97
16,6,-1,32781,32769,32768,31,27
16,4,1,32773,32769,32768,55,67
32,5,0,32782,32768,32769,96,97
16,4,1,32775,32769,32768,55,79
32,5,0,32784,32768,32769,96,97
16,6,-1,32781,32769,32768,79,75
16,4,1,32775,32769,32768,55,91
32,5,0,32784,32768,32769,96,97
16,6,-1,32690,32769,32768,91,84
32,7,-2,32692,32768,32769,54,102
32,7,-2,32692,32768,32769,54,6
32,5,0,32869,32768,32769,86,93
16,6,-1,32752,32769,32768,105,93
32,7,-2,32754,32768,32769,54,102
32,7,-2,32754,32768,32769,54,6
32,5,0,32777,32768,32769,54,102
16,6,-1,32662,32769,32768,105,102
32,7,-2,32756,32768,32769,86,93
32,5,0,32777,32768,32769,54,6
16,6,-1,32662,32769,32768,9,6
32,7,-2,32756,32768,32769,86,93
32,5,0,32773,32768,32769,48,49
16,6,-1,32679,32769,32768,91,84
32,7,-2,32796,32768,32769,96,84
16,4,1,32775,32769,32768,55,103
32,5,0,32784,32768,32769,96,97
16,6,-1,32781,32769,32768,103,99
16,4,1,32764,32769,32768,69,56
32,5,0,32798,32768,32769,54,56
16,6,-1,32694,32769,32768,57,56
32,5,0,32773,32768,32769,96,97
16,6,-1,32776,32769,32768,55,51
16,4,1,32764,32769,32768,45,56
32,5,0,32798,32768,32769,54,56
16,6,-1,32694,32769,32768,57,56
32,5,0,32773,32768,32769,96,97
16,6,-1,32776,32769,32768,55,51
16,2,2,32778,32769,32768,91,92
32,3,1,32787,32768,32769,96,97
16,4,0,32778,32769,32768,9,8
16,4,0,32777,32769,32768,19,55
16,4,0,32693,32769,32768,92,84
32,5,-1,32690,32768,32769,50,54
32,3,1,32775,32768,32769,50,54
16,4,0,32766,32769,32768,9,8
32,5,-1,32860,32768,32769,86,93
16,6,-2,32743,32769,32768,105,93
32,5,-1,32768,32768,32769,54,102
32,5,-1,32768,32768,32769,54,6
32,3,1,32872,32768,32769,86,93
16,4,0,32755,32769,32768,105,93
32,5,-1,32752,32768,32769,50,54
32,3,1,32776,32768,32769,48,49
16,4,0,32767,32769,32768,9,8
32,5,-1,32861,32768,32769,86,93
16,6,-2,32744,32769,32768,105,93
32,5,-1,32764,32768,32769,50,54
32,3,1,32786,32768,32769,96,98
16,4,0,32777,32769,32768,9,8
16,4,0,32692,32769,32768,92,84
32,5,-1,32689,32768,32769,50,54
32,3,1,32787,32768,32769,0,1
16,4,0,32693,32769,32768,92,84
32,5,-1,32810,32768,32769,96,84
16,4,0,32778,32769,32768,9,8
16,4,0,32789,32769,32768,57,56
16,4,0,32778,32769,32768,105,104
16,4,0,32779,32769,32768,105,103
16,4,0,32779,32769,32768,9,7
16,4,0,32787,32769,32768,92,91
16,4,0,32788,32769,32768,92,90
16,4,0,32788,32769,32768,92,89
16,4,0,32789,32769,32768,92,88
16,4,0,32789,32769,32768,92,87
16,4,0,32787,32769,32768,92,80
16,4,0,32787,32769,32768,92,68
16,4,0,32788,32769,32768,92,56
16,4,0,32787,32769,32768,92,44
16,4,0,32787,32769,32768,92,32
16,4,0,32787,32769,32768,92,20
16,4,0,32788,32769,32768,92,8
16,4,0,32788,32769,32768,92,104
16,4,0,32788,32769,32768,19,18
16,4,0,32788,32769,32768,19,17
16,4,0,32789,32769,32768,19,16
16,4,0,32789,32769,32768,19,15
16,4,0,32789,32769,32768,19,14
16,4,0,32789,32769,32768,19,13
16,4,0,32787,32769,32768,19,20
16,4,0,32787,32769,32768,19,7
16,4,0,32787,32769,32768,19,31
16,4,0,32785,32769,32768,19,43
16,4,0,32777,32769,32768,19,55
16,4,0,32785,32769,32768,19,67
16,4,0,32787,32769,32768,19,79
16,4,0,32787,32769,32768,19,91
16,4,0,32787,32769,32768,19,103
16,4,0,32779,32769,32768,21,7
16,4,0,32777,32769,32768,21,31
16,4,0,32786,32769,32768,69,56
16,4,0,32786,32769,32768,45,56
16,4,0,32786,32769,32768,81,55
16,4,0,32788,32769,32768,33,7
16,4,0,32786,32769,32768,33,55
16,4,0,32786,32769,32768,102,101
16,4,0,32786,32769,32768,78,77
16,4,0,32786,32769,32768,54,53
16,4,0,32786,32769,32768,30,29
16,4,0,32786,32769,32768,6,5
16,2,2,32684,32767,32768,91,84
32,3,1,32801,32768,32767,96,84
16,4,0,32792,32767,32768,9,8
16,4,0,32803,32767,32768,57,56
16,4,0,32792,32767,32768,105,104
16,4,0,32793,32767,32768,105,103
16,4,0,32793,32767,32768,9,7
16,4,0,32802,32767,32768,19,18
16,4,0,32802,32767,32768,19,17
16,4,0,32803,32767,32768,19,16
16,4,0,32803,32767,32768,19,15
16,4,0,32803,32767,32768,19,14
16,4,0,32803,32767,32768,19,13
16,4,0,32801,32767,32768,19,20
16,4,0,32801,32767,32768,19,7
16,4,0,32801,32767,32768,19,31
16,4,0,32799,32767,32768,19,43
16,4,0,32791,32767,32768,19,55
16,4,0,32799,32767,32768,19,67
16,4,0,32801,32767,32768,19,79
16,4,0,32801,32767,32768,19,91
16,4,0,32801,32767,32768,19,103
16,4,0,32791,32767,32768,93,79
16,4,0,32793,32767,32768,93,103
16,4,0,32793,32767,32768,21,7
16,4,0,32791,32767,32768,21,31
16,4,0,32800,32767,32768,69,56
16,4,0,32800,32767,32768,45,56
16,4,0,32800,32767,32768,81,55
16,4,0,32802,32767,32768,81,103
16,4,0,32802,32767,32768,33,7
16,4,0,32800,32767,32768,33,55
16,4,0,32800,32767,32768,102,101
16,4,0,32800,32767,32768,78,77
16,4,0,32800,32767,32768,54,53
16,4,0,32800,32767,32768,30,29
16,4,0,32800,32767,32768,6,5
16,2,2,32780,32767,32768,57,56
32,3,1,32789,32768,32767,96,97
16,4,0,32780,32767,32768,9,8
16,4,0,32695,32767,32768,91,84
32,5,-1,32692,32768,32767,50,54
32,3,1,32789,32768,32767,0,1
16,4,0,32695,32767,32768,91,84
32,5,-1,32812,32768,32767,96,84
16,4,0,32790,32767,32768,56,55
16,4,0,32789,32767,32768,56,44
16,4,0,32789,32767,32768,56,68
16,4,0,32780,32767,32768,105,104
16,4,0,32781,32767,32768,105,103
16,4,0,32780,32767,32768,9,8
16,4,0,32781,32767,32768,9,7
16,4,0,32790,32767,32768,91,90
16,4,0,32790,32767,32768,91,89
16,4,0,32791,32767,32768,91,88
16,4,0,32791,32767,32768,91,87
16,4,0,32789,32767,32768,91,92
16,4,0,32789,32767,32768,91,79
16,4,0,32787,32767,32768,91,67
16,4,0,32779,32767,32768,91,55
16,4,0,32787,32767,32768,91,43
16,4,0,32789,32767,32768,91,31
16,4,0,32789,32767,32768,91,103
16,4,0,32790,32767,32768,19,18
16,4,0,32790,32767,32768,19,17
16,4,0,32791,32767,32768,19,16
16,4,0,32791,32767,32768,19,15
16,4,0,32791,32767,32768,19,14
16,4,0,32791,32767,32768,19,13
16,4,0,32789,32767,32768,19,20
16,4,0,32789,32767,32768,19,7
16,4,0,32789,32767,32768,19,31
16,4,0,32787,32767,32768,19,43
16,4,0,32779,32767,32768,19,55
16,4,0,32787,32767,32768,19,67
16,4,0,32789,32767,32768,19,79
16,4,0,32779,32767,32768,93,79
16,4,0,32781,32767,32768,93,103
16,4,0,32781,32767,32768,21,7
16,4,0,32779,32767,32768,21,31
16,4,0,32788,32767,32768,81,55
16,4,0,32790,32767,32768,81,103
16,4,0,32790,32767,32768,33,7
16,4,0,32788,32767,32768,33,55
16,4,0,32788,32767,32768,102,101
16,4,0,32788,32767,32768,78,77
16,4,0,32788,32767,32768,54,53
16,4,0,32788,32767,32768,30,29
16,4,0,32788,32767,32768,6,5
16,2,2,32769,32767,32768,105,104
32,3,1,32778,32768,32767,0,1
16,4,0,32684,32767,32768,91,84
32,5,-1,32801,32768,32767,96,84
16,4,0,32780,32767,32768,57,56
16,4,0,32779,32767,32768,104,103
16,4,0,32776,32767,32768,104,92
16,4,0,32778,32767,32768,104,80
16,4,0,32774,32767,32768,104,68
16,4,0,32780,32767,32768,104,56
16,4,0,32774,32767,32768,104,44
16,4,0,32778,32767,32768,104,32
16,4,0,32776,32767,32768,104,20
16,4,0,32778,32767,32768,104,8
16,4,0,32769,32767,32768,9,8
16,4,0,32770,32767,32768,9,7
16,4,0,32779,32767,32768,91,90
16,4,0,32779,32767,32768,91,89
16,4,0,32780,32767,32768,91,88
16,4,0,32780,32767,32768,91,87
16,4,0,32778,32767,32768,91,92
16,4,0,32778,32767,32768,91,79
16,4,0,32776,32767,32768,91,67
16,4,0,32768,32767,32768,91,55
32,5,-1,32765,32768,32767,50,54
16,6,-1,32768,32767,32768,55,51
32,7,-2,32770,32768,32767,54,102
16,8,-3,32664,32767,32768,104,102
32,7,-2,32770,32768,32767,54,6
16,8,-3,32655,32767,32768,9,6
16,6,-1,32767,32767,32768,104,56
32,7,-2,32990,32768,32767,54,56
16,8,-3,32886,32767,32768,57,56
16,8,-3,32883,32767,32768,69,56
16,8,-3,32883,32767,32768,45,56
16,8,-3,33000,32767,32768,55,48
32,7,-2,32990,32768,32767,54,56
16,8,-3,32886,32767,32768,57,56
16,8,-3,32883,32767,32768,69,56
16,8,-3,32883,32767,32768,45,56
16,8,-3,33000,32767,32768,55,48
32,7,-2,32769,32768,32767,54,102
16,8,-3,32779,32767,32768,55,48
32,7,-2,32769,32768,32767,54,6
16,8,-3,32654,32767,32768,9,6
16,6,-1,32773,32767,32768,55,43
16,6,-1,32775,32767,32768,55,31
16,6,-1,32773,32767,32768,55,67
16,6,-1,32775,32767,32768,55,79
16,6,-1,32775,32767,32768,55,91
16,6,-1,32775,32767,32768,55,103
16,6,-1,32764,32767,32768,69,56
32,7,-2,32798,32768,32767,54,56
16,8,-3,32694,32767,32768,57,56
32,7,-2,32798,32768,32767,54,56
16,8,-3,32694,32767,32768,57,56
32,7,-2,32766,32768,32767,54,102
32,7,-2,32766,32768,32767,54,6
16,4,0,32776,32767,32768,91,43
16,4,0,32778,32767,32768,91,31
16,4,0,32778,32767,32768,91,103
16,4,0,32779,32767,32768,19,18
16,4,0,32779,32767,32768,19,17
16,4,0,32780,32767,32768,19,16
16,4,0,32780,32767,32768,19,15
16,4,0,32780,32767,32768,19,14
16,4,0,32780,32767,32768,19,13
16,4,0,32778,32767,32768,19,20
16,4,0,32778,32767,32768,19,7
16,4,0,32778,32767,32768,19,31
16,4,0,32776,32767,32768,19,43
16,4,0,32768,32767,32768,19,55
32,5,-1,32862,32768,32767,86,93
16,6,-2,32865,32767,32768,55,51
32,7,-2,32862,32768,32767,50,54
16,8,-3,32860,32767,32768,51,99
16,8,-3,32860,32767,32768,51,3
16,4,0,32776,32767,32768,19,67
16,4,0,32778,32767,32768,19,79
16,4,0,32768,32767,32768,93,79
32,5,-1,32765,32768,32767,50,54
16,4,0,32770,32767,32768,93,103
16,4,0,32770,32767,32768,21,7
16,4,0,32768,32767,32768,21,31
32,5,-1,32862,32768,32767,86,93
16,4,0,32777,32767,32768,69,56
16,4,0,32777,32767,32768,45,56
16,4,0,32777,32767,32768,81,55
16,4,0,32779,32767,32768,81,103
16,4,0,32779,32767,32768,33,7
16,4,0,32777,32767,32768,33,55
16,4,0,32777,32767,32768,102,101
16,4,0,32777,32767,32768,78,77
16,4,0,32777,32767,32768,54,53
16,4,0,32777,32767,32768,30,29
16,4,0,32777,32767,32768,6,5
32,3,1,32778,32768,32767,96,97
16,4,0,32684,32767,32768,91,84
32,5,-1,32681,32768,32767,50,54
32,3,1,32863,32768,32767,86,93
16,4,0,32865,32767,32768,57,56
16,4,0,32864,32767,32768,104,103
16,4,0,32872,32767,32768,104,105
16,4,0,32861,32767,32768,104,92
16,4,0,32863,32767,32768,104,80
16,4,0,32859,32767,32768,104,68
16,4,0,32865,32767,32768,104,56
16,4,0,32859,32767,32768,104,44
16,4,0,32863,32767,32768,104,32
16,4,0,32861,32767,32768,104,20
16,4,0,32863,32767,32768,104,8
16,4,0,32854,32767,32768,9,8
16,4,0,32855,32767,32768,9,7
16,4,0,32864,32767,32768,91,90
16,4,0,32864,32767,32768,91,89
16,4,0,32865,32767,32768,91,88
16,4,0,32865,32767,32768,91,87
16,4,0,32865,32767,32768,91,86
16,4,0,32865,32767,32768,91,85
16,4,0,32863,32767,32768,91,92
16,4,0,32863,32767,32768,91,79
16,4,0,32861,32767,32768,91,67
16,4,0,32853,32767,32768,91,55
16,4,0,32861,32767,32768,91,43
16,4,0,32863,32767,32768,91,31
16,4,0,32863,32767,32768,91,103
16,4,0,32864,32767,32768,19,18
16,4,0,32864,32767,32768,19,17
16,4,0,32865,32767,32768,19,16
16,4,0,32865,32767,32768,19,15
16,4,0,32865,32767,32768,19,14
16,4,0,32865,32767,32768,19,13
16,4,0,32863,32767,32768,19,20
16,4,0,32863,32767,32768,19,7
16,4,0,32863,32767,32768,19,31
16,4,0,32861,32767,32768,19,43
16,4,0,32853,32767,32768,19,55
16,4,0,32861,32767,32768,19,67
16,4,0,32863,32767,32768,19,79
16,4,0,32855,32767,32768,21,7
16,4,0,32853,32767,32768,21,31
16,4,0,32862,32767,32768,69,56
16,4,0,32862,32767,32768,45,56
16,4,0,32862,32767,32768,81,55
16,4,0,32864,32767,32768,81,103
16,4,0,32864,32767,32768,33,7
16,4,0,32862,32767,32768,33,55
16,4,0,32862,32767,32768,102,101
16,4,0,32862,32767,32768,78,77
16,4,0,32862,32767,32768,54,53
16,4,0,32862,32767,32768,30,29
16,4,0,32862,32767,32768,6,5
16,2,2,32770,32767,32768,105,103
32,3,1,32779,32768,32767,0,1
16,4,0,32685,32767,32768,91,84
32,5,-1,32802,32768,32767,96,84
16,4,0,32781,32767,32768,57,56
16,4,0,32778,32767,32768,103,104
16,4,0,32770,32767,32768,9,8
16,4,0,32771,32767,32768,9,7
16,4,0,32780,32767,32768,91,90
16,4,0,32780,32767,32768,91,89
16,4,0,32781,32767,32768,91,88
16,4,0,32781,32767,32768,91,87
16,4,0,32779,32767,32768,91,92
16,4,0,32779,32767,32768,91,79
16,4,0,32777,32767,32768,91,67
16,4,0,32769,32767,32768,91,55
16,4,0,32777,32767,32768,91,43
16,4,0,32779,32767,32768,91,31
16,4,0,32780,32767,32768,19,18
16,4,0,32780,32767,32768,19,17
16,4,0,32781,32767,32768,19,16
16,4,0,32781,32767,32768,19,15
16,4,0,32781,32767,32768,19,14
16,4,0,32781,32767,32768,19,13
16,4,0,32779,32767,32768,19,20
16,4,0,32779,32767,32768,19,7
16,4,0,32779,32767,32768,19,31
16,4,0,32777,32767,32768,19,43
16,4,0,32769,32767,32768,19,55
16,4,0,32777,32767,32768,19,67
16,4,0,32779,32767,32768,19,79
16,4,0,32769,32767,32768,93,79
16,4,0,32771,32767,32768,21,7
16,4,0,32769,32767,32768,21,31
16,4,0,32778,32767,32768,69,56
16,4,0,32778,32767,32768,45,56
16,4,0,32778,32767,32768,81,55
16,4,0,32780,32767,32768,33,7
16,4,0,32778,32767,32768,33,55
16,4,0,32778,32767,32768,102,101
16,4,0,32778,32767,32768,78,77
16,4,0,32778,32767,32768,54,53
16,4,0,32778,32767,32768,30,29
16,4,0,32778,32767,32768,6,5
16,2,2,32769,32767,32768,9,8
32,3,1,32778,32768,32767,0,1
16,4,0,32684,32767,32768,91,84
32,5,-1,32801,32768,32767,96,84
16,4,0,32780,32767,32768,57,56
16,4,0,32769,32767,32768,105,104
16,4,0,32770,32767,32768,105,103
16,4,0,32779,32767,32768,8,7
16,4,0,32776,32767,32768,8,20
16,4,0,32778,32767,32768,8,32
16,4,0,32774,32767,32768,8,44
16,4,0,32780,32767,32768,8,56
16,4,0,32774,32767,32768,8,68
16,4,0,32778,32767,32768,8,80
16,4,0,32776,32767,32768,8,92
16,4,0,32778,32767,32768,8,104
16,4,0,32779,32767,32768,91,90
16,4,0,32779,32767,32768,91,89
16,4,0,32780,32767,32768,91,88
16,4,0,32780,32767,32768,91,87
16,4,0,32778,32767,32768,91,92
16,4,0,32778,32767,32768,91,79
16,4,0,32776,32767,32768,91,67
16,4,0,32768,32767,32768,91,55
32,5,-1,32765,32768,32767,50,54
16,6,-1,32768,32767,32768,55,51
32,7,-2,32770,32768,32767,54,102
16,8,-3,32655,32767,32768,105,102
32,7,-2,32770,32768,32767,54,6
16,8,-3,32664,32767,32768,8,6
16,6,-1,32767,32767,32768,8,56
32,7,-2,32990,32768,32767,54,56
16,8,-3,32886,32767,32768,57,56
16,8,-3,32883,32767,32768,69,56
16,8,-3,32883,32767,32768,45,56
16,8,-3,33000,32767,32768,55,48
32,7,-2,32990,32768,32767,54,56
16,8,-3,32886,32767,32768,57,56
16,8,-3,32883,32767,32768,69,56
16,8,-3,32883,32767,32768,45,56
16,8,-3,33000,32767,32768,55,48
32,7,-2,32769,32768,32767,54,102
16,8,-3,32654,32767,32768,105,102
32,7,-2,32769,32768,32767,54,6
16,8,-3,32779,32767,32768,55,48
16,6,-1,32773,32767,32768,55,43
16,6,-1,32775,32767,32768,55,31
16,6,-1,32773,32767,32768,55,67
16,6,-1,32775,32767,32768,55,79
16,6,-1,32775,32767,32768,55,91
16,6,-1,32775,32767,32768,55,103
16,6,-1,32764,32767,32768,69,56
32,7,-2,32798,32768,32767,54,56
16,8,-3,32694,32767,32768,57,56
32,7,-2,32798,32768,32767,54,56
16,8,-3,32694,32767,32768,57,56
32,7,-2,32766,32768,32767,54,102
32,7,-2,32766,32768,32767,54,6
16,4,0,32776,32767,32768,91,43
16,4,0,32778,32767,32768,91,31
16,4,0,32778,32767,32768,91,103
16,4,0,32779,32767,32768,19,18
16,4,0,32779,32767,32768,19,17
16,4,0,32780,32767,32768,19,16
16,4,0,32780,32767,32768,19,15
16,4,0,32780,32767,32768,19,14
16,4,0,32780,32767,32768,19,13
16,4,0,32778,32767,32768,19,20
16,4,0,32778,32767,32768,19,7
16,4,0,32778,32767,32768,19,31
16,4,0,32776,32767,32768,19,43
16,4,0,32768,32767,32768,19,55
32,5,-1,32862,32768,32767,86,93
16,6,-2,32745,32767,32768,105,93
32,5,-1,32765,32768,32767,50,54
16,6,-1,32768,32767,32768,55,51
32,7,-2,32862,32768,32767,86,93
16,8,-3,32745,32767,32768,105,93
32,7,-2,32770,32768,32767,54,102
16,8,-3,32655,32767,32768,105,102
32,7,-2,32770,32768,32767,54,6
16,8,-3,32664,32767,32768,8,6
16,6,-1,32767,32767,32768,8,56
32,7,-2,32990,32768,32767,54,56
16,8,-3,32886,32767,32768,57,56
16,8,-3,32883,32767,32768,69,56
16,8,-3,32883,32767,32768,45,56
16,8,-3,33000,32767,32768,55,48
32,7,-2,32990,32768,32767,54,56
16,8,-3,32886,32767,32768,57,56
16,8,-3,32883,32767,32768,69,56
16,8,-3,32883,32767,32768,45,56
16,8,-3,33000,32767,32768,55,48
32,7,-2,32861,32768,32767,86,93
16,8,-3,32744,32767,32768,105,93
32,9,-4,32967,32768,32767,54,56
16,10,-5,32863,32767,32768,57,56
16,10,-5,32860,32767,32768,69,56
16,10,-5,32860,32767,32768,45,56
16,10,-5,32977,32767,32768,55,48
32,7,-2,32769,32768,32767,54,102
16,8,-3,32654,32767,32768,105,102
32,7,-2,32769,32768,32767,54,6
16,8,-3,32779,32767,32768,55,48
16,6,-1,32773,32767,32768,55,43
16,6,-1,32775,32767,32768,55,31
16,6,-1,32775,32767,32768,55,19
16,6,-1,32775,32767,32768,55,7
16,6,-1,32773,32767,32768,55,67
16,6,-1,32775,32767,32768,55,79
16,6,-1,32764,32767,32768,69,56
32,7,-2,32798,32768,32767,54,56
16,8,-3,32694,32767,32768,57,56
32,7,-2,32858,32768,32767,86,93
16,8,-2,32741,32767,32768,105,93
32,7,-2,32798,32768,32767,54,56
16,8,-3,32694,32767,32768,57,56
32,7,-2,32766,32768,32767,54,102
32,7,-2,32766,32768,32767,54,6
16,4,0,32776,32767,32768,19,67
16,4,0,32778,32767,32768,19,79
16,4,0,32768,32767,32768,93,79
32,5,-1,32765,32768,32767,50,54
16,4,0,32770,32767,32768,93,103
16,4,0,32770,32767,32768,21,7
16,4,0,32768,32767,32768,21,31
32,5,-1,32862,32768,32767,86,93
16,6,-2,32745,32767,32768,105,93
32,5,-1,32765,32768,32767,50,54
16,4,0,32777,32767,32768,69,56
16,4,0,32777,32767,32768,45,56
16,4,0,32777,32767,32768,81,55
16,4,0,32779,32767,32768,81,103
16,4,0,32779,32767,32768,33,7
16,4,0,32777,32767,32768,33,55
16,4,0,32777,32767,32768,102,101
16,4,0,32777,32767,32768,78,77
16,4,0,32777,32767,32768,54,53
16,4,0,32777,32767,32768,30,29
16,4,0,32777,32767,32768,6,5
32,3,1,32863,32768,32767,86,93
16,4,0,32746,32767,32768,105,93
32,5,-1,32743,32768,32767,50,54
32,3,1,32766,32768,32767,50,54
16,4,0,32672,32767,32768,91,84
32,5,-1,32789,32768,32767,96,84
16,4,0,32768,32767,32768,57,56
32,5,-1,32862,32768,32767,86,93
16,6,-2,32745,32767,32768,105,93
32,5,-1,32770,32768,32767,54,102
16,6,-2,32655,32767,32768,105,102
32,5,-1,32770,32768,32767,54,6
16,6,-2,32664,32767,32768,8,6
16,4,0,32757,32767,32768,105,104
32,5,-1,32851,32768,32767,86,93
16,4,0,32758,32767,32768,105,103
32,5,-1,32852,32768,32767,86,93
16,4,0,32767,32767,32768,8,7
32,5,-1,32861,32768,32767,86,93
16,6,-2,32744,32767,32768,105,93
32,5,-1,32769,32768,32767,54,102
16,6,-2,32654,32767,32768,105,102
32,5,-1,32769,32768,32767,54,6
16,6,-2,32662,32767,32768,7,6
16,4,0,32775,32767,32768,8,9
16,4,0,32764,32767,32768,8,20
32,5,-1,32858,32768,32767,86,93
16,6,-2,32741,32767,32768,105,93
32,5,-1,32766,32768,32767,54,102
32,5,-1,32766,32768,32767,54,6
32,3,1,32767,32768,32767,48,49
16,4,0,32673,32767,32768,91,84
32,5,-1,32790,32768,32767,96,84
16,4,0,32765,32767,32768,8,20
32,5,-1,32859,32768,32767,86,93
16,6,-2,32742,32767,32768,105,93
32,5,-1,32762,32768,32767,50,54
32,3,1,32778,32768,32767,96,97
16,4,0,32776,32767,32768,8,20
16,4,0,32684,32767,32768,91,84
32,5,-1,32681,32768,32767,50,54
32,3,1,32777,32768,32767,96,98
16,4,0,32683,32767,32768,91,84
32,5,-1,32680,32768,32767,50,54
32,3,1,32777,32768,32767,0,2
16,4,0,32683,32767,32768,91,84
32,5,-1,32800,32768,32767,96,84
16,4,0,32775,32767,32768,8,20
16,4,0,32779,32767,32768,57,56
16,4,0,32768,32767,32768,105,104
32,5,-1,32862,32768,32767,86,93
16,4,0,32769,32767,32768,105,103
16,4,0,32778,32767,32768,8,7
16,4,0,32777,32767,32768,8,32
16,4,0,32773,32767,32768,8,44
16,4,0,32779,32767,32768,8,56
16,4,0,32773,32767,32768,8,68
16,4,0,32777,32767,32768,8,80
16,4,0,32775,32767,32768,8,92
16,4,0,32777,32767,32768,8,104
16,4,0,32778,32767,32768,91,90
16,4,0,32778,32767,32768,91,89
16,4,0,32779,32767,32768,91,88
16,4,0,32779,32767,32768,91,87
16,4,0,32777,32767,32768,91,92
16,4,0,32777,32767,32768,91,79
16,4,0,32775,32767,32768,91,67
16,4,0,32767,32767,32768,91,55
32,5,-1,32764,32768,32767,50,54
16,6,-1,32767,32767,32768,55,51
32,7,-2,32769,32768,32767,54,102
16,8,-3,32654,32767,32768,105,102
32,7,-2,32769,32768,32767,54,6
16,8,-3,32663,32767,32768,8,6
16,6,-1,32766,32767,32768,8,56
32,7,-2,32989,32768,32767,54,56
16,8,-3,32885,32767,32768,57,56
16,8,-3,32882,32767,32768,69,56
16,8,-3,32882,32767,32768,45,56
16,8,-3,32999,32767,32768,55,48
32,7,-2,32989,32768,32767,54,56
16,8,-3,32885,32767,32768,57,56
16,8,-3,32882,32767,32768,69,56
16,8,-3,32882,32767,32768,45,56
16,8,-3,32999,32767,32768,55,48
32,7,-2,32768,32768,32767,54,102
16,8,-3,32653,32767,32768,105,102
32,7,-2,32768,32768,32767,54,6
16,8,-3,32778,32767,32768,55,48
16,4,0,32775,32767,32768,91,43
16,4,0,32777,32767,32768,91,31
16,4,0,32777,32767,32768,91,103
16,4,0,32778,32767,32768,19,18
16,4,0,32778,32767,32768,19,17
16,4,0,32779,32767,32768,19,16
16,4,0,32779,32767,32768,19,15
16,4,0,32779,32767,32768,19,14
16,4,0,32779,32767,32768,19,13
16,4,0,32777,32767,32768,19,20
16,4,0,32777,32767,32768,19,7
16,4,0,32777,32767,32768,19,31
16,4,0,32775,32767,32768,19,43
16,4,0,32767,32767,32768,19,55
32,5,-1,32861,32768,32767,86,93
16,6,-2,32744,32767,32768,105,93
32,5,-1,32764,32768,32767,50,54
16,6,-1,32767,32767,32768,55,51
32,7,-2,32861,32768,32767,86,93
16,8,-3,32744,32767,32768,105,93
32,7,-2,32769,32768,32767,54,102
16,8,-3,32654,32767,32768,105,102
32,7,-2,32769,32768,32767,54,6
16,8,-3,32663,32767,32768,8,6
16,6,-1,32766,32767,32768,8,56
32,7,-2,32989,32768,32767,54,56
16,8,-3,32885,32767,32768,57,56
16,8,-3,32882,32767,32768,69,56
16,8,-3,32882,32767,32768,45,56
16,8,-3,32999,32767,32768,55,48
32,7,-2,32989,32768,32767,54,56
16,8,-3,32885,32767,32768,57,56
16,8,-3,32882,32767,32768,69,56
16,8,-3,32882,32767,32768,45,56
16,8,-3,32999,32767,32768,55,48
32,7,-2,32860,32768,32767,86,93
16,8,-3,32743,32767,32768,105,93
32,9,-4,32966,32768,32767,54,56
16,10,-5,32862,32767,32768,57,56
16,10,-5,32859,32767,32768,69,56
16,10,-5,32859,32767,32768,45,56
16,10,-5,32976,32767,32768,55,48
32,7,-2,32768,32768,32767,54,102
16,8,-3,32653,32767,32768,105,102
32,7,-2,32768,32768,32767,54,6
16,8,-3,32778,32767,32768,55,48
16,4,0,32775,32767,32768,19,67
16,4,0,32777,32767,32768,19,79
16,4,0,32767,32767,32768,93,79
32,5,-1,32764,32768,32767,50,54
16,4,0,32769,32767,32768,93,103
16,4,0,32769,32767,32768,21,7
16,4,0,32767,32767,32768,21,31
32,5,-1,32861,32768,32767,86,93
16,6,-2,32744,32767,32768,105,93
32,5,-1,32764,32768,32767,50,54
16,4,0,32776,32767,32768,69,56
16,4,0,32776,32767,32768,45,56
16,4,0,32776,32767,32768,81,55
16,4,0,32778,32767,32768,81,103
16,4,0,32778,32767,32768,33,7
16,4,0,32776,32767,32768,33,55
16,4,0,32776,32767,32768,102,101
16,4,0,32776,32767,32768,78,77
16,4,0,32776,32767,32768,54,53
16,4,0,32776,32767,32768,30,29
16,4,0,32776,32767,32768,6,5
32,3,1,32769,32768,32767,86,85
16,4,0,32675,32767,32768,91,84
32,5,-1,32792,32768,32767,96,84
16,4,0,32767,32767,32768,8,20
32,5,-1,32861,32768,32767,85,93
16,6,-2,32744,32767,32768,105,93
32,5,-1,32764,32768,32767,50,54
16,4,0,32771,32767,32768,57,56
16,4,0,32760,32767,32768,105,104
32,5,-1,32854,32768,32767,85,93
16,4,0,32761,32767,32768,105,103
32,5,-1,32855,32768,32767,85,93
16,4,0,32770,32767,32768,8,7
16,4,0,32769,32767,32768,8,32
16,4,0,32765,32767,32768,8,44
32,5,-1,32859,32768,32767,85,93
16,6,-2,32742,32767,32768,105,93
32,5,-1,32762,32768,32767,50,54
32,3,1,32768,32768,32767,86,87
16,4,0,32674,32767,32768,91,84
32,5,-1,32791,32768,32767,96,84
16,4,0,32764,32767,32768,8,44
32,5,-1,32859,32768,32767,87,93
16,6,-2,32742,32767,32768,105,93
32,5,-1,32761,32768,32767,50,54
32,3,1,32768,32768,32767,86,88
16,4,0,32764,32767,32768,8,44
32,5,-1,32859,32768,32767,88,93
16,6,-2,32742,32767,32768,105,93
32,5,-1,32761,32768,32767,50,54
32,3,1,32767,32768,32767,86,89
16,4,0,32763,32767,32768,8,44
32,5,-1,32859,32768,32767,89,93
16,6,-2,32742,32767,32768,105,93
32,5,-1,32760,32768,32767,50,54
32,3,1,32767,32768,32767,86,90
16,4,0,32763,32767,32768,8,44
32,5,-1,32859,32768,32767,90,93
16,6,-2,32742,32767,32768,105,93
32,5,-1,32760,32768,32767,50,54
32,5,-1,32772,32768,32767,90,54
16,6,-2,32734,32767,32768,44,36
32,7,-2,32967,32768,32767,48,36
16,4,0,32673,32767,32768,91,84
32,5,-1,32790,32768,32767,96,84
16,4,0,32769,32767,32768,57,56
16,4,0,32758,32767,32768,105,104
32,5,-1,32767,32768,32767,90,54
32,5,-1,32854,32768,32767,90,93
16,4,0,32759,32767,32768,105,103
32,5,-1,32855,32768,32767,90,93
16,4,0,32768,32767,32768,8,7
32,5,-1,32864,32768,32767,90,93
16,6,-2,32747,32767,32768,105,93
32,5,-1,32765,32768,32767,50,54
32,5,-1,32777,32768,32767,90,54
16,4,0,32765,32767,32768,8,20
32,5,-1,32861,32768,32767,90,93
16,6,-2,32744,32767,32768,105,93
32,5,-1,32774,32768,32767,90,54
16,4,0,32767,32767,32768,8,32
32,5,-1,32776,32768,32767,90,54
16,4,0,32769,32767,32768,8,56
16,4,0,32763,32767,32768,8,68
32,5,-1,32772,32768,32767,90,54
16,6,-2,32734,32767,32768,68,60
32,7,-2,32967,32768,32767,48,60
16,4,0,32767,32767,32768,8,80
32,5,-1,32776,32768,32767,90,54
16,4,0,32765,32767,32768,8,92
32,5,-1,32996,32768,32767,90,92
16,4,0,32767,32767,32768,8,104
32,5,-1,32776,32768,32767,90,54
16,4,0,32767,32767,32768,91,92
32,5,-1,32776,32768,32767,90,54
16,4,0,32767,32767,32768,91,79
32,5,-1,32776,32768,32767,90,54
16,6,-2,32773,32767,32768,79,75
16,4,0,32765,32767,32768,91,67
32,5,-1,32774,32768,32767,90,54
16,4,0,32757,32767,32768,91,55
32,5,-1,32766,32768,32767,90,54
16,6,-1,32769,32767,32768,55,51
32,7,-1,32761,32768,32767,50,38
32,7,-1,32759,32768,32767,50,26
32,7,-1,32759,32768,32767,50,14
32,7,-1,32759,32768,32767,50,2
32,7,-1,32761,32768,32767,50,62
32,7,-1,32759,32768,32767,50,74
32,7,-1,32759,32768,32767,50,86
32,7,-1,32759,32768,32767,50,98
32,7,-1,32770,32768,32767,60,49
16,8,-2,32736,32767,32768,51,49
32,9,-3,32840,32768,32767,48,49
16,8,-2,32736,32767,32768,51,49
32,9,-3,32840,32768,32767,48,49
16,8,-2,32768,32767,32768,51,99
32,9,-3,32883,32768,32767,96,99
16,8,-2,32768,32767,32768,51,3
32,9,-3,32883,32768,32767,0,3
16,6,-1,32768,32767,32768,8,56
32,7,-2,32991,32768,32767,54,56
16,8,-3,32887,32767,32768,57,56
16,8,-3,32884,32767,32768,69,56
16,8,-3,32884,32767,32768,45,56
16,6,-1,32774,32767,32768,55,43
16,6,-1,32776,32767,32768,55,31
16,6,-1,32774,32767,32768,55,67
16,6,-1,32776,32767,32768,55,79
16,6,-1,32776,32767,32768,55,91
16,6,-1,32776,32767,32768,55,103
16,6,-1,32765,32767,32768,69,56
32,7,-2,32799,32768,32767,54,56
16,8,-3,32695,32767,32768,57,56
32,7,-2,32799,32768,32767,54,56
16,8,-3,32695,32767,32768,57,56
32,7,-2,32767,32768,32767,54,102
16,8,-3,32652,32767,32768,105,102
32,7,-2,32767,32768,32767,54,6
16,8,-3,32661,32767,32768,8,6
32,5,-1,32754,32768,32767,50,54
16,6,-1,32757,32767,32768,55,51
32,7,-2,32759,32768,32767,54,6
32,3,1,32769,32768,32767,86,74
16,4,0,32765,32767,32768,8,44
32,5,-1,32768,32768,32767,74,78
16,6,-2,32730,32767,32768,44,36
32,7,-2,32963,32768,32767,48,36
32,5,-1,32762,32768,32767,50,54
16,4,0,32759,32767,32768,91,55
32,5,-1,32762,32768,32767,74,78
32,5,-1,32756,32768,32767,50,54
16,6,-1,32759,32767,32768,55,51
32,7,-2,32761,32768,32767,54,102
32,7,-2,32762,32768,32767,74,78
32,7,-2,32761,32768,32767,54,6
32,3,1,32771,32768,32767,86,62
16,4,0,32761,32767,32768,91,55
32,5,-1,32758,32768,32767,50,54
16,6,-1,32761,32767,32768,55,51
32,7,-2,32763,32768,32767,54,102
32,7,-2,32763,32768,32767,54,6
32,3,1,32769,32768,32767,86,98
16,4,0,32759,32767,32768,91,55
32,5,-1,32762,32768,32767,98,102
32,5,-1,32756,32768,32767,50,54
16,6,-1,32759,32767,32768,55,51
32,7,-2,32761,32768,32767,54,102
32,7,-2,32762,32768,32767,98,102
32,7,-2,32761,32768,32767,54,6
32,3,1,32758,32768,32767,50,49
16,4,0,32748,32767,32768,91,55
32,5,-1,32756,32768,32767,49,54
16,6,-1,32759,32767,32768,55,51
32,7,-2,32761,32768,32767,54,102
32,7,-2,32761,32768,32767,54,6
32,3,1,32761,32768,32767,50,38
16,4,0,32751,32767,32768,91,55
32,3,1,32759,32768,32767,50,26
16,4,0,32749,32767,32768,91,55
32,5,-1,32752,32768,32767,26,30
32,3,1,32759,32768,32767,50,2
16,4,0,32749,32767,32768,91,55
32,5,-1,32752,32768,32767,2,6
32,3,1,32761,32768,32767,50,62
16,4,0,32751,32767,32768,91,55
32,3,1,32759,32768,32767,50,74
16,4,0,32749,32767,32768,91,55
32,5,-1,32752,32768,32767,74,78
32,3,1,32779,32768,32767,84,74
16,4,0,32769,32767,32768,91,55
16,4,0,32775,32767,32768,8,44
16,4,0,32781,32767,32768,57,56
16,4,0,32770,32767,32768,105,104
16,4,0,32771,32767,32768,105,103
16,4,0,32780,32767,32768,8,7
16,4,0,32777,32767,32768,8,20
16,4,0,32779,32767,32768,8,32
16,4,0,32781,32767,32768,8,56
16,4,0,32775,32767,32768,8,68
16,4,0,32779,32767,32768,8,80
16,4,0,32777,32767,32768,8,92
16,4,0,32779,32767,32768,8,104
16,4,0,32780,32767,32768,91,90
16,4,0,32780,32767,32768,91,89
16,4,0,32781,32767,32768,91,88
16,4,0,32781,32767,32768,91,87
16,4,0,32779,32767,32768,91,92
16,4,0,32779,32767,32768,91,79
16,4,0,32777,32767,32768,91,67
16,4,0,32777,32767,32768,91,43
16,4,0,32779,32767,32768,91,31
16,4,0,32779,32767,32768,91,103
16,4,0,32780,32767,32768,19,18
16,4,0,32780,32767,32768,19,17
16,4,0,32781,32767,32768,19,16
16,4,0,32781,32767,32768,19,15
16,4,0,32781,32767,32768,19,14
16,4,0,32781,32767,32768,19,13
16,4,0,32779,32767,32768,19,20
16,4,0,32779,32767,32768,19,7
16,4,0,32779,32767,32768,19,31
16,4,0,32777,32767,32768,19,43
16,4,0,32769,32767,32768,19,55
16,4,0,32777,32767,32768,19,67
16,4,0,32779,32767,32768,19,79
16,4,0,32769,32767,32768,93,79
16,4,0,32771,32767,32768,93,103
16,4,0,32771,32767,32768,21,7
16,4,0,32769,32767,32768,21,31
16,4,0,32778,32767,32768,69,56
16,4,0,32778,32767,32768,45,56
16,4,0,32778,32767,32768,81,55
16,4,0,32780,32767,32768,81,103
16,4,0,32780,32767,32768,33,7
16,4,0,32778,32767,32768,33,55
16,4,0,32778,32767,32768,102,101
16,4,0,32778,32767,32768,78,77
16,4,0,32778,32767,32768,54,53
16,4,0,32778,32767,32768,30,29
16,4,0,32778,32767,32768,6,5
16,2,2,32770,32767,32768,9,7
32,3,1,32779,32768,32767,0,1
16,4,0,32769,32767,32768,91,55
16,4,0,32685,32767,32768,91,84
32,5,-1,32802,32768,32767,96,84
16,4,0,32781,32767,32768,57,56
16,4,0,32770,32767,32768,105,104
16,4,0,32771,32767,32768,105,103
16,4,0,32778,32767,32768,7,8
16,4,0,32780,32767,32768,91,90
16,4,0,32780,32767,32768,91,89
16,4,0,32781,32767,32768,91,88
16,4,0,32781,32767,32768,91,87
16,4,0,32779,32767,32768,91,92
16,4,0,32779,32767,32768,91,79
16,4,0,32777,32767,32768,91,67
16,4,0,32777,32767,32768,91,43
16,4,0,32779,32767,32768,91,31
16,4,0,32779,32767,32768,91,103
16,4,0,32780,32767,32768,19,18
16,4,0,32780,32767,32768,19,17
16,4,0,32781,32767,32768,19,16
16,4,0,32781,32767,32768,19,15
16,4,0,32781,32767,32768,19,14
16,4,0,32781,32767,32768,19,13
16,4,0,32779,32767,32768,19,20
16,4,0,32779,32767,32768,19,31
16,4,0,32777,32767,32768,19,43
16,4,0,32769,32767,32768,19,55
16,4,0,32777,32767,32768,19,67
16,4,0,32779,32767,32768,19,79
16,4,0,32769,32767,32768,93,79
16,4,0,32771,32767,32768,93,103
16,4,0,32769,32767,32768,21,31
16,4,0,32778,32767,32768,69,56
16,4,0,32778,32767,32768,45,56
16,4,0,32778,32767,32768,81,55
16,4,0,32780,32767,32768,81,103
16,4,0,32778,32767,32768,33,55
16,4,0,32778,32767,32768,102,101
16,4,0,32778,32767,32768,78,77
16,4,0,32778,32767,32768,54,53
16,4,0,32778,32767,32768,30,29
16,4,0,32778,32767,32768,6,5
16,2,2,32779,32767,32768,91,90
32,3,1,32788,32768,32767,0,1
16,4,0,32693,32767,32768,90,84
32,5,-1,32810,32768,32767,96,84
16,4,0,32790,32767,32768,57,56
16,4,0,32779,32767,32768,105,104
16,4,0,32780,32767,32768,105,103
16,4,0,32779,32767,32768,9,8
16,4,0,32780,32767,32768,9,7
16,4,0,32788,32767,32768,90,89
16,4,0,32789,32767,32768,90,88
16,4,0,32789,32767,32768,90,87
16,4,0,32787,32767,32768,90,92
16,4,0,32789,32767,32768,19,18
16,4,0,32789,32767,32768,19,17
16,4,0,32790,32767,32768,19,16
16,4,0,32790,32767,32768,19,15
16,4,0,32790,32767,32768,19,14
16,4,0,32790,32767,32768,19,13
16,4,0,32788,32767,32768,19,20
16,4,0,32788,32767,32768,19,7
16,4,0,32788,32767,32768,19,31
16,4,0,32786,32767,32768,19,43
16,4,0,32778,32767,32768,19,55
16,4,0,32786,32767,32768,19,67
16,4,0,32788,32767,32768,19,79
16,4,0,32788,32767,32768,19,91
16,4,0,32788,32767,32768,19,103
16,4,0,32778,32767,32768,93,79
16,4,0,32780,32767,32768,93,103
16,4,0,32780,32767,32768,21,7
16,4,0,32778,32767,32768,21,31
16,4,0,32787,32767,32768,69,56
16,4,0,32787,32767,32768,45,56
16,4,0,32787,32767,32768,81,55
16,4,0,32789,32767,32768,81,103
16,4,0,32789,32767,32768,33,7
16,4,0,32787,32767,32768,33,55
16,4,0,32787,32767,32768,102,101
16,4,0,32787,32767,32768,78,77
16,4,0,32787,32767,32768,54,53
16,4,0,32787,32767,32768,30,29
16,4,0,32787,32767,32768,6,5
16,2,2,32779,32767,32768,91,89
32,3,1,32788,32768,32767,0,1
16,4,0,32693,32767,32768,89,84
32,5,-1,32810,32768,32767,96,84
16,4,0,32790,32767,32768,57,56
16,4,0,32779,32767,32768,105,104
16,4,0,32780,32767,32768,105,103
16,4,0,32779,32767,32768,9,8
16,4,0,32780,32767,32768,9,7
16,4,0,32789,32767,32768,89,88
16,4,0,32789,32767,32768,89,87
16,4,0,32788,32767,32768,89,90
16,4,0,32787,32767,32768,89,92
16,4,0,32788,32767,32768,89,77
16,4,0,32786,32767,32768,89,65
16,4,0,32785,32767,32768,89,53
16,4,0,32786,32767,32768,89,41
16,4,0,32788,32767,32768,89,29
16,4,0,32788,32767,32768,89,17
16,4,0,32788,32767,32768,89,5
16,4,0,32788,32767,32768,89,101
16,4,0,32789,32767,32768,19,18
16,4,0,32789,32767,32768,19,17
16,4,0,32790,32767,32768,19,16
16,4,0,32790,32767,32768,19,15
16,4,0,32790,32767,32768,19,14
16,4,0,32790,32767,32768,19,13
16,4,0,32788,32767,32768,19,20
16,4,0,32788,32767,32768,19,7
16,4,0,32788,32767,32768,19,31
16,4,0,32786,32767,32768,19,43
16,4,0,32778,32767,32768,19,55
16,4,0,32786,32767,32768,19,67
16,4,0,32788,32767,32768,19,79
16,4,0,32788,32767,32768,19,91
16,4,0,32788,32767,32768,19,103
16,4,0,32778,32767,32768,93,79
16,4,0,32780,32767,32768,93,103
16,4,0,32780,32767,32768,21,7
16,4,0,32778,32767,32768,21,31
16,4,0,32787,32767,32768,69,56
16,4,0,32787,32767,32768,45,56
16,4,0,32787,32767,32768,81,55
16,4,0,32789,32767,32768,81,103
16,4,0,32789,32767,32768,33,7
16,4,0,32787,32767,32768,33,55
16,4,0,32787,32767,32768,102,101
16,4,0,32787,32767,32768,78,77
16,4,0,32787,32767,32768,54,53
16,4,0,32787,32767,32768,30,29
16,4,0,32787,32767,32768,6,5
16,2,2,32780,32767,32768,91,88
32,3,1,32789,32768,32767,0,1
16,4,0,32693,32767,32768,88,84
32,5,-1,32810,32768,32767,96,84
16,4,0,32791,32767,32768,57,56
16,4,0,32780,32767,32768,105,104
16,4,0,32781,32767,32768,105,103
16,4,0,32780,32767,32768,9,8
16,4,0,32781,32767,32768,9,7
16,4,0,32789,32767,32768,88,87
16,4,0,32788,32767,32768,88,89
16,4,0,32788,32767,32768,88,90
16,4,0,32787,32767,32768,88,92
16,4,0,32789,32767,32768,88,76
16,4,0,32787,32767,32768,88,64
16,4,0,32786,32767,32768,88,52
16,4,0,32787,32767,32768,88,40
16,4,0,32789,32767,32768,88,28
16,4,0,32789,32767,32768,88,16
16,4,0,32789,32767,32768,88,4
16,4,0,32789,32767,32768,88,100
16,4,0,32790,32767,32768,19,18
16,4,0,32790,32767,32768,19,17
16,4,0,32791,32767,32768,19,16
16,4,0,32791,32767,32768,19,15
16,4,0,32791,32767,32768,19,14
16,4,0,32791,32767,32768,19,13
16,4,0,32789,32767,32768,19,20
16,4,0,32789,32767,32768,19,7
16,4,0,32789,32767,32768,19,31
16,4,0,32787,32767,32768,19,43
16,4,0,32779,32767,32768,19,55
16,4,0,32787,32767,32768,19,67
16,4,0,32789,32767,32768,19,79
16,4,0,32789,32767,32768,19,91
16,4,0,32789,32767,32768,19,103
16,4,0,32779,32767,32768,93,79
16,4,0,32781,32767,32768,93,103
16,4,0,32781,32767,32768,21,7
16,4,0,32779,32767,32768,21,31
16,4,0,32788,32767,32768,69,56
16,4,0,32788,32767,32768,45,56
16,4,0,32788,32767,32768,81,55
16,4,0,32790,32767,32768,81,103
16,4,0,32790,32767,32768,33,7
16,4,0,32788,32767,32768,33,55
16,4,0,32788,32767,32768,102,101
16,4,0,32788,32767,32768,78,77
16,4,0,32788,32767,32768,54,53
16,4,0,32788,32767,32768,30,29
16,4,0,32788,32767,32768,6,5
16,2,2,32780,32767,32768,91,87
32,3,1,32789,32768,32767,0,1
16,4,0,32693,32767,32768,87,84
32,5,-1,32810,32768,32767,96,84
16,4,0,32780,32767,32768,87,51
32,5,0,32777,32768,32767,50,54
16,6,-1,32775,32767,32768,51,99
16,6,-1,32775,32767,32768,51,3
16,4,0,32791,32767,32768,57,56
16,4,0,32780,32767,32768,105,104
16,4,0,32781,32767,32768,105,103
16,4,0,32780,32767,32768,9,8
16,4,0,32781,32767,32768,9,7
16,4,0,32789,32767,32768,87,88
16,4,0,32788,32767,32768,87,89
16,4,0,32788,32767,32768,87,90
16,4,0,32787,32767,32768,87,92
16,4,0,32790,32767,32768,19,18
16,4,0,32790,32767,32768,19,17
16,4,0,32791,32767,32768,19,16
16,4,0,32791,32767,32768,19,15
16,4,0,32791,32767,32768,19,14
16,4,0,32791,32767,32768,19,13
16,4,0,32789,32767,32768,19,20
16,4,0,32789,32767,32768,19,7
16,4,0,32789,32767,32768,19,31
16,4,0,32787,32767,32768,19,43
16,4,0,32779,32767,32768,19,55
16,4,0,32787,32767,32768,19,67
16,4,0,32789,32767,32768,19,79
16,4,0,32789,32767,32768,19,91
16,4,0,32789,32767,32768,19,103
16,4,0,32779,32767,32768,93,79
16,4,0,32781,32767,32768,93,103
16,4,0,32781,32767,32768,21,7
16,4,0,32779,32767,32768,21,31
16,4,0,32788,32767,32768,69,56
16,4,0,32788,32767,32768,45,56
16,4,0,32788,32767,32768,81,55
16,4,0,32790,32767,32768,81,103
16,4,0,32790,32767,32768,33,7
16,4,0,32788,32767,32768,33,55
16,4,0,32788,32767,32768,102,101
16,4,0,32788,32767,32768,78,77
16,4,0,32788,32767,32768,54,53
16,4,0,32788,32767,32768,30,29
16,4,0,32788,32767,32768,6,5
16,2,2,32778,32767,32768,91,79
32,3,1,32787,32768,32767,0,1
16,4,0,32784,32767,32768,79,75
16,4,0,32789,32767,32768,57,56
16,4,0,32778,32767,32768,105,104
16,4,0,32779,32767,32768,105,103
16,4,0,32778,32767,32768,9,8
16,4,0,32779,32767,32768,9,7
16,4,0,32787,32767,32768,79,80
16,4,0,32785,32767,32768,79,67
16,4,0,32777,32767,32768,79,55
16,4,0,32785,32767,32768,79,43
16,4,0,32787,32767,32768,79,31
16,4,0,32787,32767,32768,79,103
16,4,0,32788,32767,32768,19,18
16,4,0,32788,32767,32768,19,17
16,4,0,32789,32767,32768,19,16
16,4,0,32789,32767,32768,19,15
16,4,0,32789,32767,32768,19,14
16,4,0,32789,32767,32768,19,13
16,4,0,32787,32767,32768,19,20
16,4,0,32787,32767,32768,19,7
16,4,0,32787,32767,32768,19,31
16,4,0,32785,32767,32768,19,43
16,4,0,32777,32767,32768,19,55
16,4,0,32785,32767,32768,19,67
16,4,0,32779,32767,32768,93,103
16,4,0,32779,32767,32768,21,7
16,4,0,32777,32767,32768,21,31
16,4,0,32786,32767,32768,69,56
16,4,0,32786,32767,32768,45,56
16,4,0,32786,32767,32768,81,55
16,4,0,32788,32767,32768,81,103
16,4,0,32788,32767,32768,33,7
16,4,0,32786,32767,32768,33,55
16,4,0,32786,32767,32768,102,101
16,4,0,32786,32767,32768,78,77
16,4,0,32786,32767,32768,54,53
16,4,0,32786,32767,32768,30,29
16,4,0,32786,32767,32768,6,5
16,2,2,32776,32767,32768,91,67
32,3,1,32785,32768,32767,0,1
16,4,0,32787,32767,32768,57,56
16,4,0,32776,32767,32768,105,104
16,4,0,32777,32767,32768,105,103
16,4,0,32776,32767,32768,9,8
16,4,0,32777,32767,32768,9,7
16,4,0,32786,32767,32768,67,66
16,4,0,32786,32767,32768,67,65
16,4,0,32787,32767,32768,67,64
16,4,0,32788,32767,32768,67,63
16,4,0,32789,32767,32768,67,62
16,4,0,32790,32767,32768,67,61
16,4,0,32787,32767,32768,67,68
16,4,0,32777,32767,32768,67,55
16,4,0,32785,32767,32768,67,43
16,4,0,32787,32767,32768,67,31
16,4,0,32787,32767,32768,67,79
16,4,0,32787,32767,32768,67,103
16,4,0,32786,32767,32768,19,18
16,4,0,32786,32767,32768,19,17
16,4,0,32787,32767,32768,19,16
16,4,0,32787,32767,32768,19,15
16,4,0,32787,32767,32768,19,14
16,4,0,32787,32767,32768,19,13
16,4,0,32785,32767,32768,19,20
16,4,0,32785,32767,32768,19,7
16,4,0,32785,32767,32768,19,31
16,4,0,32783,32767,32768,19,43
16,4,0,32775,32767,32768,19,55
16,4,0,32775,32767,32768,93,79
16,4,0,32777,32767,32768,93,103
16,4,0,32777,32767,32768,21,7
16,4,0,32775,32767,32768,21,31
16,4,0,32784,32767,32768,69,56
16,4,0,32784,32767,32768,45,56
16,4,0,32784,32767,32768,81,55
16,4,0,32786,32767,32768,81,103
16,4,0,32786,32767,32768,33,7
16,4,0,32784,32767,32768,33,55
16,4,0,32784,32767,32768,102,101
16,4,0,32784,32767,32768,78,77
16,4,0,32784,32767,32768,54,53
16,4,0,32784,32767,32768,30,29
16,4,0,32784,32767,32768,6,5
16,2,2,32776,32767,32768,91,43
32,3,1,32785,32768,32767,0,1
16,4,0,32787,32767,32768,57,56
16,4,0,32776,32767,32768,105,104
16,4,0,32777,32767,32768,105,103
16,4,0,32776,32767,32768,9,8
16,4,0,32777,32767,32768,9,7
16,4,0,32786,32767,32768,43,42
16,4,0,32786,32767,32768,43,41
16,4,0,32787,32767,32768,43,40
16,4,0,32788,32767,32768,43,39
16,4,0,32789,32767,32768,43,38
16,4,0,32790,32767,32768,43,37
16,4,0,32787,32767,32768,43,44
16,4,0,32787,32767,32768,43,31
16,4,0,32777,32767,32768,43,55
16,4,0,32785,32767,32768,43,67
16,4,0,32787,32767,32768,43,79
16,4,0,32787,32767,32768,43,103
16,4,0,32786,32767,32768,19,18
16,4,0,32786,32767,32768,19,17
16,4,0,32787,32767,32768,19,16
16,4,0,32787,32767,32768,19,15
16,4,0,32787,32767,32768,19,14
16,4,0,32787,32767,32768,19,13
16,4,0,32785,32767,32768,19,20
16,4,0,32785,32767,32768,19,7
16,4,0,32785,32767,32768,19,31
16,4,0,32775,32767,32768,93,79
16,4,0,32777,32767,32768,93,103
16,4,0,32777,32767,32768,21,7
16,4,0,32775,32767,32768,21,31
16,4,0,32784,32767,32768,69,56
16,4,0,32784,32767,32768,45,56
16,4,0,32784,32767,32768,81,55
16,4,0,32786,32767,32768,81,103
16,4,0,32786,32767,32768,33,7
16,4,0,32784,32767,32768,33,55
16,4,0,32784,32767,32768,102,101
16,4,0,32784,32767,32768,78,77
16,4,0,32784,32767,32768,54,53
16,4,0,32784,32767,32768,30,29
16,4,0,32784,32767,32768,6,5
16,2,2,32778,32767,32768,91,31
32,3,1,32787,32768,32767,0,1
16,4,0,32784,32767,32768,31,27
16,4,0,32789,32767,32768,57,56
16,4,0,32778,32767,32768,105,104
16,4,0,32779,32767,32768,105,103
16,4,0,32778,32767,32768,9,8
16,4,0,32779,32767,32768,9,7
16,4,0,32787,32767,32768,31,32
16,4,0,32785,32767,32768,31,43
16,4,0,32777,32767,32768,31,55
16,4,0,32785,32767,32768,31,67
16,4,0,32787,32767,32768,31,79
16,4,0,32787,32767,32768,31,103
16,4,0,32788,32767,32768,19,18
16,4,0,32788,32767,32768,19,17
16,4,0,32789,32767,32768,19,16
16,4,0,32789,32767,32768,19,15
16,4,0,32789,32767,32768,19,14
16,4,0,32789,32767,32768,19,13
16,4,0,32787,32767,32768,19,20
16,4,0,32787,32767,32768,19,7
16,4,0,32777,32767,32768,93,79
16,4,0,32779,32767,32768,93,103
16,4,0,32779,32767,32768,21,7
16,4,0,32786,32767,32768,69,56
16,4,0,32786,32767,32768,45,56
16,4,0,32786,32767,32768,81,55
16,4,0,32788,32767,32768,81,103
16,4,0,32788,32767,32768,33,7
16,4,0,32786,32767,32768,33,55
16,4,0,32786,32767,32768,102,101
16,4,0,32786,32767,32768,78,77
16,4,0,32786,32767,32768,54,53
16,4,0,32786,32767,32768,30,29
16,4,0,32786,32767,32768,6,5
16,2,2,32778,32767,32768,91,103
32,3,1,32787,32768,32767,0,1
16,4,0,32784,32767,32768,103,99
16,4,0,32789,32767,32768,57,56
16,4,0,32778,32767,32768,105,104
16,4,0,32778,32767,32768,9,8
16,4,0,32779,32767,32768,9,7
16,4,0,32788,32767,32768,103,104
16,4,0,32787,32767,32768,103,79
16,4,0,32785,32767,32768,103,67
16,4,0,32777,32767,32768,103,55
16,4,0,32785,32767,32768,103,43
16,4,0,32787,32767,32768,103,31
16,4,0,32788,32767,32768,19,18
16,4,0,32788,32767,32768,19,17
16,4,0,32789,32767,32768,19,16
16,4,0,32789,32767,32768,19,15
16,4,0,32789,32767,32768,19,14
16,4,0,32789,32767,32768,19,13
16,4,0,32787,32767,32768,19,20
16,4,0,32787,32767,32768,19,7
16,4,0,32787,32767,32768,19,31
16,4,0,32785,32767,32768,19,43
16,4,0,32777,32767,32768,19,55
16,4,0,32785,32767,32768,19,67
16,4,0,32787,32767,32768,19,79
16,4,0,32787,32767,32768,19,91
16,4,0,32777,32767,32768,93,79
16,4,0,32779,32767,32768,21,7
16,4,0,32777,32767,32768,21,31
16,4,0,32786,32767,32768,69,56
16,4,0,32786,32767,32768,45,56
16,4,0,32786,32767,32768,81,55
16,4,0,32788,32767,32768,33,7
16,4,0,32786,32767,32768,33,55
16,4,0,32786,32767,32768,102,101
16,4,0,32786,32767,32768,78,77
16,4,0,32786,32767,32768,54,53
16,4,0,32786,32767,32768,30,29
16,4,0,32786,32767,32768,6,5
16,2,2,32779,32767,32768,19,18
32,3,1,32788,32768,32767,0,1
16,4,0,32778,32767,32768,91,55
16,4,0,32694,32767,32768,91,84
32,5,-1,32811,32768,32767,96,84
16,4,0,32790,32767,32768,57,56
16,4,0,32779,32767,32768,105,104
16,4,0,32780,32767,32768,105,103
16,4,0,32779,32767,32768,9,8
16,4,0,32780,32767,32768,9,7
16,4,0,32789,32767,32768,91,90
16,4,0,32789,32767,32768,91,89
16,4,0,32790,32767,32768,91,88
16,4,0,32790,32767,32768,91,87
16,4,0,32788,32767,32768,91,92
16,4,0,32788,32767,32768,91,79
16,4,0,32786,32767,32768,91,67
16,4,0,32786,32767,32768,91,43
16,4,0,32788,32767,32768,91,31
16,4,0,32788,32767,32768,91,19
16,4,0,32788,32767,32768,91,7
16,4,0,32788,32767,32768,91,103
16,4,0,32788,32767,32768,18,17
16,4,0,32789,32767,32768,18,16
16,4,0,32789,32767,32768,18,15
16,4,0,32789,32767,32768,18,14
16,4,0,32789,32767,32768,18,13
16,4,0,32787,32767,32768,18,20
16,4,0,32778,32767,32768,93,79
16,4,0,32780,32767,32768,93,103
16,4,0,32780,32767,32768,21,7
16,4,0,32778,32767,32768,21,31
16,4,0,32787,32767,32768,69,56
16,4,0,32787,32767,32768,45,56
16,4,0,32787,32767,32768,81,55
16,4,0,32789,32767,32768,81,103
16,4,0,32789,32767,32768,33,7
16,4,0,32787,32767,32768,33,55
16,4,0,32787,32767,32768,102,101
16,4,0,32787,32767,32768,78,77
16,4,0,32787,32767,32768,54,53
16,4,0,32787,32767,32768,30,29
16,4,0,32787,32767,32768,6,5
16,2,2,32779,32767,32768,19,17
32,3,1,32788,32768,32767,0,1
16,4,0,32778,32767,32768,91,55
16,4,0,32694,32767,32768,91,84
32,5,-1,32811,32768,32767,96,84
16,4,0,32790,32767,32768,57,56
16,4,0,32779,32767,32768,105,104
16,4,0,32780,32767,32768,105,103
16,4,0,32779,32767,32768,9,8
16,4,0,32780,32767,32768,9,7
16,4,0,32789,32767,32768,91,90
16,4,0,32789,32767,32768,91,89
16,4,0,32790,32767,32768,91,88
16,4,0,32790,32767,32768,91,87
16,4,0,32788,32767,32768,91,92
16,4,0,32788,32767,32768,91,79
16,4,0,32786,32767,32768,91,67
16,4,0,32786,32767,32768,91,43
16,4,0,32788,32767,32768,91,31
16,4,0,32788,32767,32768,91,19
16,4,0,32788,32767,32768,91,7
16,4,0,32788,32767,32768,91,103
16,4,0,32789,32767,32768,17,16
16,4,0,32789,32767,32768,17,15
16,4,0,32789,32767,32768,17,14
16,4,0,32789,32767,32768,17,13
16,4,0,32788,32767,32768,17,18
16,4,0,32787,32767,32768,17,20
16,4,0,32788,32767,32768,17,5
16,4,0,32788,32767,32768,17,29
16,4,0,32786,32767,32768,17,41
16,4,0,32785,32767,32768,17,53
16,4,0,32786,32767,32768,17,65
16,4,0,32788,32767,32768,17,77
16,4,0,32788,32767,32768,17,89
16,4,0,32788,32767,32768,17,101
16,4,0,32778,32767,32768,93,79
16,4,0,32780,32767,32768,93,103
16,4,0,32780,32767,32768,21,7
16,4,0,32778,32767,32768,21,31
16,4,0,32787,32767,32768,69,56
16,4,0,32787,32767,32768,45,56
16,4,0,32787,32767,32768,81,55
16,4,0,32789,32767,32768,81,103
16,4,0,32789,32767,32768,33,7
16,4,0,32787,32767,32768,33,55
16,4,0,32787,32767,32768,102,101
16,4,0,32787,32767,32768,78,77
16,4,0,32787,32767,32768,54,53
16,4,0,32787,32767,32768,30,29
16,4,0,32787,32767,32768,6,5
16,2,2,32780,32767,32768,19,16
32,3,1,32789,32768,32767,0,1
16,4,0,32779,32767,32768,91,55
16,4,0,32695,32767,32768,91,84
32,5,-1,32812,32768,32767,96,84
16,4,0,32791,32767,32768,57,56
16,4,0,32780,32767,32768,105,104
16,4,0,32781,32767,32768,105,103
16,4,0,32780,32767,32768,9,8
16,4,0,32781,32767,32768,9,7
16,4,0,32790,32767,32768,91,90
16,4,0,32790,32767,32768,91,89
16,4,0,32791,32767,32768,91,88
16,4,0,32791,32767,32768,91,87
16,4,0,32789,32767,32768,91,92
16,4,0,32789,32767,32768,91,79
16,4,0,32787,32767,32768,91,67
16,4,0,32787,32767,32768,91,43
16,4,0,32789,32767,32768,91,31
16,4,0,32789,32767,32768,91,19
16,4,0,32789,32767,32768,91,7
16,4,0,32789,32767,32768,91,103
16,4,0,32789,32767,32768,16,15
16,4,0,32789,32767,32768,16,14
16,4,0,32789,32767,32768,16,13
16,4,0,32788,32767,32768,16,17
16,4,0,32788,32767,32768,16,18
16,4,0,32787,32767,32768,16,20
16,4,0,32789,32767,32768,16,4
16,4,0,32789,32767,32768,16,28
16,4,0,32787,32767,32768,16,40
16,4,0,32786,32767,32768,16,52
16,4,0,32787,32767,32768,16,64
16,4,0,32789,32767,32768,16,76
16,4,0,32789,32767,32768,16,88
16,4,0,32789,32767,32768,16,100
16,4,0,32779,32767,32768,93,79
16,4,0,32781,32767,32768,93,103
16,4,0,32781,32767,32768,21,7
16,4,0,32779,32767,32768,21,31
16,4,0,32788,32767,32768,69,56
16,4,0,32788,32767,32768,45,56
16,4,0,32788,32767,32768,81,55
16,4,0,32790,32767,32768,81,103
16,4,0,32790,32767,32768,33,7
16,4,0,32788,32767,32768,33,55
16,4,0,32788,32767,32768,102,101
16,4,0,32788,32767,32768,78,77
16,4,0,32788,32767,32768,54,53
16,4,0,32788,32767,32768,30,29
16,4,0,32788,32767,32768,6,5
16,2,2,32780,32767,32768,19,15
32,3,1,32789,32768,32767,0,1
16,4,0,32779,32767,32768,91,55
16,4,0,32695,32767,32768,91,84
32,5,-1,32812,32768,32767,96,84
16,6,-2,32803,32767,32768,15,51
32,7,-2,32800,32768,32767,50,54
16,8,-3,32798,32767,32768,51,99
16,8,-3,32798,32767,32768,51,3
16,4,0,32780,32767,32768,15,51
32,5,0,32777,32768,32767,50,54
16,6,-1,32683,32767,32768,91,84
32,7,-2,32800,32768,32767,96,84
16,6,-1,32775,32767,32768,51,99
16,6,-1,32775,32767,32768,51,3
16,4,0,32791,32767,32768,57,56
16,4,0,32780,32767,32768,105,104
16,4,0,32781,32767,32768,105,103
16,4,0,32780,32767,32768,9,8
16,4,0,32781,32767,32768,9,7
16,4,0,32790,32767,32768,91,90
16,4,0,32790,32767,32768,91,89
16,4,0,32791,32767,32768,91,88
16,4,0,32791,32767,32768,91,87
16,4,0,32789,32767,32768,91,92
16,4,0,32789,32767,32768,91,79
16,4,0,32787,32767,32768,91,67
16,4,0,32787,32767,32768,91,43
16,4,0,32789,32767,32768,91,31
16,4,0,32789,32767,32768,91,19
16,4,0,32789,32767,32768,91,7
16,4,0,32789,32767,32768,91,103
16,4,0,32789,32767,32768,15,14
16,4,0,32789,32767,32768,15,13
16,4,0,32789,32767,32768,15,16
16,4,0,32788,32767,32768,15,17
16,4,0,32788,32767,32768,15,18
16,4,0,32787,32767,32768,15,20
16,4,0,32779,32767,32768,93,79
16,4,0,32781,32767,32768,93,103
16,4,0,32781,32767,32768,21,7
16,4,0,32779,32767,32768,21,31
16,4,0,32788,32767,32768,69,56
16,4,0,32788,32767,32768,45,56
16,4,0,32788,32767,32768,81,55
16,4,0,32790,32767,32768,81,103
16,4,0,32790,32767,32768,33,7
16,4,0,32788,32767,32768,33,55
16,4,0,32788,32767,32768,102,101
16,4,0,32788,32767,32768,78,77
16,4,0,32788,32767,32768,54,53
16,4,0,32788,32767,32768,30,29
16,4,0,32788,32767,32768,6,5
16,2,2,32780,32767,32768,19,14
32,3,1,32887,32768,32767,86,14
16,4,0,32877,32767,32768,91,55
16,4,0,32889,32767,32768,57,56
16,4,0,32878,32767,32768,105,104
16,4,0,32879,32767,32768,105,103
16,4,0,32878,32767,32768,9,8
16,4,0,32879,32767,32768,9,7
16,4,0,32888,32767,32768,91,90
16,4,0,32888,32767,32768,91,89
16,4,0,32889,32767,32768,91,88
16,4,0,32889,32767,32768,91,87
16,4,0,32889,32767,32768,91,86
16,4,0,32889,32767,32768,91,85
16,4,0,32887,32767,32768,91,92
16,4,0,32887,32767,32768,91,79
16,4,0,32885,32767,32768,91,67
16,4,0,32885,32767,32768,91,43
16,4,0,32887,32767,32768,91,31
16,4,0,32887,32767,32768,91,19
16,4,0,32887,32767,32768,91,7
16,4,0,32887,32767,32768,91,103
16,4,0,32877,32767,32768,93,79
16,4,0,32879,32767,32768,93,103
16,4,0,32879,32767,32768,21,7
16,4,0,32877,32767,32768,21,31
16,4,0,32886,32767,32768,69,56
16,4,0,32886,32767,32768,45,56
16,4,0,32886,32767,32768,81,55
16,4,0,32888,32767,32768,81,103
16,4,0,32888,32767,32768,33,7
16,4,0,32886,32767,32768,33,55
16,4,0,32886,32767,32768,102,101
16,4,0,32886,32767,32768,78,77
16,4,0,32886,32767,32768,54,53
16,4,0,32886,32767,32768,30,29
16,4,0,32886,32767,32768,6,5
16,2,2,32780,32767,32768,19,13
32,3,1,32789,32768,32767,0,1
16,4,0,32779,32767,32768,91,55
16,4,0,32695,32767,32768,91,84
32,5,-1,32812,32768,32767,96,84
16,4,0,32791,32767,32768,57,56
16,4,0,32780,32767,32768,105,104
16,4,0,32781,32767,32768,105,103
16,4,0,32780,32767,32768,9,8
16,4,0,32781,32767,32768,9,7
16,4,0,32790,32767,32768,91,90
16,4,0,32790,32767,32768,91,89
16,4,0,32791,32767,32768,91,88
16,4,0,32791,32767,32768,91,87
16,4,0,32789,32767,32768,91,92
16,4,0,32789,32767,32768,91,79
16,4,0,32787,32767,32768,91,67
16,4,0,32787,32767,32768,91,43
16,4,0,32789,32767,32768,91,31
16,4,0,32789,32767,32768,91,19
16,4,0,32789,32767,32768,91,7
16,4,0,32789,32767,32768,91,103
16,4,0,32789,32767,32768,13,14
16,4,0,32789,32767,32768,13,15
16,4,0,32789,32767,32768,13,16
16,4,0,32788,32767,32768,13,17
16,4,0,32788,32767,32768,13,18
16,4,0,32787,32767,32768,13,20
16,4,0,32789,32767,32768,13,25
16,4,0,32790,32767,32768,13,37
16,4,0,32790,32767,32768,13,49
16,4,0,32790,32767,32768,13,61
16,4,0,32789,32767,32768,13,73
16,4,0,32789,32767,32768,13,85
16,4,0,32788,32767,32768,13,97
16,4,0,32779,32767,32768,93,79
16,4,0,32781,32767,32768,93,103
16,4,0,32781,32767,32768,21,7
16,4,0,32779,32767,32768,21,31
16,4,0,32788,32767,32768,69,56
16,4,0,32788,32767,32768,45,56
16,4,0,32788,32767,32768,81,55
16,4,0,32790,32767,32768,81,103
16,4,0,32790,32767,32768,33,7
16,4,0,32788,32767,32768,33,55
16,4,0,32788,32767,32768,102,101
16,4,0,32788,32767,32768,78,77
16,4,0,32788,32767,32768,54,53
16,4,0,32788,32767,32768,30,29
16,4,0,32788,32767,32768,6,5
16,2,2,32778,32767,32768,19,20
32,3,1,32787,32768,32767,0,1
16,4,0,32777,32767,32768,91,55
16,4,0,32693,32767,32768,91,84
32,5,-1,32810,32768,32767,96,84
16,4,0,32789,32767,32768,57,56
16,4,0,32778,32767,32768,105,104
16,4,0,32779,32767,32768,105,103
16,4,0,32778,32767,32768,9,8
16,4,0,32779,32767,32768,9,7
16,4,0,32788,32767,32768,91,90
16,4,0,32788,32767,32768,91,89
16,4,0,32789,32767,32768,91,88
16,4,0,32789,32767,32768,91,87
16,4,0,32787,32767,32768,91,92
16,4,0,32787,32767,32768,91,79
16,4,0,32785,32767,32768,91,67
16,4,0,32785,32767,32768,91,43
16,4,0,32787,32767,32768,91,31
16,4,0,32787,32767,32768,91,19
16,4,0,32787,32767,32768,91,7
16,4,0,32787,32767,32768,91,103
16,4,0,32788,32767,32768,20,18
16,4,0,32788,32767,32768,20,17
16,4,0,32789,32767,32768,20,16
16,4,0,32789,32767,32768,20,15
16,4,0,32789,32767,32768,20,14
16,4,0,32789,32767,32768,20,13
16,4,0,32788,32767,32768,20,8
16,4,0,32787,32767,32768,20,32
16,4,0,32787,32767,32768,20,44
16,4,0,32788,32767,32768,20,56
16,4,0,32787,32767,32768,20,68
16,4,0,32787,32767,32768,20,80
16,4,0,32787,32767,32768,20,92
16,4,0,32788,32767,32768,20,104
16,4,0,32777,32767,32768,93,79
16,4,0,32779,32767,32768,93,103
16,4,0,32786,32767,32768,69,56
16,4,0,32786,32767,32768,45,56
16,4,0,32786,32767,32768,81,55
16,4,0,32788,32767,32768,81,103
16,4,0,32786,32767,32768,33,55
16,4,0,32786,32767,32768,102,101
16,4,0,32786,32767,32768,78,77
16,4,0,32786,32767,32768,54,53
16,4,0,32786,32767,32768,30,29
16,4,0,32786,32767,32768,6,5
16,2,2,32778,32767,32768,19,7
32,3,1,32787,32768,32767,0,1
16,4,0,32777,32767,32768,91,55
16,4,0,32693,32767,32768,91,84
32,5,-1,32810,32768,32767,96,84
16,6,-2,32807,32767,32768,7,3
16,4,0,32784,32767,32768,7,3
16,4,0,32789,32767,32768,57,56
16,4,0,32778,32767,32768,105,104
16,4,0,32779,32767,32768,105,103
16,4,0,32778,32767,32768,9,8
16,4,0,32788,32767,32768,91,90
16,4,0,32788,32767,32768,91,89
16,4,0,32789,32767,32768,91,88
16,4,0,32789,32767,32768,91,87
16,4,0,32787,32767,32768,91,92
16,4,0,32787,32767,32768,91,79
16,4,0,32785,32767,32768,91,67
16,4,0,32785,32767,32768,91,43
16,4,0,32787,32767,32768,91,31
16,4,0,32787,32767,32768,91,19
16,4,0,32787,32767,32768,91,103
16,4,0,32788,32767,32768,7,8
16,4,0,32787,32767,32768,7,31
16,4,0,32785,32767,32768,7,43
16,4,0,32777,32767,32768,7,55
16,4,0,32785,32767,32768,7,67
16,4,0,32787,32767,32768,7,79
16,4,0,32777,32767,32768,93,79
16,4,0,32779,32767,32768,93,103
16,4,0,32777,32767,32768,21,31
16,4,0,32786,32767,32768,69,56
16,4,0,32786,32767,32768,45,56
16,4,0,32786,32767,32768,81,55
16,4,0,32788,32767,32768,81,103
16,4,0,32786,32767,32768,33,55
16,4,0,32786,32767,32768,102,101
16,4,0,32786,32767,32768,78,77
16,4,0,32786,32767,32768,54,53
16,4,0,32786,32767,32768,30,29
16,4,0,32786,32767,32768,6,5
16,2,2,32778,32767,32768,19,31
32,3,1,32787,32768,32767,0,1
16,4,0,32777,32767,32768,91,55
16,4,0,32693,32767,32768,91,84
32,5,-1,32810,32768,32767,96,84
16,6,-2,32807,32767,32768,31,27
16,4,0,32784,32767,32768,31,27
16,4,0,32789,32767,32768,57,56
16,4,0,32778,32767,32768,105,104
16,4,0,32779,32767,32768,105,103
16,4,0,32778,32767,32768,9,8
16,4,0,32779,32767,32768,9,7
16,4,0,32788,32767,32768,91,90
16,4,0,32788,32767,32768,91,89
16,4,0,32789,32767,32768,91,88
16,4,0,32789,32767,32768,91,87
16,4,0,32787,32767,32768,91,92
16,4,0,32787,32767,32768,91,79
16,4,0,32785,32767,32768,91,67
16,4,0,32785,32767,32768,91,43
16,4,0,32787,32767,32768,91,103
16,4,0,32787,32767,32768,31,32
16,4,0,32787,32767,32768,31,7
16,4,0,32785,32767,32768,31,43
16,4,0,32777,32767,32768,31,55
16,4,0,32785,32767,32768,31,67
16,4,0,32787,32767,32768,31,79
16,4,0,32777,32767,32768,93,79
16,4,0,32779,32767,32768,93,103
16,4,0,32779,32767,32768,21,7
16,4,0,32786,32767,32768,69,56
16,4,0,32786,32767,32768,45,56
16,4,0,32786,32767,32768,81,55
16,4,0,32788,32767,32768,81,103
16,4,0,32788,32767,32768,33,7
16,4,0,32786,32767,32768,33,55
16,4,0,32786,32767,32768,102,101
16,4,0,32786,32767,32768,78,77
16,4,0,32786,32767,32768,54,53
16,4,0,32786,32767,32768,30,29
16,4,0,32786,32767,32768,6,5
16,2,2,32776,32767,32768,19,43
32,3,1,32785,32768,32767,0,1
16,4,0,32775,32767,32768,91,55
16,4,0,32691,32767,32768,91,84
32,5,-1,32808,32768,32767,96,84
16,4,0,32787,32767,32768,57,56
16,4,0,32776,32767,32768,105,104
16,4,0,32777,32767,32768,105,103
16,4,0,32776,32767,32768,9,8
16,4,0,32777,32767,32768,9,7
16,4,0,32786,32767,32768,91,90
16,4,0,32786,32767,32768,91,89
16,4,0,32787,32767,32768,91,88
16,4,0,32787,32767,32768,91,87
16,4,0,32785,32767,32768,91,92
16,4,0,32785,32767,32768,91,79
16,4,0,32783,32767,32768,91,67
16,4,0,32785,32767,32768,91,103
16,4,0,32786,32767,32768,43,42
16,4,0,32786,32767,32768,43,41
16,4,0,32787,32767,32768,43,40
16,4,0,32788,32767,32768,43,39
16,4,0,32789,32767,32768,43,38
16,4,0,32790,32767,32768,43,37
16,4,0,32787,32767,32768,43,44
16,4,0,32787,32767,32768,43,31
16,4,0,32787,32767,32768,43,7
16,4,0,32777,32767,32768,43,55
16,4,0,32785,32767,32768,43,67
16,4,0,32787,32767,32768,43,79
16,4,0,32775,32767,32768,93,79
16,4,0,32777,32767,32768,93,103
16,4,0,32777,32767,32768,21,7
16,4,0,32775,32767,32768,21,31
16,4,0,32784,32767,32768,69,56
16,4,0,32784,32767,32768,45,56
16,4,0,32784,32767,32768,81,55
16,4,0,32786,32767,32768,81,103
16,4,0,32786,32767,32768,33,7
16,4,0,32784,32767,32768,33,55
16,4,0,32784,32767,32768,102,101
16,4,0,32784,32767,32768,78,77
16,4,0,32784,32767,32768,54,53
16,4,0,32784,32767,32768,30,29
16,4,0,32784,32767,32768,6,5
16,2,2,32768,32767,32768,19,55
32,3,1,32777,32768,32767,0,1
16,4,0,32683,32767,32768,91,84
32,5,-1,32800,32768,32767,96,84
16,6,-2,32803,32767,32768,55,51
32,7,-2,32800,32768,32767,50,54
16,8,-3,32798,32767,32768,51,99
16,8,-3,32798,32767,32768,51,3
16,4,0,32780,32767,32768,55,51
32,5,0,32777,32768,32767,50,54
16,6,-1,32683,32767,32768,91,84
32,7,-2,32800,32768,32767,96,84
16,6,-1,32775,32767,32768,51,99
16,6,-1,32775,32767,32768,51,3
16,4,0,32779,32767,32768,57,56
16,4,0,32768,32767,32768,105,104
32,5,-1,32862,32768,32767,86,93
16,6,-2,32865,32767,32768,55,51
32,7,-2,32862,32768,32767,50,54
16,8,-3,32860,32767,32768,51,99
16,8,-3,32860,32767,32768,51,3
16,4,0,32769,32767,32768,105,103
16,4,0,32768,32767,32768,9,8
32,5,-1,32862,32768,32767,86,93
16,6,-2,32745,32767,32768,105,93
32,5,-1,32765,32768,32767,50,54
16,6,-1,32768,32767,32768,55,51
32,7,-2,32862,32768,32767,86,93
16,8,-3,32745,32767,32768,105,93
32,7,-2,32770,32768,32767,54,102
16,8,-3,32655,32767,32768,105,102
32,7,-2,32770,32768,32767,54,6
16,8,-3,32664,32767,32768,8,6
16,6,-1,32767,32767,32768,8,56
32,7,-2,32990,32768,32767,54,56
16,8,-3,32886,32767,32768,57,56
16,8,-3,32883,32767,32768,69,56
16,8,-3,32883,32767,32768,45,56
16,8,-3,33000,32767,32768,55,48
32,7,-2,32990,32768,32767,54,56
16,8,-3,32886,32767,32768,57,56
16,8,-3,32883,32767,32768,69,56
16,8,-3,32883,32767,32768,45,56
16,8,-3,33000,32767,32768,55,48
32,7,-2,32861,32768,32767,86,93
16,8,-3,32744,32767,32768,105,93
32,9,-4,32967,32768,32767,54,56
16,10,-5,32863,32767,32768,57,56
16,10,-5,32860,32767,32768,69,56
16,10,-5,32860,32767,32768,45,56
16,10,-5,32977,32767,32768,55,48
32,7,-2,32769,32768,32767,54,102
16,8,-3,32654,32767,32768,105,102
32,7,-2,32769,32768,32767,54,6
16,8,-3,32779,32767,32768,55,48
16,6,-1,32773,32767,32768,55,43
16,6,-1,32775,32767,32768,55,31
16,6,-1,32775,32767,32768,55,19
16,6,-1,32775,32767,32768,55,7
16,6,-1,32773,32767,32768,55,67
16,6,-1,32775,32767,32768,55,79
16,6,-1,32764,32767,32768,69,56
32,7,-2,32798,32768,32767,54,56
16,8,-3,32694,32767,32768,57,56
32,7,-2,32858,32768,32767,86,93
16,8,-2,32741,32767,32768,105,93
32,7,-2,32798,32768,32767,54,56
16,8,-3,32694,32767,32768,57,56
32,7,-2,32766,32768,32767,54,102
32,7,-2,32766,32768,32767,54,6
16,4,0,32769,32767,32768,9,7
16,4,0,32778,32767,32768,91,90
16,4,0,32778,32767,32768,91,89
16,4,0,32779,32767,32768,91,88
16,4,0,32779,32767,32768,91,87
16,4,0,32777,32767,32768,91,92
16,4,0,32777,32767,32768,91,79
16,4,0,32775,32767,32768,91,67
16,4,0,32777,32767,32768,91,103
16,4,0,32788,32767,32768,55,56
16,4,0,32785,32767,32768,55,43
16,4,0,32787,32767,32768,55,31
16,4,0,32787,32767,32768,55,7
16,4,0,32785,32767,32768,55,67
16,4,0,32787,32767,32768,55,79
16,4,0,32767,32767,32768,93,79
32,5,-1,32764,32768,32767,50,54
16,6,-1,32648,32767,32768,79,54
16,4,0,32769,32767,32768,93,103
16,4,0,32769,32767,32768,21,7
16,4,0,32767,32767,32768,21,31
32,5,-1,32861,32768,32767,86,93
16,6,-2,32744,32767,32768,105,93
32,5,-1,32764,32768,32767,50,54
16,6,-1,32648,32767,32768,31,54
32,7,-2,32742,32768,32767,86,93
16,4,0,32776,32767,32768,69,56
16,4,0,32776,32767,32768,45,56
16,4,0,32778,32767,32768,81,103
16,4,0,32778,32767,32768,33,7
16,4,0,32776,32767,32768,102,101
16,4,0,32776,32767,32768,78,77
16,4,0,32776,32767,32768,54,53
16,4,0,32776,32767,32768,30,29
16,4,0,32776,32767,32768,6,5
32,3,1,32778,32768,32767,84,74
16,4,0,32781,32767,32768,55,51
32,5,0,32897,32768,32767,74,51
16,4,0,32780,32767,32768,57,56
16,4,0,32769,32767,32768,105,104
16,4,0,32770,32767,32768,105,103
16,4,0,32769,32767,32768,9,8
16,4,0,32770,32767,32768,9,7
16,4,0,32779,32767,32768,91,90
16,4,0,32779,32767,32768,91,89
16,4,0,32780,32767,32768,91,88
16,4,0,32780,32767,32768,91,87
16,4,0,32778,32767,32768,91,92
16,4,0,32778,32767,32768,91,79
16,4,0,32776,32767,32768,91,67
16,4,0,32778,32767,32768,91,103
16,4,0,32789,32767,32768,55,56
16,4,0,32786,32767,32768,55,43
16,4,0,32788,32767,32768,55,31
16,4,0,32788,32767,32768,55,7
16,4,0,32786,32767,32768,55,67
16,4,0,32788,32767,32768,55,79
16,4,0,32768,32767,32768,93,79
32,5,-1,32765,32768,32767,50,54
16,6,-1,32649,32767,32768,79,54
16,4,0,32770,32767,32768,93,103
16,4,0,32770,32767,32768,21,7
16,4,0,32768,32767,32768,21,31
32,5,-1,32862,32768,32767,86,93
16,6,-2,32745,32767,32768,105,93
32,5,-1,32765,32768,32767,50,54
16,6,-1,32649,32767,32768,31,54
32,7,-2,32743,32768,32767,86,93
16,4,0,32777,32767,32768,69,56
16,4,0,32777,32767,32768,45,56
16,4,0,32779,32767,32768,81,103
16,4,0,32779,32767,32768,33,7
16,4,0,32777,32767,32768,102,101
16,4,0,32777,32767,32768,78,77
16,4,0,32777,32767,32768,54,53
16,4,0,32777,32767,32768,30,29
16,4,0,32777,32767,32768,6,5
32,3,1,32862,32768,32767,86,93
16,4,0,32745,32767,32768,105,93
32,5,-1,32742,32768,32767,50,54
16,6,-1,32745,32767,32768,55,51
32,7,-2,32747,32768,32767,54,102
32,7,-2,32747,32768,32767,54,6
32,3,1,32765,32768,32767,50,54
16,4,1,32768,32767,32768,55,51
32,5,0,32862,32768,32767,86,93
16,6,-1,32745,32767,32768,105,93
32,7,-2,32747,32768,32767,54,102
32,7,-2,32747,32768,32767,54,6
32,5,0,32770,32768,32767,54,102
16,6,-1,32655,32767,32768,105,102
32,7,-2,32749,32768,32767,86,93
32,5,0,32770,32768,32767,54,6
16,6,-1,32655,32767,32768,9,6
32,7,-2,32749,32768,32767,86,93
32,5,0,32766,32768,32767,48,49
32,5,0,32777,32768,32767,96,97
16,6,-1,32683,32767,32768,91,84
32,7,-2,32685,32768,32767,54,102
32,7,-2,32685,32768,32767,54,6
32,5,0,32776,32768,32767,96,98
16,6,-1,32682,32767,32768,91,84
32,7,-2,32684,32768,32767,54,102
32,7,-2,32684,32768,32767,54,6
32,5,0,32777,32768,32767,0,1
16,6,-1,32683,32767,32768,91,84
32,7,-2,32800,32768,32767,96,84
16,6,-1,32775,32767,32768,51,99
16,6,-1,32775,32767,32768,51,3
16,4,1,32773,32767,32768,55,43
32,5,0,32782,32768,32767,0,1
16,6,-1,32688,32767,32768,91,84
32,7,-2,32805,32768,32767,96,84
16,4,1,32775,32767,32768,55,31
32,5,0,32784,32768,32767,0,1
16,6,-1,32690,32767,32768,91,84
32,7,-2,32807,32768,32767,96,84
16,6,-1,32781,32767,32768,31,27
16,4,1,32775,32767,32768,55,19
32,5,0,32784,32768,32767,0,1
16,6,-1,32690,32767,32768,91,84
32,7,-2,32807,32768,32767,96,84
16,4,1,32775,32767,32768,55,7
32,5,0,32784,32768,32767,0,1
16,6,-1,32690,32767,32768,91,84
32,7,-2,32807,32768,32767,96,84
16,6,-1,32781,32767,32768,7,3
16,4,1,32773,32767,32768,55,67
32,5,0,32782,32768,32767,0,1
16,6,-1,32688,32767,32768,91,84
32,7,-2,32805,32768,32767,96,84
16,4,1,32775,32767,32768,55,79
32,5,0,32784,32768,32767,0,1
16,6,-1,32690,32767,32768,91,84
32,7,-2,32807,32768,32767,96,84
16,6,-1,32781,32767,32768,79,75
16,4,1,32764,32767,32768,69,56
32,5,0,32798,32768,32767,54,56
16,6,-1,32694,32767,32768,57,56
32,7,-2,32788,32768,32767,86,93
16,8,-3,32671,32767,32768,105,93
32,5,0,32773,32768,32767,0,1
16,6,-1,32679,32767,32768,91,84
32,7,-2,32796,32768,32767,96,84
16,6,-1,32776,32767,32768,55,51
16,4,1,32764,32767,32768,45,56
32,5,0,32798,32768,32767,54,56
16,6,-1,32694,32767,32768,57,56
32,7,-2,32788,32768,32767,86,93
16,8,-3,32671,32767,32768,105,93
32,5,0,32773,32768,32767,0,1
16,6,-1,32679,32767,32768,91,84
32,7,-2,32796,32768,32767,96,84
16,6,-1,32776,32767,32768,55,51
16,2,2,32776,32767,32768,19,67
32,3,1,32785,32768,32767,0,1
16,4,0,32691,32767,32768,91,84
32,5,-1,32808,32768,32767,96,84
16,4,0,32787,32767,32768,57,56
16,4,0,32776,32767,32768,105,104
16,4,0,32777,32767,32768,105,103
16,4,0,32776,32767,32768,9,8
16,4,0,32777,32767,32768,9,7
16,4,0,32786,32767,32768,91,90
16,4,0,32786,32767,32768,91,89
16,4,0,32787,32767,32768,91,88
16,4,0,32787,32767,32768,91,87
16,4,0,32785,32767,32768,91,92
16,4,0,32785,32767,32768,91,79
16,4,0,32785,32767,32768,91,103
16,4,0,32786,32767,32768,67,66
16,4,0,32786,32767,32768,67,65
16,4,0,32787,32767,32768,67,64
16,4,0,32788,32767,32768,67,63
16,4,0,32789,32767,32768,67,62
16,4,0,32790,32767,32768,67,61
16,4,0,32787,32767,32768,67,68
16,4,0,32777,32767,32768,67,55
16,4,0,32785,32767,32768,67,43
16,4,0,32787,32767,32768,67,31
16,4,0,32787,32767,32768,67,7
16,4,0,32787,32767,32768,67,79
16,4,0,32775,32767,32768,93,79
16,4,0,32777,32767,32768,93,103
16,4,0,32777,32767,32768,21,7
16,4,0,32775,32767,32768,21,31
16,4,0,32784,32767,32768,69,56
16,4,0,32784,32767,32768,45,56
16,4,0,32784,32767,32768,81,55
16,4,0,32786,32767,32768,81,103
16,4,0,32786,32767,32768,33,7
16,4,0,32784,32767,32768,33,55
16,4,0,32784,32767,32768,102,101
16,4,0,32784,32767,32768,78,77
16,4,0,32784,32767,32768,54,53
16,4,0,32784,32767,32768,30,29
16,4,0,32784,32767,32768,6,5
16,2,2,32778,32767,32768,19,79
32,3,1,32787,32768,32767,0,1
16,4,0,32693,32767,32768,91,84
32,5,-1,32810,32768,32767,96,84
16,6,-2,32807,32767,32768,79,75
16,4,0,32784,32767,32768,79,75
16,4,0,32789,32767,32768,57,56
16,4,0,32778,32767,32768,105,104
16,4,0,32779,32767,32768,105,103
16,4,0,32778,32767,32768,9,8
16,4,0,32779,32767,32768,9,7
16,4,0,32788,32767,32768,91,90
16,4,0,32788,32767,32768,91,89
16,4,0,32789,32767,32768,91,88
16,4,0,32789,32767,32768,91,87
16,4,0,32787,32767,32768,91,92
16,4,0,32787,32767,32768,91,103
16,4,0,32787,32767,32768,79,80
16,4,0,32785,32767,32768,79,67
16,4,0,32777,32767,32768,79,55
16,4,0,32785,32767,32768,79,43
16,4,0,32787,32767,32768,79,31
16,4,0,32787,32767,32768,79,7
16,4,0,32779,32767,32768,93,103
16,4,0,32779,32767,32768,21,7
16,4,0,32777,32767,32768,21,31
16,4,0,32786,32767,32768,69,56
16,4,0,32786,32767,32768,45,56
16,4,0,32786,32767,32768,81,55
16,4,0,32788,32767,32768,81,103
16,4,0,32788,32767,32768,33,7
16,4,0,32786,32767,32768,33,55
16,4,0,32786,32767,32768,102,101
16,4,0,32786,32767,32768,78,77
16,4,0,32786,32767,32768,54,53
16,4,0,32786,32767,32768,30,29
16,4,0,32786,32767,32768,6,5
16,2,2,32768,32767,32768,93,79
32,3,1,32777,32768,32767,0,1
16,4,0,32683,32767,32768,91,84
32,5,-1,32800,32768,32767,96,84
16,4,0,32779,32767,32768,57,56
16,4,0,32768,32767,32768,105,104
32,5,-1,32765,32768,32767,50,54
16,4,0,32769,32767,32768,105,103
16,4,0,32767,32767,32768,105,93
32,5,-1,32995,32768,32767,86,93
16,6,-2,32898,32767,32768,79,93
16,6,-2,32898,32767,32768,79,93
16,4,0,32768,32767,32768,9,8
32,5,-1,32765,32768,32767,50,54
16,4,0,32769,32767,32768,9,7
16,4,0,32778,32767,32768,91,90
16,4,0,32778,32767,32768,91,89
16,4,0,32779,32767,32768,91,88
16,4,0,32779,32767,32768,91,87
16,4,0,32777,32767,32768,91,92
16,4,0,32778,32767,32768,91,93
16,4,0,32777,32767,32768,91,103
16,4,0,32778,32767,32768,19,18
16,4,0,32778,32767,32768,19,17
16,4,0,32779,32767,32768,19,16
16,4,0,32779,32767,32768,19,15
16,4,0,32779,32767,32768,19,14
16,4,0,32779,32767,32768,19,13
16,4,0,32777,32767,32768,19,20
16,4,0,32777,32767,32768,19,7
16,4,0,32777,32767,32768,19,31
16,4,0,32775,32767,32768,19,43
16,4,0,32767,32767,32768,19,55
32,5,-1,32764,32768,32767,50,54
16,6,-1,32648,32767,32768,79,54
16,4,0,32775,32767,32768,19,67
16,4,0,32805,32767,32768,79,56
16,4,0,32769,32767,32768,21,7
16,4,0,32767,32767,32768,21,31
32,5,-1,32764,32768,32767,50,54
16,4,0,32776,32767,32768,69,56
16,4,0,32776,32767,32768,45,56
16,4,0,32776,32767,32768,81,55
16,4,0,32778,32767,32768,81,103
16,4,0,32778,32767,32768,33,7
16,4,0,32776,32767,32768,33,55
16,4,0,32776,32767,32768,102,101
16,4,0,32776,32767,32768,78,77
16,4,0,32776,32767,32768,54,53
16,4,0,32776,32767,32768,30,29
16,4,0,32776,32767,32768,6,5
32,3,1,32765,32768,32767,50,54
16,4,0,32649,32767,32768,79,54
32,3,1,32766,32768,32767,48,49
16,4,0,32672,32767,32768,91,84
32,5,-1,32789,32768,32767,96,84
16,4,0,32768,32767,32768,57,56
32,5,-1,32765,32768,32767,50,54
16,4,0,32757,32767,32768,105,104
32,5,-1,32754,32768,32767,50,54
32,3,1,32777,32768,32767,96,97
16,4,0,32768,32767,32768,105,104
32,5,-1,32765,32768,32767,50,54
16,4,0,32683,32767,32768,91,84
32,5,-1,32680,32768,32767,50,54
32,3,1,32776,32768,32767,96,98
16,4,0,32682,32767,32768,91,84
32,5,-1,32679,32768,32767,50,54
32,3,1,32776,32768,32767,0,2
16,4,0,32682,32767,32768,91,84
32,5,-1,32799,32768,32767,96,84
16,4,0,32778,32767,32768,57,56
16,4,0,32767,32767,32768,105,104
32,5,-1,32764,32768,32767,50,54
16,4,0,32768,32767,32768,105,103
32,5,-1,32765,32768,32767,50,54
16,4,0,32766,32767,32768,105,93
32,5,-1,32994,32768,32767,86,93
16,6,-2,32897,32767,32768,79,93
16,6,-2,32897,32767,32768,79,93
16,4,0,32767,32767,32768,9,8
32,5,-1,32764,32768,32767,50,54
16,4,0,32768,32767,32768,9,7
32,5,-1,32765,32768,32767,50,54
16,4,0,32777,32767,32768,91,90
16,4,0,32777,32767,32768,91,89
16,4,0,32778,32767,32768,91,88
16,4,0,32778,32767,32768,91,87
16,4,0,32776,32767,32768,91,92
16,4,0,32777,32767,32768,91,93
16,4,0,32776,32767,32768,91,103
16,4,0,32777,32767,32768,19,18
16,4,0,32777,32767,32768,19,17
16,4,0,32778,32767,32768,19,16
16,4,0,32778,32767,32768,19,15
16,4,0,32778,32767,32768,19,14
16,4,0,32778,32767,32768,19,13
16,4,0,32776,32767,32768,19,20
16,4,0,32776,32767,32768,19,7
16,4,0,32776,32767,32768,19,31
16,4,0,32774,32767,32768,19,43
16,4,0,32766,32767,32768,19,55
32,5,-1,32763,32768,32767,50,54
16,6,-1,32647,32767,32768,79,54
32,3,1,32768,32768,32767,86,85
16,4,0,32674,32767,32768,91,84
32,5,-1,32791,32768,32767,96,84
16,4,0,32758,32767,32768,19,55
32,5,-1,32755,32768,32767,50,54
16,6,-1,32639,32767,32768,79,54
32,3,1,32767,32768,32767,86,87
16,4,0,32757,32767,32768,19,55
32,5,-1,32754,32768,32767,50,54
16,6,-1,32638,32767,32768,79,54
32,3,1,32767,32768,32767,86,88
16,4,0,32757,32767,32768,19,55
32,5,-1,32754,32768,32767,50,54
16,6,-1,32638,32767,32768,79,54
32,3,1,32766,32768,32767,86,89
16,4,0,32756,32767,32768,19,55
32,5,-1,32753,32768,32767,50,54
16,6,-1,32637,32767,32768,79,54
32,3,1,32766,32768,32767,86,90
16,4,0,32756,32767,32768,19,55
32,5,-1,32765,32768,32767,90,54
16,6,-1,32649,32767,32768,79,54
32,7,-2,32752,32768,32767,50,54
16,8,-2,32755,32767,32768,55,51
32,9,-3,32757,32768,32767,54,102
32,9,-3,32757,32768,32767,54,6
32,7,-2,32752,32768,32767,50,54
16,8,-2,32755,32767,32768,55,51
32,9,-3,32757,32768,32767,54,102
32,9,-3,32757,32768,32767,54,6
32,5,-1,32753,32768,32767,50,54
16,6,-1,32637,32767,32768,79,54
32,7,-2,32752,32768,32767,90,54
16,8,-2,32755,32767,32768,55,51
32,9,-3,32757,32768,32767,54,102
32,9,-3,32757,32768,32767,54,6
32,7,-2,32752,32768,32767,90,54
16,8,-2,32755,32767,32768,55,51
32,9,-3,32757,32768,32767,54,102
32,9,-3,32757,32768,32767,54,6
32,3,1,32768,32768,32767,86,74
16,4,0,32758,32767,32768,19,55
32,5,-1,32761,32768,32767,74,78
32,5,-1,32755,32768,32767,50,54
16,6,-1,32639,32767,32768,79,54
32,7,-2,32642,32768,32767,74,78
32,3,1,32770,32768,32767,86,62
16,4,0,32760,32767,32768,19,55
32,5,-1,32757,32768,32767,50,54
16,6,-1,32641,32767,32768,79,54
32,3,1,32768,32768,32767,86,98
16,4,0,32758,32767,32768,19,55
32,5,-1,32761,32768,32767,98,102
32,5,-1,32755,32768,32767,50,54
16,6,-1,32639,32767,32768,79,54
32,7,-2,32642,32768,32767,98,102
32,3,1,32757,32768,32767,50,49
16,4,0,32747,32767,32768,19,55
32,5,-1,32755,32768,32767,49,54
16,6,-1,32639,32767,32768,79,54
32,3,1,32760,32768,32767,50,38
16,4,0,32750,32767,32768,19,55
32,3,1,32758,32768,32767,50,26
16,4,0,32748,32767,32768,19,55
32,5,-1,32751,32768,32767,26,30
32,3,1,32758,32768,32767,50,2
16,4,0,32748,32767,32768,19,55
32,5,-1,32751,32768,32767,2,6
32,3,1,32760,32768,32767,50,62
16,4,0,32750,32767,32768,19,55
32,3,1,32758,32768,32767,50,74
16,4,0,32748,32767,32768,19,55
32,5,-1,32751,32768,32767,74,78
32,3,1,32778,32768,32767,84,74
16,4,0,32768,32767,32768,19,55
32,5,-1,32765,32768,32767,50,54
16,6,-1,32649,32767,32768,79,54
16,4,0,32780,32767,32768,57,56
16,4,0,32769,32767,32768,105,104
16,4,0,32770,32767,32768,105,103
16,4,0,32768,32767,32768,105,93
32,5,-1,32996,32768,32767,86,93
16,6,-2,32899,32767,32768,79,93
16,6,-2,32899,32767,32768,79,93
16,4,0,32769,32767,32768,9,8
16,4,0,32770,32767,32768,9,7
16,4,0,32779,32767,32768,91,90
16,4,0,32779,32767,32768,91,89
16,4,0,32780,32767,32768,91,88
16,4,0,32780,32767,32768,91,87
16,4,0,32778,32767,32768,91,92
16,4,0,32779,32767,32768,91,93
16,4,0,32778,32767,32768,91,103
16,4,0,32779,32767,32768,19,18
16,4,0,32779,32767,32768,19,17
16,4,0,32780,32767,32768,19,16
16,4,0,32780,32767,32768,19,15
16,4,0,32780,32767,32768,19,14
16,4,0,32780,32767,32768,19,13
16,4,0,32778,32767,32768,19,20
16,4,0,32778,32767,32768,19,7
16,4,0,32778,32767,32768,19,31
16,4,0,32776,32767,32768,19,43
16,4,0,32776,32767,32768,19,67
16,4,0,32806,32767,32768,79,56
16,4,0,32770,32767,32768,21,7
16,4,0,32768,32767,32768,21,31
32,5,-1,32765,32768,32767,50,54
16,4,0,32777,32767,32768,69,56
16,4,0,32777,32767,32768,45,56
16,4,0,32777,32767,32768,81,55
16,4,0,32779,32767,32768,81,103
16,4,0,32779,32767,32768,33,7
16,4,0,32777,32767,32768,33,55
16,4,0,32777,32767,32768,102,101
16,4,0,32777,32767,32768,78,77
16,4,0,32777,32767,32768,54,53
16,4,0,32777,32767,32768,30,29
16,4,0,32777,32767,32768,6,5
32,3,1,32776,32768,32767,84,98
16,4,0,32766,32767,32768,19,55
32,5,-1,32763,32768,32767,50,54
16,6,-1,32647,32767,32768,79,54
32,3,1,32776,32768,32767,12,2
16,4,0,32766,32767,32768,19,55
32,5,-1,32763,32768,32767,50,54
16,6,-1,32647,32767,32768,79,54
32,3,1,32778,32768,32767,12,26
16,4,0,32768,32767,32768,19,55
32,5,-1,32765,32768,32767,50,54
16,6,-1,32649,32767,32768,79,54
16,4,0,32684,32767,32768,91,84
32,5,-1,32801,32768,32767,96,84
16,4,0,32780,32767,32768,57,56
16,4,0,32769,32767,32768,105,104
16,4,0,32770,32767,32768,105,103
16,4,0,32768,32767,32768,105,93
32,5,-1,32996,32768,32767,86,93
16,6,-2,32899,32767,32768,79,93
16,6,-2,32899,32767,32768,79,93
16,4,0,32769,32767,32768,9,8
16,4,0,32770,32767,32768,9,7
16,4,0,32779,32767,32768,91,90
16,4,0,32779,32767,32768,91,89
16,4,0,32780,32767,32768,91,88
16,4,0,32780,32767,32768,91,87
16,4,0,32778,32767,32768,91,92
16,4,0,32779,32767,32768,91,93
16,4,0,32778,32767,32768,91,103
16,4,0,32779,32767,32768,19,18
16,4,0,32779,32767,32768,19,17
16,4,0,32780,32767,32768,19,16
16,4,0,32780,32767,32768,19,15
16,4,0,32780,32767,32768,19,14
16,4,0,32780,32767,32768,19,13
16,4,0,32780,32767,32768,19,12
16,4,0,32778,32767,32768,19,20
16,4,0,32778,32767,32768,19,7
16,4,0,32778,32767,32768,19,31
16,4,0,32776,32767,32768,19,43
16,4,0,32776,32767,32768,19,67
16,4,0,32806,32767,32768,79,56
16,4,0,32770,32767,32768,21,7
16,4,0,32768,32767,32768,21,31
32,5,-1,32765,32768,32767,50,54
16,4,0,32777,32767,32768,69,56
16,4,0,32777,32767,32768,45,56
16,4,0,32777,32767,32768,81,55
16,4,0,32779,32767,32768,81,103
16,4,0,32779,32767,32768,33,7
16,4,0,32777,32767,32768,33,55
16,4,0,32777,32767,32768,102,101
16,4,0,32777,32767,32768,78,77
16,4,0,32777,32767,32768,54,53
16,4,0,32777,32767,32768,30,29
16,4,0,32777,32767,32768,6,5
32,3,1,32769,32768,32767,60,49
16,4,0,32759,32767,32768,19,55
32,5,-1,32756,32768,32767,50,54
16,6,-1,32640,32767,32768,79,54
32,3,1,32769,32768,32767,36,49
16,4,0,32759,32767,32768,19,55
32,5,-1,32756,32768,32767,50,54
16,6,-1,32640,32767,32768,79,54
32,3,1,32767,32768,32767,72,98
16,4,0,32757,32767,32768,19,55
32,5,-1,32754,32768,32767,50,54
16,6,-1,32638,32767,32768,79,54
32,3,1,32767,32768,32767,24,2
16,4,0,32757,32767,32768,19,55
32,5,-1,32754,32768,32767,50,54
16,6,-1,32638,32767,32768,79,54
32,3,1,32769,32768,32767,99,100
16,4,0,32759,32767,32768,19,55
32,5,-1,32756,32768,32767,50,54
16,6,-1,32640,32767,32768,79,54
32,3,1,32769,32768,32767,75,76
16,4,0,32759,32767,32768,19,55
32,5,-1,32756,32768,32767,50,54
16,6,-1,32640,32767,32768,79,54
32,3,1,32769,32768,32767,51,52
16,4,0,32759,32767,32768,19,55
32,5,-1,32756,32768,32767,50,54
16,6,-1,32640,32767,32768,79,54
32,3,1,32769,32768,32767,27,28
16,4,0,32759,32767,32768,19,55
32,5,-1,32756,32768,32767,50,54
16,6,-1,32640,32767,32768,79,54
32,3,1,32769,32768,32767,3,4
16,4,0,32759,32767,32768,19,55
32,5,-1,32756,32768,32767,50,54
16,6,-1,32640,32767,32768,79,54
16,2,2,32770,32767,32768,93,103
32,3,1,32779,32768,32767,0,1
16,4,0,32769,32767,32768,19,55
16,4,0,32685,32767,32768,91,84
32,5,-1,32802,32768,32767,96,84
16,4,0,32781,32767,32768,57,56
16,4,0,32770,32767,32768,105,104
16,4,0,32769,32767,32768,105,93
16,4,0,32770,32767,32768,9,8
16,4,0,32771,32767,32768,9,7
16,4,0,32780,32767,32768,91,90
16,4,0,32780,32767,32768,91,89
16,4,0,32781,32767,32768,91,88
16,4,0,32781,32767,32768,91,87
16,4,0,32779,32767,32768,91,92
16,4,0,32780,32767,32768,91,93
16,4,0,32779,32767,32768,91,79
16,4,0,32777,32767,32768,91,67
16,4,0,32769,32767,32768,91,55
16,4,0,32777,32767,32768,91,43
16,4,0,32779,32767,32768,91,31
16,4,0,32780,32767,32768,19,18
16,4,0,32780,32767,32768,19,17
16,4,0,32781,32767,32768,19,16
16,4,0,32781,32767,32768,19,15
16,4,0,32781,32767,32768,19,14
16,4,0,32781,32767,32768,19,13
16,4,0,32779,32767,32768,19,20
16,4,0,32779,32767,32768,19,7
16,4,0,32779,32767,32768,19,31
16,4,0,32777,32767,32768,19,43
16,4,0,32777,32767,32768,19,67
16,4,0,32779,32767,32768,19,79
16,4,0,32771,32767,32768,21,7
16,4,0,32769,32767,32768,21,31
16,4,0,32778,32767,32768,69,56
16,4,0,32778,32767,32768,45,56
16,4,0,32778,32767,32768,81,55
16,4,0,32780,32767,32768,33,7
16,4,0,32778,32767,32768,33,55
16,4,0,32778,32767,32768,102,101
16,4,0,32778,32767,32768,78,77
16,4,0,32778,32767,32768,54,53
16,4,0,32778,32767,32768,30,29
16,4,0,32778,32767,32768,6,5
16,2,2,32770,32767,32768,21,7
32,3,1,32779,32768,32767,0,1
16,4,0,32769,32767,32768,19,55
16,4,0,32685,32767,32768,91,84
32,5,-1,32802,32768,32767,96,84
16,4,0,32781,32767,32768,57,56
16,4,0,32770,32767,32768,105,104
16,4,0,32771,32767,32768,105,103
16,4,0,32770,32767,32768,9,8
16,4,0,32769,32767,32768,9,21
16,4,0,32780,32767,32768,91,90
16,4,0,32780,32767,32768,91,89
16,4,0,32781,32767,32768,91,88
16,4,0,32781,32767,32768,91,87
16,4,0,32779,32767,32768,91,92
16,4,0,32779,32767,32768,91,79
16,4,0,32777,32767,32768,91,67
16,4,0,32769,32767,32768,91,55
16,4,0,32777,32767,32768,91,43
16,4,0,32779,32767,32768,91,31
16,4,0,32779,32767,32768,91,103
16,4,0,32780,32767,32768,19,18
16,4,0,32780,32767,32768,19,17
16,4,0,32781,32767,32768,19,16
16,4,0,32781,32767,32768,19,15
16,4,0,32781,32767,32768,19,14
16,4,0,32781,32767,32768,19,13
16,4,0,32779,32767,32768,19,20
16,4,0,32780,32767,32768,19,21
16,4,0,32779,32767,32768,19,31
16,4,0,32777,32767,32768,19,43
16,4,0,32777,32767,32768,19,67
16,4,0,32779,32767,32768,19,79
16,4,0,32769,32767,32768,93,79
16,4,0,32771,32767,32768,93,103
16,4,0,32778,32767,32768,69,56
16,4,0,32778,32767,32768,45,56
16,4,0,32778,32767,32768,81,55
16,4,0,32780,32767,32768,81,103
16,4,0,32778,32767,32768,33,55
16,4,0,32778,32767,32768,102,101
16,4,0,32778,32767,32768,78,77
16,4,0,32778,32767,32768,54,53
16,4,0,32778,32767,32768,30,29
16,4,0,32778,32767,32768,6,5
16,2,2,32768,32767,32768,21,31
32,3,1,32777,32768,32767,0,1
16,4,0,32683,32767,32768,91,84
32,5,-1,32800,32768,32767,96,84
16,4,0,32779,32767,32768,57,56
16,4,0,32768,32767,32768,105,104
32,5,-1,32862,32768,32767,86,93
16,4,0,32769,32767,32768,105,103
16,4,0,32768,32767,32768,9,8
32,5,-1,32862,32768,32767,86,93
16,6,-2,32745,32767,32768,105,93
32,5,-1,32765,32768,32767,50,54
16,4,0,32769,32767,32768,9,7
16,4,0,32767,32767,32768,9,21
32,5,-1,32861,32768,32767,86,93
16,6,-2,32744,32767,32768,105,93
32,5,-1,32764,32768,32767,50,54
16,4,0,32778,32767,32768,91,90
16,4,0,32778,32767,32768,91,89
16,4,0,32779,32767,32768,91,88
16,4,0,32779,32767,32768,91,87
16,4,0,32777,32767,32768,91,92
16,4,0,32777,32767,32768,91,79
16,4,0,32775,32767,32768,91,67
16,4,0,32767,32767,32768,91,55
32,5,-1,32764,32768,32767,50,54
16,6,-1,32648,32767,32768,31,54
16,4,0,32775,32767,32768,91,43
16,4,0,32777,32767,32768,91,103
16,4,0,32778,32767,32768,19,18
16,4,0,32778,32767,32768,19,17
16,4,0,32779,32767,32768,19,16
16,4,0,32779,32767,32768,19,15
16,4,0,32779,32767,32768,19,14
16,4,0,32779,32767,32768,19,13
16,4,0,32777,32767,32768,19,20
16,4,0,32778,32767,32768,19,21
16,4,0,32777,32767,32768,19,7
16,4,0,32767,32767,32768,93,79
32,5,-1,32764,32768,32767,50,54
16,4,0,32769,32767,32768,93,103
16,4,0,32805,32767,32768,31,56
16,4,0,32776,32767,32768,69,56
16,4,0,32776,32767,32768,45,56
16,4,0,32776,32767,32768,81,55
16,4,0,32778,32767,32768,81,103
16,4,0,32778,32767,32768,33,7
16,4,0,32776,32767,32768,33,55
16,4,0,32776,32767,32768,102,101
16,4,0,32776,32767,32768,78,77
16,4,0,32776,32767,32768,54,53
16,4,0,32776,32767,32768,30,29
16,4,0,32776,32767,32768,6,5
32,3,1,32765,32768,32767,50,54
16,4,0,32649,32767,32768,31,54
32,5,-1,32743,32768,32767,86,93
32,3,1,32862,32768,32767,86,93
16,4,0,32745,32767,32768,105,93
32,5,-1,32742,32768,32767,50,54
32,3,1,32766,32768,32767,48,49
16,4,0,32672,32767,32768,91,84
32,5,-1,32789,32768,32767,96,84
16,4,0,32768,32767,32768,57,56
32,5,-1,32862,32768,32767,86,93
16,6,-2,32745,32767,32768,105,93
32,5,-1,32765,32768,32767,50,54
16,4,0,32757,32767,32768,105,104
32,5,-1,32851,32768,32767,86,93
16,4,0,32758,32767,32768,105,103
32,5,-1,32852,32768,32767,86,93
16,4,0,32757,32767,32768,9,8
32,5,-1,32851,32768,32767,86,93
16,6,-2,32734,32767,32768,105,93
32,5,-1,32754,32768,32767,50,54
32,3,1,32777,32768,32767,96,97
16,4,0,32768,32767,32768,9,8
32,5,-1,32862,32768,32767,86,93
16,6,-2,32745,32767,32768,105,93
32,5,-1,32765,32768,32767,50,54
16,4,0,32683,32767,32768,91,84
32,5,-1,32680,32768,32767,50,54
32,3,1,32776,32768,32767,96,98
16,4,0,32682,32767,32768,91,84
32,5,-1,32679,32768,32767,50,54
32,3,1,32776,32768,32767,0,2
16,4,0,32682,32767,32768,91,84
32,5,-1,32799,32768,32767,96,84
16,4,0,32778,32767,32768,57,56
16,4,0,32767,32767,32768,105,104
32,5,-1,32861,32768,32767,86,93
16,4,0,32768,32767,32768,105,103
32,5,-1,32862,32768,32767,86,93
16,4,0,32767,32767,32768,9,8
32,5,-1,32861,32768,32767,86,93
16,6,-2,32744,32767,32768,105,93
32,5,-1,32764,32768,32767,50,54
16,4,0,32768,32767,32768,9,7
32,5,-1,32862,32768,32767,86,93
16,6,-2,32745,32767,32768,105,93
32,5,-1,32765,32768,32767,50,54
16,4,0,32766,32767,32768,9,21
32,5,-1,32860,32768,32767,86,93
16,6,-2,32743,32767,32768,105,93
32,5,-1,32763,32768,32767,50,54
32,3,1,32768,32768,32767,86,85
16,4,0,32674,32767,32768,91,84
32,5,-1,32791,32768,32767,96,84
16,4,0,32758,32767,32768,9,21
32,5,-1,32852,32768,32767,85,93
16,6,-2,32735,32767,32768,105,93
32,5,-1,32755,32768,32767,50,54
32,3,1,32767,32768,32767,86,87
16,4,0,32757,32767,32768,9,21
32,5,-1,32852,32768,32767,87,93
16,6,-2,32735,32767,32768,105,93
32,5,-1,32754,32768,32767,50,54
32,3,1,32767,32768,32767,86,88
16,4,0,32757,32767,32768,9,21
32,5,-1,32852,32768,32767,88,93
16,6,-2,32735,32767,32768,105,93
32,5,-1,32754,32768,32767,50,54
32,3,1,32766,32768,32767,86,89
16,4,0,32756,32767,32768,9,21
32,5,-1,32852,32768,32767,89,93
16,6,-2,32735,32767,32768,105,93
32,5,-1,32753,32768,32767,50,54
32,3,1,32766,32768,32767,86,90
16,4,0,32756,32767,32768,9,21
32,5,-1,32852,32768,32767,90,93
16,6,-2,32735,32767,32768,105,93
32,5,-1,32753,32768,32767,50,54
32,5,-1,32765,32768,32767,90,54
32,3,1,32768,32768,32767,86,74
16,4,0,32758,32767,32768,9,21
32,5,-1,32761,32768,32767,74,78
32,5,-1,32755,32768,32767,50,54
32,3,1,32770,32768,32767,86,62
16,4,0,32760,32767,32768,9,21
32,5,-1,32757,32768,32767,50,54
32,3,1,32768,32768,32767,86,98
16,4,0,32758,32767,32768,9,21
32,5,-1,32761,32768,32767,98,102
32,5,-1,32755,32768,32767,50,54
32,3,1,32757,32768,32767,50,49
16,4,0,32747,32767,32768,9,21
32,5,-1,32841,32768,32767,86,93
16,6,-2,32724,32767,32768,105,93
32,5,-1,32755,32768,32767,49,54
32,3,1,32760,32768,32767,50,38
16,4,0,32750,32767,32768,9,21
32,5,-1,32844,32768,32767,86,93
16,6,-2,32727,32767,32768,105,93
32,3,1,32758,32768,32767,50,26
16,4,0,32748,32767,32768,9,21
32,5,-1,32842,32768,32767,86,93
16,6,-2,32725,32767,32768,105,93
32,7,-3,32728,32768,32767,26,30
32,5,-1,32751,32768,32767,26,30
32,3,1,32758,32768,32767,50,2
16,4,0,32748,32767,32768,9,21
32,5,-1,32842,32768,32767,86,93
16,6,-2,32725,32767,32768,105,93
32,7,-3,32728,32768,32767,2,6
32,5,-1,32751,32768,32767,2,6
32,3,1,32760,32768,32767,50,62
16,4,0,32750,32767,32768,9,21
32,5,-1,32844,32768,32767,86,93
16,6,-2,32727,32767,32768,105,93
32,3,1,32758,32768,32767,50,74
16,4,0,32748,32767,32768,9,21
32,5,-1,32842,32768,32767,86,93
16,6,-2,32725,32767,32768,105,93
32,5,-1,32751,32768,32767,74,78
32,3,1,32778,32768,32767,84,74
16,4,0,32768,32767,32768,9,21
32,5,-1,32862,32768,32767,86,93
16,6,-2,32745,32767,32768,105,93
32,5,-1,32765,32768,32767,50,54
16,4,0,32780,32767,32768,57,56
16,4,0,32769,32767,32768,105,104
16,4,0,32770,32767,32768,105,103
16,4,0,32769,32767,32768,9,8
16,4,0,32770,32767,32768,9,7
16,4,0,32779,32767,32768,91,90
16,4,0,32779,32767,32768,91,89
16,4,0,32780,32767,32768,91,88
16,4,0,32780,32767,32768,91,87
16,4,0,32778,32767,32768,91,92
16,4,0,32778,32767,32768,91,79
16,4,0,32776,32767,32768,91,67
16,4,0,32768,32767,32768,91,55
32,5,-1,32765,32768,32767,50,54
16,6,-1,32649,32767,32768,31,54
16,4,0,32776,32767,32768,91,43
16,4,0,32778,32767,32768,91,103
16,4,0,32779,32767,32768,19,18
16,4,0,32779,32767,32768,19,17
16,4,0,32780,32767,32768,19,16
16,4,0,32780,32767,32768,19,15
16,4,0,32780,32767,32768,19,14
16,4,0,32780,32767,32768,19,13
16,4,0,32778,32767,32768,19,20
16,4,0,32779,32767,32768,19,21
16,4,0,32778,32767,32768,19,7
16,4,0,32768,32767,32768,93,79
32,5,-1,32765,32768,32767,50,54
16,4,0,32770,32767,32768,93,103
16,4,0,32806,32767,32768,31,56
16,4,0,32777,32767,32768,69,56
16,4,0,32777,32767,32768,45,56
16,4,0,32777,32767,32768,81,55
16,4,0,32779,32767,32768,81,103
16,4,0,32779,32767,32768,33,7
16,4,0,32777,32767,32768,33,55
16,4,0,32777,32767,32768,102,101
16,4,0,32777,32767,32768,78,77
16,4,0,32777,32767,32768,54,53
16,4,0,32777,32767,32768,30,29
16,4,0,32777,32767,32768,6,5
32,3,1,32776,32768,32767,84,98
16,4,0,32766,32767,32768,9,21
32,5,-1,32860,32768,32767,86,93
16,6,-2,32743,32767,32768,105,93
32,5,-1,32763,32768,32767,50,54
32,3,1,32776,32768,32767,12,2
16,4,0,32766,32767,32768,9,21
32,5,-1,32860,32768,32767,86,93
16,6,-2,32743,32767,32768,105,93
32,5,-1,32763,32768,32767,50,54
32,3,1,32778,32768,32767,12,26
16,4,0,32768,32767,32768,9,21
32,5,-1,32862,32768,32767,86,93
16,6,-2,32745,32767,32768,105,93
32,5,-1,32765,32768,32767,50,54
16,4,0,32684,32767,32768,91,84
32,5,-1,32801,32768,32767,96,84
16,4,0,32780,32767,32768,57,56
16,4,0,32769,32767,32768,105,104
16,4,0,32770,32767,32768,105,103
16,4,0,32769,32767,32768,9,8
16,4,0,32770,32767,32768,9,7
16,4,0,32779,32767,32768,91,90
16,4,0,32779,32767,32768,91,89
16,4,0,32780,32767,32768,91,88
16,4,0,32780,32767,32768,91,87
16,4,0,32778,32767,32768,91,92
16,4,0,32778,32767,32768,91,79
16,4,0,32776,32767,32768,91,67
16,4,0,32768,32767,32768,91,55
32,5,-1,32765,32768,32767,50,54
16,6,-1,32649,32767,32768,31,54
16,4,0,32776,32767,32768,91,43
16,4,0,32778,32767,32768,91,103
16,4,0,32779,32767,32768,19,18
16,4,0,32779,32767,32768,19,17
16,4,0,32780,32767,32768,19,16
16,4,0,32780,32767,32768,19,15
16,4,0,32780,32767,32768,19,14
16,4,0,32780,32767,32768,19,13
16,4,0,32780,32767,32768,19,12
16,4,0,32778,32767,32768,19,20
16,4,0,32779,32767,32768,19,21
16,4,0,32778,32767,32768,19,7
16,4,0,32768,32767,32768,93,79
32,5,-1,32765,32768,32767,50,54
16,4,0,32770,32767,32768,93,103
16,4,0,32806,32767,32768,31,56
16,4,0,32777,32767,32768,69,56
16,4,0,32777,32767,32768,45,56
16,4,0,32777,32767,32768,81,55
16,4,0,32779,32767,32768,81,103
16,4,0,32779,32767,32768,33,7
16,4,0,32777,32767,32768,33,55
16,4,0,32777,32767,32768,102,101
16,4,0,32777,32767,32768,78,77
16,4,0,32777,32767,32768,54,53
16,4,0,32777,32767,32768,30,29
16,4,0,32777,32767,32768,6,5
32,3,1,32769,32768,32767,60,49
16,4,0,32759,32767,32768,9,21
32,5,-1,32853,32768,32767,86,93
16,6,-2,32736,32767,32768,105,93
32,5,-1,32756,32768,32767,50,54
32,3,1,32769,32768,32767,36,49
16,4,0,32759,32767,32768,9,21
32,5,-1,32853,32768,32767,86,93
16,6,-2,32736,32767,32768,105,93
32,5,-1,32756,32768,32767,50,54
32,3,1,32767,32768,32767,72,98
16,4,0,32757,32767,32768,9,21
32,5,-1,32851,32768,32767,86,93
16,6,-2,32734,32767,32768,105,93
32,5,-1,32754,32768,32767,50,54
32,3,1,32767,32768,32767,24,2
16,4,0,32757,32767,32768,9,21
32,5,-1,32851,32768,32767,86,93
16,6,-2,32734,32767,32768,105,93
32,5,-1,32754,32768,32767,50,54
32,3,1,32769,32768,32767,99,100
16,4,0,32759,32767,32768,9,21
32,5,-1,32853,32768,32767,86,93
16,6,-2,32736,32767,32768,105,93
32,5,-1,32756,32768,32767,50,54
32,3,1,32769,32768,32767,75,76
16,4,0,32759,32767,32768,9,21
32,5,-1,32853,32768,32767,86,93
16,6,-2,32736,32767,32768,105,93
32,5,-1,32756,32768,32767,50,54
32,3,1,32769,32768,32767,51,52
16,4,0,32759,32767,32768,9,21
32,5,-1,32853,32768,32767,86,93
16,6,-2,32736,32767,32768,105,93
32,5,-1,32756,32768,32767,50,54
32,3,1,32769,32768,32767,27,28
16,4,0,32759,32767,32768,9,21
32,5,-1,32853,32768,32767,86,93
16,6,-2,32736,32767,32768,105,93
32,5,-1,32756,32768,32767,50,54
32,3,1,32769,32768,32767,3,4
16,4,0,32759,32767,32768,9,21
32,5,-1,32853,32768,32767,86,93
16,6,-2,32736,32767,32768,105,93
32,5,-1,32756,32768,32767,50,54
16,2,2,32777,32767,32768,69,56
32,3,1,32786,32768,32767,0,1
16,4,0,32692,32767,32768,91,84
32,5,-1,32809,32768,32767,96,84
16,4,0,32787,32767,32768,57,69
16,4,0,32777,32767,32768,105,104
16,4,0,32778,32767,32768,105,103
16,4,0,32777,32767,32768,9,8
16,4,0,32778,32767,32768,9,7
16,4,0,32787,32767,32768,91,90
16,4,0,32787,32767,32768,91,89
16,4,0,32788,32767,32768,91,88
16,4,0,32788,32767,32768,91,87
16,4,0,32786,32767,32768,91,92
16,4,0,32786,32767,32768,91,79
16,4,0,32784,32767,32768,91,67
16,4,0,32776,32767,32768,91,55
16,4,0,32784,32767,32768,91,43
16,4,0,32786,32767,32768,91,31
16,4,0,32786,32767,32768,91,103
16,4,0,32787,32767,32768,19,18
16,4,0,32787,32767,32768,19,17
16,4,0,32788,32767,32768,19,16
16,4,0,32788,32767,32768,19,15
16,4,0,32788,32767,32768,19,14
16,4,0,32788,32767,32768,19,13
16,4,0,32786,32767,32768,19,20
16,4,0,32786,32767,32768,19,7
16,4,0,32786,32767,32768,19,31
16,4,0,32784,32767,32768,19,43
16,4,0,32776,32767,32768,19,55
16,4,0,32784,32767,32768,19,67
16,4,0,32786,32767,32768,19,79
16,4,0,32776,32767,32768,93,79
16,4,0,32778,32767,32768,93,103
16,4,0,32778,32767,32768,21,7
16,4,0,32776,32767,32768,21,31
16,4,0,32787,32767,32768,56,43
16,4,0,32787,32767,32768,56,67
16,4,0,32785,32767,32768,81,55
16,4,0,32787,32767,32768,81,103
16,4,0,32787,32767,32768,33,7
16,4,0,32785,32767,32768,33,55
16,4,0,32785,32767,32768,102,101
16,4,0,32785,32767,32768,78,77
16,4,0,32785,32767,32768,54,53
16,4,0,32785,32767,32768,30,29
16,4,0,32785,32767,32768,6,5
16,2,2,32777,32767,32768,45,56
32,3,1,32786,32768,32767,0,1
16,4,0,32692,32767,32768,91,84
32,5,-1,32809,32768,32767,96,84
16,4,0,32787,32767,32768,57,45
16,4,0,32777,32767,32768,105,104
16,4,0,32778,32767,32768,105,103
16,4,0,32777,32767,32768,9,8
16,4,0,32778,32767,32768,9,7
16,4,0,32787,32767,32768,91,90
16,4,0,32787,32767,32768,91,89
16,4,0,32788,32767,32768,91,88
16,4,0,32788,32767,32768,91,87
16,4,0,32786,32767,32768,91,92
16,4,0,32786,32767,32768,91,79
16,4,0,32784,32767,32768,91,67
16,4,0,32776,32767,32768,91,55
16,4,0,32784,32767,32768,91,43
16,4,0,32786,32767,32768,91,31
16,4,0,32786,32767,32768,91,103
16,4,0,32787,32767,32768,19,18
16,4,0,32787,32767,32768,19,17
16,4,0,32788,32767,32768,19,16
16,4,0,32788,32767,32768,19,15
16,4,0,32788,32767,32768,19,14
16,4,0,32788,32767,32768,19,13
16,4,0,32786,32767,32768,19,20
16,4,0,32786,32767,32768,19,7
16,4,0,32786,32767,32768,19,31
16,4,0,32784,32767,32768,19,43
16,4,0,32776,32767,32768,19,55
16,4,0,32784,32767,32768,19,67
16,4,0,32786,32767,32768,19,79
16,4,0,32776,32767,32768,93,79
16,4,0,32778,32767,32768,93,103
16,4,0,32778,32767,32768,21,7
16,4,0,32776,32767,32768,21,31
16,4,0,32787,32767,32768,56,43
16,4,0,32787,32767,32768,56,67
16,4,0,32785,32767,32768,81,55
16,4,0,32787,32767,32768,81,103
16,4,0,32787,32767,32768,33,7
16,4,0,32785,32767,32768,33,55
16,4,0,32785,32767,32768,102,101
16,4,0,32785,32767,32768,78,77
16,4,0,32785,32767,32768,54,53
16,4,0,32785,32767,32768,30,29
16,4,0,32785,32767,32768,6,5
16,2,2,32777,32767,32768,81,55
32,3,1,32786,32768,32767,0,1
16,4,0,32692,32767,32768,91,84
32,5,-1,32809,32768,32767,96,84
16,4,0,32788,32767,32768,57,56
16,4,0,32777,32767,32768,105,104
16,4,0,32778,32767,32768,105,103
16,4,0,32777,32767,32768,9,8
16,4,0,32778,32767,32768,9,7
16,4,0,32787,32767,32768,91,90
16,4,0,32787,32767,32768,91,89
16,4,0,32788,32767,32768,91,88
16,4,0,32788,32767,32768,91,87
16,4,0,32786,32767,32768,91,92
16,4,0,32786,32767,32768,91,79
16,4,0,32784,32767,32768,91,67
16,4,0,32786,32767,32768,91,103
16,4,0,32787,32767,32768,19,18
16,4,0,32787,32767,32768,19,17
16,4,0,32788,32767,32768,19,16
16,4,0,32788,32767,32768,19,15
16,4,0,32788,32767,32768,19,14
16,4,0,32788,32767,32768,19,13
16,4,0,32786,32767,32768,19,20
16,4,0,32786,32767,32768,19,7
16,4,0,32786,32767,32768,19,31
16,4,0,32784,32767,32768,19,43
16,4,0,32776,32767,32768,93,79
16,4,0,32778,32767,32768,93,103
16,4,0,32777,32767,32768,93,68
16,4,0,32778,32767,32768,21,7
16,4,0,32776,32767,32768,21,31
16,4,0,32785,32767,32768,69,56
16,4,0,32785,32767,32768,45,56
16,4,0,32787,32767,32768,55,29
16,4,0,32787,32767,32768,55,77
16,4,0,32787,32767,32768,33,7
16,4,0,32785,32767,32768,102,101
16,4,0,32785,32767,32768,78,77
16,4,0,32785,32767,32768,54,53
16,4,0,32785,32767,32768,30,29
16,4,0,32785,32767,32768,6,5
16,2,2,32779,32767,32768,81,103
32,3,1,32788,32768,32767,0,1
16,4,0,32694,32767,32768,91,84
32,5,-1,32811,32768,32767,96,84
16,4,0,32790,32767,32768,57,56
16,4,0,32779,32767,32768,105,104
16,4,0,32779,32767,32768,9,8
16,4,0,32780,32767,32768,9,7
16,4,0,32789,32767,32768,91,90
16,4,0,32789,32767,32768,91,89
16,4,0,32790,32767,32768,91,88
16,4,0,32790,32767,32768,91,87
16,4,0,32788,32767,32768,91,92
16,4,0,32788,32767,32768,91,79
16,4,0,32786,32767,32768,91,67
16,4,0,32778,32767,32768,91,55
16,4,0,32786,32767,32768,91,43
16,4,0,32788,32767,32768,91,31
16,4,0,32789,32767,32768,19,18
16,4,0,32789,32767,32768,19,17
16,4,0,32790,32767,32768,19,16
16,4,0,32790,32767,32768,19,15
16,4,0,32790,32767,32768,19,14
16,4,0,32790,32767,32768,19,13
16,4,0,32788,32767,32768,19,20
16,4,0,32788,32767,32768,19,7
16,4,0,32788,32767,32768,19,31
16,4,0,32786,32767,32768,19,43
16,4,0,32778,32767,32768,19,55
16,4,0,32786,32767,32768,19,67
16,4,0,32788,32767,32768,19,79
16,4,0,32778,32767,32768,93,79
16,4,0,32779,32767,32768,93,68
16,4,0,32780,32767,32768,21,7
16,4,0,32778,32767,32768,21,31
16,4,0,32787,32767,32768,69,56
16,4,0,32787,32767,32768,45,56
16,4,0,32787,32767,32768,103,77
16,4,0,32789,32767,32768,33,7
16,4,0,32787,32767,32768,33,55
16,4,0,32787,32767,32768,102,101
16,4,0,32787,32767,32768,78,77
16,4,0,32787,32767,32768,54,53
16,4,0,32787,32767,32768,30,29
16,4,0,32787,32767,32768,6,5
16,2,2,32779,32767,32768,33,7
32,3,1,32788,32768,32767,0,1
16,4,0,32694,32767,32768,91,84
32,5,-1,32811,32768,32767,96,84
16,4,0,32790,32767,32768,57,56
16,4,0,32779,32767,32768,105,104
16,4,0,32780,32767,32768,105,103
16,4,0,32779,32767,32768,9,8
16,4,0,32789,32767,32768,91,90
16,4,0,32789,32767,32768,91,89
16,4,0,32790,32767,32768,91,88
16,4,0,32790,32767,32768,91,87
16,4,0,32788,32767,32768,91,92
16,4,0,32788,32767,32768,91,79
16,4,0,32786,32767,32768,91,67
16,4,0,32778,32767,32768,91,55
16,4,0,32786,32767,32768,91,43
16,4,0,32788,32767,32768,91,31
16,4,0,32788,32767,32768,91,103
16,4,0,32789,32767,32768,19,18
16,4,0,32789,32767,32768,19,17
16,4,0,32790,32767,32768,19,16
16,4,0,32790,32767,32768,19,15
16,4,0,32790,32767,32768,19,14
16,4,0,32790,32767,32768,19,13
16,4,0,32788,32767,32768,19,20
16,4,0,32788,32767,32768,19,31
16,4,0,32786,32767,32768,19,43
16,4,0,32778,32767,32768,19,55
16,4,0,32786,32767,32768,19,67
16,4,0,32788,32767,32768,19,79
16,4,0,32778,32767,32768,93,79
16,4,0,32780,32767,32768,93,103
16,4,0,32778,32767,32768,21,31
16,4,0,32779,32767,32768,21,44
16,4,0,32787,32767,32768,69,56
16,4,0,32787,32767,32768,45,56
16,4,0,32787,32767,32768,81,55
16,4,0,32789,32767,32768,81,103
16,4,0,32787,32767,32768,7,29
16,4,0,32787,32767,32768,102,101
16,4,0,32787,32767,32768,78,77
16,4,0,32787,32767,32768,54,53
16,4,0,32787,32767,32768,30,29
16,4,0,32787,32767,32768,6,5
16,2,2,32777,32767,32768,33,55
32,3,1,32786,32768,32767,0,1
16,4,0,32692,32767,32768,91,84
32,5,-1,32809,32768,32767,96,84
16,4,0,32788,32767,32768,57,56
16,4,0,32777,32767,32768,105,104
16,4,0,32778,32767,32768,105,103
16,4,0,32777,32767,32768,9,8
16,4,0,32778,32767,32768,9,7
16,4,0,32787,32767,32768,91,90
16,4,0,32787,32767,32768,91,89
16,4,0,32788,32767,32768,91,88
16,4,0,32788,32767,32768,91,87
16,4,0,32786,32767,32768,91,92
16,4,0,32786,32767,32768,91,79
16,4,0,32784,32767,32768,91,67
16,4,0,32786,32767,32768,91,103
16,4,0,32787,32767,32768,19,18
16,4,0,32787,32767,32768,19,17
16,4,0,32788,32767,32768,19,16
16,4,0,32788,32767,32768,19,15
16,4,0,32788,32767,32768,19,14
16,4,0,32788,32767,32768,19,13
16,4,0,32786,32767,32768,19,20
16,4,0,32786,32767,32768,19,7
16,4,0,32786,32767,32768,19,31
16,4,0,32784,32767,32768,19,43
16,4,0,32776,32767,32768,93,79
16,4,0,32778,32767,32768,93,103
16,4,0,32778,32767,32768,21,7
16,4,0,32776,32767,32768,21,31
16,4,0,32777,32767,32768,21,44
16,4,0,32785,32767,32768,69,56
16,4,0,32785,32767,32768,45,56
16,4,0,32787,32767,32768,81,103
16,4,0,32787,32767,32768,55,29
16,4,0,32787,32767,32768,55,77
16,4,0,32785,32767,32768,102,101
16,4,0,32785,32767,32768,78,77
16,4,0,32785,32767,32768,54,53
16,4,0,32785,32767,32768,30,29
16,4,0,32785,32767,32768,6,5
16,2,2,32777,32767,32768,102,101
32,3,1,32786,32768,32767,0,1
16,4,0,32692,32767,32768,91,84
32,5,-1,32809,32768,32767,96,84
16,4,0,32788,32767,32768,57,56
16,4,0,32777,32767,32768,105,104
16,4,0,32778,32767,32768,105,103
16,4,0,32779,32767,32768,105,102
16,4,0,32777,32767,32768,9,8
16,4,0,32778,32767,32768,9,7
16,4,0,32787,32767,32768,91,90
16,4,0,32787,32767,32768,91,89
16,4,0,32788,32767,32768,91,88
16,4,0,32788,32767,32768,91,87
16,4,0,32786,32767,32768,91,92
16,4,0,32786,32767,32768,91,79
16,4,0,32784,32767,32768,91,67
16,4,0,32776,32767,32768,91,55
16,4,0,32784,32767,32768,91,43
16,4,0,32786,32767,32768,91,31
16,4,0,32786,32767,32768,91,103
16,4,0,32787,32767,32768,19,18
16,4,0,32787,32767,32768,19,17
16,4,0,32788,32767,32768,19,16
16,4,0,32788,32767,32768,19,15
16,4,0,32788,32767,32768,19,14
16,4,0,32788,32767,32768,19,13
16,4,0,32786,32767,32768,19,20
16,4,0,32786,32767,32768,19,7
16,4,0,32786,32767,32768,19,31
16,4,0,32784,32767,32768,19,43
16,4,0,32776,32767,32768,19,55
16,4,0,32784,32767,32768,19,67
16,4,0,32786,32767,32768,19,79
16,4,0,32776,32767,32768,93,79
16,4,0,32778,32767,32768,93,103
16,4,0,32778,32767,32768,21,7
16,4,0,32776,32767,32768,21,31
16,4,0,32785,32767,32768,69,56
16,4,0,32785,32767,32768,45,56
16,4,0,32785,32767,32768,81,55
16,4,0,32787,32767,32768,81,103
16,4,0,32787,32767,32768,33,7
16,4,0,32785,32767,32768,33,55
16,4,0,32771,32767,32768,101,100
16,4,0,32785,32767,32768,78,77
16,4,0,32785,32767,32768,54,53
16,4,0,32785,32767,32768,30,29
16,4,0,32785,32767,32768,6,5
16,2,2,32777,32767,32768,78,77
32,3,1,32786,32768,32767,0,1
16,4,0,32692,32767,32768,91,84
32,5,-1,32809,32768,32767,96,84
16,4,0,32788,32767,32768,57,56
16,4,0,32777,32767,32768,105,104
16,4,0,32778,32767,32768,105,103
16,4,0,32777,32767,32768,9,8
16,4,0,32778,32767,32768,9,7
16,4,0,32787,32767,32768,91,90
16,4,0,32787,32767,32768,91,89
16,4,0,32788,32767,32768,91,88
16,4,0,32788,32767,32768,91,87
16,4,0,32786,32767,32768,91,92
16,4,0,32786,32767,32768,91,79
16,4,0,32784,32767,32768,91,67
16,4,0,32776,32767,32768,91,55
16,4,0,32784,32767,32768,91,43
16,4,0,32786,32767,32768,91,31
16,4,0,32786,32767,32768,91,103
16,4,0,32787,32767,32768,19,18
16,4,0,32787,32767,32768,19,17
16,4,0,32788,32767,32768,19,16
16,4,0,32788,32767,32768,19,15
16,4,0,32788,32767,32768,19,14
16,4,0,32788,32767,32768,19,13
16,4,0,32786,32767,32768,19,20
16,4,0,32786,32767,32768,19,7
16,4,0,32786,32767,32768,19,31
16,4,0,32784,32767,32768,19,43
16,4,0,32776,32767,32768,19,55
16,4,0,32784,32767,32768,19,67
16,4,0,32786,32767,32768,19,79
16,4,0,32776,32767,32768,93,79
16,4,0,32778,32767,32768,93,103
16,4,0,32778,32767,32768,21,7
16,4,0,32776,32767,32768,21,31
16,4,0,32785,32767,32768,69,56
16,4,0,32785,32767,32768,45,56
16,4,0,32785,32767,32768,81,55
16,4,0,32787,32767,32768,81,103
16,4,0,32787,32767,32768,33,7
16,4,0,32785,32767,32768,33,55
16,4,0,32785,32767,32768,102,101
16,4,0,32768,32767,32768,77,76
32,5,-1,32793,32768,32767,75,76
16,6,-2,32699,32767,32768,91,84
32,7,-3,32816,32768,32767,96,84
16,4,0,32785,32767,32768,54,53
16,4,0,32785,32767,32768,30,29
16,4,0,32785,32767,32768,6,5
16,2,2,32777,32767,32768,54,53
32,3,1,32775,32768,32767,50,53
16,4,0,32681,32767,32768,91,84
32,5,-1,32798,32768,32767,96,84
16,4,0,32777,32767,32768,57,56
16,4,0,32766,32767,32768,105,104
32,5,-1,32860,32768,32767,86,93
16,4,0,32767,32767,32768,105,103
32,5,-1,32861,32768,32767,86,93
16,4,0,32766,32767,32768,9,8
32,5,-1,32860,32768,32767,86,93
16,6,-2,32743,32767,32768,105,93
32,3,1,32786,32768,32767,0,1
16,4,0,32777,32767,32768,9,8
16,4,0,32692,32767,32768,91,84
32,5,-1,32809,32768,32767,96,84
16,4,0,32788,32767,32768,57,56
16,4,0,32777,32767,32768,105,104
16,4,0,32778,32767,32768,105,103
16,4,0,32778,32767,32768,9,7
16,4,0,32787,32767,32768,91,90
16,4,0,32787,32767,32768,91,89
16,4,0,32788,32767,32768,91,88
16,4,0,32788,32767,32768,91,87
16,4,0,32786,32767,32768,91,92
16,4,0,32786,32767,32768,91,79
16,4,0,32784,32767,32768,91,67
16,4,0,32776,32767,32768,91,55
16,4,0,32784,32767,32768,91,43
16,4,0,32786,32767,32768,91,31
16,4,0,32786,32767,32768,91,103
16,4,0,32787,32767,32768,19,18
16,4,0,32787,32767,32768,19,17
16,4,0,32788,32767,32768,19,16
16,4,0,32788,32767,32768,19,15
16,4,0,32788,32767,32768,19,14
16,4,0,32788,32767,32768,19,13
16,4,0,32786,32767,32768,19,20
16,4,0,32786,32767,32768,19,7
16,4,0,32786,32767,32768,19,31
16,4,0,32784,32767,32768,19,43
16,4,0,32776,32767,32768,19,55
16,4,0,32784,32767,32768,19,67
16,4,0,32786,32767,32768,19,79
16,4,0,32776,32767,32768,93,79
16,4,0,32778,32767,32768,93,103
16,4,0,32778,32767,32768,21,7
16,4,0,32776,32767,32768,21,31
16,4,0,32785,32767,32768,69,56
16,4,0,32785,32767,32768,45,56
16,4,0,32785,32767,32768,81,55
16,4,0,32787,32767,32768,81,103
16,4,0,32787,32767,32768,33,7
16,4,0,32785,32767,32768,33,55
16,4,0,32785,32767,32768,102,101
16,4,0,32785,32767,32768,78,77
16,4,0,32768,32767,32768,53,52
32,5,-1,32785,32768,32767,50,52
16,6,-2,32691,32767,32768,91,84
32,7,-3,32808,32768,32767,96,84
16,4,0,32785,32767,32768,30,29
16,4,0,32785,32767,32768,6,5
16,2,2,32777,32767,32768,30,29
32,3,1,32786,32768,32767,0,1
16,4,0,32777,32767,32768,9,8
16,4,0,32692,32767,32768,91,84
32,5,-1,32809,32768,32767,96,84
16,4,0,32788,32767,32768,57,56
16,4,0,32777,32767,32768,105,104
16,4,0,32778,32767,32768,105,103
16,4,0,32778,32767,32768,9,7
16,4,0,32787,32767,32768,91,90
16,4,0,32787,32767,32768,91,89
16,4,0,32788,32767,32768,91,88
16,4,0,32788,32767,32768,91,87
16,4,0,32786,32767,32768,91,92
16,4,0,32786,32767,32768,91,79
16,4,0,32784,32767,32768,91,67
16,4,0,32776,32767,32768,91,55
16,4,0,32784,32767,32768,91,43
16,4,0,32786,32767,32768,91,31
16,4,0,32786,32767,32768,91,103
16,4,0,32787,32767,32768,19,18
16,4,0,32787,32767,32768,19,17
16,4,0,32788,32767,32768,19,16
16,4,0,32788,32767,32768,19,15
16,4,0,32788,32767,32768,19,14
16,4,0,32788,32767,32768,19,13
16,4,0,32786,32767,32768,19,20
16,4,0,32786,32767,32768,19,7
16,4,0,32786,32767,32768,19,31
16,4,0,32784,32767,32768,19,43
16,4,0,32776,32767,32768,19,55
16,4,0,32784,32767,32768,19,67
16,4,0,32786,32767,32768,19,79
16,4,0,32776,32767,32768,93,79
16,4,0,32778,32767,32768,93,103
16,4,0,32778,32767,32768,21,7
16,4,0,32776,32767,32768,21,31
16,4,0,32785,32767,32768,69,56
16,4,0,32785,32767,32768,45,56
16,4,0,32785,32767,32768,81,55
16,4,0,32787,32767,32768,81,103
16,4,0,32787,32767,32768,33,7
16,4,0,32785,32767,32768,33,55
16,4,0,32785,32767,32768,102,101
16,4,0,32785,32767,32768,78,77
16,4,0,32785,32767,32768,54,53
16,4,0,32768,32767,32768,29,28
32,5,-1,32793,32768,32767,27,28
16,6,-2,32699,32767,32768,91,84
32,7,-3,32816,32768,32767,96,84
16,4,0,32785,32767,32768,6,5
16,2,2,32777,32767,32768,6,5
32,3,1,32786,32768,32767,0,1
16,4,0,32777,32767,32768,9,8
16,4,0,32692,32767,32768,91,84
32,5,-1,32809,32768,32767,96,84
16,4,0,32788,32767,32768,57,56
16,4,0,32777,32767,32768,105,104
16,4,0,32778,32767,32768,105,103
16,4,0,32778,32767,32768,9,7
16,4,0,32779,32767,32768,9,6
16,4,0,32787,32767,32768,91,90
16,4,0,32787,32767,32768,91,89
16,4,0,32788,32767,32768,91,88
16,4,0,32788,32767,32768,91,87
16,4,0,32786,32767,32768,91,92
16,4,0,32786,32767,32768,91,79
16,4,0,32784,32767,32768,91,67
16,4,0,32776,32767,32768,91,55
16,4,0,32784,32767,32768,91,43
16,4,0,32786,32767,32768,91,31
16,4,0,32786,32767,32768,91,103
16,4,0,32787,32767,32768,19,18
16,4,0,32787,32767,32768,19,17
16,4,0,32788,32767,32768,19,16
16,4,0,32788,32767,32768,19,15
16,4,0,32788,32767,32768,19,14
16,4,0,32788,32767,32768,19,13
16,4,0,32786,32767,32768,19,20
16,4,0,32786,32767,32768,19,7
16,4,0,32786,32767,32768,19,31
16,4,0,32784,32767,32768,19,43
16,4,0,32776,32767,32768,19,55
16,4,0,32784,32767,32768,19,67
16,4,0,32786,32767,32768,19,79
16,4,0,32776,32767,32768,93,79
16,4,0,32778,32767,32768,93,103
16,4,0,32778,32767,32768,21,7
16,4,0,32776,32767,32768,21,31
16,4,0,32785,32767,32768,69,56
16,4,0,32785,32767,32768,45,56
16,4,0,32785,32767,32768,81,55
16,4,0,32787,32767,32768,81,103
16,4,0,32787,32767,32768,33,7
16,4,0,32785,32767,32768,33,55
16,4,0,32785,32767,32768,102,101
16,4,0,32785,32767,32768,78,77
16,4,0,32785,32767,32768,54,53
16,4,0,32785,32767,32768,30,29
16,4,0,32771,32767,32768,5,4
32,1,3,32770,32768,32769,14,62
16,2,2,32760,32769,32768,91,55
32,3,1,32769,32768,32769,0,1
16,4,0,32760,32769,32768,9,8
32,3,1,32758,32768,32769,48,49
16,4,0,32749,32769,32768,9,8
32,3,1,32769,32768,32769,96,97
16,4,0,32760,32769,32768,9,8
32,3,1,32768,32768,32769,96,98
16,4,0,32759,32769,32768,9,8
32,3,1,32768,32768,32769,0,2
16,4,0,32759,32769,32768,9,8
32,3,1,32760,32768,32769,86,85
16,4,0,32751,32769,32768,9,8
32,3,1,32759,32768,32769,86,87
16,4,0,32750,32769,32768,9,8
32,3,1,32759,32768,32769,86,88
16,4,0,32750,32769,32768,9,8
32,3,1,32758,32768,32769,86,89
16,4,0,32749,32769,32768,9,8
32,3,1,32758,32768,32769,86,90
16,4,0,32749,32769,32768,9,8
32,5,-1,32758,32768,32769,90,54
16,6,-1,32761,32769,32768,55,51
32,7,-2,32763,32768,32769,54,102
32,7,-2,32763,32768,32769,54,6
32,3,1,32758,32768,32769,86,91
16,4,0,32651,32769,32768,19,91
32,3,1,32758,32768,32769,86,92
16,4,0,32749,32769,32768,9,8
32,3,1,32760,32768,32769,86,74
16,4,0,32751,32769,32768,9,8
32,5,-1,32754,32768,32769,74,78
32,3,1,32760,32768,32769,86,98
16,4,0,32751,32769,32768,9,8
32,5,-1,32754,32768,32769,98,102
32,3,1,32758,32768,32769,62,61
16,4,0,32749,32769,32768,9,8
32,3,1,32759,32768,32769,62,63
16,4,0,32750,32769,32768,9,8
32,3,1,32759,32768,32769,62,64
16,4,0,32750,32769,32768,9,8
32,3,1,32758,32768,32769,62,65
16,4,0,32749,32769,32768,9,8
32,3,1,32757,32768,32769,62,66
16,4,0,32748,32769,32768,9,8
32,5,-1,32752,32768,32769,66,102
32,5,-1,32752,32768,32769,66,30
32,3,1,32756,32768,32769,62,67
16,4,0,32647,32769,32768,19,67
32,3,1,32755,32768,32769,62,68
16,4,0,32746,32769,32768,9,8
32,3,1,32768,32768,32769,62,50
16,4,0,32759,32769,32768,9,8
32,5,-1,32756,32768,32769,50,54
16,6,-1,32759,32769,32768,55,51
32,7,-2,32761,32768,32769,54,102
32,7,-2,32761,32768,32769,54,6
32,3,1,32760,32768,32769,62,38
16,4,0,32751,32769,32768,9,8
32,3,1,32758,32768,32769,62,26
16,4,0,32749,32769,32768,9,8
32,5,-1,32752,32768,32769,26,30
32,3,1,32758,32768,32769,62,2
16,4,0,32749,32769,32768,9,8
32,5,-1,32752,32768,32769,2,6
32,3,1,32758,32768,32769,62,74
16,4,0,32749,32769,32768,9,8
32,5,-1,32752,32768,32769,74,78
32,3,1,32770,32768,32769,84,74
16,4,0,32761,32769,32768,9,8
32,3,1,32768,32768,32769,84,98
16,4,0,32759,32769,32768,9,8
32,3,1,32768,32768,32769,12,2
16,4,0,32759,32769,32768,9,8
32,3,1,32770,32768,32769,12,26
16,4,0,32761,32769,32768,9,8
32,3,1,32761,32768,32769,60,49
16,4,0,32752,32769,32768,9,8
32,3,1,32761,32768,32769,36,49
16,4,0,32752,32769,32768,9,8
32,3,1,32761,32768,32769,72,50
16,4,0,32752,32769,32768,9,8
32,3,1,32759,32768,32769,72,98
16,4,0,32750,32769,32768,9,8
32,3,1,32759,32768,32769,24,2
16,4,0,32750,32769,32768,9,8
32,3,1,32761,32768,32769,24,50
16,4,0,32752,32769,32768,9,8
32,3,1,32761,32768,32769,99,100
16,4,0,32752,32769,32768,9,8
32,3,1,32761,32768,32769,75,76
16,4,0,32752,32769,32768,9,8
32,3,1,32761,32768,32769,51,52
16,4,0,32763,32769,32768,55,52
32,3,1,32761,32768,32769,27,28
16,4,0,32752,32769,32768,9,8
32,3,1,32761,32768,32769,3,4
16,4,0,32752,32769,32768,9,8
32,1,3,32768,32768,32769,14,74
16,2,2,32758,32769,32768,91,55
32,3,1,32767,32768,32769,0,1
16,4,0,32758,32769,32768,9,8
32,5,-1,32761,32768,32769,74,78
32,3,1,32761,32768,32769,74,78
16,4,0,32752,32769,32768,9,8
32,5,-1,32757,32768,32769,78,30
32,3,1,32756,32768,32769,48,49
16,4,0,32747,32769,32768,9,8
32,5,-1,32750,32768,32769,74,78
32,3,1,32767,32768,32769,96,97
16,4,0,32758,32769,32768,9,8
32,5,-1,32761,32768,32769,74,78
32,3,1,32766,32768,32769,96,98
16,4,0,32757,32769,32768,9,8
32,5,-1,32760,32768,32769,74,78
32,3,1,32766,32768,32769,0,2
16,4,0,32757,32769,32768,9,8
32,5,-1,32760,32768,32769,74,78
32,3,1,32758,32768,32769,86,85
16,4,0,32749,32769,32768,9,8
32,5,-1,32752,32768,32769,74,78
32,3,1,32757,32768,32769,86,87
16,4,0,32748,32769,32768,9,8
32,5,-1,32751,32768,32769,74,78
32,3,1,32757,32768,32769,86,88
16,4,0,32748,32769,32768,9,8
32,5,-1,32751,32768,32769,74,78
32,3,1,32756,32768,32769,86,89
16,4,0,32747,32769,32768,9,8
32,5,-1,32750,32768,32769,74,78
32,3,1,32756,32768,32769,86,90
16,4,0,32747,32769,32768,9,8
32,5,-1,32750,32768,32769,74,78
32,5,-1,32756,32768,32769,90,54
16,6,-1,32759,32769,32768,55,51
32,7,-2,32761,32768,32769,54,102
32,7,-2,32762,32768,32769,74,78
32,7,-2,32761,32768,32769,54,6
32,3,1,32756,32768,32769,86,91
16,4,0,32649,32769,32768,19,91
32,5,-1,32652,32768,32769,74,78
32,3,1,32756,32768,32769,86,92
16,4,0,32747,32769,32768,9,8
32,5,-1,32750,32768,32769,74,78
32,3,1,32758,32768,32769,86,98
16,4,0,32749,32769,32768,9,8
32,5,-1,32752,32768,32769,98,102
32,5,-1,32752,32768,32769,74,78
32,3,1,32758,32768,32769,74,73
16,4,0,32749,32769,32768,9,8
32,5,-1,32752,32768,32769,73,78
32,3,1,32760,32768,32769,74,62
16,4,0,32751,32769,32768,9,8
32,3,1,32768,32768,32769,74,50
16,4,0,32759,32769,32768,9,8
32,5,-1,32756,32768,32769,50,54
16,6,-1,32759,32769,32768,55,51
32,7,-2,32761,32768,32769,54,102
32,7,-2,32761,32768,32769,54,6
32,3,1,32760,32768,32769,74,38
16,4,0,32751,32769,32768,9,8
32,3,1,32758,32768,32769,74,26
16,4,0,32749,32769,32768,9,8
32,5,-1,32752,32768,32769,26,30
32,3,1,32758,32768,32769,74,2
16,4,0,32749,32769,32768,9,8
32,5,-1,32752,32768,32769,2,6
32,3,1,32766,32768,32769,84,98
16,4,0,32757,32769,32768,9,8
32,5,-1,32760,32768,32769,74,78
32,3,1,32766,32768,32769,12,2
16,4,0,32757,32769,32768,9,8
32,5,-1,32760,32768,32769,74,78
32,3,1,32768,32768,32769,12,26
16,4,0,32759,32769,32768,9,8
32,5,-1,32762,32768,32769,74,78
32,3,1,32759,32768,32769,60,49
16,4,0,32750,32769,32768,9,8
32,5,-1,32753,32768,32769,74,78
32,3,1,32759,32768,32769,36,49
16,4,0,32750,32769,32768,9,8
32,5,-1,32753,32768,32769,74,78
32,3,1,32759,32768,32769,72,50
16,4,0,32750,32769,32768,9,8
32,5,-1,32753,32768,32769,74,78
32,3,1,32757,32768,32769,72,98
16,4,0,32748,32769,32768,9,8
32,5,-1,32751,32768,32769,74,78
32,3,1,32757,32768,32769,24,2
16,4,0,32748,32769,32768,9,8
32,5,-1,32751,32768,32769,74,78
32,3,1,32759,32768,32769,24,50
16,4,0,32750,32769,32768,9,8
32,5,-1,32753,32768,32769,74,78
32,3,1,32759,32768,32769,99,100
16,4,0,32750,32769,32768,9,8
32,5,-1,32753,32768,32769,74,78
32,3,1,32759,32768,32769,75,76
16,4,0,32750,32769,32768,9,8
32,5,-1,32753,32768,32769,74,78
32,3,1,32759,32768,32769,51,52
16,4,0,32761,32769,32768,55,52
32,5,-1,32764,32768,32769,74,78
32,3,1,32759,32768,32769,27,28
16,4,0,32750,32769,32768,9,8
32,5,-1,32753,32768,32769,74,78
32,3,1,32759,32768,32769,3,4
16,4,0,32750,32769,32768,9,8
32,5,-1,32753,32768,32769,74,78
32,1,3,32778,32768,32769,84,74
16,2,2,32768,32769,32768,91,55
32,3,1,32777,32768,32769,0,1
16,4,0,32768,32769,32768,9,8
32,5,-1,32862,32768,32769,14,21
16,6,-2,32865,32769,32768,55,51
16,4,0,32683,32769,32768,19,12
32,3,1,32862,32768,32769,14,21
16,4,0,32745,32769,32768,9,21
32,3,1,32766,32768,32769,48,49
16,4,0,32757,32769,32768,9,8
32,5,-1,32851,32768,32769,14,21
16,6,-2,32854,32769,32768,55,51
16,4,0,32672,32769,32768,19,12
32,5,-1,32789,32768,32769,0,12
16,6,-2,32792,32769,32768,55,51
16,4,0,32769,32769,32768,55,51
16,4,0,32768,32769,32768,57,56
32,5,-1,32862,32768,32769,14,21
16,6,-2,32745,32769,32768,9,21
32,3,1,32777,32768,32769,96,97
16,4,0,32768,32769,32768,9,8
32,5,-1,32862,32768,32769,14,21
16,6,-2,32865,32769,32768,55,51
16,4,0,32779,32769,32768,57,56
16,4,0,32683,32769,32768,19,12
32,5,-1,32800,32768,32769,0,12
16,6,-2,32803,32769,32768,55,51
16,4,0,32780,32769,32768,55,51
16,4,0,32768,32769,32768,105,104
32,5,-1,32862,32768,32769,14,21
16,6,-2,32745,32769,32768,9,21
32,3,1,32776,32768,32769,96,98
16,4,0,32767,32769,32768,9,8
32,5,-1,32861,32768,32769,14,21
16,6,-2,32864,32769,32768,55,51
16,4,0,32767,32769,32768,105,104
32,5,-1,32861,32768,32769,14,21
16,6,-2,32744,32769,32768,9,21
32,3,1,32778,32768,32769,96,84
16,4,0,32769,32769,32768,105,104
16,4,0,32769,32769,32768,9,8
16,4,0,32684,32769,32768,19,12
32,5,-1,32801,32768,32769,0,12
16,6,-2,32804,32769,32768,55,51
16,4,0,32781,32769,32768,55,51
16,4,0,32780,32769,32768,57,56
16,4,0,32770,32769,32768,105,103
16,4,0,32770,32769,32768,9,7
16,4,0,32789,32769,32768,55,56
16,4,0,32786,32769,32768,55,43
16,4,0,32788,32769,32768,55,31
16,4,0,32786,32769,32768,55,67
16,4,0,32788,32769,32768,55,79
16,4,0,32788,32769,32768,55,91
16,4,0,32788,32769,32768,55,103
16,4,0,32779,32769,32768,19,18
16,4,0,32779,32769,32768,19,17
16,4,0,32780,32769,32768,19,16
16,4,0,32780,32769,32768,19,15
16,4,0,32778,32769,32768,19,20
16,4,0,32778,32769,32768,19,7
16,4,0,32778,32769,32768,19,31
16,4,0,32776,32769,32768,19,43
16,4,0,32768,32769,32768,93,79
32,5,-1,32862,32768,32769,14,21
16,6,-2,32745,32769,32768,9,21
32,3,1,32776,32768,32769,0,2
16,4,0,32767,32769,32768,105,104
32,5,-1,32861,32768,32769,14,21
16,6,-2,32744,32769,32768,9,21
32,3,1,32768,32768,32769,86,85
16,4,0,32759,32769,32768,105,104
32,5,-1,32853,32768,32769,14,21
16,6,-2,32736,32769,32768,9,21
32,3,1,32767,32768,32769,86,84
16,4,0,32758,32769,32768,105,104
32,5,-1,32852,32768,32769,14,21
16,6,-2,32735,32769,32768,9,21
32,3,1,32767,32768,32769,86,87
16,4,0,32758,32769,32768,105,104
32,5,-1,32852,32768,32769,14,21
16,6,-2,32735,32769,32768,9,21
32,3,1,32767,32768,32769,86,88
16,4,0,32758,32769,32768,105,104
32,5,-1,32852,32768,32769,14,21
16,6,-2,32735,32769,32768,9,21
32,3,1,32766,32768,32769,86,89
16,4,0,32757,32769,32768,105,104
32,5,-1,32851,32768,32769,14,21
16,6,-2,32734,32769,32768,9,21
32,3,1,32766,32768,32769,86,90
16,4,0,32757,32769,32768,105,104
32,5,-1,32851,32768,32769,14,21
16,6,-2,32734,32769,32768,9,21
32,5,-1,32766,32768,32769,90,54
16,6,-1,32769,32769,32768,55,51
16,6,-1,32768,32769,32768,104,56
32,7,-2,32991,32768,32769,54,56
16,8,-3,32887,32769,32768,57,56
16,8,-3,32884,32769,32768,69,56
16,8,-3,32884,32769,32768,45,56
16,8,-3,33001,32769,32768,55,48
32,7,-2,32991,32768,32769,54,56
16,8,-3,32887,32769,32768,57,56
16,8,-3,32884,32769,32768,69,56
16,8,-3,32884,32769,32768,45,56
16,8,-3,33001,32769,32768,55,48
32,7,-2,32862,32768,32769,14,21
16,8,-3,32745,32769,32768,9,21
32,9,-4,32968,32768,32769,54,56
16,10,-5,32864,32769,32768,57,56
16,10,-5,32861,32769,32768,69,56
16,10,-5,32861,32769,32768,45,56
16,10,-5,32978,32769,32768,55,48
32,7,-2,32770,32768,32769,54,102
16,8,-3,32780,32769,32768,55,48
32,7,-2,32770,32768,32769,54,6
16,8,-3,32655,32769,32768,9,6
32,3,1,32766,32768,32769,86,91
16,4,0,32659,32769,32768,19,91
32,3,1,32766,32768,32769,86,92
16,4,0,32757,32769,32768,105,104
32,5,-1,32851,32768,32769,14,21
16,6,-2,32734,32769,32768,9,21
32,3,1,32768,32768,32769,86,98
16,4,0,32759,32769,32768,105,104
32,5,-1,32853,32768,32769,14,21
16,6,-2,32736,32769,32768,9,21
32,5,-1,32762,32768,32769,98,102
32,3,1,32768,32768,32769,14,13
16,4,0,32759,32769,32768,105,104
32,5,-1,32853,32768,32769,13,21
16,6,-2,32736,32769,32768,9,21
32,3,1,32767,32768,32769,14,15
16,4,0,32758,32769,32768,105,104
32,5,-1,32853,32768,32769,15,21
16,6,-2,32736,32769,32768,9,21
32,3,1,32767,32768,32769,14,16
16,4,0,32758,32769,32768,105,104
32,5,-1,32853,32768,32769,16,21
16,6,-2,32736,32769,32768,9,21
32,3,1,32766,32768,32769,14,17
16,4,0,32757,32769,32768,105,104
32,5,-1,32853,32768,32769,17,21
16,6,-2,32736,32769,32768,9,21
32,3,1,32766,32768,32769,14,18
16,4,0,32757,32769,32768,105,104
32,5,-1,32853,32768,32769,18,21
16,6,-2,32736,32769,32768,9,21
32,5,-1,32766,32768,32769,18,54
16,6,-1,32769,32769,32768,55,51
16,6,-1,32768,32769,32768,104,56
32,7,-2,32991,32768,32769,54,56
16,8,-3,32887,32769,32768,57,56
16,8,-3,32884,32769,32768,69,56
16,8,-3,32884,32769,32768,45,56
16,8,-3,33001,32769,32768,55,48
32,7,-2,32991,32768,32769,54,56
16,8,-3,32887,32769,32768,57,56
16,8,-3,32884,32769,32768,69,56
16,8,-3,32884,32769,32768,45,56
16,8,-3,33001,32769,32768,55,48
32,7,-2,32770,32768,32769,54,102
16,8,-3,32780,32769,32768,55,48
32,7,-2,32770,32768,32769,54,6
16,8,-3,32655,32769,32768,9,6
32,3,1,32768,32768,32769,14,2
16,4,0,32759,32769,32768,105,104
32,5,-1,32762,32768,32769,2,6
32,3,1,32768,32768,32769,14,26
16,4,0,32759,32769,32768,105,104
32,5,-1,32762,32768,32769,26,30
32,3,1,32770,32768,32769,14,38
16,4,0,32761,32769,32768,105,104
32,3,1,32778,32768,32769,14,50
16,4,0,32769,32769,32768,105,104
16,4,0,32768,32769,32768,93,79
32,5,-1,32765,32768,32769,50,54
16,6,-1,32649,32769,32768,79,54
32,3,1,32770,32768,32769,14,62
16,4,0,32760,32769,32768,93,79
32,3,1,32740,32768,32769,74,49
16,4,0,32730,32769,32768,93,79
32,5,-1,32824,32768,32769,14,21
16,6,-2,32707,32769,32768,9,21
32,3,1,32776,32768,32769,12,2
16,4,0,32766,32769,32768,93,79
32,5,-1,32860,32768,32769,14,21
16,6,-2,32743,32769,32768,9,21
32,3,1,32778,32768,32769,12,26
16,4,0,32768,32769,32768,93,79
32,5,-1,32862,32768,32769,14,21
16,6,-2,32745,32769,32768,9,21
32,3,1,32769,32768,32769,60,49
16,4,0,32759,32769,32768,93,79
32,5,-1,32853,32768,32769,14,21
16,6,-2,32736,32769,32768,9,21
32,3,1,32769,32768,32769,36,49
16,4,0,32759,32769,32768,93,79
32,5,-1,32853,32768,32769,14,21
16,6,-2,32736,32769,32768,9,21
32,3,1,32769,32768,32769,72,50
16,4,0,32759,32769,32768,93,79
32,5,-1,32853,32768,32769,14,21
16,6,-2,32736,32769,32768,9,21
32,3,1,32767,32768,32769,72,98
16,4,0,32757,32769,32768,93,79
32,5,-1,32851,32768,32769,14,21
16,6,-2,32734,32769,32768,9,21
32,3,1,32767,32768,32769,24,2
16,4,0,32757,32769,32768,93,79
32,5,-1,32851,32768,32769,14,21
16,6,-2,32734,32769,32768,9,21
32,3,1,32769,32768,32769,24,50
16,4,0,32759,32769,32768,93,79
32,5,-1,32853,32768,32769,14,21
16,6,-2,32736,32769,32768,9,21
32,3,1,32769,32768,32769,99,100
16,4,0,32759,32769,32768,93,79
32,5,-1,32853,32768,32769,14,21
16,6,-2,32736,32769,32768,9,21
32,3,1,32769,32768,32769,75,76
16,4,0,32759,32769,32768,93,79
32,5,-1,32853,32768,32769,14,21
16,6,-2,32736,32769,32768,9,21
32,3,1,32769,32768,32769,51,52
16,4,0,32771,32769,32768,55,52
16,4,0,32759,32769,32768,93,79
32,5,-1,32853,32768,32769,14,21
16,6,-2,32736,32769,32768,9,21
32,3,1,32769,32768,32769,27,28
16,4,0,32759,32769,32768,93,79
32,5,-1,32853,32768,32769,14,21
16,6,-2,32736,32769,32768,9,21
32,3,1,32769,32768,32769,3,4
16,4,0,32759,32769,32768,93,79
32,5,-1,32853,32768,32769,14,21
16,6,-2,32736,32769,32768,9,21
32,1,3,32776,32768,32769,84,98
16,2,2,32766,32769,32768,91,55
32,3,1,32775,32768,32769,0,1
16,4,0,32765,32769,32768,93,79
32,5,-1,32859,32768,32769,14,21
16,6,-2,32742,32769,32768,9,21
32,3,1,32860,32768,32769,14,21
16,4,0,32743,32769,32768,9,21
32,3,1,32764,32768,32769,48,49
16,4,0,32754,32769,32768,93,79
32,5,-1,32848,32768,32769,14,21
16,6,-2,32731,32769,32768,9,21
32,3,1,32775,32768,32769,96,97
16,4,0,32765,32769,32768,93,79
32,5,-1,32859,32768,32769,14,21
16,6,-2,32742,32769,32768,9,21
32,3,1,32776,32768,32769,96,84
16,4,0,32766,32769,32768,93,79
32,5,-1,32860,32768,32769,14,21
16,6,-2,32743,32769,32768,9,21
32,3,1,32774,32768,32769,0,2
16,4,0,32764,32769,32768,93,79
32,5,-1,32858,32768,32769,14,21
16,6,-2,32741,32769,32768,9,21
32,3,1,32766,32768,32769,86,85
16,4,0,32756,32769,32768,93,79
32,5,-1,32850,32768,32769,14,21
16,6,-2,32733,32769,32768,9,21
32,3,1,32765,32768,32769,86,84
16,4,0,32755,32769,32768,93,79
32,5,-1,32849,32768,32769,14,21
16,6,-2,32732,32769,32768,9,21
32,3,1,32765,32768,32769,86,87
16,4,0,32755,32769,32768,93,79
32,5,-1,32849,32768,32769,14,21
16,6,-2,32732,32769,32768,9,21
32,3,1,32765,32768,32769,86,88
16,4,0,32755,32769,32768,93,79
32,5,-1,32849,32768,32769,14,21
16,6,-2,32732,32769,32768,9,21
32,3,1,32764,32768,32769,86,89
16,4,0,32754,32769,32768,93,79
32,5,-1,32848,32768,32769,14,21
16,6,-2,32731,32769,32768,9,21
32,3,1,32764,32768,32769,86,90
16,4,0,32754,32769,32768,93,79
32,5,-1,32848,32768,32769,14,21
16,6,-2,32731,32769,32768,9,21
32,5,-1,32763,32768,32769,90,54
16,6,-1,32647,32769,32768,79,54
32,7,-2,32741,32768,32769,14,21
32,3,1,32764,32768,32769,86,91
16,4,0,32657,32769,32768,19,91
32,3,1,32764,32768,32769,86,92
16,4,0,32755,32769,32768,105,104
32,5,-1,32849,32768,32769,14,21
16,6,-2,32732,32769,32768,9,21
32,3,1,32766,32768,32769,86,74
16,4,0,32757,32769,32768,105,104
32,5,-1,32851,32768,32769,14,21
16,6,-2,32734,32769,32768,9,21
32,5,-1,32760,32768,32769,74,78
32,3,1,32768,32768,32769,86,62
16,4,0,32759,32769,32768,105,104
32,5,-1,32853,32768,32769,14,21
16,6,-2,32736,32769,32768,9,21
32,3,1,32776,32768,32769,86,50
16,4,0,32767,32769,32768,105,104
32,5,-1,32861,32768,32769,14,21
16,6,-2,32744,32769,32768,9,21
32,5,-1,32764,32768,32769,50,54
16,6,-1,32767,32769,32768,55,51
32,7,-2,32861,32768,32769,14,21
16,8,-3,32744,32769,32768,9,21
32,7,-2,32769,32768,32769,54,102
16,8,-3,32663,32769,32768,104,102
32,7,-2,32769,32768,32769,54,6
16,8,-3,32654,32769,32768,9,6
32,3,1,32768,32768,32769,86,38
16,4,0,32759,32769,32768,105,104
32,5,-1,32853,32768,32769,14,21
16,6,-2,32736,32769,32768,9,21
32,3,1,32766,32768,32769,86,26
16,4,0,32757,32769,32768,105,104
32,5,-1,32851,32768,32769,14,21
16,6,-2,32734,32769,32768,9,21
32,7,-3,32737,32768,32769,26,30
32,5,-1,32760,32768,32769,26,30
32,3,1,32766,32768,32769,14,13
16,4,0,32757,32769,32768,105,104
32,5,-1,32851,32768,32769,13,21
16,6,-2,32734,32769,32768,9,21
32,3,1,32765,32768,32769,14,15
16,4,0,32756,32769,32768,105,104
32,5,-1,32851,32768,32769,15,21
16,6,-2,32734,32769,32768,9,21
32,3,1,32765,32768,32769,14,16
16,4,0,32756,32769,32768,105,104
32,5,-1,32851,32768,32769,16,21
16,6,-2,32734,32769,32768,9,21
32,3,1,32764,32768,32769,14,17
16,4,0,32755,32769,32768,105,104
32,5,-1,32851,32768,32769,17,21
16,6,-2,32734,32769,32768,9,21
32,3,1,32764,32768,32769,14,18
16,4,0,32755,32769,32768,105,104
32,5,-1,32851,32768,32769,18,21
16,6,-2,32734,32769,32768,9,21
32,5,-1,32764,32768,32769,18,54
16,6,-1,32767,32769,32768,55,51
32,7,-2,32769,32768,32769,54,102
16,8,-3,32663,32769,32768,104,102
32,7,-2,32769,32768,32769,54,6
16,8,-3,32654,32769,32768,9,6
32,3,1,32766,32768,32769,14,2
16,4,0,32757,32769,32768,105,104
32,5,-1,32760,32768,32769,2,6
32,3,1,32766,32768,32769,14,26
16,4,0,32757,32769,32768,105,104
32,5,-1,32760,32768,32769,26,30
32,3,1,32768,32768,32769,14,38
16,4,0,32759,32769,32768,105,104
32,3,1,32776,32768,32769,14,50
16,4,0,32767,32769,32768,105,104
32,5,-1,32764,32768,32769,50,54
16,6,-1,32767,32769,32768,55,51
32,7,-2,32769,32768,32769,54,102
16,8,-3,32663,32769,32768,104,102
32,7,-2,32769,32768,32769,54,6
16,8,-3,32654,32769,32768,9,6
32,3,1,32768,32768,32769,14,62
16,4,0,32759,32769,32768,105,104
32,3,1,32766,32768,32769,14,74
16,4,0,32757,32769,32768,105,104
32,5,-1,32760,32768,32769,74,78
32,3,1,32774,32768,32769,12,2
16,4,0,32765,32769,32768,105,104
32,5,-1,32859,32768,32769,14,21
16,6,-2,32742,32769,32768,9,21
32,3,1,32776,32768,32769,12,26
16,4,0,32767,32769,32768,105,104
32,5,-1,32861,32768,32769,14,21
16,6,-2,32744,32769,32768,9,21
32,3,1,32767,32768,32769,60,49
16,4,0,32758,32769,32768,105,104
32,5,-1,32852,32768,32769,14,21
16,6,-2,32735,32769,32768,9,21
32,3,1,32767,32768,32769,36,49
16,4,0,32758,32769,32768,105,104
32,5,-1,32852,32768,32769,14,21
16,6,-2,32735,32769,32768,9,21
32,3,1,32767,32768,32769,72,50
16,4,0,32758,32769,32768,105,104
32,5,-1,32852,32768,32769,14,21
16,6,-2,32735,32769,32768,9,21
32,3,1,32765,32768,32769,24,2
16,4,0,32756,32769,32768,105,104
32,5,-1,32850,32768,32769,14,21
16,6,-2,32733,32769,32768,9,21
32,3,1,32767,32768,32769,24,50
16,4,0,32758,32769,32768,105,104
32,5,-1,32852,32768,32769,14,21
16,6,-2,32735,32769,32768,9,21
32,3,1,32767,32768,32769,99,100
16,4,0,32758,32769,32768,105,104
32,5,-1,32852,32768,32769,14,21
16,6,-2,32735,32769,32768,9,21
32,3,1,32767,32768,32769,75,76
16,4,0,32758,32769,32768,105,104
32,5,-1,32852,32768,32769,14,21
16,6,-2,32735,32769,32768,9,21
32,3,1,32767,32768,32769,51,52
16,4,0,32769,32769,32768,55,52
16,4,0,32758,32769,32768,105,104
32,5,-1,32852,32768,32769,14,21
16,6,-2,32735,32769,32768,9,21
32,3,1,32767,32768,32769,27,28
16,4,0,32758,32769,32768,105,104
32,5,-1,32852,32768,32769,14,21
16,6,-2,32735,32769,32768,9,21
32,3,1,32767,32768,32769,3,4
16,4,0,32758,32769,32768,105,104
32,5,-1,32852,32768,32769,14,21
16,6,-2,32735,32769,32768,9,21
32,1,3,32776,32768,32769,12,2
16,2,2,32766,32769,32768,91,55
32,3,1,32775,32768,32769,0,1
16,4,0,32766,32769,32768,105,104
32,5,-1,32860,32768,32769,14,21
16,6,-2,32743,32769,32768,9,21
32,3,1,32860,32768,32769,14,21
16,4,0,32743,32769,32768,9,21
32,3,1,32764,32768,32769,48,49
16,4,0,32755,32769,32768,105,104
32,5,-1,32849,32768,32769,14,21
16,6,-2,32732,32769,32768,9,21
32,3,1,32775,32768,32769,96,97
16,4,0,32766,32769,32768,105,104
32,5,-1,32860,32768,32769,14,21
16,6,-2,32743,32769,32768,9,21
32,3,1,32774,32768,32769,96,98
16,4,0,32765,32769,32768,105,104
32,5,-1,32859,32768,32769,14,21
16,6,-2,32742,32769,32768,9,21
32,3,1,32776,32768,32769,0,12
16,4,0,32548,32769,32768,19,12
32,5,-1,32647,32768,32769,2,12
32,5,-1,32647,32768,32769,2,12
32,3,1,32766,32768,32769,86,85
16,4,0,32757,32769,32768,105,104
32,5,-1,32851,32768,32769,14,21
16,6,-2,32734,32769,32768,9,21
32,3,1,32765,32768,32769,86,87
16,4,0,32756,32769,32768,105,104
32,5,-1,32850,32768,32769,14,21
16,6,-2,32733,32769,32768,9,21
32,3,1,32765,32768,32769,86,88
16,4,0,32756,32769,32768,105,104
32,5,-1,32850,32768,32769,14,21
16,6,-2,32733,32769,32768,9,21
32,3,1,32764,32768,32769,86,89
16,4,0,32755,32769,32768,105,104
32,5,-1,32849,32768,32769,14,21
16,6,-2,32732,32769,32768,9,21
32,3,1,32764,32768,32769,86,90
16,4,0,32755,32769,32768,105,104
32,5,-1,32849,32768,32769,14,21
16,6,-2,32732,32769,32768,9,21
32,5,-1,32764,32768,32769,90,54
16,6,-1,32767,32769,32768,55,51
32,7,-2,32861,32768,32769,14,21
16,8,-3,32744,32769,32768,9,21
32,7,-2,32769,32768,32769,54,102
16,8,-3,32663,32769,32768,104,102
32,7,-2,32769,32768,32769,54,6
16,8,-3,32654,32769,32768,9,6
32,3,1,32764,32768,32769,86,91
16,4,0,32657,32769,32768,19,91
32,3,1,32764,32768,32769,86,92
16,4,0,32755,32769,32768,105,104
32,5,-1,32849,32768,32769,14,21
16,6,-2,32732,32769,32768,9,21
32,3,1,32766,32768,32769,86,74
16,4,0,32757,32769,32768,105,104
32,5,-1,32851,32768,32769,14,21
16,6,-2,32734,32769,32768,9,21
32,5,-1,32760,32768,32769,74,78
32,3,1,32768,32768,32769,86,62
16,4,0,32759,32769,32768,105,104
32,5,-1,32853,32768,32769,14,21
16,6,-2,32736,32769,32768,9,21
32,3,1,32776,32768,32769,86,50
16,4,0,32767,32769,32768,105,104
32,5,-1,32861,32768,32769,14,21
16,6,-2,32744,32769,32768,9,21
32,5,-1,32764,32768,32769,50,54
16,6,-1,32767,32769,32768,55,51
32,7,-2,32861,32768,32769,14,21
16,8,-3,32744,32769,32768,9,21
32,7,-2,32769,32768,32769,54,102
16,8,-3,32663,32769,32768,104,102
32,7,-2,32769,32768,32769,54,6
16,8,-3,32654,32769,32768,9,6
32,3,1,32768,32768,32769,86,38
16,4,0,32759,32769,32768,105,104
32,5,-1,32853,32768,32769,14,21
16,6,-2,32736,32769,32768,9,21
32,3,1,32766,32768,32769,86,26
16,4,0,32757,32769,32768,105,104
32,5,-1,32851,32768,32769,14,21
16,6,-2,32734,32769,32768,9,21
32,7,-3,32737,32768,32769,26,30
32,5,-1,32760,32768,32769,26,30
32,3,1,32766,32768,32769,86,98
16,4,0,32757,32769,32768,105,104
32,5,-1,32851,32768,32769,14,21
16,6,-2,32734,32769,32768,9,21
32,5,-1,32760,32768,32769,98,102
32,3,1,32766,32768,32769,14,13
16,4,0,32757,32769,32768,105,104
32,5,-1,32851,32768,32769,13,21
16,6,-2,32734,32769,32768,9,21
32,3,1,32765,32768,32769,14,12
16,4,0,32756,32769,32768,105,104
32,5,-1,32851,32768,32769,12,21
16,6,-2,32734,32769,32768,9,21
32,3,1,32765,32768,32769,14,15
16,4,0,32756,32769,32768,105,104
32,5,-1,32851,32768,32769,15,21
16,6,-2,32734,32769,32768,9,21
32,3,1,32765,32768,32769,14,16
16,4,0,32756,32769,32768,105,104
32,5,-1,32851,32768,32769,16,21
16,6,-2,32734,32769,32768,9,21
32,3,1,32764,32768,32769,14,17
16,4,0,32755,32769,32768,105,104
32,5,-1,32851,32768,32769,17,21
16,6,-2,32734,32769,32768,9,21
32,3,1,32764,32768,32769,14,18
16,4,0,32755,32769,32768,105,104
32,5,-1,32851,32768,32769,18,21
16,6,-2,32734,32769,32768,9,21
32,5,-1,32764,32768,32769,18,54
16,6,-1,32767,32769,32768,55,51
32,7,-2,32769,32768,32769,54,102
16,8,-3,32663,32769,32768,104,102
32,7,-2,32769,32768,32769,54,6
16,8,-3,32654,32769,32768,9,6
32,3,1,32766,32768,32769,14,26
16,4,0,32757,32769,32768,105,104
32,5,-1,32760,32768,32769,26,30
32,3,1,32768,32768,32769,14,38
16,4,0,32759,32769,32768,105,104
32,3,1,32776,32768,32769,14,50
16,4,0,32767,32769,32768,105,104
32,5,-1,32764,32768,32769,50,54
16,6,-1,32767,32769,32768,55,51
32,7,-2,32769,32768,32769,54,102
16,8,-3,32663,32769,32768,104,102
32,7,-2,32769,32768,32769,54,6
16,8,-3,32654,32769,32768,9,6
32,3,1,32768,32768,32769,14,62
16,4,0,32759,32769,32768,105,104
32,3,1,32766,32768,32769,14,74
16,4,0,32757,32769,32768,105,104
32,5,-1,32760,32768,32769,74,78
32,3,1,32776,32768,32769,84,74
16,4,0,32767,32769,32768,105,104
32,5,-1,32861,32768,32769,14,21
16,6,-2,32744,32769,32768,9,21
32,3,1,32774,32768,32769,84,98
16,4,0,32765,32769,32768,105,104
32,5,-1,32859,32768,32769,14,21
16,6,-2,32742,32769,32768,9,21
32,3,1,32767,32768,32769,60,49
16,4,0,32758,32769,32768,105,104
32,5,-1,32852,32768,32769,14,21
16,6,-2,32735,32769,32768,9,21
32,3,1,32767,32768,32769,36,49
16,4,0,32758,32769,32768,105,104
32,5,-1,32852,32768,32769,14,21
16,6,-2,32735,32769,32768,9,21
32,3,1,32767,32768,32769,72,50
16,4,0,32758,32769,32768,105,104
32,5,-1,32852,32768,32769,14,21
16,6,-2,32735,32769,32768,9,21
32,3,1,32765,32768,32769,72,98
16,4,0,32756,32769,32768,105,104
32,5,-1,32850,32768,32769,14,21
16,6,-2,32733,32769,32768,9,21
32,3,1,32767,32768,32769,24,50
16,4,0,32758,32769,32768,105,104
32,5,-1,32852,32768,32769,14,21
16,6,-2,32735,32769,32768,9,21
32,3,1,32767,32768,32769,99,100
16,4,0,32758,32769,32768,105,104
32,5,-1,32852,32768,32769,14,21
16,6,-2,32735,32769,32768,9,21
32,3,1,32767,32768,32769,75,76
16,4,0,32758,32769,32768,105,104
32,5,-1,32852,32768,32769,14,21
16,6,-2,32735,32769,32768,9,21
32,3,1,32767,32768,32769,51,52
16,4,0,32769,32769,32768,55,52
16,4,0,32758,32769,32768,105,104
32,5,-1,32852,32768,32769,14,21
16,6,-2,32735,32769,32768,9,21
32,3,1,32767,32768,32769,27,28
16,4,0,32758,32769,32768,105,104
32,5,-1,32852,32768,32769,14,21
16,6,-2,32735,32769,32768,9,21
32,3,1,32767,32768,32769,3,4
16,4,0,32758,32769,32768,105,104
32,5,-1,32852,32768,32769,14,21
16,6,-2,32735,32769,32768,9,21
32,1,3,32778,32768,32769,12,26
16,2,2,32768,32769,32768,91,55
32,3,1,32777,32768,32769,0,1
16,4,0,32768,32769,32768,105,104
32,5,-1,32862,32768,32769,14,21
16,6,-2,32745,32769,32768,9,21
32,3,1,32862,32768,32769,14,21
16,4,0,32745,32769,32768,9,21
32,3,1,32766,32768,32769,48,49
16,4,0,32757,32769,32768,105,104
32,5,-1,32851,32768,32769,14,21
16,6,-2,32734,32769,32768,9,21
32,3,1,32777,32768,32769,96,97
16,4,0,32768,32769,32768,105,104
32,5,-1,32862,32768,32769,14,21
16,6,-2,32745,32769,32768,9,21
32,3,1,32776,32768,32769,96,98
16,4,0,32767,32769,32768,105,104
32,5,-1,32861,32768,32769,14,21
16,6,-2,32744,32769,32768,9,21
32,3,1,32776,32768,32769,0,2
16,4,0,32767,32769,32768,105,104
32,5,-1,32861,32768,32769,14,21
16,6,-2,32744,32769,32768,9,21
32,3,1,32778,32768,32769,0,12
16,4,0,32550,32769,32768,19,12
32,5,-1,32647,32768,32769,26,12
32,5,-1,32647,32768,32769,26,12
32,3,1,32768,32768,32769,86,85
16,4,0,32759,32769,32768,105,104
32,5,-1,32853,32768,32769,14,21
16,6,-2,32736,32769,32768,9,21
32,3,1,32767,32768,32769,86,87
16,4,0,32758,32769,32768,105,104
32,5,-1,32852,32768,32769,14,21
16,6,-2,32735,32769,32768,9,21
32,3,1,32767,32768,32769,86,88
16,4,0,32758,32769,32768,105,104
32,5,-1,32852,32768,32769,14,21
16,6,-2,32735,32769,32768,9,21
32,3,1,32766,32768,32769,86,89
16,4,0,32757,32769,32768,105,104
32,5,-1,32851,32768,32769,14,21
16,6,-2,32734,32769,32768,9,21
32,3,1,32766,32768,32769,86,90
16,4,0,32757,32769,32768,105,104
32,5,-1,32851,32768,32769,14,21
16,6,-2,32734,32769,32768,9,21
32,5,-1,32766,32768,32769,90,54
16,6,-1,32769,32769,32768,55,51
16,6,-1,32768,32769,32768,104,56
32,7,-2,32991,32768,32769,54,56
16,8,-3,32887,32769,32768,57,56
16,8,-3,32884,32769,32768,69,56
16,8,-3,32884,32769,32768,45,56
16,8,-3,33001,32769,32768,55,48
32,7,-2,32991,32768,32769,54,56
16,8,-3,32887,32769,32768,57,56
16,8,-3,32884,32769,32768,69,56
16,8,-3,32884,32769,32768,45,56
16,8,-3,33001,32769,32768,55,48
32,7,-2,32862,32768,32769,14,21
16,8,-3,32745,32769,32768,9,21
32,9,-4,32968,32768,32769,54,56
16,10,-5,32864,32769,32768,57,56
16,10,-5,32861,32769,32768,69,56
16,10,-5,32861,32769,32768,45,56
16,10,-5,32978,32769,32768,55,48
32,7,-2,32770,32768,32769,54,102
16,8,-3,32780,32769,32768,55,48
32,7,-2,32770,32768,32769,54,6
16,8,-3,32655,32769,32768,9,6
32,3,1,32766,32768,32769,86,91
16,4,0,32659,32769,32768,19,91
32,3,1,32766,32768,32769,86,92
16,4,0,32757,32769,32768,105,104
32,5,-1,32851,32768,32769,14,21
16,6,-2,32734,32769,32768,9,21
32,3,1,32768,32768,32769,86,74
16,4,0,32759,32769,32768,105,104
32,5,-1,32853,32768,32769,14,21
16,6,-2,32736,32769,32768,9,21
32,5,-1,32762,32768,32769,74,78
32,3,1,32770,32768,32769,86,62
16,4,0,32761,32769,32768,105,104
32,5,-1,32855,32768,32769,14,21
16,6,-2,32738,32769,32768,9,21
32,3,1,32778,32768,32769,86,50
16,4,0,32769,32769,32768,105,104
16,4,0,32768,32769,32768,93,79
32,5,-1,32862,32768,32769,14,21
16,6,-2,32745,32769,32768,9,21
32,5,-1,32765,32768,32769,50,54
16,6,-1,32649,32769,32768,79,54
32,7,-2,32743,32768,32769,14,21
32,3,1,32770,32768,32769,86,38
16,4,0,32760,32769,32768,93,79
32,5,-1,32854,32768,32769,14,21
16,6,-2,32737,32769,32768,9,21
32,3,1,32768,32768,32769,86,98
16,4,0,32758,32769,32768,93,79
32,5,-1,32852,32768,32769,14,21
16,6,-2,32735,32769,32768,9,21
32,5,-1,32761,32768,32769,98,102
32,3,1,32768,32768,32769,14,13
16,4,0,32758,32769,32768,93,79
32,5,-1,32852,32768,32769,13,21
16,6,-2,32735,32769,32768,9,21
32,3,1,32767,32768,32769,14,12
16,4,0,32757,32769,32768,93,79
32,5,-1,32852,32768,32769,12,21
16,6,-2,32735,32769,32768,9,21
32,3,1,32767,32768,32769,14,15
16,4,0,32757,32769,32768,93,79
32,5,-1,32852,32768,32769,15,21
16,6,-2,32735,32769,32768,9,21
32,3,1,32767,32768,32769,14,16
16,4,0,32757,32769,32768,93,79
32,5,-1,32852,32768,32769,16,21
16,6,-2,32735,32769,32768,9,21
32,3,1,32766,32768,32769,14,17
16,4,0,32756,32769,32768,93,79
32,5,-1,32852,32768,32769,17,21
16,6,-2,32735,32769,32768,9,21
32,3,1,32766,32768,32769,14,18
16,4,0,32756,32769,32768,93,79
32,5,-1,32852,32768,32769,18,21
16,6,-2,32735,32769,32768,9,21
32,5,-1,32765,32768,32769,18,54
16,6,-1,32649,32769,32768,79,54
32,3,1,32768,32768,32769,14,2
16,4,0,32758,32769,32768,93,79
32,5,-1,32761,32768,32769,2,6
32,3,1,32778,32768,32769,84,74
16,4,0,32768,32769,32768,93,79
32,5,-1,32862,32768,32769,14,21
16,6,-2,32745,32769,32768,9,21
32,3,1,32776,32768,32769,84,98
16,4,0,32766,32769,32768,93,79
32,5,-1,32860,32768,32769,14,21
16,6,-2,32743,32769,32768,9,21
32,3,1,32740,32768,32769,26,49
16,4,0,32730,32769,32768,93,79
32,5,-1,32824,32768,32769,14,21
16,6,-2,32707,32769,32768,9,21
32,3,1,32769,32768,32769,60,49
16,4,0,32759,32769,32768,93,79
32,5,-1,32853,32768,32769,14,21
16,6,-2,32736,32769,32768,9,21
32,3,1,32769,32768,32769,36,49
16,4,0,32759,32769,32768,93,79
32,5,-1,32853,32768,32769,14,21
16,6,-2,32736,32769,32768,9,21
32,3,1,32769,32768,32769,72,50
16,4,0,32759,32769,32768,93,79
32,5,-1,32853,32768,32769,14,21
16,6,-2,32736,32769,32768,9,21
32,3,1,32767,32768,32769,72,98
16,4,0,32757,32769,32768,93,79
32,5,-1,32851,32768,32769,14,21
16,6,-2,32734,32769,32768,9,21
32,3,1,32767,32768,32769,24,2
16,4,0,32757,32769,32768,93,79
32,5,-1,32851,32768,32769,14,21
16,6,-2,32734,32769,32768,9,21
32,3,1,32769,32768,32769,24,50
16,4,0,32759,32769,32768,93,79
32,5,-1,32853,32768,32769,14,21
16,6,-2,32736,32769,32768,9,21
32,3,1,32769,32768,32769,99,100
16,4,0,32759,32769,32768,93,79
32,5,-1,32853,32768,32769,14,21
16,6,-2,32736,32769,32768,9,21
32,3,1,32769,32768,32769,75,76
16,4,0,32759,32769,32768,93,79
32,5,-1,32853,32768,32769,14,21
16,6,-2,32736,32769,32768,9,21
32,3,1,32769,32768,32769,51,52
16,4,0,32771,32769,32768,55,52
16,4,0,32759,32769,32768,93,79
32,5,-1,32853,32768,32769,14,21
16,6,-2,32736,32769,32768,9,21
32,3,1,32769,32768,32769,27,28
16,4,0,32759,32769,32768,93,79
32,5,-1,32853,32768,32769,14,21
16,6,-2,32736,32769,32768,9,21
32,3,1,32769,32768,32769,3,4
16,4,0,32759,32769,32768,93,79
32,5,-1,32853,32768,32769,14,21
16,6,-2,32736,32769,32768,9,21
32,1,3,32769,32768,32769,60,49
16,2,2,32759,32769,32768,91,55
32,3,1,32768,32768,32769,0,1
16,4,0,32758,32769,32768,93,79
32,5,-1,32852,32768,32769,14,21
16,6,-2,32735,32769,32768,9,21
32,3,1,32853,32768,32769,14,21
16,4,0,32736,32769,32768,9,21
32,3,1,32758,32768,32769,48,60
16,4,0,32748,32769,32768,93,79
32,5,-1,32842,32768,32769,14,21
16,6,-2,32725,32769,32768,9,21
32,3,1,32768,32768,32769,96,97
16,4,0,32758,32769,32768,93,79
32,5,-1,32852,32768,32769,14,21
16,6,-2,32735,32769,32768,9,21
32,3,1,32767,32768,32769,96,98
16,4,0,32757,32769,32768,93,79
32,5,-1,32851,32768,32769,14,21
16,6,-2,32734,32769,32768,9,21
32,3,1,32767,32768,32769,0,2
16,4,0,32757,32769,32768,93,79
32,5,-1,32851,32768,32769,14,21
16,6,-2,32734,32769,32768,9,21
32,3,1,32759,32768,32769,86,85
16,4,0,32749,32769,32768,93,79
32,5,-1,32843,32768,32769,14,21
16,6,-2,32726,32769,32768,9,21
32,3,1,32758,32768,32769,86,87
16,4,0,32748,32769,32768,93,79
32,5,-1,32842,32768,32769,14,21
16,6,-2,32725,32769,32768,9,21
32,3,1,32758,32768,32769,86,88
16,4,0,32748,32769,32768,93,79
32,5,-1,32842,32768,32769,14,21
16,6,-2,32725,32769,32768,9,21
32,3,1,32757,32768,32769,86,89
16,4,0,32747,32769,32768,93,79
32,5,-1,32841,32768,32769,14,21
16,6,-2,32724,32769,32768,9,21
32,3,1,32757,32768,32769,86,90
16,4,0,32747,32769,32768,93,79
32,5,-1,32841,32768,32769,14,21
16,6,-2,32724,32769,32768,9,21
32,5,-1,32756,32768,32769,90,54
16,6,-1,32640,32769,32768,79,54
32,7,-2,32734,32768,32769,14,21
32,3,1,32757,32768,32769,86,91
16,4,0,32650,32769,32768,19,91
32,3,1,32757,32768,32769,86,92
16,4,0,32748,32769,32768,105,104
32,5,-1,32842,32768,32769,14,21
16,6,-2,32725,32769,32768,9,21
32,3,1,32759,32768,32769,86,74
16,4,0,32750,32769,32768,105,104
32,5,-1,32844,32768,32769,14,21
16,6,-2,32727,32769,32768,9,21
32,5,-1,32753,32768,32769,74,78
32,3,1,32761,32768,32769,86,62
16,4,0,32752,32769,32768,105,104
32,5,-1,32846,32768,32769,14,21
16,6,-2,32729,32769,32768,9,21
32,3,1,32769,32768,32769,86,50
16,4,0,32760,32769,32768,105,104
32,5,-1,32854,32768,32769,14,21
16,6,-2,32737,32769,32768,9,21
32,5,-1,32757,32768,32769,50,54
16,6,-1,32760,32769,32768,55,51
32,7,-1,32759,32768,32769,48,60
32,7,-1,32770,32768,32769,14,50
16,8,-2,32736,32769,32768,51,49
32,9,-3,32840,32768,32769,48,49
16,8,-2,32768,32769,32768,51,99
32,9,-3,32883,32768,32769,96,99
16,8,-2,32768,32769,32768,51,3
32,9,-3,32883,32768,32769,0,3
16,6,-1,32759,32769,32768,104,56
32,7,-2,32982,32768,32769,54,56
16,8,-3,32878,32769,32768,57,56
16,8,-3,32875,32769,32768,69,56
16,8,-3,32875,32769,32768,45,56
16,6,-1,32765,32769,32768,55,43
32,7,-2,32859,32768,32769,14,21
16,8,-3,32742,32769,32768,9,21
32,7,-2,32767,32768,32769,54,102
32,7,-2,32767,32768,32769,54,6
32,3,1,32761,32768,32769,86,38
16,4,0,32752,32769,32768,105,104
32,5,-1,32846,32768,32769,14,21
16,6,-2,32729,32769,32768,9,21
32,3,1,32759,32768,32769,86,26
16,4,0,32750,32769,32768,105,104
32,5,-1,32844,32768,32769,14,21
16,6,-2,32727,32769,32768,9,21
32,7,-3,32730,32768,32769,26,30
32,5,-1,32753,32768,32769,26,30
32,3,1,32759,32768,32769,86,98
16,4,0,32750,32769,32768,105,104
32,5,-1,32844,32768,32769,14,21
16,6,-2,32727,32769,32768,9,21
32,5,-1,32753,32768,32769,98,102
32,3,1,32759,32768,32769,14,13
16,4,0,32750,32769,32768,105,104
32,5,-1,32844,32768,32769,13,21
16,6,-2,32727,32769,32768,9,21
32,3,1,32758,32768,32769,14,15
16,4,0,32749,32769,32768,105,104
32,5,-1,32844,32768,32769,15,21
16,6,-2,32727,32769,32768,9,21
32,3,1,32758,32768,32769,14,16
16,4,0,32749,32769,32768,105,104
32,5,-1,32844,32768,32769,16,21
16,6,-2,32727,32769,32768,9,21
32,3,1,32757,32768,32769,14,17
16,4,0,32748,32769,32768,105,104
32,5,-1,32844,32768,32769,17,21
16,6,-2,32727,32769,32768,9,21
32,3,1,32757,32768,32769,14,18
16,4,0,32748,32769,32768,105,104
32,5,-1,32844,32768,32769,18,21
16,6,-2,32727,32769,32768,9,21
32,5,-1,32757,32768,32769,18,54
16,6,-1,32760,32769,32768,55,51
32,7,-1,32759,32768,32769,48,60
32,7,-1,32770,32768,32769,86,50
16,8,-2,32736,32769,32768,51,49
32,9,-3,32840,32768,32769,48,49
16,8,-2,32768,32769,32768,51,99
32,9,-3,32883,32768,32769,96,99
16,8,-2,32768,32769,32768,51,3
32,9,-3,32883,32768,32769,0,3
16,6,-1,32759,32769,32768,104,56
32,7,-2,32982,32768,32769,54,56
16,8,-3,32878,32769,32768,57,56
16,8,-3,32875,32769,32768,69,56
16,8,-3,32875,32769,32768,45,56
16,6,-1,32765,32769,32768,55,43
32,7,-2,32767,32768,32769,54,102
32,7,-2,32767,32768,32769,54,6
32,3,1,32759,32768,32769,14,2
16,4,0,32750,32769,32768,105,104
32,5,-1,32753,32768,32769,2,6
32,3,1,32759,32768,32769,14,26
16,4,0,32750,32769,32768,105,104
32,5,-1,32753,32768,32769,26,30
32,3,1,32761,32768,32769,14,38
16,4,0,32752,32769,32768,105,104
32,3,1,32769,32768,32769,14,50
16,4,0,32760,32769,32768,105,104
32,5,-1,32757,32768,32769,50,54
16,6,-1,32760,32769,32768,55,51
32,7,-1,32759,32768,32769,48,60
32,7,-1,32770,32768,32769,86,50
16,8,-2,32736,32769,32768,51,49
32,9,-3,32840,32768,32769,48,49
16,8,-2,32768,32769,32768,51,99
32,9,-3,32883,32768,32769,96,99
16,8,-2,32768,32769,32768,51,3
32,9,-3,32883,32768,32769,0,3
16,6,-1,32759,32769,32768,104,56
32,7,-2,32982,32768,32769,54,56
16,8,-3,32878,32769,32768,57,56
16,8,-3,32875,32769,32768,69,56
16,8,-3,32875,32769,32768,45,56
16,6,-1,32765,32769,32768,55,43
32,7,-2,32767,32768,32769,54,102
32,7,-2,32767,32768,32769,54,6
32,3,1,32761,32768,32769,14,62
16,4,0,32752,32769,32768,105,104
32,3,1,32759,32768,32769,14,74
16,4,0,32750,32769,32768,105,104
32,5,-1,32753,32768,32769,74,78
32,3,1,32769,32768,32769,84,74
16,4,0,32760,32769,32768,105,104
32,5,-1,32854,32768,32769,14,21
16,6,-2,32737,32769,32768,9,21
32,3,1,32767,32768,32769,84,98
16,4,0,32758,32769,32768,105,104
32,5,-1,32852,32768,32769,14,21
16,6,-2,32735,32769,32768,9,21
32,3,1,32767,32768,32769,12,2
16,4,0,32758,32769,32768,105,104
32,5,-1,32852,32768,32769,14,21
16,6,-2,32735,32769,32768,9,21
32,3,1,32769,32768,32769,12,26
16,4,0,32760,32769,32768,105,104
32,5,-1,32854,32768,32769,14,21
16,6,-2,32737,32769,32768,9,21
32,3,1,32758,32768,32769,49,38
16,4,0,32749,32769,32768,105,104
32,5,-1,32843,32768,32769,14,21
16,6,-2,32726,32769,32768,9,21
32,3,1,32758,32768,32769,49,62
16,4,0,32749,32769,32768,105,104
32,5,-1,32843,32768,32769,14,21
16,6,-2,32726,32769,32768,9,21
32,3,1,32760,32768,32769,72,50
16,4,0,32751,32769,32768,105,104
32,5,-1,32845,32768,32769,14,21
16,6,-2,32728,32769,32768,9,21
32,3,1,32758,32768,32769,72,98
16,4,0,32749,32769,32768,105,104
32,5,-1,32843,32768,32769,14,21
16,6,-2,32726,32769,32768,9,21
32,3,1,32758,32768,32769,24,2
16,4,0,32749,32769,32768,105,104
32,5,-1,32843,32768,32769,14,21
16,6,-2,32726,32769,32768,9,21
32,3,1,32760,32768,32769,24,50
16,4,0,32751,32769,32768,105,104
32,5,-1,32845,32768,32769,14,21
16,6,-2,32728,32769,32768,9,21
32,3,1,32760,32768,32769,99,100
16,4,0,32751,32769,32768,105,104
32,5,-1,32845,32768,32769,14,21
16,6,-2,32728,32769,32768,9,21
32,3,1,32760,32768,32769,75,76
16,4,0,32751,32769,32768,105,104
32,5,-1,32845,32768,32769,14,21
16,6,-2,32728,32769,32768,9,21
32,3,1,32760,32768,32769,51,52
16,4,0,32762,32769,32768,55,52
32,5,0,32761,32768,32769,48,60
32,5,0,32772,32768,32769,86,50
16,6,-1,32678,32769,32768,19,12
32,7,-2,32795,32768,32769,0,12
16,6,-1,32738,32769,32768,52,49
32,7,-2,32842,32768,32769,48,49
16,4,0,32751,32769,32768,105,104
32,5,-1,32845,32768,32769,14,21
16,6,-2,32728,32769,32768,9,21
32,3,1,32760,32768,32769,27,28
16,4,0,32751,32769,32768,105,104
32,5,-1,32845,32768,32769,14,21
16,6,-2,32728,32769,32768,9,21
32,3,1,32760,32768,32769,3,4
16,4,0,32751,32769,32768,105,104
32,5,-1,32845,32768,32769,14,21
16,6,-2,32728,32769,32768,9,21
32,1,3,32769,32768,32769,36,49
16,2,2,32759,32769,32768,91,55
32,3,1,32768,32768,32769,0,1
16,4,0,32759,32769,32768,105,104
32,5,-1,32853,32768,32769,14,21
16,6,-2,32736,32769,32768,9,21
32,3,1,32853,32768,32769,14,21
16,4,0,32736,32769,32768,9,21
32,3,1,32758,32768,32769,48,36
16,4,0,32749,32769,32768,105,104
32,5,-1,32843,32768,32769,14,21
16,6,-2,32726,32769,32768,9,21
32,3,1,32768,32768,32769,96,97
16,4,0,32759,32769,32768,105,104
32,5,-1,32853,32768,32769,14,21
16,6,-2,32736,32769,32768,9,21
32,3,1,32767,32768,32769,96,98
16,4,0,32758,32769,32768,105,104
32,5,-1,32852,32768,32769,14,21
16,6,-2,32735,32769,32768,9,21
32,3,1,32767,32768,32769,0,2
16,4,0,32758,32769,32768,105,104
32,5,-1,32852,32768,32769,14,21
16,6,-2,32735,32769,32768,9,21
32,3,1,32759,32768,32769,86,85
16,4,0,32750,32769,32768,105,104
32,5,-1,32844,32768,32769,14,21
16,6,-2,32727,32769,32768,9,21
32,3,1,32758,32768,32769,86,87
16,4,0,32749,32769,32768,105,104
32,5,-1,32843,32768,32769,14,21
16,6,-2,32726,32769,32768,9,21
32,3,1,32758,32768,32769,86,88
16,4,0,32749,32769,32768,105,104
32,5,-1,32843,32768,32769,14,21
16,6,-2,32726,32769,32768,9,21
32,3,1,32757,32768,32769,86,89
16,4,0,32748,32769,32768,105,104
32,5,-1,32842,32768,32769,14,21
16,6,-2,32725,32769,32768,9,21
32,3,1,32757,32768,32769,86,90
16,4,0,32748,32769,32768,105,104
32,5,-1,32842,32768,32769,14,21
16,6,-2,32725,32769,32768,9,21
32,5,-1,32757,32768,32769,90,54
16,6,-1,32760,32769,32768,55,51
32,7,-1,32759,32768,32769,48,36
32,7,-1,32770,32768,32769,14,50
16,8,-2,32736,32769,32768,51,49
32,9,-3,32840,32768,32769,48,49
16,8,-2,32768,32769,32768,51,99
32,9,-3,32883,32768,32769,96,99
16,8,-2,32768,32769,32768,51,3
32,9,-3,32883,32768,32769,0,3
16,6,-1,32759,32769,32768,104,56
32,7,-2,32982,32768,32769,54,56
16,8,-3,32878,32769,32768,57,56
16,8,-3,32875,32769,32768,69,56
16,8,-3,32875,32769,32768,45,56
16,6,-1,32765,32769,32768,55,43
32,7,-2,32859,32768,32769,14,21
16,8,-3,32742,32769,32768,9,21
32,7,-2,32767,32768,32769,54,102
32,7,-2,32767,32768,32769,54,6
32,3,1,32757,32768,32769,86,91
16,4,0,32650,32769,32768,19,91
32,3,1,32757,32768,32769,86,92
16,4,0,32748,32769,32768,105,104
32,5,-1,32842,32768,32769,14,21
16,6,-2,32725,32769,32768,9,21
32,3,1,32759,32768,32769,86,74
16,4,0,32750,32769,32768,105,104
32,5,-1,32844,32768,32769,14,21
16,6,-2,32727,32769,32768,9,21
32,5,-1,32753,32768,32769,74,78
32,3,1,32761,32768,32769,86,62
16,4,0,32752,32769,32768,105,104
32,5,-1,32846,32768,32769,14,21
16,6,-2,32729,32769,32768,9,21
32,3,1,32769,32768,32769,86,50
16,4,0,32760,32769,32768,105,104
32,5,-1,32854,32768,32769,14,21
16,6,-2,32737,32769,32768,9,21
32,5,-1,32757,32768,32769,50,54
16,6,-1,32760,32769,32768,55,51
32,7,-1,32759,32768,32769,48,36
32,7,-1,32770,32768,32769,14,50
16,8,-2,32736,32769,32768,51,49
32,9,-3,32840,32768,32769,48,49
16,8,-2,32768,32769,32768,51,99
32,9,-3,32883,32768,32769,96,99
16,8,-2,32768,32769,32768,51,3
32,9,-3,32883,32768,32769,0,3
16,6,-1,32759,32769,32768,104,56
32,7,-2,32982,32768,32769,54,56
16,8,-3,32878,32769,32768,57,56
16,8,-3,32875,32769,32768,69,56
16,8,-3,32875,32769,32768,45,56
16,6,-1,32765,32769,32768,55,43
32,7,-2,32859,32768,32769,14,21
16,8,-3,32742,32769,32768,9,21
32,7,-2,32767,32768,32769,54,102
32,7,-2,32767,32768,32769,54,6
32,3,1,32761,32768,32769,86,38
16,4,0,32752,32769,32768,105,104
32,5,-1,32846,32768,32769,14,21
16,6,-2,32729,32769,32768,9,21
32,3,1,32759,32768,32769,86,26
16,4,0,32750,32769,32768,105,104
32,5,-1,32844,32768,32769,14,21
16,6,-2,32727,32769,32768,9,21
32,7,-3,32730,32768,32769,26,30
32,5,-1,32753,32768,32769,26,30
32,3,1,32759,32768,32769,86,98
16,4,0,32750,32769,32768,105,104
32,5,-1,32844,32768,32769,14,21
16,6,-2,32727,32769,32768,9,21
32,5,-1,32753,32768,32769,98,102
32,3,1,32759,32768,32769,14,13
16,4,0,32750,32769,32768,105,104
32,5,-1,32844,32768,32769,13,21
16,6,-2,32727,32769,32768,9,21
32,3,1,32758,32768,32769,14,15
16,4,0,32749,32769,32768,105,104
32,5,-1,32844,32768,32769,15,21
16,6,-2,32727,32769,32768,9,21
32,3,1,32758,32768,32769,14,16
16,4,0,32749,32769,32768,105,104
32,5,-1,32844,32768,32769,16,21
16,6,-2,32727,32769,32768,9,21
32,3,1,32757,32768,32769,14,17
16,4,0,32748,32769,32768,105,104
32,5,-1,32844,32768,32769,17,21
16,6,-2,32727,32769,32768,9,21
32,3,1,32757,32768,32769,14,18
16,4,0,32748,32769,32768,105,104
32,5,-1,32844,32768,32769,18,21
16,6,-2,32727,32769,32768,9,21
32,5,-1,32757,32768,32769,18,54
16,6,-1,32760,32769,32768,55,51
32,7,-1,32759,32768,32769,48,36
32,7,-1,32770,32768,32769,86,50
16,8,-2,32736,32769,32768,51,49
32,9,-3,32840,32768,32769,48,49
16,8,-2,32768,32769,32768,51,99
32,9,-3,32883,32768,32769,96,99
16,8,-2,32768,32769,32768,51,3
32,9,-3,32883,32768,32769,0,3
16,6,-1,32759,32769,32768,104,56
32,7,-2,32982,32768,32769,54,56
16,8,-3,32878,32769,32768,57,56
16,8,-3,32875,32769,32768,69,56
16,8,-3,32875,32769,32768,45,56
16,6,-1,32765,32769,32768,55,43
32,7,-2,32767,32768,32769,54,102
32,7,-2,32767,32768,32769,54,6
32,3,1,32759,32768,32769,14,2
16,4,0,32750,32769,32768,105,104
32,5,-1,32753,32768,32769,2,6
32,3,1,32759,32768,32769,14,26
16,4,0,32750,32769,32768,105,104
32,5,-1,32753,32768,32769,26,30
32,3,1,32761,32768,32769,14,38
16,4,0,32752,32769,32768,105,104
32,3,1,32769,32768,32769,14,50
16,4,0,32760,32769,32768,105,104
32,5,-1,32757,32768,32769,50,54
16,6,-1,32760,32769,32768,55,51
32,7,-1,32759,32768,32769,48,36
32,7,-1,32770,32768,32769,86,50
16,8,-2,32736,32769,32768,51,49
32,9,-3,32840,32768,32769,48,49
16,8,-2,32768,32769,32768,51,99
32,9,-3,32883,32768,32769,96,99
16,8,-2,32768,32769,32768,51,3
32,9,-3,32883,32768,32769,0,3
16,6,-1,32759,32769,32768,104,56
32,7,-2,32982,32768,32769,54,56
16,8,-3,32878,32769,32768,57,56
16,8,-3,32875,32769,32768,69,56
16,8,-3,32875,32769,32768,45,56
16,6,-1,32765,32769,32768,55,43
32,7,-2,32767,32768,32769,54,102
32,7,-2,32767,32768,32769,54,6
32,3,1,32761,32768,32769,14,62
16,4,0,32752,32769,32768,105,104
32,3,1,32759,32768,32769,14,74
16,4,0,32750,32769,32768,105,104
32,5,-1,32753,32768,32769,74,78
32,3,1,32769,32768,32769,84,74
16,4,0,32760,32769,32768,105,104
32,5,-1,32854,32768,32769,14,21
16,6,-2,32737,32769,32768,9,21
32,3,1,32767,32768,32769,84,98
16,4,0,32758,32769,32768,105,104
32,5,-1,32852,32768,32769,14,21
16,6,-2,32735,32769,32768,9,21
32,3,1,32767,32768,32769,12,2
16,4,0,32758,32769,32768,105,104
32,5,-1,32852,32768,32769,14,21
16,6,-2,32735,32769,32768,9,21
32,3,1,32769,32768,32769,12,26
16,4,0,32760,32769,32768,105,104
32,5,-1,32854,32768,32769,14,21
16,6,-2,32737,32769,32768,9,21
32,3,1,32758,32768,32769,49,38
16,4,0,32749,32769,32768,105,104
32,5,-1,32843,32768,32769,14,21
16,6,-2,32726,32769,32768,9,21
32,3,1,32758,32768,32769,49,62
16,4,0,32749,32769,32768,105,104
32,5,-1,32843,32768,32769,14,21
16,6,-2,32726,32769,32768,9,21
32,3,1,32760,32768,32769,72,50
16,4,0,32751,32769,32768,105,104
32,5,-1,32845,32768,32769,14,21
16,6,-2,32728,32769,32768,9,21
32,3,1,32758,32768,32769,72,98
16,4,0,32749,32769,32768,105,104
32,5,-1,32843,32768,32769,14,21
16,6,-2,32726,32769,32768,9,21
32,3,1,32758,32768,32769,24,2
16,4,0,32749,32769,32768,105,104
32,5,-1,32843,32768,32769,14,21
16,6,-2,32726,32769,32768,9,21
32,3,1,32760,32768,32769,24,50
16,4,0,32751,32769,32768,105,104
32,5,-1,32845,32768,32769,14,21
16,6,-2,32728,32769,32768,9,21
32,3,1,32760,32768,32769,99,100
16,4,0,32751,32769,32768,105,104
32,5,-1,32845,32768,32769,14,21
16,6,-2,32728,32769,32768,9,21
32,3,1,32760,32768,32769,75,76
16,4,0,32751,32769,32768,105,104
32,5,-1,32845,32768,32769,14,21
16,6,-2,32728,32769,32768,9,21
32,3,1,32760,32768,32769,51,52
16,4,0,32762,32769,32768,55,52
32,5,0,32761,32768,32769,48,36
32,5,0,32772,32768,32769,86,50
16,6,-1,32678,32769,32768,19,12
32,7,-1,32795,32768,32769,0,12
16,8,-2,32761,32769,32768,52,49
32,9,-3,32865,32768,32769,48,49
16,6,-1,32738,32769,32768,52,49
32,7,-2,32842,32768,32769,48,49
16,4,0,32751,32769,32768,105,104
32,5,-1,32845,32768,32769,14,21
16,6,-2,32728,32769,32768,9,21
32,3,1,32760,32768,32769,27,28
16,4,0,32751,32769,32768,105,104
32,5,-1,32845,32768,32769,14,21
16,6,-2,32728,32769,32768,9,21
32,3,1,32760,32768,32769,3,4
16,4,0,32751,32769,32768,105,104
32,5,-1,32845,32768,32769,14,21
16,6,-2,32728,32769,32768,9,21
32,1,3,32769,32768,32769,72,50
16,2,2,32759,32769,32768,91,55
32,3,1,32768,32768,32769,0,1
16,4,0,32759,32769,32768,105,104
32,5,-1,32853,32768,32769,14,21
16,6,-2,32736,32769,32768,9,21
32,3,1,32853,32768,32769,14,21
16,4,0,32736,32769,32768,9,21
32,3,1,32757,32768,32769,48,49
16,4,0,32748,32769,32768,105,104
32,5,-1,32842,32768,32769,14,21
16,6,-2,32725,32769,32768,9,21
32,3,1,32768,32768,32769,96,97
16,4,0,32759,32769,32768,105,104
32,5,-1,32853,32768,32769,14,21
16,6,-2,32736,32769,32768,9,21
32,3,1,32767,32768,32769,96,98
16,4,0,32758,32769,32768,105,104
32,5,-1,32852,32768,32769,14,21
16,6,-2,32735,32769,32768,9,21
32,3,1,32767,32768,32769,0,2
16,4,0,32758,32769,32768,105,104
32,5,-1,32852,32768,32769,14,21
16,6,-2,32735,32769,32768,9,21
32,3,1,32759,32768,32769,86,85
16,4,0,32750,32769,32768,105,104
32,5,-1,32844,32768,32769,14,21
16,6,-2,32727,32769,32768,9,21
32,3,1,32758,32768,32769,86,87
16,4,0,32749,32769,32768,105,104
32,5,-1,32843,32768,32769,14,21
16,6,-2,32726,32769,32768,9,21
32,3,1,32758,32768,32769,86,88
16,4,0,32749,32769,32768,105,104
32,5,-1,32843,32768,32769,14,21
16,6,-2,32726,32769,32768,9,21
32,3,1,32757,32768,32769,86,89
16,4,0,32748,32769,32768,105,104
32,5,-1,32842,32768,32769,14,21
16,6,-2,32725,32769,32768,9,21
32,3,1,32757,32768,32769,86,90
16,4,0,32748,32769,32768,105,104
32,5,-1,32842,32768,32769,14,21
16,6,-2,32725,32769,32768,9,21
32,5,-1,32757,32768,32769,90,54
16,6,-1,32760,32769,32768,55,51
32,7,-1,32761,32768,32769,60,49
32,7,-1,32761,32768,32769,36,49
32,7,-1,32759,32768,32769,50,72
32,7,-1,32759,32768,32769,50,28
32,7,-1,32759,32768,32769,50,76
32,3,1,32757,32768,32769,86,91
16,4,0,32650,32769,32768,19,91
32,3,1,32757,32768,32769,86,92
16,4,0,32748,32769,32768,105,104
32,5,-1,32842,32768,32769,14,21
16,6,-2,32725,32769,32768,9,21
32,3,1,32759,32768,32769,86,74
16,4,0,32750,32769,32768,105,104
32,5,-1,32844,32768,32769,14,21
16,6,-2,32727,32769,32768,9,21
32,5,-1,32753,32768,32769,74,78
32,3,1,32761,32768,32769,86,62
16,4,0,32752,32769,32768,105,104
32,5,-1,32846,32768,32769,14,21
16,6,-2,32729,32769,32768,9,21
32,3,1,32759,32768,32769,86,98
16,4,0,32750,32769,32768,105,104
32,5,-1,32844,32768,32769,14,21
16,6,-2,32727,32769,32768,9,21
32,5,-1,32753,32768,32769,98,102
32,3,1,32759,32768,32769,14,13
16,4,0,32750,32769,32768,105,104
32,5,-1,32844,32768,32769,13,21
16,6,-2,32727,32769,32768,9,21
32,3,1,32758,32768,32769,14,15
16,4,0,32749,32769,32768,105,104
32,5,-1,32844,32768,32769,15,21
16,6,-2,32727,32769,32768,9,21
32,3,1,32758,32768,32769,14,16
16,4,0,32749,32769,32768,105,104
32,5,-1,32844,32768,32769,16,21
16,6,-2,32727,32769,32768,9,21
32,3,1,32757,32768,32769,14,17
16,4,0,32748,32769,32768,105,104
32,5,-1,32844,32768,32769,17,21
16,6,-2,32727,32769,32768,9,21
32,3,1,32757,32768,32769,14,18
16,4,0,32748,32769,32768,105,104
32,5,-1,32844,32768,32769,18,21
16,6,-2,32727,32769,32768,9,21
32,5,-1,32757,32768,32769,18,54
16,6,-1,32760,32769,32768,55,51
32,7,-1,32761,32768,32769,60,49
32,7,-1,32761,32768,32769,36,49
32,7,-1,32759,32768,32769,50,72
32,7,-1,32759,32768,32769,50,28
32,7,-1,32759,32768,32769,50,76
32,3,1,32759,32768,32769,14,2
16,4,0,32750,32769,32768,105,104
32,5,-1,32753,32768,32769,2,6
32,3,1,32759,32768,32769,14,26
16,4,0,32750,32769,32768,105,104
32,5,-1,32753,32768,32769,26,30
32,3,1,32761,32768,32769,14,38
16,4,0,32752,32769,32768,105,104
32,3,1,32769,32768,32769,84,74
16,4,0,32760,32769,32768,105,104
32,5,-1,32854,32768,32769,14,21
16,6,-2,32737,32769,32768,9,21
32,3,1,32767,32768,32769,84,98
16,4,0,32758,32769,32768,105,104
32,5,-1,32852,32768,32769,14,21
16,6,-2,32735,32769,32768,9,21
32,3,1,32768,32768,32769,84,61
16,4,0,32759,32769,32768,105,104
32,5,-1,32853,32768,32769,14,21
16,6,-2,32736,32769,32768,9,21
32,3,1,32767,32768,32769,12,2
16,4,0,32758,32769,32768,105,104
32,5,-1,32852,32768,32769,14,21
16,6,-2,32735,32769,32768,9,21
32,3,1,32769,32768,32769,12,26
16,4,0,32760,32769,32768,105,104
32,5,-1,32854,32768,32769,14,21
16,6,-2,32737,32769,32768,9,21
32,3,1,32760,32768,32769,60,49
16,4,0,32751,32769,32768,105,104
32,5,-1,32845,32768,32769,14,21
16,6,-2,32728,32769,32768,9,21
32,3,1,32760,32768,32769,36,49
16,4,0,32751,32769,32768,105,104
32,5,-1,32845,32768,32769,14,21
16,6,-2,32728,32769,32768,9,21
32,3,1,32758,32768,32769,50,28
16,4,0,32749,32769,32768,105,104
32,5,-1,32843,32768,32769,14,21
16,6,-2,32726,32769,32768,9,21
32,3,1,32758,32768,32769,50,76
16,4,0,32749,32769,32768,105,104
32,5,-1,32843,32768,32769,14,21
16,6,-2,32726,32769,32768,9,21
32,3,1,32758,32768,32769,24,2
16,4,0,32749,32769,32768,105,104
32,5,-1,32843,32768,32769,14,21
16,6,-2,32726,32769,32768,9,21
32,3,1,32760,32768,32769,99,100
16,4,0,32751,32769,32768,105,104
32,5,-1,32845,32768,32769,14,21
16,6,-2,32728,32769,32768,9,21
32,3,1,32760,32768,32769,75,76
16,4,0,32751,32769,32768,105,104
32,5,-1,32845,32768,32769,14,21
16,6,-2,32728,32769,32768,9,21
32,3,1,32760,32768,32769,51,52
16,4,0,32762,32769,32768,55,52
32,5,0,32763,32768,32769,60,49
32,5,0,32763,32768,32769,36,49
32,5,0,32761,32768,32769,50,72
32,5,0,32761,32768,32769,50,28
32,5,0,32761,32768,32769,50,76
32,3,1,32760,32768,32769,27,28
16,4,0,32751,32769,32768,105,104
32,5,-1,32845,32768,32769,14,21
16,6,-2,32728,32769,32768,9,21
32,3,1,32760,32768,32769,3,4
16,4,0,32751,32769,32768,105,104
32,5,-1,32845,32768,32769,14,21
16,6,-2,32728,32769,32768,9,21
32,1,3,32767,32768,32769,72,98
16,2,2,32757,32769,32768,91,55
32,3,1,32766,32768,32769,0,1
16,4,0,32757,32769,32768,105,104
32,5,-1,32851,32768,32769,14,21
16,6,-2,32734,32769,32768,9,21
32,3,1,32851,32768,32769,14,21
16,4,0,32734,32769,32768,9,21
32,3,1,32755,32768,32769,48,49
16,4,0,32746,32769,32768,105,104
32,5,-1,32840,32768,32769,14,21
16,6,-2,32723,32769,32768,9,21
32,3,1,32766,32768,32769,96,97
16,4,0,32757,32769,32768,105,104
32,5,-1,32851,32768,32769,14,21
16,6,-2,32734,32769,32768,9,21
32,3,1,32765,32768,32769,0,2
16,4,0,32756,32769,32768,105,104
32,5,-1,32850,32768,32769,14,21
16,6,-2,32733,32769,32768,9,21
32,3,1,32757,32768,32769,86,85
16,4,0,32748,32769,32768,105,104
32,5,-1,32842,32768,32769,14,21
16,6,-2,32725,32769,32768,9,21
32,3,1,32756,32768,32769,86,87
16,4,0,32747,32769,32768,105,104
32,5,-1,32841,32768,32769,14,21
16,6,-2,32724,32769,32768,9,21
32,3,1,32756,32768,32769,86,88
16,4,0,32747,32769,32768,105,104
32,5,-1,32841,32768,32769,14,21
16,6,-2,32724,32769,32768,9,21
32,3,1,32755,32768,32769,86,89
16,4,0,32746,32769,32768,105,104
32,5,-1,32840,32768,32769,14,21
16,6,-2,32723,32769,32768,9,21
32,3,1,32755,32768,32769,86,90
16,4,0,32746,32769,32768,105,104
32,5,-1,32840,32768,32769,14,21
16,6,-2,32723,32769,32768,9,21
32,5,-1,32755,32768,32769,90,54
16,6,-1,32758,32769,32768,55,51
32,7,-2,32852,32768,32769,14,21
16,8,-3,32735,32769,32768,9,21
32,7,-2,32760,32768,32769,54,102
32,7,-2,32760,32768,32769,54,6
32,3,1,32755,32768,32769,86,91
16,4,0,32648,32769,32768,19,91
32,3,1,32755,32768,32769,86,92
16,4,0,32746,32769,32768,105,104
32,5,-1,32840,32768,32769,14,21
16,6,-2,32723,32769,32768,9,21
32,3,1,32757,32768,32769,86,74
16,4,0,32748,32769,32768,105,104
32,5,-1,32842,32768,32769,14,21
16,6,-2,32725,32769,32768,9,21
32,5,-1,32751,32768,32769,74,78
32,3,1,32759,32768,32769,86,62
16,4,0,32750,32769,32768,105,104
32,5,-1,32844,32768,32769,14,21
16,6,-2,32727,32769,32768,9,21
32,3,1,32767,32768,32769,86,50
16,4,0,32758,32769,32768,105,104
32,5,-1,32852,32768,32769,14,21
16,6,-2,32735,32769,32768,9,21
32,5,-1,32755,32768,32769,50,54
16,6,-1,32758,32769,32768,55,51
32,7,-2,32852,32768,32769,14,21
16,8,-3,32735,32769,32768,9,21
32,7,-2,32760,32768,32769,54,102
32,7,-2,32760,32768,32769,54,6
32,3,1,32759,32768,32769,86,38
16,4,0,32750,32769,32768,105,104
32,5,-1,32844,32768,32769,14,21
16,6,-2,32727,32769,32768,9,21
32,3,1,32757,32768,32769,86,26
16,4,0,32748,32769,32768,105,104
32,5,-1,32842,32768,32769,14,21
16,6,-2,32725,32769,32768,9,21
32,7,-3,32728,32768,32769,26,30
32,5,-1,32751,32768,32769,26,30
32,3,1,32757,32768,32769,14,13
16,4,0,32748,32769,32768,105,104
32,5,-1,32842,32768,32769,13,21
16,6,-2,32725,32769,32768,9,21
32,3,1,32756,32768,32769,14,15
16,4,0,32747,32769,32768,105,104
32,5,-1,32842,32768,32769,15,21
16,6,-2,32725,32769,32768,9,21
32,3,1,32756,32768,32769,14,16
16,4,0,32747,32769,32768,105,104
32,5,-1,32842,32768,32769,16,21
16,6,-2,32725,32769,32768,9,21
32,3,1,32755,32768,32769,14,17
16,4,0,32746,32769,32768,105,104
32,5,-1,32842,32768,32769,17,21
16,6,-2,32725,32769,32768,9,21
32,3,1,32755,32768,32769,14,18
16,4,0,32746,32769,32768,105,104
32,5,-1,32842,32768,32769,18,21
16,6,-2,32725,32769,32768,9,21
32,5,-1,32755,32768,32769,18,54
16,6,-1,32758,32769,32768,55,51
32,7,-2,32760,32768,32769,54,102
32,7,-2,32760,32768,32769,54,6
32,3,1,32757,32768,32769,14,2
16,4,0,32748,32769,32768,105,104
32,5,-1,32751,32768,32769,2,6
32,3,1,32757,32768,32769,14,26
16,4,0,32748,32769,32768,105,104
32,5,-1,32751,32768,32769,26,30
32,3,1,32759,32768,32769,14,38
16,4,0,32750,32769,32768,105,104
32,3,1,32767,32768,32769,14,50
16,4,0,32758,32769,32768,105,104
32,5,-1,32755,32768,32769,50,54
16,6,-1,32758,32769,32768,55,51
32,7,-2,32760,32768,32769,54,102
32,7,-2,32760,32768,32769,54,6
32,3,1,32759,32768,32769,14,62
16,4,0,32750,32769,32768,105,104
32,3,1,32757,32768,32769,14,74
16,4,0,32748,32769,32768,105,104
32,5,-1,32751,32768,32769,74,78
32,3,1,32767,32768,32769,84,74
16,4,0,32758,32769,32768,105,104
32,5,-1,32852,32768,32769,14,21
16,6,-2,32735,32769,32768,9,21
32,3,1,32766,32768,32769,84,61
16,4,0,32757,32769,32768,105,104
32,5,-1,32851,32768,32769,14,21
16,6,-2,32734,32769,32768,9,21
32,3,1,32765,32768,32769,12,2
16,4,0,32756,32769,32768,105,104
32,5,-1,32850,32768,32769,14,21
16,6,-2,32733,32769,32768,9,21
32,3,1,32767,32768,32769,12,26
16,4,0,32758,32769,32768,105,104
32,5,-1,32852,32768,32769,14,21
16,6,-2,32735,32769,32768,9,21
32,3,1,32758,32768,32769,60,49
16,4,0,32749,32769,32768,105,104
32,5,-1,32843,32768,32769,14,21
16,6,-2,32726,32769,32768,9,21
32,3,1,32758,32768,32769,36,49
16,4,0,32749,32769,32768,105,104
32,5,-1,32843,32768,32769,14,21
16,6,-2,32726,32769,32768,9,21
32,3,1,32758,32768,32769,98,76
16,4,0,32749,32769,32768,105,104
32,5,-1,32843,32768,32769,14,21
16,6,-2,32726,32769,32768,9,21
32,3,1,32756,32768,32769,24,2
16,4,0,32747,32769,32768,105,104
32,5,-1,32841,32768,32769,14,21
16,6,-2,32724,32769,32768,9,21
32,3,1,32758,32768,32769,24,50
16,4,0,32749,32769,32768,105,104
32,5,-1,32843,32768,32769,14,21
16,6,-2,32726,32769,32768,9,21
32,3,1,32758,32768,32769,99,100
16,4,0,32749,32769,32768,105,104
32,5,-1,32843,32768,32769,14,21
16,6,-2,32726,32769,32768,9,21
32,3,1,32758,32768,32769,75,76
16,4,0,32749,32769,32768,105,104
32,5,-1,32843,32768,32769,14,21
16,6,-2,32726,32769,32768,9,21
32,3,1,32758,32768,32769,51,52
16,4,0,32760,32769,32768,55,52
32,5,-1,32854,32768,32769,14,21
16,6,-2,32737,32769,32768,9,21
32,3,1,32758,32768,32769,27,28
16,4,0,32749,32769,32768,105,104
32,5,-1,32843,32768,32769,14,21
16,6,-2,32726,32769,32768,9,21
32,3,1,32758,32768,32769,3,4
16,4,0,32749,32769,32768,105,104
32,5,-1,32843,32768,32769,14,21
16,6,-2,32726,32769,32768,9,21
32,1,3,32767,32768,32769,24,2
16,2,2,32757,32769,32768,91,55
32,3,1,32766,32768,32769,0,1
16,4,0,32757,32769,32768,105,104
32,5,-1,32851,32768,32769,14,21
16,6,-2,32734,32769,32768,9,21
32,3,1,32851,32768,32769,14,21
16,4,0,32734,32769,32768,9,21
32,3,1,32755,32768,32769,48,49
16,4,0,32746,32769,32768,105,104
32,5,-1,32840,32768,32769,14,21
16,6,-2,32723,32769,32768,9,21
32,3,1,32766,32768,32769,96,97
16,4,0,32757,32769,32768,105,104
32,5,-1,32851,32768,32769,14,21
16,6,-2,32734,32769,32768,9,21
32,3,1,32765,32768,32769,96,98
16,4,0,32756,32769,32768,105,104
32,5,-1,32850,32768,32769,14,21
16,6,-2,32733,32769,32768,9,21
32,3,1,32757,32768,32769,86,85
16,4,0,32748,32769,32768,105,104
32,5,-1,32842,32768,32769,14,21
16,6,-2,32725,32769,32768,9,21
32,3,1,32756,32768,32769,86,87
16,4,0,32747,32769,32768,105,104
32,5,-1,32841,32768,32769,14,21
16,6,-2,32724,32769,32768,9,21
32,3,1,32756,32768,32769,86,88
16,4,0,32747,32769,32768,105,104
32,5,-1,32841,32768,32769,14,21
16,6,-2,32724,32769,32768,9,21
32,3,1,32755,32768,32769,86,89
16,4,0,32746,32769,32768,105,104
32,5,-1,32840,32768,32769,14,21
16,6,-2,32723,32769,32768,9,21
32,3,1,32755,32768,32769,86,90
16,4,0,32746,32769,32768,105,104
32,5,-1,32840,32768,32769,14,21
16,6,-2,32723,32769,32768,9,21
32,5,-1,32755,32768,32769,90,54
16,6,-1,32758,32769,32768,55,51
32,7,-2,32852,32768,32769,14,21
16,8,-3,32735,32769,32768,9,21
32,7,-2,32760,32768,32769,54,102
32,7,-2,32760,32768,32769,54,6
32,3,1,32755,32768,32769,86,91
16,4,0,32648,32769,32768,19,91
32,3,1,32755,32768,32769,86,92
16,4,0,32746,32769,32768,105,104
32,5,-1,32840,32768,32769,14,21
16,6,-2,32723,32769,32768,9,21
32,3,1,32757,32768,32769,86,74
16,4,0,32748,32769,32768,105,104
32,5,-1,32842,32768,32769,14,21
16,6,-2,32725,32769,32768,9,21
32,5,-1,32751,32768,32769,74,78
32,3,1,32759,32768,32769,86,62
16,4,0,32750,32769,32768,105,104
32,5,-1,32844,32768,32769,14,21
16,6,-2,32727,32769,32768,9,21
32,3,1,32767,32768,32769,86,50
16,4,0,32758,32769,32768,105,104
32,5,-1,32852,32768,32769,14,21
16,6,-2,32735,32769,32768,9,21
32,5,-1,32755,32768,32769,50,54
16,6,-1,32758,32769,32768,55,51
32,7,-2,32852,32768,32769,14,21
16,8,-3,32735,32769,32768,9,21
32,7,-2,32760,32768,32769,54,102
32,7,-2,32760,32768,32769,54,6
32,3,1,32759,32768,32769,86,38
16,4,0,32750,32769,32768,105,104
32,5,-1,32844,32768,32769,14,21
16,6,-2,32727,32769,32768,9,21
32,3,1,32757,32768,32769,86,26
16,4,0,32748,32769,32768,105,104
32,5,-1,32842,32768,32769,14,21
16,6,-2,32725,32769,32768,9,21
32,7,-3,32728,32768,32769,26,30
32,5,-1,32751,32768,32769,26,30
32,3,1,32757,32768,32769,86,98
16,4,0,32748,32769,32768,105,104
32,5,-1,32842,32768,32769,14,21
16,6,-2,32725,32769,32768,9,21
32,5,-1,32751,32768,32769,98,102
32,3,1,32757,32768,32769,14,13
16,4,0,32748,32769,32768,105,104
32,5,-1,32842,32768,32769,13,21
16,6,-2,32725,32769,32768,9,21
32,3,1,32756,32768,32769,14,15
16,4,0,32747,32769,32768,105,104
32,5,-1,32842,32768,32769,15,21
16,6,-2,32725,32769,32768,9,21
32,3,1,32756,32768,32769,14,16
16,4,0,32747,32769,32768,105,104
32,5,-1,32842,32768,32769,16,21
16,6,-2,32725,32769,32768,9,21
32,3,1,32755,32768,32769,14,17
16,4,0,32746,32769,32768,105,104
32,5,-1,32842,32768,32769,17,21
16,6,-2,32725,32769,32768,9,21
32,3,1,32755,32768,32769,14,18
16,4,0,32746,32769,32768,105,104
32,5,-1,32842,32768,32769,18,21
16,6,-2,32725,32769,32768,9,21
32,5,-1,32755,32768,32769,18,54
16,6,-1,32758,32769,32768,55,51
32,7,-2,32760,32768,32769,54,102
32,7,-2,32760,32768,32769,54,6
32,3,1,32757,32768,32769,14,26
16,4,0,32748,32769,32768,105,104
32,5,-1,32751,32768,32769,26,30
32,3,1,32759,32768,32769,14,38
16,4,0,32750,32769,32768,105,104
32,3,1,32767,32768,32769,14,50
16,4,0,32758,32769,32768,105,104
32,5,-1,32755,32768,32769,50,54
16,6,-1,32758,32769,32768,55,51
32,7,-2,32760,32768,32769,54,102
32,7,-2,32760,32768,32769,54,6
32,3,1,32759,32768,32769,14,62
16,4,0,32750,32769,32768,105,104
32,3,1,32757,32768,32769,14,74
16,4,0,32748,32769,32768,105,104
32,5,-1,32751,32768,32769,74,78
32,3,1,32767,32768,32769,84,74
16,4,0,32758,32769,32768,105,104
32,5,-1,32852,32768,32769,14,21
16,6,-2,32735,32769,32768,9,21
32,3,1,32765,32768,32769,84,98
16,4,0,32756,32769,32768,105,104
32,5,-1,32850,32768,32769,14,21
16,6,-2,32733,32769,32768,9,21
32,3,1,32767,32768,32769,12,26
16,4,0,32758,32769,32768,105,104
32,5,-1,32852,32768,32769,14,21
16,6,-2,32735,32769,32768,9,21
32,3,1,32766,32768,32769,12,37
16,4,0,32757,32769,32768,105,104
32,5,-1,32851,32768,32769,14,21
16,6,-2,32734,32769,32768,9,21
32,3,1,32758,32768,32769,60,49
16,4,0,32749,32769,32768,105,104
32,5,-1,32843,32768,32769,14,21
16,6,-2,32726,32769,32768,9,21
32,3,1,32758,32768,32769,36,49
16,4,0,32749,32769,32768,105,104
32,5,-1,32843,32768,32769,14,21
16,6,-2,32726,32769,32768,9,21
32,3,1,32758,32768,32769,72,50
16,4,0,32749,32769,32768,105,104
32,5,-1,32843,32768,32769,14,21
16,6,-2,32726,32769,32768,9,21
32,3,1,32756,32768,32769,72,98
16,4,0,32747,32769,32768,105,104
32,5,-1,32841,32768,32769,14,21
16,6,-2,32724,32769,32768,9,21
32,3,1,32758,32768,32769,2,28
16,4,0,32749,32769,32768,105,104
32,5,-1,32843,32768,32769,14,21
16,6,-2,32726,32769,32768,9,21
32,3,1,32758,32768,32769,99,100
16,4,0,32749,32769,32768,105,104
32,5,-1,32843,32768,32769,14,21
16,6,-2,32726,32769,32768,9,21
32,3,1,32758,32768,32769,75,76
16,4,0,32749,32769,32768,105,104
32,5,-1,32843,32768,32769,14,21
16,6,-2,32726,32769,32768,9,21
32,3,1,32758,32768,32769,51,52
16,4,0,32760,32769,32768,55,52
32,5,-1,32854,32768,32769,14,21
16,6,-2,32737,32769,32768,9,21
32,3,1,32758,32768,32769,27,28
16,4,0,32749,32769,32768,105,104
32,5,-1,32843,32768,32769,14,21
16,6,-2,32726,32769,32768,9,21
32,3,1,32758,32768,32769,3,4
16,4,0,32749,32769,32768,105,104
32,5,-1,32843,32768,32769,14,21
16,6,-2,32726,32769,32768,9,21
32,1,3,32769,32768,32769,24,50
16,2,2,32759,32769,32768,91,55
32,3,1,32768,32768,32769,0,1
16,4,0,32759,32769,32768,105,104
32,5,-1,32853,32768,32769,14,21
16,6,-2,32736,32769,32768,9,21
32,3,1,32853,32768,32769,14,21
16,4,0,32736,32769,32768,9,21
32,3,1,32757,32768,32769,48,49
16,4,0,32748,32769,32768,105,104
32,5,-1,32842,32768,32769,14,21
16,6,-2,32725,32769,32768,9,21
32,3,1,32768,32768,32769,96,97
16,4,0,32759,32769,32768,105,104
32,5,-1,32853,32768,32769,14,21
16,6,-2,32736,32769,32768,9,21
32,3,1,32767,32768,32769,96,98
16,4,0,32758,32769,32768,105,104
32,5,-1,32852,32768,32769,14,21
16,6,-2,32735,32769,32768,9,21
32,3,1,32767,32768,32769,0,2
16,4,0,32758,32769,32768,105,104
32,5,-1,32852,32768,32769,14,21
16,6,-2,32735,32769,32768,9,21
32,3,1,32759,32768,32769,86,85
16,4,0,32750,32769,32768,105,104
32,5,-1,32844,32768,32769,14,21
16,6,-2,32727,32769,32768,9,21
32,3,1,32758,32768,32769,86,87
16,4,0,32749,32769,32768,105,104
32,5,-1,32843,32768,32769,14,21
16,6,-2,32726,32769,32768,9,21
32,3,1,32758,32768,32769,86,88
16,4,0,32749,32769,32768,105,104
32,5,-1,32843,32768,32769,14,21
16,6,-2,32726,32769,32768,9,21
32,3,1,32757,32768,32769,86,89
16,4,0,32748,32769,32768,105,104
32,5,-1,32842,32768,32769,14,21
16,6,-2,32725,32769,32768,9,21
32,3,1,32757,32768,32769,86,90
16,4,0,32748,32769,32768,105,104
32,5,-1,32842,32768,32769,14,21
16,6,-2,32725,32769,32768,9,21
32,5,-1,32757,32768,32769,90,54
16,6,-1,32760,32769,32768,55,51
32,7,-1,32761,32768,32769,60,49
32,7,-1,32761,32768,32769,36,49
32,7,-1,32759,32768,32769,50,24
32,7,-1,32759,32768,32769,50,28
32,7,-1,32759,32768,32769,50,76
32,3,1,32757,32768,32769,86,91
16,4,0,32650,32769,32768,19,91
32,3,1,32757,32768,32769,86,92
16,4,0,32748,32769,32768,105,104
32,5,-1,32842,32768,32769,14,21
16,6,-2,32725,32769,32768,9,21
32,3,1,32759,32768,32769,86,74
16,4,0,32750,32769,32768,105,104
32,5,-1,32844,32768,32769,14,21
16,6,-2,32727,32769,32768,9,21
32,5,-1,32753,32768,32769,74,78
32,3,1,32761,32768,32769,86,62
16,4,0,32752,32769,32768,105,104
32,5,-1,32846,32768,32769,14,21
16,6,-2,32729,32769,32768,9,21
32,3,1,32759,32768,32769,86,98
16,4,0,32750,32769,32768,105,104
32,5,-1,32844,32768,32769,14,21
16,6,-2,32727,32769,32768,9,21
32,5,-1,32753,32768,32769,98,102
32,3,1,32759,32768,32769,14,13
16,4,0,32750,32769,32768,105,104
32,5,-1,32844,32768,32769,13,21
16,6,-2,32727,32769,32768,9,21
32,3,1,32758,32768,32769,14,15
16,4,0,32749,32769,32768,105,104
32,5,-1,32844,32768,32769,15,21
16,6,-2,32727,32769,32768,9,21
32,3,1,32758,32768,32769,14,16
16,4,0,32749,32769,32768,105,104
32,5,-1,32844,32768,32769,16,21
16,6,-2,32727,32769,32768,9,21
32,3,1,32757,32768,32769,14,17
16,4,0,32748,32769,32768,105,104
32,5,-1,32844,32768,32769,17,21
16,6,-2,32727,32769,32768,9,21
32,3,1,32757,32768,32769,14,18
16,4,0,32748,32769,32768,105,104
32,5,-1,32844,32768,32769,18,21
16,6,-2,32727,32769,32768,9,21
32,5,-1,32757,32768,32769,18,54
16,6,-1,32760,32769,32768,55,51
32,7,-1,32761,32768,32769,60,49
32,7,-1,32761,32768,32769,36,49
32,7,-1,32759,32768,32769,50,24
32,7,-1,32759,32768,32769,50,28
32,7,-1,32759,32768,32769,50,76
32,3,1,32759,32768,32769,14,2
16,4,0,32750,32769,32768,105,104
32,5,-1,32753,32768,32769,2,6
32,3,1,32759,32768,32769,14,26
16,4,0,32750,32769,32768,105,104
32,5,-1,32753,32768,32769,26,30
32,3,1,32761,32768,32769,14,38
16,4,0,32752,32769,32768,105,104
32,3,1,32769,32768,32769,84,74
16,4,0,32760,32769,32768,105,104
32,5,-1,32854,32768,32769,14,21
16,6,-2,32737,32769,32768,9,21
32,3,1,32767,32768,32769,84,98
16,4,0,32758,32769,32768,105,104
32,5,-1,32852,32768,32769,14,21
16,6,-2,32735,32769,32768,9,21
32,3,1,32767,32768,32769,12,2
16,4,0,32758,32769,32768,105,104
32,5,-1,32852,32768,32769,14,21
16,6,-2,32735,32769,32768,9,21
32,3,1,32769,32768,32769,12,26
16,4,0,32760,32769,32768,105,104
32,5,-1,32854,32768,32769,14,21
16,6,-2,32737,32769,32768,9,21
32,3,1,32768,32768,32769,12,37
16,4,0,32759,32769,32768,105,104
32,5,-1,32853,32768,32769,14,21
16,6,-2,32736,32769,32768,9,21
32,3,1,32760,32768,32769,60,49
16,4,0,32751,32769,32768,105,104
32,5,-1,32845,32768,32769,14,21
16,6,-2,32728,32769,32768,9,21
32,3,1,32760,32768,32769,36,49
16,4,0,32751,32769,32768,105,104
32,5,-1,32845,32768,32769,14,21
16,6,-2,32728,32769,32768,9,21
32,3,1,32758,32768,32769,72,98
16,4,0,32749,32769,32768,105,104
32,5,-1,32843,32768,32769,14,21
16,6,-2,32726,32769,32768,9,21
32,3,1,32758,32768,32769,50,28
16,4,0,32749,32769,32768,105,104
32,5,-1,32843,32768,32769,14,21
16,6,-2,32726,32769,32768,9,21
32,3,1,32758,32768,32769,50,76
16,4,0,32749,32769,32768,105,104
32,5,-1,32843,32768,32769,14,21
16,6,-2,32726,32769,32768,9,21
32,3,1,32760,32768,32769,99,100
16,4,0,32751,32769,32768,105,104
32,5,-1,32845,32768,32769,14,21
16,6,-2,32728,32769,32768,9,21
32,3,1,32760,32768,32769,75,76
16,4,0,32751,32769,32768,105,104
32,5,-1,32845,32768,32769,14,21
16,6,-2,32728,32769,32768,9,21
32,3,1,32760,32768,32769,51,52
16,4,0,32762,32769,32768,55,52
32,5,0,32763,32768,32769,60,49
32,5,0,32763,32768,32769,36,49
32,5,0,32761,32768,32769,50,24
32,5,0,32761,32768,32769,50,28
32,5,0,32761,32768,32769,50,76
32,3,1,32760,32768,32769,27,28
16,4,0,32751,32769,32768,105,104
32,5,-1,32845,32768,32769,14,21
16,6,-2,32728,32769,32768,9,21
32,3,1,32760,32768,32769,3,4
16,4,0,32751,32769,32768,105,104
32,5,-1,32845,32768,32769,14,21
16,6,-2,32728,32769,32768,9,21
32,1,3,32769,32768,32769,99,100
16,2,2,32759,32769,32768,91,55
32,3,1,32768,32768,32769,0,1
16,4,0,32759,32769,32768,105,104
32,5,-1,32853,32768,32769,14,21
16,6,-2,32736,32769,32768,9,21
32,3,1,32853,32768,32769,14,21
16,4,0,32736,32769,32768,9,21
32,3,1,32757,32768,32769,48,49
16,4,0,32748,32769,32768,105,104
32,5,-1,32842,32768,32769,14,21
16,6,-2,32725,32769,32768,9,21
32,3,1,32768,32768,32769,96,97
16,4,0,32759,32769,32768,105,104
32,5,-1,32853,32768,32769,14,21
16,6,-2,32736,32769,32768,9,21
32,3,1,32767,32768,32769,96,98
16,4,0,32758,32769,32768,105,104
32,5,-1,32852,32768,32769,14,21
16,6,-2,32735,32769,32768,9,21
32,3,1,32766,32768,32769,96,99
16,4,0,32757,32769,32768,105,104
32,5,-1,32851,32768,32769,14,21
16,6,-2,32734,32769,32768,9,21
32,3,1,32767,32768,32769,0,2
16,4,0,32758,32769,32768,105,104
32,5,-1,32852,32768,32769,14,21
16,6,-2,32735,32769,32768,9,21
32,3,1,32759,32768,32769,86,85
16,4,0,32750,32769,32768,105,104
32,5,-1,32844,32768,32769,14,21
16,6,-2,32727,32769,32768,9,21
32,3,1,32758,32768,32769,86,87
16,4,0,32749,32769,32768,105,104
32,5,-1,32843,32768,32769,14,21
16,6,-2,32726,32769,32768,9,21
32,3,1,32758,32768,32769,86,88
16,4,0,32749,32769,32768,105,104
32,5,-1,32843,32768,32769,14,21
16,6,-2,32726,32769,32768,9,21
32,3,1,32757,32768,32769,86,89
16,4,0,32748,32769,32768,105,104
32,5,-1,32842,32768,32769,14,21
16,6,-2,32725,32769,32768,9,21
32,3,1,32757,32768,32769,86,90
16,4,0,32748,32769,32768,105,104
32,5,-1,32842,32768,32769,14,21
16,6,-2,32725,32769,32768,9,21
32,5,-1,32757,32768,32769,90,54
16,6,-1,32760,32769,32768,55,51
32,7,-2,32854,32768,32769,14,21
16,8,-3,32737,32769,32768,9,21
32,7,-2,32762,32768,32769,54,102
32,7,-2,32762,32768,32769,54,6
32,3,1,32757,32768,32769,86,91
16,4,0,32650,32769,32768,19,91
32,3,1,32757,32768,32769,86,92
16,4,0,32748,32769,32768,105,104
32,5,-1,32842,32768,32769,14,21
16,6,-2,32725,32769,32768,9,21
32,3,1,32759,32768,32769,86,74
16,4,0,32750,32769,32768,105,104
32,5,-1,32844,32768,32769,14,21
16,6,-2,32727,32769,32768,9,21
32,5,-1,32753,32768,32769,74,78
32,3,1,32761,32768,32769,86,62
16,4,0,32752,32769,32768,105,104
32,5,-1,32846,32768,32769,14,21
16,6,-2,32729,32769,32768,9,21
32,3,1,32769,32768,32769,86,50
16,4,0,32760,32769,32768,105,104
32,5,-1,32854,32768,32769,14,21
16,6,-2,32737,32769,32768,9,21
32,5,-1,32757,32768,32769,50,54
16,6,-1,32760,32769,32768,55,51
32,7,-2,32854,32768,32769,14,21
16,8,-3,32737,32769,32768,9,21
32,7,-2,32762,32768,32769,54,102
32,7,-2,32762,32768,32769,54,6
32,3,1,32761,32768,32769,86,38
16,4,0,32752,32769,32768,105,104
32,5,-1,32846,32768,32769,14,21
16,6,-2,32729,32769,32768,9,21
32,3,1,32759,32768,32769,86,26
16,4,0,32750,32769,32768,105,104
32,5,-1,32844,32768,32769,14,21
16,6,-2,32727,32769,32768,9,21
32,7,-3,32730,32768,32769,26,30
32,5,-1,32753,32768,32769,26,30
32,3,1,32759,32768,32769,86,98
16,4,0,32750,32769,32768,105,104
32,5,-1,32844,32768,32769,14,21
16,6,-2,32727,32769,32768,9,21
32,5,-1,32753,32768,32769,98,102
32,3,1,32759,32768,32769,14,13
16,4,0,32750,32769,32768,105,104
32,5,-1,32844,32768,32769,13,21
16,6,-2,32727,32769,32768,9,21
32,3,1,32758,32768,32769,14,15
16,4,0,32749,32769,32768,105,104
32,5,-1,32844,32768,32769,15,21
16,6,-2,32727,32769,32768,9,21
32,3,1,32758,32768,32769,14,16
16,4,0,32749,32769,32768,105,104
32,5,-1,32844,32768,32769,16,21
16,6,-2,32727,32769,32768,9,21
32,3,1,32757,32768,32769,14,17
16,4,0,32748,32769,32768,105,104
32,5,-1,32844,32768,32769,17,21
16,6,-2,32727,32769,32768,9,21
32,3,1,32757,32768,32769,14,18
16,4,0,32748,32769,32768,105,104
32,5,-1,32844,32768,32769,18,21
16,6,-2,32727,32769,32768,9,21
32,5,-1,32757,32768,32769,18,54
16,6,-1,32760,32769,32768,55,51
32,7,-2,32762,32768,32769,54,102
32,7,-2,32762,32768,32769,54,6
32,3,1,32759,32768,32769,14,2
16,4,0,32750,32769,32768,105,104
32,5,-1,32753,32768,32769,2,6
32,3,1,32759,32768,32769,14,26
16,4,0,32750,32769,32768,105,104
32,5,-1,32753,32768,32769,26,30
32,3,1,32761,32768,32769,14,38
16,4,0,32752,32769,32768,105,104
32,3,1,32769,32768,32769,14,50
16,4,0,32760,32769,32768,105,104
32,5,-1,32757,32768,32769,50,54
16,6,-1,32760,32769,32768,55,51
32,7,-2,32762,32768,32769,54,102
32,7,-2,32762,32768,32769,54,6
32,3,1,32761,32768,32769,14,62
16,4,0,32752,32769,32768,105,104
32,3,1,32759,32768,32769,14,74
16,4,0,32750,32769,32768,105,104
32,5,-1,32753,32768,32769,74,78
32,3,1,32769,32768,32769,84,74
16,4,0,32760,32769,32768,105,104
32,5,-1,32854,32768,32769,14,21
16,6,-2,32737,32769,32768,9,21
32,3,1,32767,32768,32769,84,98
16,4,0,32758,32769,32768,105,104
32,5,-1,32852,32768,32769,14,21
16,6,-2,32735,32769,32768,9,21
32,3,1,32767,32768,32769,12,2
16,4,0,32758,32769,32768,105,104
32,5,-1,32852,32768,32769,14,21
16,6,-2,32735,32769,32768,9,21
32,3,1,32769,32768,32769,12,26
16,4,0,32760,32769,32768,105,104
32,5,-1,32854,32768,32769,14,21
16,6,-2,32737,32769,32768,9,21
32,3,1,32760,32768,32769,60,49
16,4,0,32751,32769,32768,105,104
32,5,-1,32845,32768,32769,14,21
16,6,-2,32728,32769,32768,9,21
32,3,1,32760,32768,32769,36,49
16,4,0,32751,32769,32768,105,104
32,5,-1,32845,32768,32769,14,21
16,6,-2,32728,32769,32768,9,21
32,3,1,32760,32768,32769,72,50
16,4,0,32751,32769,32768,105,104
32,5,-1,32845,32768,32769,14,21
16,6,-2,32728,32769,32768,9,21
32,3,1,32758,32768,32769,72,98
16,4,0,32749,32769,32768,105,104
32,5,-1,32843,32768,32769,14,21
16,6,-2,32726,32769,32768,9,21
32,3,1,32758,32768,32769,24,2
16,4,0,32749,32769,32768,105,104
32,5,-1,32843,32768,32769,14,21
16,6,-2,32726,32769,32768,9,21
32,3,1,32760,32768,32769,24,50
16,4,0,32751,32769,32768,105,104
32,5,-1,32845,32768,32769,14,21
16,6,-2,32728,32769,32768,9,21
32,3,1,32774,32768,32769,100,101
16,4,0,32753,32769,32768,102,101
32,5,-1,32769,32768,32769,96,101
16,6,-2,32526,32769,32768,105,101
32,5,-1,32847,32768,32769,14,21
16,6,-2,32730,32769,32768,9,21
32,5,-1,32769,32768,32769,96,101
16,6,-2,32526,32769,32768,105,101
32,3,1,32760,32768,32769,75,76
16,4,0,32751,32769,32768,105,104
32,5,-1,32845,32768,32769,14,21
16,6,-2,32728,32769,32768,9,21
32,3,1,32760,32768,32769,51,52
16,4,0,32762,32769,32768,55,52
32,5,-1,32856,32768,32769,14,21
16,6,-2,32739,32769,32768,9,21
32,3,1,32760,32768,32769,27,28
16,4,0,32751,32769,32768,105,104
32,5,-1,32845,32768,32769,14,21
16,6,-2,32728,32769,32768,9,21
32,3,1,32760,32768,32769,3,4
16,4,0,32751,32769,32768,105,104
32,5,-1,32845,32768,32769,14,21
16,6,-2,32728,32769,32768,9,21
32,1,3,32769,32768,32769,75,76
16,2,2,32759,32769,32768,91,55
32,3,1,32768,32768,32769,0,1
16,4,0,32759,32769,32768,105,104
32,5,-1,32853,32768,32769,14,21
16,6,-2,32736,32769,32768,9,21
32,3,1,32853,32768,32769,14,21
16,4,0,32736,32769,32768,9,21
32,3,1,32757,32768,32769,48,49
16,4,0,32748,32769,32768,105,104
32,5,-1,32842,32768,32769,14,21
16,6,-2,32725,32769,32768,9,21
32,3,1,32768,32768,32769,96,97
16,4,0,32759,32769,32768,105,104
32,5,-1,32853,32768,32769,14,21
16,6,-2,32736,32769,32768,9,21
32,3,1,32767,32768,32769,96,98
16,4,0,32758,32769,32768,105,104
32,5,-1,32852,32768,32769,14,21
16,6,-2,32735,32769,32768,9,21
32,3,1,32767,32768,32769,0,2
16,4,0,32758,32769,32768,105,104
32,5,-1,32852,32768,32769,14,21
16,6,-2,32735,32769,32768,9,21
32,3,1,32759,32768,32769,86,85
16,4,0,32750,32769,32768,105,104
32,5,-1,32844,32768,32769,14,21
16,6,-2,32727,32769,32768,9,21
32,3,1,32758,32768,32769,86,87
16,4,0,32749,32769,32768,105,104
32,5,-1,32843,32768,32769,14,21
16,6,-2,32726,32769,32768,9,21
32,3,1,32758,32768,32769,86,88
16,4,0,32749,32769,32768,105,104
32,5,-1,32843,32768,32769,14,21
16,6,-2,32726,32769,32768,9,21
32,3,1,32757,32768,32769,86,89
16,4,0,32748,32769,32768,105,104
32,5,-1,32842,32768,32769,14,21
16,6,-2,32725,32769,32768,9,21
32,3,1,32757,32768,32769,86,90
16,4,0,32748,32769,32768,105,104
32,5,-1,32842,32768,32769,14,21
16,6,-2,32725,32769,32768,9,21
32,5,-1,32757,32768,32769,90,54
16,6,-1,32760,32769,32768,55,51
32,7,-2,32854,32768,32769,14,21
16,8,-3,32737,32769,32768,9,21
32,7,-2,32762,32768,32769,54,102
32,7,-2,32762,32768,32769,54,6
32,3,1,32757,32768,32769,86,91
16,4,0,32650,32769,32768,19,91
32,3,1,32757,32768,32769,86,92
16,4,0,32748,32769,32768,105,104
32,5,-1,32842,32768,32769,14,21
16,6,-2,32725,32769,32768,9,21
32,3,1,32759,32768,32769,86,74
16,4,0,32750,32769,32768,105,104
32,5,-1,32844,32768,32769,14,21
16,6,-2,32727,32769,32768,9,21
32,5,-1,32753,32768,32769,74,78
32,3,1,32761,32768,32769,86,62
16,4,0,32752,32769,32768,105,104
32,5,-1,32846,32768,32769,14,21
16,6,-2,32729,32769,32768,9,21
32,3,1,32769,32768,32769,86,50
16,4,0,32760,32769,32768,105,104
32,5,-1,32854,32768,32769,14,21
16,6,-2,32737,32769,32768,9,21
32,5,-1,32757,32768,32769,50,54
16,6,-1,32760,32769,32768,55,51
32,7,-2,32854,32768,32769,14,21
16,8,-3,32737,32769,32768,9,21
32,7,-2,32762,32768,32769,54,102
32,7,-2,32762,32768,32769,54,6
32,3,1,32761,32768,32769,86,38
16,4,0,32752,32769,32768,105,104
32,5,-1,32846,32768,32769,14,21
16,6,-2,32729,32769,32768,9,21
32,3,1,32759,32768,32769,86,26
16,4,0,32750,32769,32768,105,104
32,5,-1,32844,32768,32769,14,21
16,6,-2,32727,32769,32768,9,21
32,7,-3,32730,32768,32769,26,30
32,5,-1,32753,32768,32769,26,30
32,3,1,32759,32768,32769,86,98
16,4,0,32750,32769,32768,105,104
32,5,-1,32844,32768,32769,14,21
16,6,-2,32727,32769,32768,9,21
32,5,-1,32753,32768,32769,98,102
32,3,1,32759,32768,32769,14,13
16,4,0,32750,32769,32768,105,104
32,5,-1,32844,32768,32769,13,21
16,6,-2,32727,32769,32768,9,21
32,3,1,32758,32768,32769,14,15
16,4,0,32749,32769,32768,105,104
32,5,-1,32844,32768,32769,15,21
16,6,-2,32727,32769,32768,9,21
32,3,1,32758,32768,32769,14,16
16,4,0,32749,32769,32768,105,104
32,5,-1,32844,32768,32769,16,21
16,6,-2,32727,32769,32768,9,21
32,3,1,32757,32768,32769,14,17
16,4,0,32748,32769,32768,105,104
32,5,-1,32844,32768,32769,17,21
16,6,-2,32727,32769,32768,9,21
32,3,1,32757,32768,32769,14,18
16,4,0,32748,32769,32768,105,104
32,5,-1,32844,32768,32769,18,21
16,6,-2,32727,32769,32768,9,21
32,5,-1,32757,32768,32769,18,54
16,6,-1,32760,32769,32768,55,51
32,7,-2,32762,32768,32769,54,102
32,7,-2,32762,32768,32769,54,6
32,3,1,32759,32768,32769,14,2
16,4,0,32750,32769,32768,105,104
32,5,-1,32753,32768,32769,2,6
32,3,1,32759,32768,32769,14,26
16,4,0,32750,32769,32768,105,104
32,5,-1,32753,32768,32769,26,30
32,3,1,32761,32768,32769,14,38
16,4,0,32752,32769,32768,105,104
32,3,1,32769,32768,32769,14,50
16,4,0,32760,32769,32768,105,104
32,5,-1,32757,32768,32769,50,54
16,6,-1,32760,32769,32768,55,51
32,7,-2,32762,32768,32769,54,102
32,7,-2,32762,32768,32769,54,6
32,3,1,32761,32768,32769,14,62
16,4,0,32752,32769,32768,105,104
32,3,1,32759,32768,32769,14,74
16,4,0,32750,32769,32768,105,104
32,5,-1,32753,32768,32769,74,78
32,3,1,32769,32768,32769,84,74
16,4,0,32760,32769,32768,105,104
32,5,-1,32854,32768,32769,14,21
16,6,-2,32737,32769,32768,9,21
32,3,1,32767,32768,32769,84,98
16,4,0,32758,32769,32768,105,104
32,5,-1,32852,32768,32769,14,21
16,6,-2,32735,32769,32768,9,21
32,3,1,32767,32768,32769,12,2
16,4,0,32758,32769,32768,105,104
32,5,-1,32852,32768,32769,14,21
16,6,-2,32735,32769,32768,9,21
32,3,1,32769,32768,32769,12,26
16,4,0,32760,32769,32768,105,104
32,5,-1,32854,32768,32769,14,21
16,6,-2,32737,32769,32768,9,21
32,3,1,32760,32768,32769,60,49
16,4,0,32751,32769,32768,105,104
32,5,-1,32845,32768,32769,14,21
16,6,-2,32728,32769,32768,9,21
32,3,1,32760,32768,32769,36,49
16,4,0,32751,32769,32768,105,104
32,5,-1,32845,32768,32769,14,21
16,6,-2,32728,32769,32768,9,21
32,3,1,32760,32768,32769,72,50
16,4,0,32751,32769,32768,105,104
32,5,-1,32845,32768,32769,14,21
16,6,-2,32728,32769,32768,9,21
32,3,1,32758,32768,32769,72,98
16,4,0,32749,32769,32768,105,104
32,5,-1,32843,32768,32769,14,21
16,6,-2,32726,32769,32768,9,21
32,3,1,32758,32768,32769,24,2
16,4,0,32749,32769,32768,105,104
32,5,-1,32843,32768,32769,14,21
16,6,-2,32726,32769,32768,9,21
32,3,1,32760,32768,32769,24,50
16,4,0,32751,32769,32768,105,104
32,5,-1,32845,32768,32769,14,21
16,6,-2,32728,32769,32768,9,21
32,3,1,32760,32768,32769,99,100
16,4,0,32751,32769,32768,105,104
32,5,-1,32845,32768,32769,14,21
16,6,-2,32728,32769,32768,9,21
32,3,1,32777,32768,32769,76,77
16,4,0,32752,32769,32768,78,77
32,5,-1,32846,32768,32769,14,21
16,6,-2,32729,32769,32768,9,21
32,3,1,32760,32768,32769,51,52
16,4,0,32762,32769,32768,55,52
32,5,-1,32856,32768,32769,14,21
16,6,-2,32739,32769,32768,9,21
32,3,1,32760,32768,32769,27,28
16,4,0,32751,32769,32768,105,104
32,5,-1,32845,32768,32769,14,21
16,6,-2,32728,32769,32768,9,21
32,3,1,32760,32768,32769,3,4
16,4,0,32751,32769,32768,105,104
32,5,-1,32845,32768,32769,14,21
16,6,-2,32728,32769,32768,9,21
32,1,3,32769,32768,32769,51,52
16,2,2,32759,32769,32768,91,55
32,3,1,32768,32768,32769,0,1
16,4,0,32759,32769,32768,105,104
32,5,-1,32853,32768,32769,14,21
16,6,-2,32736,32769,32768,9,21
32,3,1,32853,32768,32769,14,21
16,4,0,32736,32769,32768,9,21
32,3,1,32757,32768,32769,48,49
16,4,0,32748,32769,32768,105,104
32,5,-1,32842,32768,32769,14,21
16,6,-2,32725,32769,32768,9,21
32,3,1,32768,32768,32769,96,97
16,4,0,32759,32769,32768,105,104
32,5,-1,32853,32768,32769,14,21
16,6,-2,32736,32769,32768,9,21
32,3,1,32767,32768,32769,96,98
16,4,0,32758,32769,32768,105,104
32,5,-1,32852,32768,32769,14,21
16,6,-2,32735,32769,32768,9,21
32,3,1,32767,32768,32769,0,2
16,4,0,32758,32769,32768,105,104
32,5,-1,32852,32768,32769,14,21
16,6,-2,32735,32769,32768,9,21
32,3,1,32759,32768,32769,86,85
16,4,0,32750,32769,32768,105,104
32,5,-1,32844,32768,32769,14,21
16,6,-2,32727,32769,32768,9,21
32,3,1,32758,32768,32769,86,87
16,4,0,32749,32769,32768,105,104
32,5,-1,32843,32768,32769,14,21
16,6,-2,32726,32769,32768,9,21
32,3,1,32758,32768,32769,86,88
16,4,0,32749,32769,32768,105,104
32,5,-1,32843,32768,32769,14,21
16,6,-2,32726,32769,32768,9,21
32,3,1,32757,32768,32769,86,89
16,4,0,32748,32769,32768,105,104
32,5,-1,32842,32768,32769,14,21
16,6,-2,32725,32769,32768,9,21
32,3,1,32757,32768,32769,86,90
16,4,0,32748,32769,32768,105,104
32,5,-1,32842,32768,32769,14,21
16,6,-2,32725,32769,32768,9,21
32,5,-1,32757,32768,32769,90,54
16,6,-1,32759,32769,32768,55,52
32,7,-2,32853,32768,32769,14,21
16,8,-3,32736,32769,32768,9,21
32,7,-2,32761,32768,32769,54,102
32,7,-2,32761,32768,32769,54,6
32,3,1,32757,32768,32769,86,91
16,4,0,32650,32769,32768,19,91
32,3,1,32757,32768,32769,86,92
16,4,0,32748,32769,32768,105,104
32,5,-1,32842,32768,32769,14,21
16,6,-2,32725,32769,32768,9,21
32,3,1,32759,32768,32769,86,74
16,4,0,32750,32769,32768,105,104
32,5,-1,32844,32768,32769,14,21
16,6,-2,32727,32769,32768,9,21
32,5,-1,32753,32768,32769,74,78
32,3,1,32761,32768,32769,86,62
16,4,0,32752,32769,32768,105,104
32,5,-1,32846,32768,32769,14,21
16,6,-2,32729,32769,32768,9,21
32,3,1,32769,32768,32769,86,50
16,4,0,32760,32769,32768,105,104
32,5,-1,32854,32768,32769,14,21
16,6,-2,32737,32769,32768,9,21
32,5,-1,32757,32768,32769,50,54
16,6,-1,32759,32769,32768,55,52
32,7,-2,32853,32768,32769,14,21
16,8,-3,32736,32769,32768,9,21
32,7,-2,32761,32768,32769,54,102
32,7,-2,32761,32768,32769,54,6
32,3,1,32761,32768,32769,86,38
16,4,0,32752,32769,32768,105,104
32,5,-1,32846,32768,32769,14,21
16,6,-2,32729,32769,32768,9,21
32,3,1,32759,32768,32769,86,26
16,4,0,32750,32769,32768,105,104
32,5,-1,32844,32768,32769,14,21
16,6,-2,32727,32769,32768,9,21
32,7,-3,32730,32768,32769,26,30
32,5,-1,32753,32768,32769,26,30
32,3,1,32759,32768,32769,86,98
16,4,0,32750,32769,32768,105,104
32,5,-1,32844,32768,32769,14,21
16,6,-2,32727,32769,32768,9,21
32,5,-1,32753,32768,32769,98,102
32,3,1,32759,32768,32769,14,13
16,4,0,32750,32769,32768,105,104
32,5,-1,32844,32768,32769,13,21
16,6,-2,32727,32769,32768,9,21
32,3,1,32758,32768,32769,14,15
16,4,0,32749,32769,32768,105,104
32,5,-1,32844,32768,32769,15,21
16,6,-2,32727,32769,32768,9,21
32,3,1,32758,32768,32769,14,16
16,4,0,32749,32769,32768,105,104
32,5,-1,32844,32768,32769,16,21
16,6,-2,32727,32769,32768,9,21
32,3,1,32757,32768,32769,14,17
16,4,0,32748,32769,32768,105,104
32,5,-1,32844,32768,32769,17,21
16,6,-2,32727,32769,32768,9,21
32,3,1,32757,32768,32769,14,18
16,4,0,32748,32769,32768,105,104
32,5,-1,32844,32768,32769,18,21
16,6,-2,32727,32769,32768,9,21
32,5,-1,32757,32768,32769,18,54
16,6,-1,32759,32769,32768,55,52
32,7,-2,32761,32768,32769,54,102
32,7,-2,32761,32768,32769,54,6
32,3,1,32759,32768,32769,14,2
16,4,0,32750,32769,32768,105,104
32,5,-1,32753,32768,32769,2,6
32,3,1,32759,32768,32769,14,26
16,4,0,32750,32769,32768,105,104
32,5,-1,32753,32768,32769,26,30
32,3,1,32761,32768,32769,14,38
16,4,0,32752,32769,32768,105,104
32,3,1,32769,32768,32769,14,50
16,4,0,32760,32769,32768,105,104
32,5,-1,32757,32768,32769,50,54
16,6,-1,32759,32769,32768,55,52
32,7,-2,32761,32768,32769,54,102
32,7,-2,32761,32768,32769,54,6
32,3,1,32761,32768,32769,14,62
16,4,0,32752,32769,32768,105,104
32,3,1,32759,32768,32769,14,74
16,4,0,32750,32769,32768,105,104
32,5,-1,32753,32768,32769,74,78
32,3,1,32769,32768,32769,84,74
16,4,0,32760,32769,32768,105,104
32,5,-1,32854,32768,32769,14,21
16,6,-2,32737,32769,32768,9,21
32,3,1,32767,32768,32769,84,98
16,4,0,32758,32769,32768,105,104
32,5,-1,32852,32768,32769,14,21
16,6,-2,32735,32769,32768,9,21
32,3,1,32767,32768,32769,12,2
16,4,0,32758,32769,32768,105,104
32,5,-1,32852,32768,32769,14,21
16,6,-2,32735,32769,32768,9,21
32,3,1,32769,32768,32769,12,26
16,4,0,32760,32769,32768,105,104
32,5,-1,32854,32768,32769,14,21
16,6,-2,32737,32769,32768,9,21
32,3,1,32760,32768,32769,60,49
16,4,0,32751,32769,32768,105,104
32,5,-1,32845,32768,32769,14,21
16,6,-2,32728,32769,32768,9,21
32,3,1,32760,32768,32769,36,49
16,4,0,32751,32769,32768,105,104
32,5,-1,32845,32768,32769,14,21
16,6,-2,32728,32769,32768,9,21
32,3,1,32760,32768,32769,72,50
16,4,0,32751,32769,32768,105,104
32,5,-1,32845,32768,32769,14,21
16,6,-2,32728,32769,32768,9,21
32,3,1,32758,32768,32769,72,98
16,4,0,32749,32769,32768,105,104
32,5,-1,32843,32768,32769,14,21
16,6,-2,32726,32769,32768,9,21
32,3,1,32758,32768,32769,24,2
16,4,0,32749,32769,32768,105,104
32,5,-1,32843,32768,32769,14,21
16,6,-2,32726,32769,32768,9,21
32,3,1,32760,32768,32769,24,50
16,4,0,32751,32769,32768,105,104
32,5,-1,32845,32768,32769,14,21
16,6,-2,32728,32769,32768,9,21
32,3,1,32760,32768,32769,99,100
16,4,0,32751,32769,32768,105,104
32,5,-1,32845,32768,32769,14,21
16,6,-2,32728,32769,32768,9,21
32,3,1,32760,32768,32769,75,76
16,4,0,32751,32769,32768,105,104
32,5,-1,32845,32768,32769,14,21
16,6,-2,32728,32769,32768,9,21
32,3,1,32777,32768,32769,52,53
16,4,0,32760,32769,32768,55,53
32,5,-1,32854,32768,32769,14,21
16,6,-2,32737,32769,32768,9,21
32,3,1,32760,32768,32769,27,28
16,4,0,32751,32769,32768,105,104
32,5,-1,32845,32768,32769,14,21
16,6,-2,32728,32769,32768,9,21
32,3,1,32760,32768,32769,3,4
16,4,0,32751,32769,32768,105,104
32,5,-1,32845,32768,32769,14,21
16,6,-2,32728,32769,32768,9,21
32,1,3,32769,32768,32769,27,28
16,2,2,32759,32769,32768,91,55
32,3,1,32768,32768,32769,0,1
16,4,0,32759,32769,32768,105,104
32,5,-1,32853,32768,32769,14,21
16,6,-2,32736,32769,32768,9,21
32,3,1,32853,32768,32769,14,21
16,4,0,32736,32769,32768,9,21
32,3,1,32757,32768,32769,48,49
16,4,0,32748,32769,32768,105,104
32,5,-1,32842,32768,32769,14,21
16,6,-2,32725,32769,32768,9,21
32,3,1,32768,32768,32769,96,97
16,4,0,32759,32769,32768,105,104
32,5,-1,32853,32768,32769,14,21
16,6,-2,32736,32769,32768,9,21
32,3,1,32767,32768,32769,96,98
16,4,0,32758,32769,32768,105,104
32,5,-1,32852,32768,32769,14,21
16,6,-2,32735,32769,32768,9,21
32,3,1,32767,32768,32769,0,2
16,4,0,32758,32769,32768,105,104
32,5,-1,32852,32768,32769,14,21
16,6,-2,32735,32769,32768,9,21
32,3,1,32759,32768,32769,86,85
16,4,0,32750,32769,32768,105,104
32,5,-1,32844,32768,32769,14,21
16,6,-2,32727,32769,32768,9,21
32,3,1,32758,32768,32769,86,87
16,4,0,32749,32769,32768,105,104
32,5,-1,32843,32768,32769,14,21
16,6,-2,32726,32769,32768,9,21
32,3,1,32758,32768,32769,86,88
16,4,0,32749,32769,32768,105,104
32,5,-1,32843,32768,32769,14,21
16,6,-2,32726,32769,32768,9,21
32,3,1,32757,32768,32769,86,89
16,4,0,32748,32769,32768,105,104
32,5,-1,32842,32768,32769,14,21
16,6,-2,32725,32769,32768,9,21
32,3,1,32757,32768,32769,86,90
16,4,0,32748,32769,32768,105,104
32,5,-1,32842,32768,32769,14,21
16,6,-2,32725,32769,32768,9,21
32,5,-1,32757,32768,32769,90,54
16,6,-1,32760,32769,32768,55,51
32,7,-2,32854,32768,32769,14,21
16,8,-3,32737,32769,32768,9,21
32,7,-2,32762,32768,32769,54,102
32,7,-2,32762,32768,32769,54,6
32,3,1,32757,32768,32769,86,91
16,4,0,32650,32769,32768,19,91
32,3,1,32757,32768,32769,86,92
16,4,0,32748,32769,32768,105,104
32,5,-1,32842,32768,32769,14,21
16,6,-2,32725,32769,32768,9,21
32,3,1,32759,32768,32769,86,74
16,4,0,32750,32769,32768,105,104
32,5,-1,32844,32768,32769,14,21
16,6,-2,32727,32769,32768,9,21
32,5,-1,32753,32768,32769,74,78
32,3,1,32761,32768,32769,86,62
16,4,0,32752,32769,32768,105,104
32,5,-1,32846,32768,32769,14,21
16,6,-2,32729,32769,32768,9,21
32,3,1,32769,32768,32769,86,50
16,4,0,32760,32769,32768,105,104
32,5,-1,32854,32768,32769,14,21
16,6,-2,32737,32769,32768,9,21
32,5,-1,32757,32768,32769,50,54
16,6,-1,32760,32769,32768,55,51
32,7,-2,32854,32768,32769,14,21
16,8,-3,32737,32769,32768,9,21
32,7,-2,32762,32768,32769,54,102
32,7,-2,32762,32768,32769,54,6
32,3,1,32761,32768,32769,86,38
16,4,0,32752,32769,32768,105,104
32,5,-1,32846,32768,32769,14,21
16,6,-2,32729,32769,32768,9,21
32,3,1,32759,32768,32769,86,26
16,4,0,32750,32769,32768,105,104
32,5,-1,32844,32768,32769,14,21
16,6,-2,32727,32769,32768,9,21
32,7,-3,32730,32768,32769,26,30
32,5,-1,32753,32768,32769,26,30
32,3,1,32759,32768,32769,86,98
16,4,0,32750,32769,32768,105,104
32,5,-1,32844,32768,32769,14,21
16,6,-2,32727,32769,32768,9,21
32,5,-1,32753,32768,32769,98,102
32,3,1,32759,32768,32769,14,13
16,4,0,32750,32769,32768,105,104
32,5,-1,32844,32768,32769,13,21
16,6,-2,32727,32769,32768,9,21
32,3,1,32758,32768,32769,14,15
16,4,0,32749,32769,32768,105,104
32,5,-1,32844,32768,32769,15,21
16,6,-2,32727,32769,32768,9,21
32,3,1,32758,32768,32769,14,16
16,4,0,32749,32769,32768,105,104
32,5,-1,32844,32768,32769,16,21
16,6,-2,32727,32769,32768,9,21
32,3,1,32757,32768,32769,14,17
16,4,0,32748,32769,32768,105,104
32,5,-1,32844,32768,32769,17,21
16,6,-2,32727,32769,32768,9,21
32,3,1,32757,32768,32769,14,18
16,4,0,32748,32769,32768,105,104
32,5,-1,32844,32768,32769,18,21
16,6,-2,32727,32769,32768,9,21
32,5,-1,32757,32768,32769,18,54
16,6,-1,32760,32769,32768,55,51
32,7,-2,32762,32768,32769,54,102
32,7,-2,32762,32768,32769,54,6
32,3,1,32759,32768,32769,14,2
16,4,0,32750,32769,32768,105,104
32,5,-1,32753,32768,32769,2,6
32,3,1,32759,32768,32769,14,26
16,4,0,32750,32769,32768,105,104
32,5,-1,32753,32768,32769,26,30
32,3,1,32761,32768,32769,14,38
16,4,0,32752,32769,32768,105,104
32,3,1,32769,32768,32769,14,50
16,4,0,32760,32769,32768,105,104
32,5,-1,32757,32768,32769,50,54
16,6,-1,32760,32769,32768,55,51
32,7,-2,32762,32768,32769,54,102
32,7,-2,32762,32768,32769,54,6
32,3,1,32761,32768,32769,14,62
16,4,0,32752,32769,32768,105,104
32,3,1,32759,32768,32769,14,74
16,4,0,32750,32769,32768,105,104
32,5,-1,32753,32768,32769,74,78
32,3,1,32769,32768,32769,84,74
16,4,0,32760,32769,32768,105,104
32,5,-1,32854,32768,32769,14,21
16,6,-2,32737,32769,32768,9,21
32,3,1,32767,32768,32769,84,98
16,4,0,32758,32769,32768,105,104
32,5,-1,32852,32768,32769,14,21
16,6,-2,32735,32769,32768,9,21
32,3,1,32767,32768,32769,12,2
16,4,0,32758,32769,32768,105,104
32,5,-1,32852,32768,32769,14,21
16,6,-2,32735,32769,32768,9,21
32,3,1,32769,32768,32769,12,26
16,4,0,32760,32769,32768,105,104
32,5,-1,32854,32768,32769,14,21
16,6,-2,32737,32769,32768,9,21
32,3,1,32760,32768,32769,60,49
16,4,0,32751,32769,32768,105,104
32,5,-1,32845,32768,32769,14,21
16,6,-2,32728,32769,32768,9,21
32,3,1,32760,32768,32769,36,49
16,4,0,32751,32769,32768,105,104
32,5,-1,32845,32768,32769,14,21
16,6,-2,32728,32769,32768,9,21
32,3,1,32760,32768,32769,72,50
16,4,0,32751,32769,32768,105,104
32,5,-1,32845,32768,32769,14,21
16,6,-2,32728,32769,32768,9,21
32,3,1,32758,32768,32769,72,98
16,4,0,32749,32769,32768,105,104
32,5,-1,32843,32768,32769,14,21
16,6,-2,32726,32769,32768,9,21
32,3,1,32758,32768,32769,24,2
16,4,0,32749,32769,32768,105,104
32,5,-1,32843,32768,32769,14,21
16,6,-2,32726,32769,32768,9,21
32,3,1,32760,32768,32769,24,50
16,4,0,32751,32769,32768,105,104
32,5,-1,32845,32768,32769,14,21
16,6,-2,32728,32769,32768,9,21
32,3,1,32760,32768,32769,99,100
16,4,0,32751,32769,32768,105,104
32,5,-1,32845,32768,32769,14,21
16,6,-2,32728,32769,32768,9,21
32,3,1,32760,32768,32769,75,76
16,4,0,32751,32769,32768,105,104
32,5,-1,32845,32768,32769,14,21
16,6,-2,32728,32769,32768,9,21
32,3,1,32760,32768,32769,51,52
16,4,0,32762,32769,32768,55,52
32,5,-1,32856,32768,32769,14,21
16,6,-2,32739,32769,32768,9,21
32,3,1,32777,32768,32769,28,29
16,4,0,32752,32769,32768,30,29
32,5,-1,32846,32768,32769,14,21
16,6,-2,32729,32769,32768,9,21
32,3,1,32760,32768,32769,3,4
16,4,0,32751,32769,32768,105,104
32,5,-1,32845,32768,32769,14,21
16,6,-2,32728,32769,32768,9,21
32,1,3,32769,32768,32769,3,4
16,2,2,32759,32769,32768,91,55
32,3,1,32768,32768,32769,0,1
16,4,0,32759,32769,32768,105,104
32,5,-1,32853,32768,32769,14,21
16,6,-2,32736,32769,32768,9,21
32,3,1,32853,32768,32769,14,21
16,4,0,32736,32769,32768,9,21
32,3,1,32757,32768,32769,48,49
16,4,0,32748,32769,32768,105,104
32,5,-1,32842,32768,32769,14,21
16,6,-2,32725,32769,32768,9,21
32,3,1,32768,32768,32769,96,97
16,4,0,32759,32769,32768,105,104
32,5,-1,32853,32768,32769,14,21
16,6,-2,32736,32769,32768,9,21
32,3,1,32767,32768,32769,96,98
16,4,0,32758,32769,32768,105,104
32,5,-1,32852,32768,32769,14,21
16,6,-2,32735,32769,32768,9,21
32,3,1,32767,32768,32769,0,2
16,4,0,32758,32769,32768,105,104
32,5,-1,32852,32768,32769,14,21
16,6,-2,32735,32769,32768,9,21
32,3,1,32766,32768,32769,0,3
16,4,0,32757,32769,32768,105,104
32,5,-1,32851,32768,32769,14,21
16,6,-2,32734,32769,32768,9,21
32,3,1,32759,32768,32769,86,85
16,4,0,32750,32769,32768,105,104
32,5,-1,32844,32768,32769,14,21
16,6,-2,32727,32769,32768,9,21
32,3,1,32758,32768,32769,86,87
16,4,0,32749,32769,32768,105,104
32,5,-1,32843,32768,32769,14,21
16,6,-2,32726,32769,32768,9,21
32,3,1,32758,32768,32769,86,88
16,4,0,32749,32769,32768,105,104
32,5,-1,32843,32768,32769,14,21
16,6,-2,32726,32769,32768,9,21
32,3,1,32757,32768,32769,86,89
16,4,0,32748,32769,32768,105,104
32,5,-1,32842,32768,32769,14,21
16,6,-2,32725,32769,32768,9,21
32,3,1,32757,32768,32769,86,90
16,4,0,32748,32769,32768,105,104
32,5,-1,32842,32768,32769,14,21
16,6,-2,32725,32769,32768,9,21
32,5,-1,32757,32768,32769,90,54
16,6,-1,32760,32769,32768,55,51
32,7,-2,32854,32768,32769,14,21
16,8,-3,32737,32769,32768,9,21
32,7,-2,32762,32768,32769,54,102
32,7,-2,32762,32768,32769,54,6
32,3,1,32757,32768,32769,86,91
16,4,0,32650,32769,32768,19,91
32,3,1,32757,32768,32769,86,92
16,4,0,32748,32769,32768,105,104
32,5,-1,32842,32768,32769,14,21
16,6,-2,32725,32769,32768,9,21
32,3,1,32759,32768,32769,86,74
16,4,0,32750,32769,32768,105,104
32,5,-1,32844,32768,32769,14,21
16,6,-2,32727,32769,32768,9,21
32,5,-1,32753,32768,32769,74,78
32,3,1,32761,32768,32769,86,62
16,4,0,32752,32769,32768,105,104
32,5,-1,32846,32768,32769,14,21
16,6,-2,32729,32769,32768,9,21
32,3,1,32769,32768,32769,86,50
16,4,0,32760,32769,32768,105,104
32,5,-1,32854,32768,32769,14,21
16,6,-2,32737,32769,32768,9,21
32,5,-1,32757,32768,32769,50,54
16,6,-1,32760,32769,32768,55,51
32,7,-2,32854,32768,32769,14,21
16,8,-3,32737,32769,32768,9,21
32,7,-2,32762,32768,32769,54,102
32,7,-2,32762,32768,32769,54,6
32,3,1,32761,32768,32769,86,38
16,4,0,32752,32769,32768,105,104
32,5,-1,32846,32768,32769,14,21
16,6,-2,32729,32769,32768,9,21
32,3,1,32759,32768,32769,86,26
16,4,0,32750,32769,32768,105,104
32,5,-1,32844,32768,32769,14,21
16,6,-2,32727,32769,32768,9,21
32,7,-3,32730,32768,32769,26,30
32,5,-1,32753,32768,32769,26,30
32,3,1,32759,32768,32769,86,98
16,4,0,32750,32769,32768,105,104
32,5,-1,32844,32768,32769,14,21
16,6,-2,32727,32769,32768,9,21
32,5,-1,32753,32768,32769,98,102
32,3,1,32759,32768,32769,14,13
16,4,0,32750,32769,32768,105,104
32,5,-1,32844,32768,32769,13,21
16,6,-2,32727,32769,32768,9,21
32,3,1,32758,32768,32769,14,15
16,4,0,32749,32769,32768,105,104
32,5,-1,32844,32768,32769,15,21
16,6,-2,32727,32769,32768,9,21
32,3,1,32758,32768,32769,14,16
16,4,0,32749,32769,32768,105,104
32,5,-1,32844,32768,32769,16,21
16,6,-2,32727,32769,32768,9,21
32,3,1,32757,32768,32769,14,17
16,4,0,32748,32769,32768,105,104
32,5,-1,32844,32768,32769,17,21
16,6,-2,32727,32769,32768,9,21
32,3,1,32757,32768,32769,14,18
16,4,0,32748,32769,32768,105,104
32,5,-1,32844,32768,32769,18,21
16,6,-2,32727,32769,32768,9,21
32,5,-1,32757,32768,32769,18,54
16,6,-1,32760,32769,32768,55,51
32,7,-2,32762,32768,32769,54,102
32,7,-2,32762,32768,32769,54,6
32,3,1,32759,32768,32769,14,2
16,4,0,32750,32769,32768,105,104
32,5,-1,32753,32768,32769,2,6
32,3,1,32759,32768,32769,14,26
16,4,0,32750,32769,32768,105,104
32,5,-1,32753,32768,32769,26,30
32,3,1,32761,32768,32769,14,38
16,4,0,32752,32769,32768,105,104
32,3,1,32769,32768,32769,14,50
16,4,0,32760,32769,32768,105,104
32,5,-1,32757,32768,32769,50,54
16,6,-1,32760,32769,32768,55,51
32,7,-2,32762,32768,32769,54,102
32,7,-2,32762,32768,32769,54,6
32,3,1,32761,32768,32769,14,62
16,4,0,32752,32769,32768,105,104
32,3,1,32759,32768,32769,14,74
16,4,0,32750,32769,32768,105,104
32,5,-1,32753,32768,32769,74,78
32,3,1,32769,32768,32769,84,74
16,4,0,32760,32769,32768,105,104
32,5,-1,32854,32768,32769,14,21
16,6,-2,32737,32769,32768,9,21
32,3,1,32767,32768,32769,84,98
16,4,0,32758,32769,32768,105,104
32,5,-1,32852,32768,32769,14,21
16,6,-2,32735,32769,32768,9,21
32,3,1,32767,32768,32769,12,2
16,4,0,32758,32769,32768,105,104
32,5,-1,32852,32768,32769,14,21
16,6,-2,32735,32769,32768,9,21
32,3,1,32769,32768,32769,12,26
16,4,0,32760,32769,32768,105,104
32,5,-1,32854,32768,32769,14,21
16,6,-2,32737,32769,32768,9,21
32,3,1,32760,32768,32769,60,49
16,4,0,32751,32769,32768,105,104
32,5,-1,32845,32768,32769,14,21
16,6,-2,32728,32769,32768,9,21
32,3,1,32760,32768,32769,36,49
16,4,0,32751,32769,32768,105,104
32,5,-1,32845,32768,32769,14,21
16,6,-2,32728,32769,32768,9,21
32,3,1,32760,32768,32769,72,50
16,4,0,32751,32769,32768,105,104
32,5,-1,32845,32768,32769,14,21
16,6,-2,32728,32769,32768,9,21
32,3,1,32758,32768,32769,72,98
16,4,0,32749,32769,32768,105,104
32,5,-1,32843,32768,32769,14,21
16,6,-2,32726,32769,32768,9,21
32,3,1,32758,32768,32769,24,2
16,4,0,32749,32769,32768,105,104
32,5,-1,32843,32768,32769,14,21
16,6,-2,32726,32769,32768,9,21
32,3,1,32760,32768,32769,24,50
16,4,0,32751,32769,32768,105,104
32,5,-1,32845,32768,32769,14,21
16,6,-2,32728,32769,32768,9,21
32,3,1,32760,32768,32769,99,100
16,4,0,32751,32769,32768,105,104
32,5,-1,32845,32768,32769,14,21
16,6,-2,32728,32769,32768,9,21
32,3,1,32760,32768,32769,75,76
16,4,0,32751,32769,32768,105,104
32,5,-1,32845,32768,32769,14,21
16,6,-2,32728,32769,32768,9,21
32,3,1,32760,32768,32769,51,52
16,4,0,32762,32769,32768,55,52
32,5,-1,32856,32768,32769,14,21
16,6,-2,32739,32769,32768,9,21
32,3,1,32760,32768,32769,27,28
16,4,0,32751,32769,32768,105,104
32,5,-1,32845,32768,32769,14,21
16,6,-2,32728,32769,32768,9,21
32,3,1,32774,32768,32769,4,5
16,4,0,32753,32769,32768,6,5
32,5,-1,32769,32768,32769,0,5
16,6,-2,32526,32769,32768,9,5
32,5,-1,32847,32768,32769,14,21
16,6,-2,32730,32769,32768,9,21
32,5,-1,32769,32768,32769,0,5
16,6,-2,32526,32769,32768,9,5
